tf_idx,string_id,uniprot_id,name
0,3847.A0A0B5E2H5,A0A0B5E2H5,DHAR2
1,3847.A0A0B5E2M0,A0A0B5E2M0,GSTU49
2,3847.A0A0B5E8V1,A0A0B5E8V1,GSTU18
3,3847.A0A0B5EA67,A0A0B5EA67,GSTU34
4,3847.A0A0B5EC24,A0A0B5EC24,GSTU15
5,3847.A0A0B5EC52,A0A0B5EC52,GSTZ1
6,3847.A0A0K2CSW0,A0A0K2CSW0,A0A0K2CSW0
7,3847.A0A0K2CT67,A0A0K2CT67,A0A0K2CT67
8,3847.A0A0K2CT73,A0A0K2CT73,NAC21
9,3847.A0A0K2CT95,A0A0K2CT95,A0A0K2CT95
10,3847.A0A0K2CTA8,A0A0K2CTA8,A0A0K2CTA8
11,3847.A0A0K2CTB0,A0A0K2CTB0,A0A0K2CTB0
12,3847.A0A0K2CTB2,A0A0K2CTB2,PHANa
13,3847.A0A0K2CTB3,A0A0K2CTB3,A0A0K2CTB3
14,3847.A0A0K2CTB7,A0A0K2CTB7,A0A0K2CTB7
15,3847.A0A0K2CTE4,A0A0K2CTE4,A0A0K2CTE4
16,3847.A0A0K2CTE5,A0A0K2CTE5,A0A0K2CTE5
17,3847.A0A0K2CTG7,A0A0K2CTG7,DREB3
18,3847.A0A0K2CTP6,A0A0K2CTP6,NAC4
19,3847.A0A0K2CTV0,A0A0K2CTV0,A0A0K2CTV0
20,3847.A0A0R0E5G3,A0A0R0E5G3,A0A0R0E5G3
21,3847.A0A0R0E615,A0A0R0E615,A0A0R0E615
22,3847.A0A0R0E8T4,A0A0R0E8T4,A0A0R0E8T4
23,3847.A0A0R0E902,A0A0R0E902,A0A0R0E902
24,3847.A0A0R0E9B1,A0A0R0E9B1,A0A0R0E9B1
25,3847.A0A0R0E9F6,A0A0R0E9F6,A0A0R0E9F6
26,3847.A0A0R0EAF3,A0A0R0EAF3,A0A0R0EAF3
27,3847.A0A0R0EC78,A0A0R0EC78,A0A0R0EC78
28,3847.A0A0R0EC79,A0A0R0EC79,A0A0R0EC79
29,3847.A0A0R0EDG0,A0A0R0EDG0,A0A0R0EDG0
30,3847.A0A0R0EG63,A0A0R0EG63,A0A0R0EG63
31,3847.A0A0R0EHK8,A0A0R0EHK8,A0A0R0EHK8
32,3847.A0A0R0EIE0,A0A0R0EIE0,A0A0R0EIE0
33,3847.A0A0R0EII9,A0A0R0EII9,A0A0R0EII9
34,3847.A0A0R0EIJ3,A0A0R0EIJ3,A0A0R0EIJ3
35,3847.A0A0R0EJ67,A0A0R0EJ67,A0A0R0EJ67
36,3847.A0A0R0EJA6,A0A0R0EJA6,A0A0R0EJA6
37,3847.A0A0R0EK74,A0A0R0EK74,A0A0R0EK74
38,3847.A0A0R0ELN4,A0A0R0ELN4,A0A0R0ELN4
39,3847.A0A0R0EME4,A0A0R0EME4,A0A0R0EME4
40,3847.A0A0R0EQI8,A0A0R0EQI8,A0A0R0EQI8
41,3847.A0A0R0EQQ2,A0A0R0EQQ2,A0A0R0EQQ2
42,3847.A0A0R0EQU1,A0A0R0EQU1,A0A0R0EQU1
43,3847.A0A0R0ERD0,A0A0R0ERD0,WRKY8
44,3847.A0A0R0ESF6,A0A0R0ESF6,A0A0R0ESF6
45,3847.A0A0R0ESS5,A0A0R0ESS5,A0A0R0ESS5
46,3847.A0A0R0ETB5,A0A0R0ETB5,A0A0R0ETB5
47,3847.A0A0R0ETE0,A0A0R0ETE0,LCL3
48,3847.A0A0R0EV79,A0A0R0EV79,A0A0R0EV79
49,3847.A0A0R0EVN8,A0A0R0EVN8,A0A0R0EVN8
50,3847.A0A0R0EWC1,A0A0R0EWC1,A0A0R0EWC1
51,3847.A0A0R0EWD3,A0A0R0EWD3,A0A0R0EWD3
52,3847.A0A0R0EX69,A0A0R0EX69,A0A0R0EX69
53,3847.A0A0R0EXG8,A0A0R0EXG8,A0A0R0EXG8
54,3847.A0A0R0EYJ1,A0A0R0EYJ1,A0A0R0EYJ1
55,3847.A0A0R0EYV9,A0A0R0EYV9,A0A0R0EYV9
56,3847.A0A0R0EZ65,A0A0R0EZ65,A0A0R0EZ65
57,3847.A0A0R0EZH3,A0A0R0EZH3,A0A0R0EZH3
58,3847.A0A0R0F002,A0A0R0F002,A0A0R0F002
59,3847.A0A0R0F0E1,A0A0R0F0E1,A0A0R0F0E1
60,3847.A0A0R0F0H4,A0A0R0F0H4,A0A0R0F0H4
61,3847.A0A0R0F0K0,A0A0R0F0K0,A0A0R0F0K0
62,3847.A0A0R0F161,A0A0R0F161,A0A0R0F161
63,3847.A0A0R0F195,A0A0R0F195,A0A0R0F195
64,3847.A0A0R0F1I6,A0A0R0F1I6,A0A0R0F1I6
65,3847.A0A0R0F1M3,A0A0R0F1M3,A0A0R0F1M3
66,3847.A0A0R0F1M4,A0A0R0F1M4,A0A0R0F1M4
67,3847.A0A0R0F2E8,A0A0R0F2E8,A0A0R0F2E8
68,3847.A0A0R0F2G7,A0A0R0F2G7,A0A0R0F2G7
69,3847.A0A0R0F2U2,A0A0R0F2U2,A0A0R0F2U2
70,3847.A0A0R0F327,A0A0R0F327,A0A0R0F327
71,3847.A0A0R0F3M4,A0A0R0F3M4,A0A0R0F3M4
72,3847.A0A0R0F3N4,A0A0R0F3N4,A0A0R0F3N4
73,3847.A0A0R0F423,A0A0R0F423,GMPHR33
74,3847.A0A0R0F4I8,A0A0R0F4I8,A0A0R0F4I8
75,3847.A0A0R0F4Z2,A0A0R0F4Z2,A0A0R0F4Z2
76,3847.A0A0R0F536,A0A0R0F536,A0A0R0F536
77,3847.A0A0R0F8B5,A0A0R0F8B5,A0A0R0F8B5
78,3847.A0A0R0F8P9,A0A0R0F8P9,A0A0R0F8P9
79,3847.A0A0R0F904,A0A0R0F904,A0A0R0F904
80,3847.A0A0R0F950,A0A0R0F950,A0A0R0F950
81,3847.A0A0R0F9T9,A0A0R0F9T9,A0A0R0F9T9
82,3847.A0A0R0FB30,A0A0R0FB30,A0A0R0FB30
83,3847.A0A0R0FBU8,A0A0R0FBU8,A0A0R0FBU8
84,3847.A0A0R0FBW6,A0A0R0FBW6,A0A0R0FBW6
85,3847.A0A0R0FCR4,A0A0R0FCR4,A0A0R0FCR4
86,3847.A0A0R0FCX9,A0A0R0FCX9,A0A0R0FCX9
87,3847.A0A0R0FD34,A0A0R0FD34,A0A0R0FD34
88,3847.A0A0R0FEJ5,A0A0R0FEJ5,A0A0R0FEJ5
89,3847.A0A0R0FEL0,A0A0R0FEL0,A0A0R0FEL0
90,3847.A0A0R0FFC5,A0A0R0FFC5,A0A0R0FFC5
91,3847.A0A0R0FFK3,A0A0R0FFK3,A0A0R0FFK3
92,3847.A0A0R0FFQ5,A0A0R0FFQ5,A0A0R0FFQ5
93,3847.A0A0R0FFZ5,A0A0R0FFZ5,A0A0R0FFZ5
94,3847.A0A0R0FG14,A0A0R0FG14,A0A0R0FG14
95,3847.A0A0R0FGI1,A0A0R0FGI1,A0A0R0FGI1
96,3847.A0A0R0FHI5,A0A0R0FHI5,A0A0R0FHI5
97,3847.A0A0R0FHK7,A0A0R0FHK7,A0A0R0FHK7
98,3847.A0A0R0FIC8,A0A0R0FIC8,A0A0R0FIC8
99,3847.A0A0R0FII7,A0A0R0FII7,A0A0R0FII7
100,3847.A0A0R0FJ06,A0A0R0FJ06,A0A0R0FJ06
101,3847.A0A0R0FJM9,A0A0R0FJM9,A0A0R0FJM9
102,3847.A0A0R0FJQ7,A0A0R0FJQ7,EREB
103,3847.A0A0R0FKB4,A0A0R0FKB4,A0A0R0FKB4
104,3847.A0A0R0FLB4,A0A0R0FLB4,A0A0R0FLB4
105,3847.A0A0R0FM21,A0A0R0FM21,A0A0R0FM21
106,3847.A0A0R0FME7,A0A0R0FME7,A0A0R0FME7
107,3847.A0A0R0FMF6,A0A0R0FMF6,A0A0R0FMF6
108,3847.A0A0R0FMP8,A0A0R0FMP8,A0A0R0FMP8
109,3847.A0A0R0FMS0,A0A0R0FMS0,A0A0R0FMS0
110,3847.A0A0R0FNQ0,A0A0R0FNQ0,A0A0R0FNQ0
111,3847.A0A0R0FNY5,A0A0R0FNY5,A0A0R0FNY5
112,3847.A0A0R0FP22,A0A0R0FP22,A0A0R0FP22
113,3847.A0A0R0FPN7,A0A0R0FPN7,A0A0R0FPN7
114,3847.A0A0R0FPY2,A0A0R0FPY2,A0A0R0FPY2
115,3847.A0A0R0FQ01,A0A0R0FQ01,A0A0R0FQ01
116,3847.A0A0R0FQ07,A0A0R0FQ07,A0A0R0FQ07
117,3847.A0A0R0FQ41,A0A0R0FQ41,A0A0R0FQ41
118,3847.A0A0R0FQM2,A0A0R0FQM2,A0A0R0FQM2
119,3847.A0A0R0FQW3,A0A0R0FQW3,A0A0R0FQW3
120,3847.A0A0R0FQW7,A0A0R0FQW7,ICEE
121,3847.A0A0R0FSD4,A0A0R0FSD4,A0A0R0FSD4
122,3847.A0A0R0FU29,A0A0R0FU29,A0A0R0FU29
123,3847.A0A0R0FUP5,A0A0R0FUP5,A0A0R0FUP5
124,3847.A0A0R0FVF1,A0A0R0FVF1,A0A0R0FVF1
125,3847.A0A0R0FWM6,A0A0R0FWM6,A0A0R0FWM6
126,3847.A0A0R0FXR9,A0A0R0FXR9,A0A0R0FXR9
127,3847.A0A0R0FYN5,A0A0R0FYN5,A0A0R0FYN5
128,3847.A0A0R0FZ58,A0A0R0FZ58,A0A0R0FZ58
129,3847.A0A0R0FZB3,A0A0R0FZB3,A0A0R0FZB3
130,3847.A0A0R0FZD6,A0A0R0FZD6,A0A0R0FZD6
131,3847.A0A0R0G147,A0A0R0G147,A0A0R0G147
132,3847.A0A0R0G1R0,A0A0R0G1R0,A0A0R0G1R0
133,3847.A0A0R0G271,A0A0R0G271,A0A0R0G271
134,3847.A0A0R0G2G7,A0A0R0G2G7,A0A0R0G2G7
135,3847.A0A0R0G2K1,A0A0R0G2K1,A0A0R0G2K1
136,3847.A0A0R0G388,A0A0R0G388,A0A0R0G388
137,3847.A0A0R0G3E0,A0A0R0G3E0,A0A0R0G3E0
138,3847.A0A0R0G4A6,A0A0R0G4A6,A0A0R0G4A6
139,3847.A0A0R0G4Q5,A0A0R0G4Q5,A0A0R0G4Q5
140,3847.A0A0R0G507,A0A0R0G507,A0A0R0G507
141,3847.A0A0R0G5W5,A0A0R0G5W5,A0A0R0G5W5
142,3847.A0A0R0G5X7,A0A0R0G5X7,A0A0R0G5X7
143,3847.A0A0R0G607,A0A0R0G607,A0A0R0G607
144,3847.A0A0R0G608,A0A0R0G608,A0A0R0G608
145,3847.A0A0R0G6I0,A0A0R0G6I0,A0A0R0G6I0
146,3847.A0A0R0G6P4,A0A0R0G6P4,A0A0R0G6P4
147,3847.A0A0R0G755,A0A0R0G755,A0A0R0G755
148,3847.A0A0R0G7Q1,A0A0R0G7Q1,A0A0R0G7Q1
149,3847.A0A0R0G9L0,A0A0R0G9L0,A0A0R0G9L0
150,3847.A0A0R0G9U3,A0A0R0G9U3,GMDREB2A2
151,3847.A0A0R0GAC1,A0A0R0GAC1,A0A0R0GAC1
152,3847.A0A0R0GBH3,A0A0R0GBH3,A0A0R0GBH3
153,3847.A0A0R0GBI9,A0A0R0GBI9,A0A0R0GBI9
154,3847.A0A0R0GBL1,A0A0R0GBL1,A0A0R0GBL1
155,3847.A0A0R0GBL5,A0A0R0GBL5,A0A0R0GBL5
156,3847.A0A0R0GBZ6,A0A0R0GBZ6,A0A0R0GBZ6
157,3847.A0A0R0GCB6,A0A0R0GCB6,A0A0R0GCB6
158,3847.A0A0R0GCH6,A0A0R0GCH6,A0A0R0GCH6
159,3847.A0A0R0GCN8,A0A0R0GCN8,A0A0R0GCN8
160,3847.A0A0R0GCR6,A0A0R0GCR6,A0A0R0GCR6
161,3847.A0A0R0GDC9,A0A0R0GDC9,A0A0R0GDC9
162,3847.A0A0R0GDV7,A0A0R0GDV7,A0A0R0GDV7
163,3847.A0A0R0GDY6,A0A0R0GDY6,A0A0R0GDY6
164,3847.A0A0R0GE20,A0A0R0GE20,A0A0R0GE20
165,3847.A0A0R0GEU9,A0A0R0GEU9,A0A0R0GEU9
166,3847.A0A0R0GFD5,A0A0R0GFD5,A0A0R0GFD5
167,3847.A0A0R0GFL0,A0A0R0GFL0,A0A0R0GFL0
168,3847.A0A0R0GG54,A0A0R0GG54,A0A0R0GG54
169,3847.A0A0R0GGB3,A0A0R0GGB3,A0A0R0GGB3
170,3847.A0A0R0GIH8,A0A0R0GIH8,A0A0R0GIH8
171,3847.A0A0R0GII5,A0A0R0GII5,A0A0R0GII5
172,3847.A0A0R0GIQ0,A0A0R0GIQ0,A0A0R0GIQ0
173,3847.A0A0R0GIQ7,A0A0R0GIQ7,A0A0R0GIQ7
174,3847.A0A0R0GJR1,A0A0R0GJR1,A0A0R0GJR1
175,3847.A0A0R0GJZ8,A0A0R0GJZ8,A0A0R0GJZ8
176,3847.A0A0R0GKL1,A0A0R0GKL1,A0A0R0GKL1
177,3847.A0A0R0GKY5,A0A0R0GKY5,A0A0R0GKY5
178,3847.A0A0R0GL69,A0A0R0GL69,A0A0R0GL69
179,3847.A0A0R0GL93,A0A0R0GL93,A0A0R0GL93
180,3847.A0A0R0GLA3,A0A0R0GLA3,A0A0R0GLA3
181,3847.A0A0R0GLN1,A0A0R0GLN1,A0A0R0GLN1
182,3847.A0A0R0GM27,A0A0R0GM27,A0A0R0GM27
183,3847.A0A0R0GN63,A0A0R0GN63,A0A0R0GN63
184,3847.A0A0R0GPJ5,A0A0R0GPJ5,A0A0R0GPJ5
185,3847.A0A0R0GPT0,A0A0R0GPT0,A0A0R0GPT0
186,3847.A0A0R0GQE4,A0A0R0GQE4,A0A0R0GQE4
187,3847.A0A0R0GQL4,A0A0R0GQL4,A0A0R0GQL4
188,3847.A0A0R0GRE9,A0A0R0GRE9,A0A0R0GRE9
189,3847.A0A0R0GRP9,A0A0R0GRP9,A0A0R0GRP9
190,3847.A0A0R0GT27,A0A0R0GT27,A0A0R0GT27
191,3847.A0A0R0GT44,A0A0R0GT44,A0A0R0GT44
192,3847.A0A0R0GT71,A0A0R0GT71,A0A0R0GT71
193,3847.A0A0R0GTK5,A0A0R0GTK5,A0A0R0GTK5
194,3847.A0A0R0GUC5,A0A0R0GUC5,A0A0R0GUC5
195,3847.A0A0R0GUH4,A0A0R0GUH4,A0A0R0GUH4
196,3847.A0A0R0GUJ1,A0A0R0GUJ1,A0A0R0GUJ1
197,3847.A0A0R0GUM7,A0A0R0GUM7,A0A0R0GUM7
198,3847.A0A0R0GVJ8,A0A0R0GVJ8,A0A0R0GVJ8
199,3847.A0A0R0GW96,A0A0R0GW96,A0A0R0GW96
200,3847.A0A0R0GWD9,A0A0R0GWD9,MYB172
201,3847.A0A0R0GWP4,A0A0R0GWP4,A0A0R0GWP4
202,3847.A0A0R0GWT9,A0A0R0GWT9,A0A0R0GWT9
203,3847.A0A0R0GYD9,A0A0R0GYD9,A0A0R0GYD9
204,3847.A0A0R0GZH6,A0A0R0GZH6,A0A0R0GZH6
205,3847.A0A0R0H043,A0A0R0H043,A0A0R0H043
206,3847.A0A0R0H0V0,A0A0R0H0V0,A0A0R0H0V0
207,3847.A0A0R0H0Y3,A0A0R0H0Y3,A0A0R0H0Y3
208,3847.A0A0R0H0Z6,A0A0R0H0Z6,A0A0R0H0Z6
209,3847.A0A0R0H114,A0A0R0H114,A0A0R0H114
210,3847.A0A0R0H1C7,A0A0R0H1C7,A0A0R0H1C7
211,3847.A0A0R0H2V0,A0A0R0H2V0,A0A0R0H2V0
212,3847.A0A0R0H312,A0A0R0H312,A0A0R0H312
213,3847.A0A0R0H3D7,A0A0R0H3D7,A0A0R0H3D7
214,3847.A0A0R0H3L9,A0A0R0H3L9,A0A0R0H3L9
215,3847.A0A0R0H3Q1,A0A0R0H3Q1,A0A0R0H3Q1
216,3847.A0A0R0H4D6,A0A0R0H4D6,A0A0R0H4D6
217,3847.A0A0R0H567,A0A0R0H567,A0A0R0H567
218,3847.A0A0R0H5Y2,A0A0R0H5Y2,A0A0R0H5Y2
219,3847.A0A0R0H8A8,A0A0R0H8A8,A0A0R0H8A8
220,3847.A0A0R0H8K3,A0A0R0H8K3,A0A0R0H8K3
221,3847.A0A0R0H940,A0A0R0H940,A0A0R0H940
222,3847.A0A0R0H9S2,A0A0R0H9S2,A0A0R0H9S2
223,3847.A0A0R0HAG1,A0A0R0HAG1,A0A0R0HAG1
224,3847.A0A0R0HAI8,A0A0R0HAI8,A0A0R0HAI8
225,3847.A0A0R0HB50,A0A0R0HB50,A0A0R0HB50
226,3847.A0A0R0HB65,A0A0R0HB65,A0A0R0HB65
227,3847.A0A0R0HBN9,A0A0R0HBN9,A0A0R0HBN9
228,3847.A0A0R0HBP3,A0A0R0HBP3,A0A0R0HBP3
229,3847.A0A0R0HC17,A0A0R0HC17,A0A0R0HC17
230,3847.A0A0R0HC62,A0A0R0HC62,A0A0R0HC62
231,3847.A0A0R0HCL7,A0A0R0HCL7,A0A0R0HCL7
232,3847.A0A0R0HCT6,A0A0R0HCT6,A0A0R0HCT6
233,3847.A0A0R0HDU4,A0A0R0HDU4,A0A0R0HDU4
234,3847.A0A0R0HE32,A0A0R0HE32,A0A0R0HE32
235,3847.A0A0R0HE92,A0A0R0HE92,A0A0R0HE92
236,3847.A0A0R0HFC8,A0A0R0HFC8,A0A0R0HFC8
237,3847.A0A0R0HGB6,A0A0R0HGB6,A0A0R0HGB6
238,3847.A0A0R0HGC8,A0A0R0HGC8,A0A0R0HGC8
239,3847.A0A0R0HGH7,A0A0R0HGH7,A0A0R0HGH7
240,3847.A0A0R0HGZ9,A0A0R0HGZ9,A0A0R0HGZ9
241,3847.A0A0R0HHV0,A0A0R0HHV0,A0A0R0HHV0
242,3847.A0A0R0HJ12,A0A0R0HJ12,A0A0R0HJ12
243,3847.A0A0R0HKH4,A0A0R0HKH4,A0A0R0HKH4
244,3847.A0A0R0HKL0,A0A0R0HKL0,A0A0R0HKL0
245,3847.A0A0R0HLC5,A0A0R0HLC5,A0A0R0HLC5
246,3847.A0A0R0HLE4,A0A0R0HLE4,A0A0R0HLE4
247,3847.A0A0R0HMR0,A0A0R0HMR0,A0A0R0HMR0
248,3847.A0A0R0HNB9,A0A0R0HNB9,A0A0R0HNB9
249,3847.A0A0R0HNQ2,A0A0R0HNQ2,A0A0R0HNQ2
250,3847.A0A0R0HNV9,A0A0R0HNV9,A0A0R0HNV9
251,3847.A0A0R0HPZ1,A0A0R0HPZ1,A0A0R0HPZ1
252,3847.A0A0R0HRA6,A0A0R0HRA6,A0A0R0HRA6
253,3847.A0A0R0HRA7,A0A0R0HRA7,A0A0R0HRA7
254,3847.A0A0R0HRC1,A0A0R0HRC1,A0A0R0HRC1
255,3847.A0A0R0HRE2,A0A0R0HRE2,A0A0R0HRE2
256,3847.A0A0R0HRY8,A0A0R0HRY8,A0A0R0HRY8
257,3847.A0A0R0HU75,A0A0R0HU75,A0A0R0HU75
258,3847.A0A0R0HUC9,A0A0R0HUC9,A0A0R0HUC9
259,3847.A0A0R0HUG9,A0A0R0HUG9,A0A0R0HUG9
260,3847.A0A0R0HUI1,A0A0R0HUI1,A0A0R0HUI1
261,3847.A0A0R0HUP3,A0A0R0HUP3,A0A0R0HUP3
262,3847.A0A0R0HUY3,A0A0R0HUY3,A0A0R0HUY3
263,3847.A0A0R0HUZ3,A0A0R0HUZ3,A0A0R0HUZ3
264,3847.A0A0R0HV62,A0A0R0HV62,A0A0R0HV62
265,3847.A0A0R0HVG8,A0A0R0HVG8,A0A0R0HVG8
266,3847.A0A0R0HVT6,A0A0R0HVT6,A0A0R0HVT6
267,3847.A0A0R0HW24,A0A0R0HW24,A0A0R0HW24
268,3847.A0A0R0HWD6,A0A0R0HWD6,A0A0R0HWD6
269,3847.A0A0R0HWN7,A0A0R0HWN7,A0A0R0HWN7
270,3847.A0A0R0HZS1,A0A0R0HZS1,A0A0R0HZS1
271,3847.A0A0R0I065,A0A0R0I065,A0A0R0I065
272,3847.A0A0R0I0I8,A0A0R0I0I8,A0A0R0I0I8
273,3847.A0A0R0I0X9,A0A0R0I0X9,A0A0R0I0X9
274,3847.A0A0R0I0Y8,A0A0R0I0Y8,A0A0R0I0Y8
275,3847.A0A0R0I187,A0A0R0I187,WRKY1
276,3847.A0A0R0I1I9,A0A0R0I1I9,A0A0R0I1I9
277,3847.A0A0R0I318,A0A0R0I318,A0A0R0I318
278,3847.A0A0R0I3M2,A0A0R0I3M2,A0A0R0I3M2
279,3847.A0A0R0I449,A0A0R0I449,A0A0R0I449
280,3847.A0A0R0I498,A0A0R0I498,A0A0R0I498
281,3847.A0A0R0I522,A0A0R0I522,A0A0R0I522
282,3847.A0A0R0I550,A0A0R0I550,A0A0R0I550
283,3847.A0A0R0I5X4,A0A0R0I5X4,A0A0R0I5X4
284,3847.A0A0R0I652,A0A0R0I652,A0A0R0I652
285,3847.A0A0R0I6K5,A0A0R0I6K5,A0A0R0I6K5
286,3847.A0A0R0I7D7,A0A0R0I7D7,A0A0R0I7D7
287,3847.A0A0R0I7I9,A0A0R0I7I9,A0A0R0I7I9
288,3847.A0A0R0I7N3,A0A0R0I7N3,A0A0R0I7N3
289,3847.A0A0R0I9D1,A0A0R0I9D1,A0A0R0I9D1
290,3847.A0A0R0I9H0,A0A0R0I9H0,A0A0R0I9H0
291,3847.A0A0R0IBP3,A0A0R0IBP3,A0A0R0IBP3
292,3847.A0A0R0IC52,A0A0R0IC52,A0A0R0IC52
293,3847.A0A0R0IC73,A0A0R0IC73,A0A0R0IC73
294,3847.A0A0R0IC90,A0A0R0IC90,A0A0R0IC90
295,3847.A0A0R0ICG1,A0A0R0ICG1,A0A0R0ICG1
296,3847.A0A0R0ICN4,A0A0R0ICN4,A0A0R0ICN4
297,3847.A0A0R0ICV3,A0A0R0ICV3,A0A0R0ICV3
298,3847.A0A0R0ICW9,A0A0R0ICW9,A0A0R0ICW9
299,3847.A0A0R0ICZ3,A0A0R0ICZ3,A0A0R0ICZ3
300,3847.A0A0R0IDJ7,A0A0R0IDJ7,A0A0R0IDJ7
301,3847.A0A0R0IDQ2,A0A0R0IDQ2,MYB136
302,3847.A0A0R0IDZ4,A0A0R0IDZ4,A0A0R0IDZ4
303,3847.A0A0R0IEJ6,A0A0R0IEJ6,A0A0R0IEJ6
304,3847.A0A0R0IF48,A0A0R0IF48,A0A0R0IF48
305,3847.A0A0R0IFL7,A0A0R0IFL7,A0A0R0IFL7
306,3847.A0A0R0IH50,A0A0R0IH50,A0A0R0IH50
307,3847.A0A0R0IJ21,A0A0R0IJ21,A0A0R0IJ21
308,3847.A0A0R0IJ64,A0A0R0IJ64,A0A0R0IJ64
309,3847.A0A0R0IJT7,A0A0R0IJT7,A0A0R0IJT7
310,3847.A0A0R0IKI4,A0A0R0IKI4,A0A0R0IKI4
311,3847.A0A0R0IKS3,A0A0R0IKS3,A0A0R0IKS3
312,3847.A0A0R0IKU2,A0A0R0IKU2,A0A0R0IKU2
313,3847.A0A0R0ILM7,A0A0R0ILM7,A0A0R0ILM7
314,3847.A0A0R0ILX6,A0A0R0ILX6,A0A0R0ILX6
315,3847.A0A0R0IM74,A0A0R0IM74,A0A0R0IM74
316,3847.A0A0R0IN34,A0A0R0IN34,A0A0R0IN34
317,3847.A0A0R0INF7,A0A0R0INF7,A0A0R0INF7
318,3847.A0A0R0INI8,A0A0R0INI8,A0A0R0INI8
319,3847.A0A0R0INZ0,A0A0R0INZ0,A0A0R0INZ0
320,3847.A0A0R0IPH3,A0A0R0IPH3,A0A0R0IPH3
321,3847.A0A0R0IQ64,A0A0R0IQ64,A0A0R0IQ64
322,3847.A0A0R0IQG9,A0A0R0IQG9,A0A0R0IQG9
323,3847.A0A0R0IQI4,A0A0R0IQI4,A0A0R0IQI4
324,3847.A0A0R0IQJ4,A0A0R0IQJ4,A0A0R0IQJ4
325,3847.A0A0R0IQQ6,A0A0R0IQQ6,A0A0R0IQQ6
326,3847.A0A0R0IQV5,A0A0R0IQV5,A0A0R0IQV5
327,3847.A0A0R0IRG6,A0A0R0IRG6,A0A0R0IRG6
328,3847.A0A0R0IRY8,A0A0R0IRY8,A0A0R0IRY8
329,3847.A0A0R0IS44,A0A0R0IS44,A0A0R0IS44
330,3847.A0A0R0IT46,A0A0R0IT46,A0A0R0IT46
331,3847.A0A0R0IT59,A0A0R0IT59,A0A0R0IT59
332,3847.A0A0R0ITC3,A0A0R0ITC3,A0A0R0ITC3
333,3847.A0A0R0ITQ2,A0A0R0ITQ2,A0A0R0ITQ2
334,3847.A0A0R0ITU2,A0A0R0ITU2,A0A0R0ITU2
335,3847.A0A0R0IUA0,A0A0R0IUA0,A0A0R0IUA0
336,3847.A0A0R0IUS2,A0A0R0IUS2,A0A0R0IUS2
337,3847.A0A0R0IV54,A0A0R0IV54,A0A0R0IV54
338,3847.A0A0R0IX46,A0A0R0IX46,A0A0R0IX46
339,3847.A0A0R0IXX0,A0A0R0IXX0,A0A0R0IXX0
340,3847.A0A0R0IZ08,A0A0R0IZ08,A0A0R0IZ08
341,3847.A0A0R0IZW0,A0A0R0IZW0,A0A0R0IZW0
342,3847.A0A0R0J0N7,A0A0R0J0N7,A0A0R0J0N7
343,3847.A0A0R0J0N8,A0A0R0J0N8,A0A0R0J0N8
344,3847.A0A0R0J1A2,A0A0R0J1A2,A0A0R0J1A2
345,3847.A0A0R0J1M0,A0A0R0J1M0,A0A0R0J1M0
346,3847.A0A0R0J1M7,A0A0R0J1M7,A0A0R0J1M7
347,3847.A0A0R0J1R5,A0A0R0J1R5,A0A0R0J1R5
348,3847.A0A0R0J1S7,A0A0R0J1S7,A0A0R0J1S7
349,3847.A0A0R0J1V3,A0A0R0J1V3,A0A0R0J1V3
350,3847.A0A0R0J260,A0A0R0J260,A0A0R0J260
351,3847.A0A0R0J286,A0A0R0J286,A0A0R0J286
352,3847.A0A0R0J2A9,A0A0R0J2A9,A0A0R0J2A9
353,3847.A0A0R0J4C3,A0A0R0J4C3,A0A0R0J4C3
354,3847.A0A0R0J4R6,A0A0R0J4R6,A0A0R0J4R6
355,3847.A0A0R0J517,A0A0R0J517,A0A0R0J517
356,3847.A0A0R0J555,A0A0R0J555,STP1
357,3847.A0A0R0J5N8,A0A0R0J5N8,A0A0R0J5N8
358,3847.A0A0R0J5P6,A0A0R0J5P6,A0A0R0J5P6
359,3847.A0A0R0J613,A0A0R0J613,A0A0R0J613
360,3847.A0A0R0J790,A0A0R0J790,A0A0R0J790
361,3847.A0A0R0J7A4,A0A0R0J7A4,A0A0R0J7A4
362,3847.A0A0R0J7C8,A0A0R0J7C8,A0A0R0J7C8
363,3847.A0A0R0J7J6,A0A0R0J7J6,A0A0R0J7J6
364,3847.A0A0R0J7Q5,A0A0R0J7Q5,A0A0R0J7Q5
365,3847.A0A0R0J8A9,A0A0R0J8A9,A0A0R0J8A9
366,3847.A0A0R0J8G6,A0A0R0J8G6,A0A0R0J8G6
367,3847.A0A0R0JAK2,A0A0R0JAK2,A0A0R0JAK2
368,3847.A0A0R0JAM9,A0A0R0JAM9,A0A0R0JAM9
369,3847.A0A0R0JAU2,A0A0R0JAU2,A0A0R0JAU2
370,3847.A0A0R0JBH0,A0A0R0JBH0,A0A0R0JBH0
371,3847.A0A0R0JBH9,A0A0R0JBH9,A0A0R0JBH9
372,3847.A0A0R0JBZ7,A0A0R0JBZ7,A0A0R0JBZ7
373,3847.A0A0R0JCE5,A0A0R0JCE5,A0A0R0JCE5
374,3847.A0A0R0JCR2,A0A0R0JCR2,A0A0R0JCR2
375,3847.A0A0R0JDF0,A0A0R0JDF0,A0A0R0JDF0
376,3847.A0A0R0JE00,A0A0R0JE00,A0A0R0JE00
377,3847.A0A0R0JEE2,A0A0R0JEE2,WRKY34
378,3847.A0A0R0JEI8,A0A0R0JEI8,A0A0R0JEI8
379,3847.A0A0R0JFR0,A0A0R0JFR0,A0A0R0JFR0
380,3847.A0A0R0JHC2,A0A0R0JHC2,A0A0R0JHC2
381,3847.A0A0R0JHC6,A0A0R0JHC6,A0A0R0JHC6
382,3847.A0A0R0JIS8,A0A0R0JIS8,A0A0R0JIS8
383,3847.A0A0R0JJ69,A0A0R0JJ69,A0A0R0JJ69
384,3847.A0A0R0JJA1,A0A0R0JJA1,A0A0R0JJA1
385,3847.A0A0R0JK30,A0A0R0JK30,A0A0R0JK30
386,3847.A0A0R0JK56,A0A0R0JK56,A0A0R0JK56
387,3847.A0A0R0JK88,A0A0R0JK88,A0A0R0JK88
388,3847.A0A0R0JKN8,A0A0R0JKN8,A0A0R0JKN8
389,3847.A0A0R0JKR9,A0A0R0JKR9,A0A0R0JKR9
390,3847.A0A0R0JKS9,A0A0R0JKS9,A0A0R0JKS9
391,3847.A0A0R0JL93,A0A0R0JL93,A0A0R0JL93
392,3847.A0A0R0JLC9,A0A0R0JLC9,A0A0R0JLC9
393,3847.A0A0R0JLK9,A0A0R0JLK9,A0A0R0JLK9
394,3847.A0A0R0JM03,A0A0R0JM03,A0A0R0JM03
395,3847.A0A0R0JN35,A0A0R0JN35,A0A0R0JN35
396,3847.A0A0R0JN45,A0A0R0JN45,A0A0R0JN45
397,3847.A0A0R0JNK4,A0A0R0JNK4,A0A0R0JNK4
398,3847.A0A0R0JNL1,A0A0R0JNL1,A0A0R0JNL1
399,3847.A0A0R0JPJ6,A0A0R0JPJ6,A0A0R0JPJ6
400,3847.A0A0R0JPU6,A0A0R0JPU6,A0A0R0JPU6
401,3847.A0A0R0JQA6,A0A0R0JQA6,A0A0R0JQA6
402,3847.A0A0R0JQF0,A0A0R0JQF0,A0A0R0JQF0
403,3847.A0A0R0JQR5,A0A0R0JQR5,A0A0R0JQR5
404,3847.A0A0R0JRB0,A0A0R0JRB0,A0A0R0JRB0
405,3847.A0A0R0JSK7,A0A0R0JSK7,A0A0R0JSK7
406,3847.A0A0R0JTU4,A0A0R0JTU4,A0A0R0JTU4
407,3847.A0A0R0JVS6,A0A0R0JVS6,A0A0R0JVS6
408,3847.A0A0R0JVW7,A0A0R0JVW7,A0A0R0JVW7
409,3847.A0A0R0JWA0,A0A0R0JWA0,A0A0R0JWA0
410,3847.A0A0R0JX39,A0A0R0JX39,A0A0R0JX39
411,3847.A0A0R0JXH0,A0A0R0JXH0,A0A0R0JXH0
412,3847.A0A0R0JXR9,A0A0R0JXR9,A0A0R0JXR9
413,3847.A0A0R0JXX8,A0A0R0JXX8,A0A0R0JXX8
414,3847.A0A0R0JY43,A0A0R0JY43,A0A0R0JY43
415,3847.A0A0R0JYR9,A0A0R0JYR9,A0A0R0JYR9
416,3847.A0A0R0JZ28,A0A0R0JZ28,A0A0R0JZ28
417,3847.A0A0R0JZA0,A0A0R0JZA0,A0A0R0JZA0
418,3847.A0A0R0JZA5,A0A0R0JZA5,A0A0R0JZA5
419,3847.A0A0R0JZK7,A0A0R0JZK7,A0A0R0JZK7
420,3847.A0A0R0K0F1,A0A0R0K0F1,A0A0R0K0F1
421,3847.A0A0R0K0L2,A0A0R0K0L2,A0A0R0K0L2
422,3847.A0A0R0K1S3,A0A0R0K1S3,A0A0R0K1S3
423,3847.A0A0R0K1W3,A0A0R0K1W3,A0A0R0K1W3
424,3847.A0A0R0K3J5,A0A0R0K3J5,A0A0R0K3J5
425,3847.A0A0R0K4X8,A0A0R0K4X8,A0A0R0K4X8
426,3847.A0A0R0K4Z4,A0A0R0K4Z4,A0A0R0K4Z4
427,3847.A0A0R0K544,A0A0R0K544,A0A0R0K544
428,3847.A0A0R0K547,A0A0R0K547,A0A0R0K547
429,3847.A0A0R0K5D1,A0A0R0K5D1,A0A0R0K5D1
430,3847.A0A0R0K5D9,A0A0R0K5D9,A0A0R0K5D9
431,3847.A0A0R0K5W0,A0A0R0K5W0,A0A0R0K5W0
432,3847.A0A0R0K6Z1,A0A0R0K6Z1,A0A0R0K6Z1
433,3847.A0A0R0K7P2,A0A0R0K7P2,A0A0R0K7P2
434,3847.A0A0R0K7T6,A0A0R0K7T6,A0A0R0K7T6
435,3847.A0A0R0K8J3,A0A0R0K8J3,A0A0R0K8J3
436,3847.A0A0R0K8K4,A0A0R0K8K4,A0A0R0K8K4
437,3847.A0A0R0K8U1,A0A0R0K8U1,A0A0R0K8U1
438,3847.A0A0R0K8X2,A0A0R0K8X2,A0A0R0K8X2
439,3847.A0A0R0KAJ2,A0A0R0KAJ2,A0A0R0KAJ2
440,3847.A0A0R0KB44,A0A0R0KB44,A0A0R0KB44
441,3847.A0A0R0KBZ5,A0A0R0KBZ5,A0A0R0KBZ5
442,3847.A0A0R0KC24,A0A0R0KC24,GMBRL1A
443,3847.A0A0R0KCL7,A0A0R0KCL7,A0A0R0KCL7
444,3847.A0A0R0KCT9,A0A0R0KCT9,A0A0R0KCT9
445,3847.A0A0R0KD14,A0A0R0KD14,A0A0R0KD14
446,3847.A0A0R0KDU7,A0A0R0KDU7,A0A0R0KDU7
447,3847.A0A0R0KF67,A0A0R0KF67,A0A0R0KF67
448,3847.A0A0R0KFL0,A0A0R0KFL0,A0A0R0KFL0
449,3847.A0A0R0KFP6,A0A0R0KFP6,A0A0R0KFP6
450,3847.A0A0R0KFP8,A0A0R0KFP8,A0A0R0KFP8
451,3847.A0A0R0KFS4,A0A0R0KFS4,A0A0R0KFS4
452,3847.A0A0R0KFT4,A0A0R0KFT4,A0A0R0KFT4
453,3847.A0A0R0KFY2,A0A0R0KFY2,A0A0R0KFY2
454,3847.A0A0R0KG11,A0A0R0KG11,A0A0R0KG11
455,3847.A0A0R0KG12,A0A0R0KG12,A0A0R0KG12
456,3847.A0A0R0KGH8,A0A0R0KGH8,A0A0R0KGH8
457,3847.A0A0R0KGP1,A0A0R0KGP1,A0A0R0KGP1
458,3847.A0A0R0KH09,A0A0R0KH09,A0A0R0KH09
459,3847.A0A0R0KH31,A0A0R0KH31,A0A0R0KH31
460,3847.A0A0R0KHK8,A0A0R0KHK8,A0A0R0KHK8
461,3847.A0A0R0KHZ9,A0A0R0KHZ9,A0A0R0KHZ9
462,3847.A0A0R0KI04,A0A0R0KI04,A0A0R0KI04
463,3847.A0A0R0KI95,A0A0R0KI95,A0A0R0KI95
464,3847.A0A0R0KJ06,A0A0R0KJ06,A0A0R0KJ06
465,3847.A0A0R0KJ22,A0A0R0KJ22,A0A0R0KJ22
466,3847.A0A0R0KJ29,A0A0R0KJ29,A0A0R0KJ29
467,3847.A0A0R0KJB3,A0A0R0KJB3,A0A0R0KJB3
468,3847.A0A0R0KJL9,A0A0R0KJL9,A0A0R0KJL9
469,3847.A0A0R0KKS8,A0A0R0KKS8,A0A0R0KKS8
470,3847.A0A0R0KL26,A0A0R0KL26,A0A0R0KL26
471,3847.A0A0R0KL34,A0A0R0KL34,A0A0R0KL34
472,3847.A0A0R0KMF3,A0A0R0KMF3,A0A0R0KMF3
473,3847.A0A0R0KN90,A0A0R0KN90,A0A0R0KN90
474,3847.A0A0R0KNA6,A0A0R0KNA6,A0A0R0KNA6
475,3847.A0A0R0KNC3,A0A0R0KNC3,A0A0R0KNC3
476,3847.A0A0R0KNM8,A0A0R0KNM8,A0A0R0KNM8
477,3847.A0A0R0KP29,A0A0R0KP29,A0A0R0KP29
478,3847.A0A0R0KPS9,A0A0R0KPS9,A0A0R0KPS9
479,3847.A0A0R0KQN1,A0A0R0KQN1,A0A0R0KQN1
480,3847.A0A0R0KQQ4,A0A0R0KQQ4,A0A0R0KQQ4
481,3847.A0A0R0KRL3,A0A0R0KRL3,A0A0R0KRL3
482,3847.A0A0R0KRM0,A0A0R0KRM0,A0A0R0KRM0
483,3847.A0A0R0KRT7,A0A0R0KRT7,A0A0R0KRT7
484,3847.A0A0R0KSP1,A0A0R0KSP1,A0A0R0KSP1
485,3847.A0A0R0KT16,A0A0R0KT16,A0A0R0KT16
486,3847.A0A0R0KTZ8,A0A0R0KTZ8,A0A0R0KTZ8
487,3847.A0A0R0KU70,A0A0R0KU70,A0A0R0KU70
488,3847.A0A0R0KUT0,A0A0R0KUT0,A0A0R0KUT0
489,3847.A0A0R0KUU2,A0A0R0KUU2,A0A0R0KUU2
490,3847.A0A0R0KWS7,A0A0R0KWS7,WRKY22
491,3847.A0A0R0KX74,A0A0R0KX74,A0A0R0KX74
492,3847.A0A0R0KXC5,A0A0R0KXC5,A0A0R0KXC5
493,3847.A0A0R0KXN8,A0A0R0KXN8,A0A0R0KXN8
494,3847.A0A0R0KY89,A0A0R0KY89,A0A0R0KY89
495,3847.A0A0R0KYC7,A0A0R0KYC7,A0A0R0KYC7
496,3847.A0A0R0KYS9,A0A0R0KYS9,A0A0R0KYS9
497,3847.A0A0R0KZQ6,A0A0R0KZQ6,A0A0R0KZQ6
498,3847.A0A0R0L077,A0A0R0L077,A0A0R0L077
499,3847.A0A0R0L105,A0A0R0L105,A0A0R0L105
500,3847.A0A0R0L285,A0A0R0L285,A0A0R0L285
501,3847.A0A0R0L477,A0A0R0L477,A0A0R0L477
502,3847.A0A0R0L4P2,A0A0R0L4P2,A0A0R0L4P2
503,3847.A0A0R0L4V1,A0A0R0L4V1,A0A0R0L4V1
504,3847.A0A0R0L6Z7,A0A0R0L6Z7,A0A0R0L6Z7
505,3847.A0A0R0L7H2,A0A0R0L7H2,A0A0R0L7H2
506,3847.A0A0R0L7Q8,A0A0R0L7Q8,A0A0R0L7Q8
507,3847.A0A0R0L914,A0A0R0L914,A0A0R0L914
508,3847.A0A0R0L9C7,A0A0R0L9C7,A0A0R0L9C7
509,3847.A0A0R0LA20,A0A0R0LA20,A0A0R0LA20
510,3847.A0A0R0LAC6,A0A0R0LAC6,A0A0R0LAC6
511,3847.A0A0R0LAI5,A0A0R0LAI5,A0A0R0LAI5
512,3847.A0A0R0LCR0,A0A0R0LCR0,A0A0R0LCR0
513,3847.A0A0R0LCV6,A0A0R0LCV6,A0A0R0LCV6
514,3847.A0A0R0LD71,A0A0R0LD71,A0A0R0LD71
515,3847.A0A0R0LEF9,A0A0R0LEF9,A0A0R0LEF9
516,3847.A0A0R0LEG4,A0A0R0LEG4,A0A0R0LEG4
517,3847.A0A0R0LEG5,A0A0R0LEG5,A0A0R0LEG5
518,3847.A0A0R0LEY2,A0A0R0LEY2,A0A0R0LEY2
519,3847.A0A0R0LF34,A0A0R0LF34,A0A0R0LF34
520,3847.A0A0R0LF54,A0A0R0LF54,A0A0R0LF54
521,3847.A0A0R0LFU2,A0A0R0LFU2,A0A0R0LFU2
522,3847.A0A0R0LGZ0,A0A0R0LGZ0,A0A0R0LGZ0
523,3847.A0A0R0LIG2,A0A0R0LIG2,A0A0R0LIG2
524,3847.A0A0R0LIQ4,A0A0R0LIQ4,A0A0R0LIQ4
525,3847.A0A0R0LKW8,A0A0R0LKW8,A0A0R0LKW8
526,3847.A0A0R0LLN5,A0A0R0LLN5,A0A0R0LLN5
527,3847.A0A0R0LM85,A0A0R0LM85,A0A0R0LM85
528,3847.A0A0R4J2M0,A0A0R4J2M0,A0A0R4J2M0
529,3847.A0A0R4J2Q3,A0A0R4J2Q3,A0A0R4J2Q3
530,3847.A0A0R4J2Q6,A0A0R4J2Q6,A0A0R4J2Q6
531,3847.A0A0R4J320,A0A0R4J320,A0A0R4J320
532,3847.A0A0R4J349,A0A0R4J349,A0A0R4J349
533,3847.A0A0R4J386,A0A0R4J386,A0A0R4J386
534,3847.A0A0R4J3F8,A0A0R4J3F8,A0A0R4J3F8
535,3847.A0A0R4J3G7,A0A0R4J3G7,A0A0R4J3G7
536,3847.A0A0R4J3G9,A0A0R4J3G9,A0A0R4J3G9
537,3847.A0A0R4J3H7,A0A0R4J3H7,A0A0R4J3H7
538,3847.A0A0R4J3H9,A0A0R4J3H9,A0A0R4J3H9
539,3847.A0A0R4J3I5,A0A0R4J3I5,GMIMT1
540,3847.A0A0R4J3I7,A0A0R4J3I7,A0A0R4J3I7
541,3847.A0A0R4J3J0,A0A0R4J3J0,A0A0R4J3J0
542,3847.A0A0R4J3M6,A0A0R4J3M6,GMMKK4
543,3847.A0A0R4J3N2,A0A0R4J3N2,A0A0R4J3N2
544,3847.A0A0R4J3N6,A0A0R4J3N6,A0A0R4J3N6
545,3847.A0A0R4J3S3,A0A0R4J3S3,A0A0R4J3S3
546,3847.A0A0R4J3V5,A0A0R4J3V5,MST1
547,3847.A0A0R4J3W0,A0A0R4J3W0,WRKY48
548,3847.A0A0R4J3X7,A0A0R4J3X7,A0A0R4J3X7
549,3847.A0A0R4J3Z4,A0A0R4J3Z4,A0A0R4J3Z4
550,3847.A0A0R4J446,A0A0R4J446,A0A0R4J446
551,3847.A0A0R4J494,A0A0R4J494,A0A0R4J494
552,3847.A0A0R4J499,A0A0R4J499,A0A0R4J499
553,3847.A0A0R4J4D4,A0A0R4J4D4,A0A0R4J4D4
554,3847.A0A0R4J4G1,A0A0R4J4G1,A0A0R4J4G1
555,3847.A0A0R4J4Q5,A0A0R4J4Q5,A0A0R4J4Q5
556,3847.A0A0R4J4U8,A0A0R4J4U8,A0A0R4J4U8
557,3847.A0A0R4J4Y0,A0A0R4J4Y0,A0A0R4J4Y0
558,3847.A0A0R4J4Y5,A0A0R4J4Y5,A0A0R4J4Y5
559,3847.A0A0R4J553,A0A0R4J553,MYB62
560,3847.A0A0R4J561,A0A0R4J561,A0A0R4J561
561,3847.A0A0R4J5C8,A0A0R4J5C8,A0A0R4J5C8
562,3847.A0A0R4J5F5,A0A0R4J5F5,A0A0R4J5F5
563,3847.A0A0R4J5N8,A0A0R4J5N8,MYB180
564,3847.A0A0R4J5V1,A0A0R4J5V1,A0A0R4J5V1
565,3847.A0A0R4J5V6,A0A0R4J5V6,A0A0R4J5V6
566,3847.A0A0R4J5X0,A0A0R4J5X0,WRKY10
567,3847.A0A0R4J614,A0A0R4J614,WRKY53
568,3847.A0A0R4J632,A0A0R4J632,A0A0R4J632
569,3847.A0A0R4J645,A0A0R4J645,A0A0R4J645
570,3847.A0A0R4J677,A0A0R4J677,A0A0R4J677
571,3847.A0A367GKN3,A0A367GKN3,GLYMA_U035800
572,3847.A0A368UGS1,A0A368UGS1,A0A368UGS1
573,3847.A0A368UGS3,A0A368UGS3,A0A368UGS3
574,3847.A0A368UGV8,A0A368UGV8,A0A368UGV8
575,3847.A0A368UGZ1,A0A368UGZ1,A0A368UGZ1
576,3847.A0A368UH38,A0A368UH38,A0A368UH38
577,3847.A0A368UH54,A0A368UH54,A0A368UH54
578,3847.A0A368UH62,A0A368UH62,A0A368UH62
579,3847.A0A368UHP1,A0A368UHP1,A0A368UHP1
580,3847.A0A368UHQ0,A0A368UHQ0,A0A368UHQ0
581,3847.A0A368UHR2,A0A368UHR2,A0A368UHR2
582,3847.A0A368UHZ0,A0A368UHZ0,A0A368UHZ0
583,3847.A0A368UI34,A0A368UI34,A0A368UI34
584,3847.A0A368UI44,A0A368UI44,A0A368UI44
585,3847.A0A368UI50,A0A368UI50,A0A368UI50
586,3847.A0A368UIF2,A0A368UIF2,A0A368UIF2
587,3847.A0A368UIG5,A0A368UIG5,A0A368UIG5
588,3847.A0A368UIH5,A0A368UIH5,A0A368UIH5
589,3847.A0A368UIH8,A0A368UIH8,A0A368UIH8
590,3847.A0A368UIN2,A0A368UIN2,A0A368UIN2
591,3847.A0A368UIV2,A0A368UIV2,A0A368UIV2
592,3847.A0A368UJF8,A0A368UJF8,A0A368UJF8
593,3847.A0A368UJQ1,A0A368UJQ1,A0A368UJQ1
594,3847.A0A368UK90,A0A368UK90,GMPHR19
595,3847.A0A368UKF4,A0A368UKF4,A0A368UKF4
596,3847.A0A368ULH0,A0A368ULH0,A0A368ULH0
597,3847.A0A368ULP3,A0A368ULP3,A0A368ULP3
598,3847.A0A368UM20,A0A368UM20,A0A368UM20
599,3847.A0A368UM47,A0A368UM47,A0A368UM47
600,3847.A0A368UMQ7,A0A368UMQ7,A0A368UMQ7
601,3847.A4ZGU1,A4ZGU1,bZIP10
602,3847.A5JUQ4,A5JUQ4,N479
603,3847.B0EW02,B0EW02,Dof10
604,3847.B0LUR5,B0LUR5,WRKY37
605,3847.B0LUR7,B0LUR7,WRKY56
606,3847.B0LUS2,B0LUS2,WRKY57
607,3847.B0LUS3,B0LUS3,WRKY58
608,3847.B0LUS5,B0LUS5,WRKY11
609,3847.B0M1A9,B0M1A9,B0M1A9_SOYBN
610,3847.B2ZGS0,B2ZGS0,NAC34
611,3847.B5KMS8,B5KMS8,LEC1-A
612,3847.B5KMS9,B5KMS9,LEC1-B
613,3847.C0JJG9,C0JJG9,C0JJG9_SOYBN
614,3847.C5NU12,C5NU12,GmMYB12a
615,3847.C6FF68,C6FF68,GMBRL2A
616,3847.C6FF72,C6FF72,C6FF72_SOYBN
617,3847.C6FF79,C6FF79,BRI1B
618,3847.C6SVD7,C6SVD7,GSTF5
619,3847.C6SVM0,C6SVM0,C6SVM0_SOYBN
620,3847.C6SVN6,C6SVN6,C6SVN6_SOYBN
621,3847.C6SVP4,C6SVP4,C6SVP4_SOYBN
622,3847.C6SW20,C6SW20,C6SW20_SOYBN
623,3847.C6SW46,C6SW46,DREB
624,3847.C6SX15,C6SX15,C6SX15_SOYBN
625,3847.C6SXY9,C6SXY9,C6SXY9_SOYBN
626,3847.C6SY34,C6SY34,C6SY34_SOYBN
627,3847.C6SY43,C6SY43,C6SY43_SOYBN
628,3847.C6SYN4,C6SYN4,C6SYN4_SOYBN
629,3847.C6SZE8,C6SZE8,C6SZE8_SOYBN
630,3847.C6SZI8,C6SZI8,C6SZI8_SOYBN
631,3847.C6SZL0,C6SZL0,C6SZL0_SOYBN
632,3847.C6T188,C6T188,GSTU1
633,3847.C6T1A2,C6T1A2,ZFP1
634,3847.C6T1T9,C6T1T9,C6T1T9_SOYBN
635,3847.C6T1X2,C6T1X2,C6T1X2_SOYBN
636,3847.C6T1X5,C6T1X5,BZIP73B
637,3847.C6T202,C6T202,C6T202_SOYBN
638,3847.C6T283,C6T283,ERF6
639,3847.C6T2I8,C6T2I8,C6T2I8_SOYBN
640,3847.C6T354,C6T354,C6T354_SOYBN
641,3847.C6T440,C6T440,C6T440_SOYBN
642,3847.C6T460,C6T460,GSTU4
643,3847.C6T4Y3,C6T4Y3,C6T4Y3_SOYBN
644,3847.C6T509,C6T509,C6T509_SOYBN
645,3847.C6T578,C6T578,C6T578_SOYBN
646,3847.C6T5S0,C6T5S0,C6T5S0_SOYBN
647,3847.C6T715,C6T715,C6T715_SOYBN
648,3847.C6T7H0,C6T7H0,C6T7H0_SOYBN
649,3847.C6T7K3,C6T7K3,C6T7K3_SOYBN
650,3847.C6T7V4,C6T7V4,C6T7V4_SOYBN
651,3847.C6T856,C6T856,GMPHR24
652,3847.C6T8I3,C6T8I3,MYB60
653,3847.C6T8R9,C6T8R9,C6T8R9_SOYBN
654,3847.C6T984,C6T984,MYB51
655,3847.C6T9Q9,C6T9Q9,C6T9Q9_SOYBN
656,3847.C6TAM5,C6TAM5,C6TAM5_SOYBN
657,3847.C6TAT2,C6TAT2,GSTU37
658,3847.C6TAY1,C6TAY1,SOMT2_SOYBN
659,3847.C6TBH0,C6TBH0,C6TBH0_SOYBN
660,3847.C6TBN2,C6TBN2,AKR1
661,3847.C6TCY3,C6TCY3,C6TCY3_SOYBN
662,3847.C6TCZ5,C6TCZ5,C6TCZ5_SOYBN
663,3847.C6TDG7,C6TDG7,C6TDG7_SOYBN
664,3847.C6TDI4,C6TDI4,C6TDI4_SOYBN
665,3847.C6TDN9,C6TDN9,WRKY6
666,3847.C6TDV2,C6TDV2,C6TDV2_SOYBN
667,3847.C6TE23,C6TE23,C6TE23_SOYBN
668,3847.C6TE39,C6TE39,C6TE39_SOYBN
669,3847.C6TE43,C6TE43,C6TE43_SOYBN
670,3847.C6TE65,C6TE65,C6TE65_SOYBN
671,3847.C6TEG0,C6TEG0,C6TEG0_SOYBN
672,3847.C6TEX3,C6TEX3,C6TEX3_SOYBN
673,3847.C6TF30,C6TF30,C6TF30_SOYBN
674,3847.C6TFN5,C6TFN5,C6TFN5_SOYBN
675,3847.C6TFQ3,C6TFQ3,C6TFQ3_SOYBN
676,3847.C6TG08,C6TG08,C6TG08_SOYBN
677,3847.C6TG33,C6TG33,C6TG33_SOYBN
678,3847.C6TG52,C6TG52,C6TG52_SOYBN
679,3847.C6TGE0,C6TGE0,C6TGE0_SOYBN
680,3847.C6TGR5,C6TGR5,C6TGR5_SOYBN
681,3847.C6TGU0,C6TGU0,DHAR3
682,3847.C6TGX5,C6TGX5,C6TGX5_SOYBN
683,3847.C6THG7,C6THG7,C6THG7_SOYBN
684,3847.C6THT3,C6THT3,GMBZIP33
685,3847.C6TI82,C6TI82,C6TI82_SOYBN
686,3847.C6TIA7,C6TIA7,C6TIA7_SOYBN
687,3847.C6TIB3,C6TIB3,C6TIB3_SOYBN
688,3847.C6TIH1,C6TIH1,C6TIH1_SOYBN
689,3847.C6TIJ7,C6TIJ7,C6TIJ7_SOYBN
690,3847.C6TIY9,C6TIY9,C6TIY9_SOYBN
691,3847.C6TJ94,C6TJ94,C6TJ94_SOYBN
692,3847.C6TJC1,C6TJC1,GSTU50
693,3847.C6TKB5,C6TKB5,C6TKB5_SOYBN
694,3847.C6TKB8,C6TKB8,C6TKB8_SOYBN
695,3847.C6TKE5,C6TKE5,WRKY33
696,3847.C6TKK5,C6TKK5,C6TKK5_SOYBN
697,3847.C6TKS0,C6TKS0,C6TKS0_SOYBN
698,3847.C6TM99,C6TM99,MYBJ1
699,3847.C6TMP6,C6TMP6,C6TMP6_SOYBN
700,3847.C6TN19,C6TN19,C6TN19_SOYBN
701,3847.C6TNR7,C6TNR7,C6TNR7_SOYBN
702,3847.C6ZQJ7,C6ZQJ7,GST
703,3847.C6ZRN4,C6ZRN4,C6ZRN4_SOYBN
704,3847.C6ZRN6,C6ZRN6,C6ZRN6_SOYBN
705,3847.C6ZRP0,C6ZRP0,C6ZRP0_SOYBN
706,3847.C6ZRP4,C6ZRP4,C6ZRP4_SOYBN
707,3847.C6ZRQ1,C6ZRQ1,C6ZRQ1_SOYBN
708,3847.C6ZRQ2,C6ZRQ2,C6ZRQ2_SOYBN
709,3847.C6ZRQ9,C6ZRQ9,C6ZRQ9_SOYBN
710,3847.C6ZRR1,C6ZRR1,C6ZRR1_SOYBN
711,3847.C6ZRR3,C6ZRR3,C6ZRR3_SOYBN
712,3847.C6ZRR4,C6ZRR4,C6ZRR4_SOYBN
713,3847.C6ZRR6,C6ZRR6,C6ZRR6_SOYBN
714,3847.C6ZRT7,C6ZRT7,PTI1
715,3847.C6ZRU1,C6ZRU1,C6ZRU1_SOYBN
716,3847.C6ZRU2,C6ZRU2,C6ZRU2_SOYBN
717,3847.C6ZRU8,C6ZRU8,C6ZRU8_SOYBN
718,3847.C6ZRV5,C6ZRV5,C6ZRV5_SOYBN
719,3847.C6ZRW5,C6ZRW5,C6ZRW5_SOYBN
720,3847.C6ZRW6,C6ZRW6,C6ZRW6_SOYBN
721,3847.C6ZRW9,C6ZRW9,C6ZRW9_SOYBN
722,3847.C6ZRX1,C6ZRX1,C6ZRX1_SOYBN
723,3847.C6ZRY1,C6ZRY1,C6ZRY1_SOYBN
724,3847.C9WA59,C9WA59,AP2-1
725,3847.C9WA60,C9WA60,AP2-2
726,3847.C9WA62,C9WA62,AP2-4
727,3847.C9WA63,C9WA63,AP2-5
728,3847.D0EP03,D0EP03,COL8
729,3847.D0EP04,D0EP04,COL9
730,3847.D0EP05,D0EP05,COL10
731,3847.D2D5G3,D2D5G3,SMT2-1
732,3847.D8L1Z5,D8L1Z5,MYB176
733,3847.D9ICY5,D9ICY5,EBP
734,3847.D9IXB2,D9IXB2,D9IXB2_SOYBN
735,3847.E0A2W1,E0A2W1,AN1
736,3847.E0WC41,E0WC41,NF-YA1
737,3847.E0WC42,E0WC42,NF-YB1a
738,3847.E4W696,E4W696,GMMYB047
739,3847.E4W697,E4W697,E4W697_SOYBN
740,3847.E4W6A0,E4W6A0,E4W6A0_SOYBN
741,3847.F5HQF1,F5HQF1,W2
742,3847.F8SMC5,F8SMC5,F8SMC5_SOYBN
743,3847.F8WRI5,F8WRI5,g-tmt
744,3847.G0Z354,G0Z354,G0Z354_SOYBN
745,3847.G0Z355,G0Z355,G0Z355_SOYBN
746,3847.G3ECQ9,G3ECQ9,G3ECQ9_SOYBN
747,3847.G9I8U0,G9I8U0,G9I8U0_SOYBN
748,3847.H2BER5,H2BER5,ERF5
749,3847.H2D4C3,H2D4C3,ERF5-2
750,3847.H2D4C4,H2D4C4,ERF7
751,3847.H2EUM8,H2EUM8,H2EUM8_SOYBN
752,3847.I1J4C9,I1J4C9,I1J4C9_SOYBN
753,3847.I1J4I5,I1J4I5,I1J4I5_SOYBN
754,3847.I1J4I6,I1J4I6,I1J4I6_SOYBN
755,3847.I1J4K9,I1J4K9,GMPHR1
756,3847.I1J4T3,I1J4T3,I1J4T3_SOYBN
757,3847.I1J4X0,I1J4X0,I1J4X0_SOYBN
758,3847.I1J4Y9,I1J4Y9,I1J4Y9_SOYBN
759,3847.I1J515,I1J515,I1J515_SOYBN
760,3847.I1J570,I1J570,I1J570_SOYBN
761,3847.I1J584,I1J584,I1J584_SOYBN
762,3847.I1J5B5,I1J5B5,I1J5B5_SOYBN
763,3847.I1J5G9,I1J5G9,MYB158
764,3847.I1J5H6,I1J5H6,I1J5H6_SOYBN
765,3847.I1J5K6,I1J5K6,I1J5K6_SOYBN
766,3847.I1J5L5,I1J5L5,I1J5L5_SOYBN
767,3847.I1J5L7,I1J5L7,I1J5L7_SOYBN
768,3847.I1J5M4,I1J5M4,I1J5M4_SOYBN
769,3847.I1J5N3,I1J5N3,I1J5N3_SOYBN
770,3847.I1J5U2,I1J5U2,I1J5U2_SOYBN
771,3847.I1J5Y5,I1J5Y5,WRKY32
772,3847.I1J664,I1J664,I1J664_SOYBN
773,3847.I1J669,I1J669,I1J669_SOYBN
774,3847.I1J698,I1J698,I1J698_SOYBN
775,3847.I1J6C6,I1J6C6,I1J6C6_SOYBN
776,3847.I1J6D4,I1J6D4,I1J6D4_SOYBN
777,3847.I1J6D7,I1J6D7,I1J6D7_SOYBN
778,3847.I1J6F8,I1J6F8,I1J6F8_SOYBN
779,3847.I1J6I2,I1J6I2,I1J6I2_SOYBN
780,3847.I1J6P8,I1J6P8,I1J6P8_SOYBN
781,3847.I1J6T1,I1J6T1,I1J6T1_SOYBN
782,3847.I1J6U3,I1J6U3,I1J6U3_SOYBN
783,3847.I1J6W7,I1J6W7,I1J6W7_SOYBN
784,3847.I1J727,I1J727,I1J727_SOYBN
785,3847.I1J758,I1J758,I1J758_SOYBN
786,3847.I1J7E1,I1J7E1,I1J7E1_SOYBN
787,3847.I1J7H8,I1J7H8,I1J7H8_SOYBN
788,3847.I1J7N3,I1J7N3,I1J7N3_SOYBN
789,3847.I1J7Y6,I1J7Y6,I1J7Y6_SOYBN
790,3847.I1J801,I1J801,I1J801_SOYBN
791,3847.I1J807,I1J807,I1J807_SOYBN
792,3847.I1J828,I1J828,I1J828_SOYBN
793,3847.I1J845,I1J845,I1J845_SOYBN
794,3847.I1J849,I1J849,I1J849_SOYBN
795,3847.I1J891,I1J891,I1J891_SOYBN
796,3847.I1J8C1,I1J8C1,I1J8C1_SOYBN
797,3847.I1J8J4,I1J8J4,I1J8J4_SOYBN
798,3847.I1J8P1,I1J8P1,I1J8P1_SOYBN
799,3847.I1J8P9,I1J8P9,I1J8P9_SOYBN
800,3847.I1J8U9,I1J8U9,I1J8U9_SOYBN
801,3847.I1J945,I1J945,I1J945_SOYBN
802,3847.I1J976,I1J976,I1J976_SOYBN
803,3847.I1J993,I1J993,I1J993_SOYBN
804,3847.I1J9C8,I1J9C8,I1J9C8_SOYBN
805,3847.I1J9I4,I1J9I4,RLK3
806,3847.I1J9J5,I1J9J5,I1J9J5_SOYBN
807,3847.I1J9Q1,I1J9Q1,SPK-1
808,3847.I1J9Q4,I1J9Q4,I1J9Q4_SOYBN
809,3847.I1J9S8,I1J9S8,I1J9S8_SOYBN
810,3847.I1J9S9,I1J9S9,I1J9S9_SOYBN
811,3847.I1J9W9,I1J9W9,I1J9W9_SOYBN
812,3847.I1J9Z9,I1J9Z9,I1J9Z9_SOYBN
813,3847.I1JA00,I1JA00,I1JA00_SOYBN
814,3847.I1JA36,I1JA36,I1JA36_SOYBN
815,3847.I1JAC7,I1JAC7,WRKY12
816,3847.I1JAC9,I1JAC9,I1JAC9_SOYBN
817,3847.I1JAE5,I1JAE5,I1JAE5_SOYBN
818,3847.I1JB39,I1JB39,I1JB39_SOYBN
819,3847.I1JB52,I1JB52,I1JB52_SOYBN
820,3847.I1JB91,I1JB91,I1JB91_SOYBN
821,3847.I1JB92,I1JB92,I1JB92_SOYBN
822,3847.I1JBB6,I1JBB6,I1JBB6_SOYBN
823,3847.I1JBE7,I1JBE7,I1JBE7_SOYBN
824,3847.I1JBJ0,I1JBJ0,I1JBJ0_SOYBN
825,3847.I1JBN3,I1JBN3,I1JBN3_SOYBN
826,3847.I1JBT3,I1JBT3,GSTU6
827,3847.I1JBT5,I1JBT5,GSTU8
828,3847.I1JBU9,I1JBU9,MYB138
829,3847.I1JC04,I1JC04,I1JC04_SOYBN
830,3847.I1JC07,I1JC07,I1JC07_SOYBN
831,3847.I1JC46,I1JC46,I1JC46_SOYBN
832,3847.I1JCG2,I1JCG2,I1JCG2_SOYBN
833,3847.I1JCJ6,I1JCJ6,I1JCJ6_SOYBN
834,3847.I1JCP4,I1JCP4,I1JCP4_SOYBN
835,3847.I1JCP6,I1JCP6,I1JCP6_SOYBN
836,3847.I1JCR3,I1JCR3,I1JCR3_SOYBN
837,3847.I1JD10,I1JD10,I1JD10_SOYBN
838,3847.I1JD21,I1JD21,I1JD21_SOYBN
839,3847.I1JD43,I1JD43,GMPHR3
840,3847.I1JD63,I1JD63,I1JD63_SOYBN
841,3847.I1JD93,I1JD93,I1JD93_SOYBN
842,3847.I1JDI1,I1JDI1,I1JDI1_SOYBN
843,3847.I1JDJ6,I1JDJ6,I1JDJ6_SOYBN
844,3847.I1JDM5,I1JDM5,I1JDM5_SOYBN
845,3847.I1JDW0,I1JDW0,I1JDW0_SOYBN
846,3847.I1JEC8,I1JEC8,WRKY28
847,3847.I1JEL2,I1JEL2,I1JEL2_SOYBN
848,3847.I1JEM4,I1JEM4,I1JEM4_SOYBN
849,3847.I1JET7,I1JET7,GMBZIP1
850,3847.I1JEU3,I1JEU3,I1JEU3_SOYBN
851,3847.I1JEX5,I1JEX5,I1JEX5_SOYBN
852,3847.I1JF19,I1JF19,I1JF19_SOYBN
853,3847.I1JFE1,I1JFE1,I1JFE1_SOYBN
854,3847.I1JFH4,I1JFH4,GSTF1
855,3847.I1JFH5,I1JFH5,GSTF2
856,3847.I1JFM7,I1JFM7,I1JFM7_SOYBN
857,3847.I1JFQ0,I1JFQ0,I1JFQ0_SOYBN
858,3847.I1JFU0,I1JFU0,NAC011
859,3847.I1JFW8,I1JFW8,I1JFW8_SOYBN
860,3847.I1JG31,I1JG31,I1JG31_SOYBN
861,3847.I1JG49,I1JG49,GMPHR6
862,3847.I1JG74,I1JG74,I1JG74_SOYBN
863,3847.I1JGA1,I1JGA1,I1JGA1_SOYBN
864,3847.I1JGA6,I1JGA6,I1JGA6_SOYBN
865,3847.I1JGT5,I1JGT5,I1JGT5_SOYBN
866,3847.I1JGV0,I1JGV0,I1JGV0_SOYBN
867,3847.I1JGX9,I1JGX9,I1JGX9_SOYBN
868,3847.I1JGZ4,I1JGZ4,I1JGZ4_SOYBN
869,3847.I1JGZ8,I1JGZ8,I1JGZ8_SOYBN
870,3847.I1JH02,I1JH02,I1JH02_SOYBN
871,3847.I1JH37,I1JH37,I1JH37_SOYBN
872,3847.I1JH85,I1JH85,NAC012
873,3847.I1JHA1,I1JHA1,I1JHA1_SOYBN
874,3847.I1JHK8,I1JHK8,I1JHK8_SOYBN
875,3847.I1JHS3,I1JHS3,I1JHS3_SOYBN
876,3847.I1JHW1,I1JHW1,I1JHW1_SOYBN
877,3847.I1JHY8,I1JHY8,I1JHY8_SOYBN
878,3847.I1JI12,I1JI12,I1JI12_SOYBN
879,3847.I1JIA1,I1JIA1,I1JIA1_SOYBN
880,3847.I1JIS5,I1JIS5,I1JIS5_SOYBN
881,3847.I1JJ02,I1JJ02,I1JJ02_SOYBN
882,3847.I1JJ37,I1JJ37,I1JJ37_SOYBN
883,3847.I1JJ73,I1JJ73,CHL
884,3847.I1JJ77,I1JJ77,I1JJ77_SOYBN
885,3847.I1JJC4,I1JJC4,I1JJC4_SOYBN
886,3847.I1JJC8,I1JJC8,I1JJC8_SOYBN
887,3847.I1JJC9,I1JJC9,I1JJC9_SOYBN
888,3847.I1JJG1,I1JJG1,I1JJG1_SOYBN
889,3847.I1JJK1,I1JJK1,I1JJK1_SOYBN
890,3847.I1JJL8,I1JJL8,I1JJL8_SOYBN
891,3847.I1JJQ5,I1JJQ5,I1JJQ5_SOYBN
892,3847.I1JJT8,I1JJT8,I1JJT8_SOYBN
893,3847.I1JJU7,I1JJU7,I1JJU7_SOYBN
894,3847.I1JJW2,I1JJW2,I1JJW2_SOYBN
895,3847.I1JJW4,I1JJW4,I1JJW4_SOYBN
896,3847.I1JJX3,I1JJX3,I1JJX3_SOYBN
897,3847.I1JK11,I1JK11,I1JK11_SOYBN
898,3847.I1JK13,I1JK13,I1JK13_SOYBN
899,3847.I1JK61,I1JK61,I1JK61_SOYBN
900,3847.I1JK86,I1JK86,I1JK86_SOYBN
901,3847.I1JKE0,I1JKE0,I1JKE0_SOYBN
902,3847.I1JKK6,I1JKK6,I1JKK6_SOYBN
903,3847.I1JKM9,I1JKM9,I1JKM9_SOYBN
904,3847.I1JKW3,I1JKW3,I1JKW3_SOYBN
905,3847.I1JKY2,I1JKY2,I1JKY2_SOYBN
906,3847.I1JL75,I1JL75,I1JL75_SOYBN
907,3847.I1JMA2,I1JMA2,I1JMA2_SOYBN
908,3847.I1JMI7,I1JMI7,I1JMI7_SOYBN
909,3847.I1JML4,I1JML4,I1JML4_SOYBN
910,3847.I1JMP1,I1JMP1,I1JMP1_SOYBN
911,3847.I1JMQ9,I1JMQ9,I1JMQ9_SOYBN
912,3847.I1JMR6,I1JMR6,I1JMR6_SOYBN
913,3847.I1JMR7,I1JMR7,I1JMR7_SOYBN
914,3847.I1JMV1,I1JMV1,I1JMV1_SOYBN
915,3847.I1JN79,I1JN79,I1JN79_SOYBN
916,3847.I1JNC3,I1JNC3,I1JNC3_SOYBN
917,3847.I1JNE9,I1JNE9,I1JNE9_SOYBN
918,3847.I1JNG5,I1JNG5,I1JNG5_SOYBN
919,3847.I1JNH2,I1JNH2,I1JNH2_SOYBN
920,3847.I1JNJ7,I1JNJ7,GMPHR8
921,3847.I1JNM7,I1JNM7,I1JNM7_SOYBN
922,3847.I1JNQ2,I1JNQ2,I1JNQ2_SOYBN
923,3847.I1JNT5,I1JNT5,I1JNT5_SOYBN
924,3847.I1JNY9,I1JNY9,I1JNY9_SOYBN
925,3847.I1JP03,I1JP03,WRKY15
926,3847.I1JP30,I1JP30,I1JP30_SOYBN
927,3847.I1JP31,I1JP31,I1JP31_SOYBN
928,3847.I1JP51,I1JP51,I1JP51_SOYBN
929,3847.I1JP66,I1JP66,GMPHR9
930,3847.I1JP77,I1JP77,I1JP77_SOYBN
931,3847.I1JP80,I1JP80,I1JP80_SOYBN
932,3847.I1JP87,I1JP87,PDR12
933,3847.I1JP91,I1JP91,I1JP91_SOYBN
934,3847.I1JPH6,I1JPH6,GSTL1
935,3847.I1JPH9,I1JPH9,I1JPH9_SOYBN
936,3847.I1JPL9,I1JPL9,I1JPL9_SOYBN
937,3847.I1JQ39,I1JQ39,I1JQ39_SOYBN
938,3847.I1JQ86,I1JQ86,I1JQ86_SOYBN
939,3847.I1JQH3,I1JQH3,COL15
940,3847.I1JQS9,I1JQS9,WRKY41
941,3847.I1JQT7,I1JQT7,WRKY51
942,3847.I1JQW0,I1JQW0,I1JQW0_SOYBN
943,3847.I1JQX7,I1JQX7,I1JQX7_SOYBN
944,3847.I1JR10,I1JR10,I1JR10_SOYBN
945,3847.I1JR29,I1JR29,I1JR29_SOYBN
946,3847.I1JRF0,I1JRF0,I1JRF0_SOYBN
947,3847.I1JRG9,I1JRG9,I1JRG9_SOYBN
948,3847.I1JRN1,I1JRN1,I1JRN1_SOYBN
949,3847.I1JRQ8,I1JRQ8,I1JRQ8_SOYBN
950,3847.I1JRX6,I1JRX6,I1JRX6_SOYBN
951,3847.I1JRZ2,I1JRZ2,WRKY43
952,3847.I1JS07,I1JS07,I1JS07_SOYBN
953,3847.I1JS30,I1JS30,I1JS30_SOYBN
954,3847.I1JS76,I1JS76,GMERF3
955,3847.I1JSJ1,I1JSJ1,I1JSJ1_SOYBN
956,3847.I1JSK1,I1JSK1,I1JSK1_SOYBN
957,3847.I1JSK4,I1JSK4,I1JSK4_SOYBN
958,3847.I1JSN8,I1JSN8,I1JSN8_SOYBN
959,3847.I1JSP3,I1JSP3,I1JSP3_SOYBN
960,3847.I1JSQ4,I1JSQ4,I1JSQ4_SOYBN
961,3847.I1JSR9,I1JSR9,I1JSR9_SOYBN
962,3847.I1JSU9,I1JSU9,I1JSU9_SOYBN
963,3847.I1JTH1,I1JTH1,I1JTH1_SOYBN
964,3847.I1JTL7,I1JTL7,I1JTL7_SOYBN
965,3847.I1JTX5,I1JTX5,GMHSF-08
966,3847.I1JTZ8,I1JTZ8,I1JTZ8_SOYBN
967,3847.I1JTZ9,I1JTZ9,I1JTZ9_SOYBN
968,3847.I1JU19,I1JU19,I1JU19_SOYBN
969,3847.I1JU62,I1JU62,I1JU62_SOYBN
970,3847.I1JU69,I1JU69,I1JU69_SOYBN
971,3847.I1JU95,I1JU95,I1JU95_SOYBN
972,3847.I1JUC5,I1JUC5,I1JUC5_SOYBN
973,3847.I1JUD1,I1JUD1,I1JUD1_SOYBN
974,3847.I1JUN2,I1JUN2,WRKY50
975,3847.I1JUQ6,I1JUQ6,I1JUQ6_SOYBN
976,3847.I1JUT4,I1JUT4,I1JUT4_SOYBN
977,3847.I1JUU5,I1JUU5,I1JUU5_SOYBN
978,3847.I1JUW3,I1JUW3,I1JUW3_SOYBN
979,3847.I1JUY4,I1JUY4,I1JUY4_SOYBN
980,3847.I1JV05,I1JV05,I1JV05_SOYBN
981,3847.I1JV18,I1JV18,I1JV18_SOYBN
982,3847.I1JV21,I1JV21,I1JV21_SOYBN
983,3847.I1JV30,I1JV30,I1JV30_SOYBN
984,3847.I1JV49,I1JV49,I1JV49_SOYBN
985,3847.I1JV66,I1JV66,I1JV66_SOYBN
986,3847.I1JV96,I1JV96,I1JV96_SOYBN
987,3847.I1JVA4,I1JVA4,I1JVA4_SOYBN
988,3847.I1JVE9,I1JVE9,I1JVE9_SOYBN
989,3847.I1JVF0,I1JVF0,I1JVF0_SOYBN
990,3847.I1JVF1,I1JVF1,I1JVF1_SOYBN
991,3847.I1JVH7,I1JVH7,I1JVH7_SOYBN
992,3847.I1JW11,I1JW11,I1JW11_SOYBN
993,3847.I1JW29,I1JW29,I1JW29_SOYBN
994,3847.I1JW69,I1JW69,I1JW69_SOYBN
995,3847.I1JW77,I1JW77,I1JW77_SOYBN
996,3847.I1JW88,I1JW88,I1JW88_SOYBN
997,3847.I1JWR2,I1JWR2,I1JWR2_SOYBN
998,3847.I1JWT0,I1JWT0,I1JWT0_SOYBN
999,3847.I1JWV3,I1JWV3,MYBJ2
1000,3847.I1JX08,I1JX08,I1JX08_SOYBN
1001,3847.I1JX69,I1JX69,I1JX69_SOYBN
1002,3847.I1JXB2,I1JXB2,I1JXB2_SOYBN
1003,3847.I1JXB8,I1JXB8,I1JXB8_SOYBN
1004,3847.I1JXP3,I1JXP3,I1JXP3_SOYBN
1005,3847.I1JXU4,I1JXU4,I1JXU4_SOYBN
1006,3847.I1JXV4,I1JXV4,SPK-4
1007,3847.I1JY11,I1JY11,I1JY11_SOYBN
1008,3847.I1JY76,I1JY76,WRKY21
1009,3847.I1JYK3,I1JYK3,I1JYK3_SOYBN
1010,3847.I1JYS9,I1JYS9,I1JYS9_SOYBN
1011,3847.I1JYV1,I1JYV1,I1JYV1_SOYBN
1012,3847.I1JYV5,I1JYV5,I1JYV5_SOYBN
1013,3847.I1JYW5,I1JYW5,I1JYW5_SOYBN
1014,3847.I1JZU4,I1JZU4,I1JZU4_SOYBN
1015,3847.I1K0J3,I1K0J3,I1K0J3_SOYBN
1016,3847.I1K0U3,I1K0U3,I1K0U3_SOYBN
1017,3847.I1K0W9,I1K0W9,I1K0W9_SOYBN
1018,3847.I1K148,I1K148,I1K148_SOYBN
1019,3847.I1K161,I1K161,I1K161_SOYBN
1020,3847.I1K169,I1K169,I1K169_SOYBN
1021,3847.I1K189,I1K189,I1K189_SOYBN
1022,3847.I1K1C0,I1K1C0,I1K1C0_SOYBN
1023,3847.I1K1C4,I1K1C4,I1K1C4_SOYBN
1024,3847.I1K1M3,I1K1M3,I1K1M3_SOYBN
1025,3847.I1K1R0,I1K1R0,I1K1R0_SOYBN
1026,3847.I1K242,I1K242,I1K242_SOYBN
1027,3847.I1K249,I1K249,I1K249_SOYBN
1028,3847.I1K296,I1K296,I1K296_SOYBN
1029,3847.I1K2C5,I1K2C5,I1K2C5_SOYBN
1030,3847.I1K2E4,I1K2E4,I1K2E4_SOYBN
1031,3847.I1K2I7,I1K2I7,I1K2I7_SOYBN
1032,3847.I1K2J1,I1K2J1,I1K2J1_SOYBN
1033,3847.I1K2Q5,I1K2Q5,I1K2Q5_SOYBN
1034,3847.I1K2R3,I1K2R3,I1K2R3_SOYBN
1035,3847.I1K2V1,I1K2V1,I1K2V1_SOYBN
1036,3847.I1K2V4,I1K2V4,I1K2V4_SOYBN
1037,3847.I1K304,I1K304,I1K304_SOYBN
1038,3847.I1K313,I1K313,I1K313_SOYBN
1039,3847.I1K354,I1K354,I1K354_SOYBN
1040,3847.I1K375,I1K375,I1K375_SOYBN
1041,3847.I1K387,I1K387,I1K387_SOYBN
1042,3847.I1K390,I1K390,I1K390_SOYBN
1043,3847.I1K3B1,I1K3B1,I1K3B1_SOYBN
1044,3847.I1K3G6,I1K3G6,I1K3G6_SOYBN
1045,3847.I1K3K3,I1K3K3,EU4
1046,3847.I1K3Q0,I1K3Q0,I1K3Q0_SOYBN
1047,3847.I1K3R0,I1K3R0,I1K3R0_SOYBN
1048,3847.I1K3X7,I1K3X7,I1K3X7_SOYBN
1049,3847.I1K3Z8,I1K3Z8,I1K3Z8_SOYBN
1050,3847.I1K416,I1K416,I1K416_SOYBN
1051,3847.I1K479,I1K479,I1K479_SOYBN
1052,3847.I1K499,I1K499,I1K499_SOYBN
1053,3847.I1K4C2,I1K4C2,I1K4C2_SOYBN
1054,3847.I1K4K5,I1K4K5,I1K4K5_SOYBN
1055,3847.I1K4R6,I1K4R6,I1K4R6_SOYBN
1056,3847.I1K4S9,I1K4S9,I1K4S9_SOYBN
1057,3847.I1K535,I1K535,I1K535_SOYBN
1058,3847.I1K552,I1K552,I1K552_SOYBN
1059,3847.I1K5J8,I1K5J8,I1K5J8_SOYBN
1060,3847.I1K5R2,I1K5R2,I1K5R2_SOYBN
1061,3847.I1K5W1,I1K5W1,I1K5W1_SOYBN
1062,3847.I1K5W7,I1K5W7,I1K5W7_SOYBN
1063,3847.I1K5X5,I1K5X5,I1K5X5_SOYBN
1064,3847.I1K5X7,I1K5X7,I1K5X7_SOYBN
1065,3847.I1K638,I1K638,I1K638_SOYBN
1066,3847.I1K658,I1K658,I1K658_SOYBN
1067,3847.I1K678,I1K678,I1K678_SOYBN
1068,3847.I1K693,I1K693,I1K693_SOYBN
1069,3847.I1K6A3,I1K6A3,I1K6A3_SOYBN
1070,3847.I1K6B5,I1K6B5,I1K6B5_SOYBN
1071,3847.I1K6H9,I1K6H9,I1K6H9_SOYBN
1072,3847.I1K6R8,I1K6R8,I1K6R8_SOYBN
1073,3847.I1K6U5,I1K6U5,I1K6U5_SOYBN
1074,3847.I1K730,I1K730,I1K730_SOYBN
1075,3847.I1K734,I1K734,I1K734_SOYBN
1076,3847.I1K769,I1K769,I1K769_SOYBN
1077,3847.I1K774,I1K774,I1K774_SOYBN
1078,3847.I1K7C7,I1K7C7,I1K7C7_SOYBN
1079,3847.I1K7G0,I1K7G0,SMT2-2
1080,3847.I1K7P7,I1K7P7,I1K7P7_SOYBN
1081,3847.I1K818,I1K818,I1K818_SOYBN
1082,3847.I1K821,I1K821,I1K821_SOYBN
1083,3847.I1K8E9,I1K8E9,I1K8E9_SOYBN
1084,3847.I1K8M2,I1K8M2,I1K8M2_SOYBN
1085,3847.I1K8Q2,I1K8Q2,I1K8Q2_SOYBN
1086,3847.I1K8R1,I1K8R1,I1K8R1_SOYBN
1087,3847.I1K8V5,I1K8V5,I1K8V5_SOYBN
1088,3847.I1K8X7,I1K8X7,I1K8X7_SOYBN
1089,3847.I1K8Y7,I1K8Y7,I1K8Y7_SOYBN
1090,3847.I1K915,I1K915,I1K915_SOYBN
1091,3847.I1K9C5,I1K9C5,I1K9C5_SOYBN
1092,3847.I1K9E7,I1K9E7,I1K9E7_SOYBN
1093,3847.I1K9H2,I1K9H2,I1K9H2_SOYBN
1094,3847.I1K9J9,I1K9J9,I1K9J9_SOYBN
1095,3847.I1K9L1,I1K9L1,I1K9L1_SOYBN
1096,3847.I1K9L5,I1K9L5,I1K9L5_SOYBN
1097,3847.I1K9M7,I1K9M7,I1K9M7_SOYBN
1098,3847.I1K9R4,I1K9R4,I1K9R4_SOYBN
1099,3847.I1K9T7,I1K9T7,I1K9T7_SOYBN
1100,3847.I1K9Z3,I1K9Z3,I1K9Z3_SOYBN
1101,3847.I1KAA6,I1KAA6,NAC2
1102,3847.I1KAF0,I1KAF0,I1KAF0_SOYBN
1103,3847.I1KAL4,I1KAL4,I1KAL4_SOYBN
1104,3847.I1KAM9,I1KAM9,I1KAM9_SOYBN
1105,3847.I1KAR4,I1KAR4,I1KAR4_SOYBN
1106,3847.I1KAZ8,I1KAZ8,I1KAZ8_SOYBN
1107,3847.I1KB23,I1KB23,I1KB23_SOYBN
1108,3847.I1KB70,I1KB70,I1KB70_SOYBN
1109,3847.I1KBC5,I1KBC5,WRKY61
1110,3847.I1KBD0,I1KBD0,I1KBD0_SOYBN
1111,3847.I1KBD1,I1KBD1,GMBRI1A
1112,3847.I1KBS6,I1KBS6,I1KBS6_SOYBN
1113,3847.I1KBT7,I1KBT7,I1KBT7_SOYBN
1114,3847.I1KBW8,I1KBW8,I1KBW8_SOYBN
1115,3847.I1KBY8,I1KBY8,I1KBY8_SOYBN
1116,3847.I1KC49,I1KC49,I1KC49_SOYBN
1117,3847.I1KCB5,I1KCB5,I1KCB5_SOYBN
1118,3847.I1KCC0,I1KCC0,I1KCC0_SOYBN
1119,3847.I1KCM5,I1KCM5,I1KCM5_SOYBN
1120,3847.I1KCN1,I1KCN1,I1KCN1_SOYBN
1121,3847.I1KCP9,I1KCP9,I1KCP9_SOYBN
1122,3847.I1KDA6,I1KDA6,I1KDA6_SOYBN
1123,3847.I1KDB0,I1KDB0,I1KDB0_SOYBN
1124,3847.I1KDC0,I1KDC0,I1KDC0_SOYBN
1125,3847.I1KDE2,I1KDE2,I1KDE2_SOYBN
1126,3847.I1KDQ1,I1KDQ1,I1KDQ1_SOYBN
1127,3847.I1KDR5,I1KDR5,I1KDR5_SOYBN
1128,3847.I1KDT1,I1KDT1,I1KDT1_SOYBN
1129,3847.I1KDT3,I1KDT3,I1KDT3_SOYBN
1130,3847.I1KDU5,I1KDU5,I1KDU5_SOYBN
1131,3847.I1KDW8,I1KDW8,I1KDW8_SOYBN
1132,3847.I1KE01,I1KE01,NAC3
1133,3847.I1KE52,I1KE52,I1KE52_SOYBN
1134,3847.I1KE60,I1KE60,I1KE60_SOYBN
1135,3847.I1KE67,I1KE67,I1KE67_SOYBN
1136,3847.I1KE68,I1KE68,I1KE68_SOYBN
1137,3847.I1KE70,I1KE70,I1KE70_SOYBN
1138,3847.I1KE73,I1KE73,I1KE73_SOYBN
1139,3847.I1KE88,I1KE88,I1KE88_SOYBN
1140,3847.I1KE90,I1KE90,I1KE90_SOYBN
1141,3847.I1KE98,I1KE98,I1KE98_SOYBN
1142,3847.I1KEA9,I1KEA9,I1KEA9_SOYBN
1143,3847.I1KEB0,I1KEB0,I1KEB0_SOYBN
1144,3847.I1KEB1,I1KEB1,I1KEB1_SOYBN
1145,3847.I1KEB9,I1KEB9,I1KEB9_SOYBN
1146,3847.I1KEC5,I1KEC5,I1KEC5_SOYBN
1147,3847.I1KEF0,I1KEF0,I1KEF0_SOYBN
1148,3847.I1KEL6,I1KEL6,I1KEL6_SOYBN
1149,3847.I1KES7,I1KES7,I1KES7_SOYBN
1150,3847.I1KEW1,I1KEW1,I1KEW1_SOYBN
1151,3847.I1KEW2,I1KEW2,I1KEW2_SOYBN
1152,3847.I1KEX7,I1KEX7,I1KEX7_SOYBN
1153,3847.I1KEY5,I1KEY5,I1KEY5_SOYBN
1154,3847.I1KEZ6,I1KEZ6,I1KEZ6_SOYBN
1155,3847.I1KF36,I1KF36,I1KF36_SOYBN
1156,3847.I1KF87,I1KF87,I1KF87_SOYBN
1157,3847.I1KFQ4,I1KFQ4,I1KFQ4_SOYBN
1158,3847.I1KFU2,I1KFU2,GMBRL1B
1159,3847.I1KG08,I1KG08,I1KG08_SOYBN
1160,3847.I1KG69,I1KG69,I1KG69_SOYBN
1161,3847.I1KGC2,I1KGC2,I1KGC2_SOYBN
1162,3847.I1KGC3,I1KGC3,I1KGC3_SOYBN
1163,3847.I1KGJ0,I1KGJ0,I1KGJ0_SOYBN
1164,3847.I1KGL7,I1KGL7,I1KGL7_SOYBN
1165,3847.I1KGN0,I1KGN0,I1KGN0_SOYBN
1166,3847.I1KGQ5,I1KGQ5,I1KGQ5_SOYBN
1167,3847.I1KGT3,I1KGT3,I1KGT3_SOYBN
1168,3847.I1KGT5,I1KGT5,I1KGT5_SOYBN
1169,3847.I1KGX1,I1KGX1,I1KGX1_SOYBN
1170,3847.I1KH02,I1KH02,I1KH02_SOYBN
1171,3847.I1KH25,I1KH25,I1KH25_SOYBN
1172,3847.I1KH54,I1KH54,I1KH54_SOYBN
1173,3847.I1KHC5,I1KHC5,I1KHC5_SOYBN
1174,3847.I1KHN8,I1KHN8,I1KHN8_SOYBN
1175,3847.I1KHQ8,I1KHQ8,I1KHQ8_SOYBN
1176,3847.I1KHR7,I1KHR7,I1KHR7_SOYBN
1177,3847.I1KHU6,I1KHU6,I1KHU6_SOYBN
1178,3847.I1KHU7,I1KHU7,I1KHU7_SOYBN
1179,3847.I1KHV2,I1KHV2,I1KHV2_SOYBN
1180,3847.I1KHV6,I1KHV6,I1KHV6_SOYBN
1181,3847.I1KHX3,I1KHX3,WRKY55
1182,3847.I1KI50,I1KI50,MYB133
1183,3847.I1KI59,I1KI59,MPK4B
1184,3847.I1KI96,I1KI96,I1KI96_SOYBN
1185,3847.I1KIA8,I1KIA8,I1KIA8_SOYBN
1186,3847.I1KIG9,I1KIG9,I1KIG9_SOYBN
1187,3847.I1KIJ6,I1KIJ6,I1KIJ6_SOYBN
1188,3847.I1KIR3,I1KIR3,I1KIR3_SOYBN
1189,3847.I1KJ06,I1KJ06,I1KJ06_SOYBN
1190,3847.I1KJE0,I1KJE0,I1KJE0_SOYBN
1191,3847.I1KJK4,I1KJK4,I1KJK4_SOYBN
1192,3847.I1KJN6,I1KJN6,I1KJN6_SOYBN
1193,3847.I1KJP2,I1KJP2,I1KJP2_SOYBN
1194,3847.I1KJU3,I1KJU3,I1KJU3_SOYBN
1195,3847.I1KK55,I1KK55,I1KK55_SOYBN
1196,3847.I1KK57,I1KK57,GSTU24
1197,3847.I1KK59,I1KK59,I1KK59_SOYBN
1198,3847.I1KK63,I1KK63,GSTU28
1199,3847.I1KK66,I1KK66,GSTU30
1200,3847.I1KK68,I1KK68,I1KK68_SOYBN
1201,3847.I1KKF8,I1KKF8,I1KKF8_SOYBN
1202,3847.I1KKI3,I1KKI3,I1KKI3_SOYBN
1203,3847.I1KKK2,I1KKK2,I1KKK2_SOYBN
1204,3847.I1KKK4,I1KKK4,I1KKK4_SOYBN
1205,3847.I1KKW7,I1KKW7,I1KKW7_SOYBN
1206,3847.I1KKW8,I1KKW8,I1KKW8_SOYBN
1207,3847.I1KL26,I1KL26,I1KL26_SOYBN
1208,3847.I1KL36,I1KL36,I1KL36_SOYBN
1209,3847.I1KLA2,I1KLA2,I1KLA2_SOYBN
1210,3847.I1KLC3,I1KLC3,I1KLC3_SOYBN
1211,3847.I1KLI3,I1KLI3,I1KLI3_SOYBN
1212,3847.I1KLI7,I1KLI7,I1KLI7_SOYBN
1213,3847.I1KLQ0,I1KLQ0,I1KLQ0_SOYBN
1214,3847.I1KLT6,I1KLT6,I1KLT6_SOYBN
1215,3847.I1KLU0,I1KLU0,I1KLU0_SOYBN
1216,3847.I1KLV7,I1KLV7,I1KLV7_SOYBN
1217,3847.I1KLX0,I1KLX0,I1KLX0_SOYBN
1218,3847.I1KM93,I1KM93,I1KM93_SOYBN
1219,3847.I1KMA9,I1KMA9,LBD31
1220,3847.I1KMF4,I1KMF4,I1KMF4_SOYBN
1221,3847.I1KMK2,I1KMK2,I1KMK2_SOYBN
1222,3847.I1KMP6,I1KMP6,I1KMP6_SOYBN
1223,3847.I1KMT1,I1KMT1,I1KMT1_SOYBN
1224,3847.I1KMY0,I1KMY0,I1KMY0_SOYBN
1225,3847.I1KNI2,I1KNI2,I1KNI2_SOYBN
1226,3847.I1KNL7,I1KNL7,I1KNL7_SOYBN
1227,3847.I1KNS5,I1KNS5,I1KNS5_SOYBN
1228,3847.I1KNX7,I1KNX7,I1KNX7_SOYBN
1229,3847.I1KP38,I1KP38,I1KP38_SOYBN
1230,3847.I1KP65,I1KP65,WRKY25
1231,3847.I1KPF5,I1KPF5,I1KPF5_SOYBN
1232,3847.I1KPJ1,I1KPJ1,GMWRKY46
1233,3847.I1KPM3,I1KPM3,I1KPM3_SOYBN
1234,3847.I1KPP7,I1KPP7,I1KPP7_SOYBN
1235,3847.I1KPY1,I1KPY1,I1KPY1_SOYBN
1236,3847.I1KPY8,I1KPY8,I1KPY8_SOYBN
1237,3847.I1KPZ9,I1KPZ9,I1KPZ9_SOYBN
1238,3847.I1KQ06,I1KQ06,I1KQ06_SOYBN
1239,3847.I1KQ64,I1KQ64,MYB184
1240,3847.I1KQC2,I1KQC2,I1KQC2_SOYBN
1241,3847.I1KQE7,I1KQE7,I1KQE7_SOYBN
1242,3847.I1KQG7,I1KQG7,I1KQG7_SOYBN
1243,3847.I1KQI5,I1KQI5,I1KQI5_SOYBN
1244,3847.I1KQQ8,I1KQQ8,I1KQQ8_SOYBN
1245,3847.I1KQR8,I1KQR8,I1KQR8_SOYBN
1246,3847.I1KQT2,I1KQT2,I1KQT2_SOYBN
1247,3847.I1KQX5,I1KQX5,I1KQX5_SOYBN
1248,3847.I1KR51,I1KR51,I1KR51_SOYBN
1249,3847.I1KR58,I1KR58,I1KR58_SOYBN
1250,3847.I1KR96,I1KR96,I1KR96_SOYBN
1251,3847.I1KR98,I1KR98,I1KR98_SOYBN
1252,3847.I1KRE5,I1KRE5,I1KRE5_SOYBN
1253,3847.I1KRJ4,I1KRJ4,I1KRJ4_SOYBN
1254,3847.I1KRM0,I1KRM0,I1KRM0_SOYBN
1255,3847.I1KRP1,I1KRP1,I1KRP1_SOYBN
1256,3847.I1KRP3,I1KRP3,GMBRL2B
1257,3847.I1KRQ3,I1KRQ3,I1KRQ3_SOYBN
1258,3847.I1KRW0,I1KRW0,I1KRW0_SOYBN
1259,3847.I1KRW1,I1KRW1,I1KRW1_SOYBN
1260,3847.I1KS55,I1KS55,RHG4
1261,3847.I1KSF4,I1KSF4,I1KSF4_SOYBN
1262,3847.I1KSG7,I1KSG7,GSTU35
1263,3847.I1KSR1,I1KSR1,I1KSR1_SOYBN
1264,3847.I1KST1,I1KST1,I1KST1_SOYBN
1265,3847.I1KST2,I1KST2,I1KST2_SOYBN
1266,3847.I1KSY9,I1KSY9,I1KSY9_SOYBN
1267,3847.I1KSZ0,I1KSZ0,I1KSZ0_SOYBN
1268,3847.I1KTB9,I1KTB9,I1KTB9_SOYBN
1269,3847.I1KTD5,I1KTD5,I1KTD5_SOYBN
1270,3847.I1KTH1,I1KTH1,I1KTH1_SOYBN
1271,3847.I1KTK8,I1KTK8,I1KTK8_SOYBN
1272,3847.I1KTU1,I1KTU1,I1KTU1_SOYBN
1273,3847.I1KTW0,I1KTW0,GMPHR27
1274,3847.I1KTZ8,I1KTZ8,I1KTZ8_SOYBN
1275,3847.I1KU27,I1KU27,I1KU27_SOYBN
1276,3847.I1KU69,I1KU69,I1KU69_SOYBN
1277,3847.I1KU77,I1KU77,I1KU77_SOYBN
1278,3847.I1KU79,I1KU79,I1KU79_SOYBN
1279,3847.I1KU83,I1KU83,GSTU38
1280,3847.I1KUF0,I1KUF0,I1KUF0_SOYBN
1281,3847.I1KUN7,I1KUN7,I1KUN7_SOYBN
1282,3847.I1KUN9,I1KUN9,I1KUN9_SOYBN
1283,3847.I1KUR4,I1KUR4,I1KUR4_SOYBN
1284,3847.I1KUU5,I1KUU5,I1KUU5_SOYBN
1285,3847.I1KUU6,I1KUU6,I1KUU6_SOYBN
1286,3847.I1KV23,I1KV23,I1KV23_SOYBN
1287,3847.I1KV37,I1KV37,I1KV37_SOYBN
1288,3847.I1KV51,I1KV51,I1KV51_SOYBN
1289,3847.I1KV64,I1KV64,I1KV64_SOYBN
1290,3847.I1KVD7,I1KVD7,I1KVD7_SOYBN
1291,3847.I1KVL7,I1KVL7,I1KVL7_SOYBN
1292,3847.I1KVS8,I1KVS8,I1KVS8_SOYBN
1293,3847.I1KW55,I1KW55,I1KW55_SOYBN
1294,3847.I1KWF2,I1KWF2,I1KWF2_SOYBN
1295,3847.I1KWF7,I1KWF7,SOMT-2
1296,3847.I1KWG9,I1KWG9,I1KWG9_SOYBN
1297,3847.I1KWL0,I1KWL0,I1KWL0_SOYBN
1298,3847.I1KWN4,I1KWN4,I1KWN4_SOYBN
1299,3847.I1KWR2,I1KWR2,I1KWR2_SOYBN
1300,3847.I1KWY6,I1KWY6,I1KWY6_SOYBN
1301,3847.I1KX21,I1KX21,I1KX21_SOYBN
1302,3847.I1KX42,I1KX42,I1KX42_SOYBN
1303,3847.I1KX75,I1KX75,I1KX75_SOYBN
1304,3847.I1KXG2,I1KXG2,I1KXG2_SOYBN
1305,3847.I1KXJ5,I1KXJ5,I1KXJ5_SOYBN
1306,3847.I1KXQ1,I1KXQ1,I1KXQ1_SOYBN
1307,3847.I1KXQ2,I1KXQ2,I1KXQ2_SOYBN
1308,3847.I1KXW5,I1KXW5,I1KXW5_SOYBN
1309,3847.I1KXZ0,I1KXZ0,GSTF6
1310,3847.I1KXZ5,I1KXZ5,I1KXZ5_SOYBN
1311,3847.I1KY51,I1KY51,I1KY51_SOYBN
1312,3847.I1KYC2,I1KYC2,I1KYC2_SOYBN
1313,3847.I1KYM5,I1KYM5,I1KYM5_SOYBN
1314,3847.I1KYP3,I1KYP3,I1KYP3_SOYBN
1315,3847.I1KYP4,I1KYP4,I1KYP4_SOYBN
1316,3847.I1KYV5,I1KYV5,I1KYV5_SOYBN
1317,3847.I1KZ15,I1KZ15,I1KZ15_SOYBN
1318,3847.I1KZ38,I1KZ38,I1KZ38_SOYBN
1319,3847.I1KZ76,I1KZ76,I1KZ76_SOYBN
1320,3847.I1KZ77,I1KZ77,I1KZ77_SOYBN
1321,3847.I1KZA4,I1KZA4,I1KZA4_SOYBN
1322,3847.I1KZA6,I1KZA6,I1KZA6_SOYBN
1323,3847.I1KZD2,I1KZD2,I1KZD2_SOYBN
1324,3847.I1KZR0,I1KZR0,I1KZR0_SOYBN
1325,3847.I1KZS1,I1KZS1,I1KZS1_SOYBN
1326,3847.I1KZU8,I1KZU8,WRKY23
1327,3847.I1KZX5,I1KZX5,I1KZX5_SOYBN
1328,3847.I1L039,I1L039,I1L039_SOYBN
1329,3847.I1L075,I1L075,GMPHR13
1330,3847.I1L0C5,I1L0C5,I1L0C5_SOYBN
1331,3847.I1L0L6,I1L0L6,I1L0L6_SOYBN
1332,3847.I1L0P8,I1L0P8,WRKY26
1333,3847.I1L0T1,I1L0T1,I1L0T1_SOYBN
1334,3847.I1L0Z5,I1L0Z5,I1L0Z5_SOYBN
1335,3847.I1L129,I1L129,I1L129_SOYBN
1336,3847.I1L178,I1L178,I1L178_SOYBN
1337,3847.I1L196,I1L196,I1L196_SOYBN
1338,3847.I1L1G0,I1L1G0,WRKY47
1339,3847.I1L1K3,I1L1K3,I1L1K3_SOYBN
1340,3847.I1L1R9,I1L1R9,I1L1R9_SOYBN
1341,3847.I1L1S9,I1L1S9,I1L1S9_SOYBN
1342,3847.I1L248,I1L248,I1L248_SOYBN
1343,3847.I1L2A6,I1L2A6,I1L2A6_SOYBN
1344,3847.I1L2A8,I1L2A8,I1L2A8_SOYBN
1345,3847.I1L2C2,I1L2C2,I1L2C2_SOYBN
1346,3847.I1L2C7,I1L2C7,I1L2C7_SOYBN
1347,3847.I1L2E0,I1L2E0,I1L2E0_SOYBN
1348,3847.I1L2K5,I1L2K5,I1L2K5_SOYBN
1349,3847.I1L3H0,I1L3H0,I1L3H0_SOYBN
1350,3847.I1L3H1,I1L3H1,I1L3H1_SOYBN
1351,3847.I1L3H6,I1L3H6,I1L3H6_SOYBN
1352,3847.I1L3J5,I1L3J5,I1L3J5_SOYBN
1353,3847.I1L3S1,I1L3S1,I1L3S1_SOYBN
1354,3847.I1L3Y3,I1L3Y3,I1L3Y3_SOYBN
1355,3847.I1L3Z7,I1L3Z7,I1L3Z7_SOYBN
1356,3847.I1L478,I1L478,I1L478_SOYBN
1357,3847.I1L4I0,I1L4I0,I1L4I0_SOYBN
1358,3847.I1L4I4,I1L4I4,I1L4I4_SOYBN
1359,3847.I1L4K3,I1L4K3,I1L4K3_SOYBN
1360,3847.I1L4L3,I1L4L3,I1L4L3_SOYBN
1361,3847.I1L4M1,I1L4M1,I1L4M1_SOYBN
1362,3847.I1L4M5,I1L4M5,I1L4M5_SOYBN
1363,3847.I1L4Q0,I1L4Q0,I1L4Q0_SOYBN
1364,3847.I1L4R2,I1L4R2,I1L4R2_SOYBN
1365,3847.I1L4S5,I1L4S5,I1L4S5_SOYBN
1366,3847.I1L4V5,I1L4V5,I1L4V5_SOYBN
1367,3847.I1L554,I1L554,I1L554_SOYBN
1368,3847.I1L594,I1L594,I1L594_SOYBN
1369,3847.I1L5Z4,I1L5Z4,I1L5Z4_SOYBN
1370,3847.I1L603,I1L603,I1L603_SOYBN
1371,3847.I1L625,I1L625,I1L625_SOYBN
1372,3847.I1L649,I1L649,I1L649_SOYBN
1373,3847.I1L656,I1L656,I1L656_SOYBN
1374,3847.I1L6F2,I1L6F2,I1L6F2_SOYBN
1375,3847.I1L6F6,I1L6F6,I1L6F6_SOYBN
1376,3847.I1L6G3,I1L6G3,I1L6G3_SOYBN
1377,3847.I1L6G6,I1L6G6,I1L6G6_SOYBN
1378,3847.I1L6Q0,I1L6Q0,I1L6Q0_SOYBN
1379,3847.I1L6R3,I1L6R3,I1L6R3_SOYBN
1380,3847.I1L6Z1,I1L6Z1,GMS6K1A
1381,3847.I1L6Z7,I1L6Z7,I1L6Z7_SOYBN
1382,3847.I1L723,I1L723,I1L723_SOYBN
1383,3847.I1L776,I1L776,I1L776_SOYBN
1384,3847.I1L798,I1L798,I1L798_SOYBN
1385,3847.I1L7A2,I1L7A2,I1L7A2_SOYBN
1386,3847.I1L7C7,I1L7C7,I1L7C7_SOYBN
1387,3847.I1L7I1,I1L7I1,I1L7I1_SOYBN
1388,3847.I1L7I2,I1L7I2,I1L7I2_SOYBN
1389,3847.I1L7I4,I1L7I4,I1L7I4_SOYBN
1390,3847.I1L7J9,I1L7J9,I1L7J9_SOYBN
1391,3847.I1L7N2,I1L7N2,WRKY54
1392,3847.I1L7S7,I1L7S7,I1L7S7_SOYBN
1393,3847.I1L7W8,I1L7W8,GSTF7
1394,3847.I1L803,I1L803,I1L803_SOYBN
1395,3847.I1L880,I1L880,I1L880_SOYBN
1396,3847.I1L8A8,I1L8A8,I1L8A8_SOYBN
1397,3847.I1L8B7,I1L8B7,I1L8B7_SOYBN
1398,3847.I1L8C6,I1L8C6,I1L8C6_SOYBN
1399,3847.I1L8D2,I1L8D2,I1L8D2_SOYBN
1400,3847.I1L8D5,I1L8D5,I1L8D5_SOYBN
1401,3847.I1L8F7,I1L8F7,I1L8F7_SOYBN
1402,3847.I1L8H1,I1L8H1,I1L8H1_SOYBN
1403,3847.I1L8H6,I1L8H6,I1L8H6_SOYBN
1404,3847.I1L8I1,I1L8I1,I1L8I1_SOYBN
1405,3847.I1L8M5,I1L8M5,I1L8M5_SOYBN
1406,3847.I1L8Q0,I1L8Q0,I1L8Q0_SOYBN
1407,3847.I1L8Q8,I1L8Q8,MYB118
1408,3847.I1L900,I1L900,I1L900_SOYBN
1409,3847.I1L9D8,I1L9D8,I1L9D8_SOYBN
1410,3847.I1L9T0,I1L9T0,I1L9T0_SOYBN
1411,3847.I1L9V1,I1L9V1,I1L9V1_SOYBN
1412,3847.I1L9V5,I1L9V5,I1L9V5_SOYBN
1413,3847.I1L9Z3,I1L9Z3,I1L9Z3_SOYBN
1414,3847.I1LAB6,I1LAB6,I1LAB6_SOYBN
1415,3847.I1LAE7,I1LAE7,I1LAE7_SOYBN
1416,3847.I1LAK2,I1LAK2,I1LAK2_SOYBN
1417,3847.I1LAY2,I1LAY2,I1LAY2_SOYBN
1418,3847.I1LAY5,I1LAY5,I1LAY5_SOYBN
1419,3847.I1LB09,I1LB09,GSK-3
1420,3847.I1LB36,I1LB36,I1LB36_SOYBN
1421,3847.I1LB56,I1LB56,I1LB56_SOYBN
1422,3847.I1LB71,I1LB71,I1LB71_SOYBN
1423,3847.I1LBE5,I1LBE5,I1LBE5_SOYBN
1424,3847.I1LBH1,I1LBH1,I1LBH1_SOYBN
1425,3847.I1LBL6,I1LBL6,I1LBL6_SOYBN
1426,3847.I1LBP0,I1LBP0,I1LBP0_SOYBN
1427,3847.I1LBS0,I1LBS0,I1LBS0_SOYBN
1428,3847.I1LC13,I1LC13,I1LC13_SOYBN
1429,3847.I1LC14,I1LC14,I1LC14_SOYBN
1430,3847.I1LC15,I1LC15,I1LC15_SOYBN
1431,3847.I1LC61,I1LC61,I1LC61_SOYBN
1432,3847.I1LC74,I1LC74,I1LC74_SOYBN
1433,3847.I1LCB7,I1LCB7,I1LCB7_SOYBN
1434,3847.I1LCB8,I1LCB8,I1LCB8_SOYBN
1435,3847.I1LCB9,I1LCB9,I1LCB9_SOYBN
1436,3847.I1LCH6,I1LCH6,GSTU42
1437,3847.I1LCI2,I1LCI2,I1LCI2_SOYBN
1438,3847.I1LCJ0,I1LCJ0,I1LCJ0_SOYBN
1439,3847.I1LCK5,I1LCK5,I1LCK5_SOYBN
1440,3847.I1LCS9,I1LCS9,I1LCS9_SOYBN
1441,3847.I1LCV3,I1LCV3,I1LCV3_SOYBN
1442,3847.I1LD68,I1LD68,I1LD68_SOYBN
1443,3847.I1LD80,I1LD80,I1LD80_SOYBN
1444,3847.I1LD82,I1LD82,I1LD82_SOYBN
1445,3847.I1LD98,I1LD98,SERK1
1446,3847.I1LDA8,I1LDA8,SNAC38
1447,3847.I1LDB9,I1LDB9,I1LDB9_SOYBN
1448,3847.I1LDE2,I1LDE2,I1LDE2_SOYBN
1449,3847.I1LDE7,I1LDE7,I1LDE7_SOYBN
1450,3847.I1LDL1,I1LDL1,WRKY2
1451,3847.I1LDV3,I1LDV3,I1LDV3_SOYBN
1452,3847.I1LDX5,I1LDX5,I1LDX5_SOYBN
1453,3847.I1LDY4,I1LDY4,I1LDY4_SOYBN
1454,3847.I1LDY7,I1LDY7,I1LDY7_SOYBN
1455,3847.I1LE59,I1LE59,I1LE59_SOYBN
1456,3847.I1LEI3,I1LEI3,I1LEI3_SOYBN
1457,3847.I1LEK1,I1LEK1,I1LEK1_SOYBN
1458,3847.I1LET0,I1LET0,I1LET0_SOYBN
1459,3847.I1LEW9,I1LEW9,COL22
1460,3847.I1LEX1,I1LEX1,I1LEX1_SOYBN
1461,3847.I1LF24,I1LF24,I1LF24_SOYBN
1462,3847.I1LF83,I1LF83,I1LF83_SOYBN
1463,3847.I1LF91,I1LF91,I1LF91_SOYBN
1464,3847.I1LFD6,I1LFD6,DHAR1
1465,3847.I1LFJ6,I1LFJ6,I1LFJ6_SOYBN
1466,3847.I1LFL9,I1LFL9,I1LFL9_SOYBN
1467,3847.I1LFM1,I1LFM1,I1LFM1_SOYBN
1468,3847.I1LFT2,I1LFT2,I1LFT2_SOYBN
1469,3847.I1LG16,I1LG16,I1LG16_SOYBN
1470,3847.I1LG72,I1LG72,I1LG72_SOYBN
1471,3847.I1LG73,I1LG73,I1LG73_SOYBN
1472,3847.I1LG95,I1LG95,AP2-9
1473,3847.I1LGA6,I1LGA6,I1LGA6_SOYBN
1474,3847.I1LGK4,I1LGK4,I1LGK4_SOYBN
1475,3847.I1LGL8,I1LGL8,I1LGL8_SOYBN
1476,3847.I1LGS4,I1LGS4,I1LGS4_SOYBN
1477,3847.I1LGT2,I1LGT2,I1LGT2_SOYBN
1478,3847.I1LGT5,I1LGT5,I1LGT5_SOYBN
1479,3847.I1LGW3,I1LGW3,I1LGW3_SOYBN
1480,3847.I1LH16,I1LH16,I1LH16_SOYBN
1481,3847.I1LH23,I1LH23,I1LH23_SOYBN
1482,3847.I1LH80,I1LH80,I1LH80_SOYBN
1483,3847.I1LHB2,I1LHB2,WRKY14
1484,3847.I1LHD5,I1LHD5,I1LHD5_SOYBN
1485,3847.I1LHD9,I1LHD9,I1LHD9_SOYBN
1486,3847.I1LHE1,I1LHE1,I1LHE1_SOYBN
1487,3847.I1LHG8,I1LHG8,I1LHG8_SOYBN
1488,3847.I1LHH0,I1LHH0,I1LHH0_SOYBN
1489,3847.I1LHP8,I1LHP8,I1LHP8_SOYBN
1490,3847.I1LHP9,I1LHP9,I1LHP9_SOYBN
1491,3847.I1LHQ0,I1LHQ0,I1LHQ0_SOYBN
1492,3847.I1LHQ1,I1LHQ1,I1LHQ1_SOYBN
1493,3847.I1LHQ2,I1LHQ2,I1LHQ2_SOYBN
1494,3847.I1LHQ3,I1LHQ3,I1LHQ3_SOYBN
1495,3847.I1LHS7,I1LHS7,I1LHS7_SOYBN
1496,3847.I1LHY4,I1LHY4,I1LHY4_SOYBN
1497,3847.I1LHZ9,I1LHZ9,I1LHZ9_SOYBN
1498,3847.I1LI29,I1LI29,I1LI29_SOYBN
1499,3847.I1LIA4,I1LIA4,I1LIA4_SOYBN
1500,3847.I1LIB8,I1LIB8,I1LIB8_SOYBN
1501,3847.I1LID0,I1LID0,I1LID0_SOYBN
1502,3847.I1LIE8,I1LIE8,I1LIE8_SOYBN
1503,3847.I1LII3,I1LII3,I1LII3_SOYBN
1504,3847.I1LIN3,I1LIN3,I1LIN3_SOYBN
1505,3847.I1LIQ0,I1LIQ0,I1LIQ0_SOYBN
1506,3847.I1LJD9,I1LJD9,I1LJD9_SOYBN
1507,3847.I1LJF7,I1LJF7,STP
1508,3847.I1LJT5,I1LJT5,I1LJT5_SOYBN
1509,3847.I1LJW2,I1LJW2,I1LJW2_SOYBN
1510,3847.I1LJZ0,I1LJZ0,GMLUXC
1511,3847.I1LK97,I1LK97,GLYMA_U034300
1512,3847.I1LKA0,I1LKA0,GLYMA_U034700
1513,3847.I1LKM2,I1LKM2,I1LKM2_SOYBN
1514,3847.I1LKU5,I1LKU5,I1LKU5_SOYBN
1515,3847.I1LKZ5,I1LKZ5,I1LKZ5_SOYBN
1516,3847.I1LLA6,I1LLA6,I1LLA6_SOYBN
1517,3847.I1LLF5,I1LLF5,I1LLF5_SOYBN
1518,3847.I1LLH0,I1LLH0,I1LLH0_SOYBN
1519,3847.I1LLV4,I1LLV4,I1LLV4_SOYBN
1520,3847.I1LM81,I1LM81,I1LM81_SOYBN
1521,3847.I1LMA1,I1LMA1,I1LMA1_SOYBN
1522,3847.I1LME2,I1LME2,I1LME2_SOYBN
1523,3847.I1LMF7,I1LMF7,I1LMF7_SOYBN
1524,3847.I1LMH6,I1LMH6,I1LMH6_SOYBN
1525,3847.I1LMT1,I1LMT1,I1LMT1_SOYBN
1526,3847.I1LN10,I1LN10,I1LN10_SOYBN
1527,3847.I1LN37,I1LN37,I1LN37_SOYBN
1528,3847.I1LN45,I1LN45,I1LN45_SOYBN
1529,3847.I1LNJ4,I1LNJ4,I1LNJ4_SOYBN
1530,3847.I1LNP8,I1LNP8,I1LNP8_SOYBN
1531,3847.I1LNU1,I1LNU1,I1LNU1_SOYBN
1532,3847.I1LNX7,I1LNX7,I1LNX7_SOYBN
1533,3847.I1LNX8,I1LNX8,I1LNX8_SOYBN
1534,3847.I1LP31,I1LP31,I1LP31_SOYBN
1535,3847.I1LP81,I1LP81,I1LP81_SOYBN
1536,3847.I1LPG2,I1LPG2,I1LPG2_SOYBN
1537,3847.I1LPG7,I1LPG7,I1LPG7_SOYBN
1538,3847.I1LPX2,I1LPX2,I1LPX2_SOYBN
1539,3847.I1LPX4,I1LPX4,I1LPX4_SOYBN
1540,3847.I1LQ29,I1LQ29,I1LQ29_SOYBN
1541,3847.I1LQH9,I1LQH9,I1LQH9_SOYBN
1542,3847.I1LQM5,I1LQM5,I1LQM5_SOYBN
1543,3847.I1LR10,I1LR10,I1LR10_SOYBN
1544,3847.I1LR16,I1LR16,I1LR16_SOYBN
1545,3847.I1LR21,I1LR21,I1LR21_SOYBN
1546,3847.I1LR92,I1LR92,I1LR92_SOYBN
1547,3847.I1LRD3,I1LRD3,I1LRD3_SOYBN
1548,3847.I1LRE1,I1LRE1,I1LRE1_SOYBN
1549,3847.I1LRG6,I1LRG6,GMPHR20
1550,3847.I1LRL0,I1LRL0,I1LRL0_SOYBN
1551,3847.I1LRN9,I1LRN9,I1LRN9_SOYBN
1552,3847.I1LRP0,I1LRP0,I1LRP0_SOYBN
1553,3847.I1LS00,I1LS00,I1LS00_SOYBN
1554,3847.I1LS03,I1LS03,I1LS03_SOYBN
1555,3847.I1LS39,I1LS39,I1LS39_SOYBN
1556,3847.I1LS62,I1LS62,I1LS62_SOYBN
1557,3847.I1LS71,I1LS71,I1LS71_SOYBN
1558,3847.I1LS89,I1LS89,I1LS89_SOYBN
1559,3847.I1LSB4,I1LSB4,I1LSB4_SOYBN
1560,3847.I1LSH6,I1LSH6,I1LSH6_SOYBN
1561,3847.I1LSN4,I1LSN4,I1LSN4_SOYBN
1562,3847.I1LSN9,I1LSN9,I1LSN9_SOYBN
1563,3847.I1LSR5,I1LSR5,I1LSR5_SOYBN
1564,3847.I1LSR6,I1LSR6,I1LSR6_SOYBN
1565,3847.I1LSR9,I1LSR9,I1LSR9_SOYBN
1566,3847.I1LSS7,I1LSS7,I1LSS7_SOYBN
1567,3847.I1LSW7,I1LSW7,I1LSW7_SOYBN
1568,3847.I1LSX3,I1LSX3,I1LSX3_SOYBN
1569,3847.I1LSX8,I1LSX8,I1LSX8_SOYBN
1570,3847.I1LSY1,I1LSY1,I1LSY1_SOYBN
1571,3847.I1LSY2,I1LSY2,I1LSY2_SOYBN
1572,3847.I1LSY4,I1LSY4,I1LSY4_SOYBN
1573,3847.I1LSZ6,I1LSZ6,I1LSZ6_SOYBN
1574,3847.I1LT43,I1LT43,WRKY44
1575,3847.I1LT79,I1LT79,GLYMA_U024900
1576,3847.I1LT96,I1LT96,I1LT96_SOYBN
1577,3847.I1LTE3,I1LTE3,I1LTE3_SOYBN
1578,3847.I1LTF5,I1LTF5,I1LTF5_SOYBN
1579,3847.I1LTF6,I1LTF6,I1LTF6_SOYBN
1580,3847.I1LTJ1,I1LTJ1,I1LTJ1_SOYBN
1581,3847.I1LTN4,I1LTN4,I1LTN4_SOYBN
1582,3847.I1LTN7,I1LTN7,ZFP3
1583,3847.I1LTS5,I1LTS5,I1LTS5_SOYBN
1584,3847.I1LTV8,I1LTV8,GMPHR21
1585,3847.I1LU97,I1LU97,I1LU97_SOYBN
1586,3847.I1LUF4,I1LUF4,DREB5
1587,3847.I1LUH4,I1LUH4,I1LUH4_SOYBN
1588,3847.I1LUH8,I1LUH8,I1LUH8_SOYBN
1589,3847.I1LUI9,I1LUI9,I1LUI9_SOYBN
1590,3847.I1LUJ1,I1LUJ1,I1LUJ1_SOYBN
1591,3847.I1LUN7,I1LUN7,I1LUN7_SOYBN
1592,3847.I1LUP0,I1LUP0,I1LUP0_SOYBN
1593,3847.I1LUP5,I1LUP5,WRKY16
1594,3847.I1LUS0,I1LUS0,I1LUS0_SOYBN
1595,3847.I1LUT6,I1LUT6,I1LUT6_SOYBN
1596,3847.I1LVE9,I1LVE9,I1LVE9_SOYBN
1597,3847.I1LVI3,I1LVI3,I1LVI3_SOYBN
1598,3847.I1LVK6,I1LVK6,I1LVK6_SOYBN
1599,3847.I1LVK7,I1LVK7,GMWRKY13
1600,3847.I1LVQ4,I1LVQ4,I1LVQ4_SOYBN
1601,3847.I1LVU0,I1LVU0,I1LVU0_SOYBN
1602,3847.I1LVZ1,I1LVZ1,I1LVZ1_SOYBN
1603,3847.I1LVZ7,I1LVZ7,I1LVZ7_SOYBN
1604,3847.I1LWR1,I1LWR1,I1LWR1_SOYBN
1605,3847.I1LWS6,I1LWS6,I1LWS6_SOYBN
1606,3847.I1LWY3,I1LWY3,I1LWY3_SOYBN
1607,3847.I1LX81,I1LX81,I1LX81_SOYBN
1608,3847.I1LX91,I1LX91,I1LX91_SOYBN
1609,3847.I1LXA5,I1LXA5,I1LXA5_SOYBN
1610,3847.I1LXE8,I1LXE8,I1LXE8_SOYBN
1611,3847.I1LXV3,I1LXV3,I1LXV3_SOYBN
1612,3847.I1LXW2,I1LXW2,I1LXW2_SOYBN
1613,3847.I1LXW3,I1LXW3,I1LXW3_SOYBN
1614,3847.I1LY26,I1LY26,I1LY26_SOYBN
1615,3847.I1LY46,I1LY46,I1LY46_SOYBN
1616,3847.I1LY77,I1LY77,I1LY77_SOYBN
1617,3847.I1LY83,I1LY83,I1LY83_SOYBN
1618,3847.I1LYA3,I1LYA3,I1LYA3_SOYBN
1619,3847.I1LYE3,I1LYE3,I1LYE3_SOYBN
1620,3847.I1LYG0,I1LYG0,I1LYG0_SOYBN
1621,3847.I1LYJ2,I1LYJ2,I1LYJ2_SOYBN
1622,3847.I1LYJ3,I1LYJ3,I1LYJ3_SOYBN
1623,3847.I1LYJ4,I1LYJ4,I1LYJ4_SOYBN
1624,3847.I1LYJ6,I1LYJ6,I1LYJ6_SOYBN
1625,3847.I1LYM5,I1LYM5,I1LYM5_SOYBN
1626,3847.I1LYP4,I1LYP4,I1LYP4_SOYBN
1627,3847.I1LYQ3,I1LYQ3,I1LYQ3_SOYBN
1628,3847.I1LYR2,I1LYR2,I1LYR2_SOYBN
1629,3847.I1LYR7,I1LYR7,I1LYR7_SOYBN
1630,3847.I1LYW3,I1LYW3,I1LYW3_SOYBN
1631,3847.I1LYZ1,I1LYZ1,I1LYZ1_SOYBN
1632,3847.I1LYZ2,I1LYZ2,I1LYZ2_SOYBN
1633,3847.I1LYZ9,I1LYZ9,I1LYZ9_SOYBN
1634,3847.I1LZ65,I1LZ65,I1LZ65_SOYBN
1635,3847.I1LZG3,I1LZG3,I1LZG3_SOYBN
1636,3847.I1LZN1,I1LZN1,I1LZN1_SOYBN
1637,3847.I1LZQ4,I1LZQ4,I1LZQ4_SOYBN
1638,3847.I1LZS5,I1LZS5,I1LZS5_SOYBN
1639,3847.I1LZX1,I1LZX1,I1LZX1_SOYBN
1640,3847.I1LZX9,I1LZX9,I1LZX9_SOYBN
1641,3847.I1M066,I1M066,I1M066_SOYBN
1642,3847.I1M0B8,I1M0B8,I1M0B8_SOYBN
1643,3847.I1M0C5,I1M0C5,I1M0C5_SOYBN
1644,3847.I1M0Y0,I1M0Y0,I1M0Y0_SOYBN
1645,3847.I1M142,I1M142,I1M142_SOYBN
1646,3847.I1M146,I1M146,I1M146_SOYBN
1647,3847.I1M1A1,I1M1A1,I1M1A1_SOYBN
1648,3847.I1M1S3,I1M1S3,BIN2
1649,3847.I1M1S7,I1M1S7,I1M1S7_SOYBN
1650,3847.I1M1X7,I1M1X7,I1M1X7_SOYBN
1651,3847.I1M1Z1,I1M1Z1,I1M1Z1_SOYBN
1652,3847.I1M280,I1M280,I1M280_SOYBN
1653,3847.I1M2D6,I1M2D6,I1M2D6_SOYBN
1654,3847.I1M2E5,I1M2E5,I1M2E5_SOYBN
1655,3847.I1M2E7,I1M2E7,I1M2E7_SOYBN
1656,3847.I1M2E9,I1M2E9,I1M2E9_SOYBN
1657,3847.I1M2F0,I1M2F0,I1M2F0_SOYBN
1658,3847.I1M2H1,I1M2H1,I1M2H1_SOYBN
1659,3847.I1M2H3,I1M2H3,I1M2H3_SOYBN
1660,3847.I1M2I7,I1M2I7,I1M2I7_SOYBN
1661,3847.I1M2I9,I1M2I9,I1M2I9_SOYBN
1662,3847.I1M2M2,I1M2M2,I1M2M2_SOYBN
1663,3847.I1M3B9,I1M3B9,SNAC49
1664,3847.I1M3F1,I1M3F1,I1M3F1_SOYBN
1665,3847.I1M3H5,I1M3H5,I1M3H5_SOYBN
1666,3847.I1M3H9,I1M3H9,I1M3H9_SOYBN
1667,3847.I1M3K3,I1M3K3,WRKY52
1668,3847.I1M3P7,I1M3P7,I1M3P7_SOYBN
1669,3847.I1M3P9,I1M3P9,I1M3P9_SOYBN
1670,3847.I1M3U4,I1M3U4,I1M3U4_SOYBN
1671,3847.I1M411,I1M411,I1M411_SOYBN
1672,3847.I1M456,I1M456,WRKY36
1673,3847.I1M465,I1M465,I1M465_SOYBN
1674,3847.I1M4G2,I1M4G2,I1M4G2_SOYBN
1675,3847.I1M4G4,I1M4G4,I1M4G4_SOYBN
1676,3847.I1M4L5,I1M4L5,I1M4L5_SOYBN
1677,3847.I1M4Q1,I1M4Q1,I1M4Q1_SOYBN
1678,3847.I1M4Q5,I1M4Q5,I1M4Q5_SOYBN
1679,3847.I1M507,I1M507,I1M507_SOYBN
1680,3847.I1M525,I1M525,I1M525_SOYBN
1681,3847.I1M528,I1M528,I1M528_SOYBN
1682,3847.I1M5C5,I1M5C5,I1M5C5_SOYBN
1683,3847.I1M5H7,I1M5H7,I1M5H7_SOYBN
1684,3847.I1M5K9,I1M5K9,I1M5K9_SOYBN
1685,3847.I1M5P5,I1M5P5,I1M5P5_SOYBN
1686,3847.I1M5T8,I1M5T8,I1M5T8_SOYBN
1687,3847.I1M5U0,I1M5U0,I1M5U0_SOYBN
1688,3847.I1M5U7,I1M5U7,I1M5U7_SOYBN
1689,3847.I1M5X6,I1M5X6,I1M5X6_SOYBN
1690,3847.I1M5Y6,I1M5Y6,I1M5Y6_SOYBN
1691,3847.I1M5Z7,I1M5Z7,I1M5Z7_SOYBN
1692,3847.I1M658,I1M658,I1M658_SOYBN
1693,3847.I1M6D7,I1M6D7,I1M6D7_SOYBN
1694,3847.I1M6J5,I1M6J5,I1M6J5_SOYBN
1695,3847.I1M6N8,I1M6N8,I1M6N8_SOYBN
1696,3847.I1M6U4,I1M6U4,I1M6U4_SOYBN
1697,3847.I1M6V9,I1M6V9,I1M6V9_SOYBN
1698,3847.I1M6X1,I1M6X1,I1M6X1_SOYBN
1699,3847.I1M6Y0,I1M6Y0,I1M6Y0_SOYBN
1700,3847.I1M718,I1M718,I1M718_SOYBN
1701,3847.I1M732,I1M732,GMRLK2
1702,3847.I1M792,I1M792,I1M792_SOYBN
1703,3847.I1M7S2,I1M7S2,I1M7S2_SOYBN
1704,3847.I1M7V3,I1M7V3,I1M7V3_SOYBN
1705,3847.I1M867,I1M867,I1M867_SOYBN
1706,3847.I1M871,I1M871,I1M871_SOYBN
1707,3847.I1M8B6,I1M8B6,I1M8B6_SOYBN
1708,3847.I1M8P9,I1M8P9,I1M8P9_SOYBN
1709,3847.I1M8T1,I1M8T1,STF-3
1710,3847.I1M8W6,I1M8W6,I1M8W6_SOYBN
1711,3847.I1M8Y1,I1M8Y1,I1M8Y1_SOYBN
1712,3847.I1M989,I1M989,I1M989_SOYBN
1713,3847.I1M995,I1M995,I1M995_SOYBN
1714,3847.I1M997,I1M997,I1M997_SOYBN
1715,3847.I1M9F6,I1M9F6,I1M9F6_SOYBN
1716,3847.I1M9F9,I1M9F9,I1M9F9_SOYBN
1717,3847.I1M9T5,I1M9T5,WRKY31
1718,3847.I1M9V5,I1M9V5,I1M9V5_SOYBN
1719,3847.I1MA08,I1MA08,I1MA08_SOYBN
1720,3847.I1MAD8,I1MAD8,I1MAD8_SOYBN
1721,3847.I1MAH3,I1MAH3,I1MAH3_SOYBN
1722,3847.I1MAJ6,I1MAJ6,I1MAJ6_SOYBN
1723,3847.I1MAM7,I1MAM7,I1MAM7_SOYBN
1724,3847.I1MAS1,I1MAS1,I1MAS1_SOYBN
1725,3847.I1MAT2,I1MAT2,I1MAT2_SOYBN
1726,3847.I1MAT3,I1MAT3,I1MAT3_SOYBN
1727,3847.I1MAW2,I1MAW2,I1MAW2_SOYBN
1728,3847.I1MB04,I1MB04,I1MB04_SOYBN
1729,3847.I1MB28,I1MB28,I1MB28_SOYBN
1730,3847.I1MB56,I1MB56,I1MB56_SOYBN
1731,3847.I1MB83,I1MB83,I1MB83_SOYBN
1732,3847.I1MBG9,I1MBG9,GMWRP1
1733,3847.I1MBL7,I1MBL7,I1MBL7_SOYBN
1734,3847.I1MBM1,I1MBM1,I1MBM1_SOYBN
1735,3847.I1MBM2,I1MBM2,I1MBM2_SOYBN
1736,3847.I1MBR6,I1MBR6,MYB177
1737,3847.I1MBS6,I1MBS6,I1MBS6_SOYBN
1738,3847.I1MBV8,I1MBV8,I1MBV8_SOYBN
1739,3847.I1MC87,I1MC87,I1MC87_SOYBN
1740,3847.I1MCA9,I1MCA9,GMWRKY27
1741,3847.I1MCB7,I1MCB7,I1MCB7_SOYBN
1742,3847.I1MCC4,I1MCC4,I1MCC4_SOYBN
1743,3847.I1MCE9,I1MCE9,I1MCE9_SOYBN
1744,3847.I1MCG4,I1MCG4,I1MCG4_SOYBN
1745,3847.I1MCJ7,I1MCJ7,I1MCJ7_SOYBN
1746,3847.I1MCJ9,I1MCJ9,I1MCJ9_SOYBN
1747,3847.I1MCN1,I1MCN1,I1MCN1_SOYBN
1748,3847.I1MCP5,I1MCP5,I1MCP5_SOYBN
1749,3847.I1MCS0,I1MCS0,I1MCS0_SOYBN
1750,3847.I1MCT5,I1MCT5,I1MCT5_SOYBN
1751,3847.I1MCU3,I1MCU3,I1MCU3_SOYBN
1752,3847.I1MCZ2,I1MCZ2,I1MCZ2_SOYBN
1753,3847.I1MD04,I1MD04,I1MD04_SOYBN
1754,3847.I1MDB1,I1MDB1,I1MDB1_SOYBN
1755,3847.I1MDR4,I1MDR4,I1MDR4_SOYBN
1756,3847.I1MDX9,I1MDX9,I1MDX9_SOYBN
1757,3847.I1ME12,I1ME12,I1ME12_SOYBN
1758,3847.I1ME41,I1ME41,I1ME41_SOYBN
1759,3847.I1ME58,I1ME58,I1ME58_SOYBN
1760,3847.I1ME60,I1ME60,I1ME60_SOYBN
1761,3847.I1ME78,I1ME78,I1ME78_SOYBN
1762,3847.I1MEG0,I1MEG0,I1MEG0_SOYBN
1763,3847.I1MEL8,I1MEL8,I1MEL8_SOYBN
1764,3847.I1MEL9,I1MEL9,I1MEL9_SOYBN
1765,3847.I1MEN3,I1MEN3,I1MEN3_SOYBN
1766,3847.I1MEP0,I1MEP0,I1MEP0_SOYBN
1767,3847.I1MET0,I1MET0,I1MET0_SOYBN
1768,3847.I1MET8,I1MET8,I1MET8_SOYBN
1769,3847.I1MEU1,I1MEU1,I1MEU1_SOYBN
1770,3847.I1MEV2,I1MEV2,I1MEV2_SOYBN
1771,3847.I1MF89,I1MF89,I1MF89_SOYBN
1772,3847.I1MFE4,I1MFE4,I1MFE4_SOYBN
1773,3847.I1MFG0,I1MFG0,I1MFG0_SOYBN
1774,3847.I1MFL9,I1MFL9,I1MFL9_SOYBN
1775,3847.I1MFV7,I1MFV7,GMPHR25
1776,3847.I1MG10,I1MG10,I1MG10_SOYBN
1777,3847.I1MG96,I1MG96,I1MG96_SOYBN
1778,3847.I1MGG9,I1MGG9,I1MGG9_SOYBN
1779,3847.I1MGL5,I1MGL5,I1MGL5_SOYBN
1780,3847.I1MGL9,I1MGL9,I1MGL9_SOYBN
1781,3847.I1MGP4,I1MGP4,I1MGP4_SOYBN
1782,3847.I1MGT0,I1MGT0,I1MGT0_SOYBN
1783,3847.I1MGW5,I1MGW5,I1MGW5_SOYBN
1784,3847.I1MGW6,I1MGW6,I1MGW6_SOYBN
1785,3847.I1MGY1,I1MGY1,I1MGY1_SOYBN
1786,3847.I1MGY8,I1MGY8,I1MGY8_SOYBN
1787,3847.I1MH41,I1MH41,I1MH41_SOYBN
1788,3847.I1MH56,I1MH56,WRKY42
1789,3847.I1MHN1,I1MHN1,I1MHN1_SOYBN
1790,3847.I1MHN9,I1MHN9,I1MHN9_SOYBN
1791,3847.I1MHX0,I1MHX0,I1MHX0_SOYBN
1792,3847.I1MI06,I1MI06,I1MI06_SOYBN
1793,3847.I1MI08,I1MI08,I1MI08_SOYBN
1794,3847.I1MI11,I1MI11,I1MI11_SOYBN
1795,3847.I1MI78,I1MI78,I1MI78_SOYBN
1796,3847.I1MI86,I1MI86,GMPHR26
1797,3847.I1MI88,I1MI88,I1MI88_SOYBN
1798,3847.I1MIE1,I1MIE1,I1MIE1_SOYBN
1799,3847.I1MIG9,I1MIG9,I1MIG9_SOYBN
1800,3847.I1MJ34,I1MJ34,GSTa
1801,3847.I1MJ37,I1MJ37,I1MJ37_SOYBN
1802,3847.I1MJ41,I1MJ41,I1MJ41_SOYBN
1803,3847.I1MJ49,I1MJ49,I1MJ49_SOYBN
1804,3847.I1MJG6,I1MJG6,I1MJG6_SOYBN
1805,3847.I1MK12,I1MK12,I1MK12_SOYBN
1806,3847.I1MKB1,I1MKB1,LCL1
1807,3847.I1MKE2,I1MKE2,I1MKE2_SOYBN
1808,3847.I1MKI1,I1MKI1,I1MKI1_SOYBN
1809,3847.I1MKL2,I1MKL2,WRKY60
1810,3847.I1MKN5,I1MKN5,GBF2
1811,3847.I1MKR8,I1MKR8,I1MKR8_SOYBN
1812,3847.I1MKS3,I1MKS3,I1MKS3_SOYBN
1813,3847.I1MKS4,I1MKS4,I1MKS4_SOYBN
1814,3847.I1MKS9,I1MKS9,MPK4A
1815,3847.I1MKV1,I1MKV1,I1MKV1_SOYBN
1816,3847.I1ML54,I1ML54,I1ML54_SOYBN
1817,3847.I1ML92,I1ML92,I1ML92_SOYBN
1818,3847.I1ML94,I1ML94,I1ML94_SOYBN
1819,3847.I1MLC5,I1MLC5,COL16
1820,3847.I1MLJ1,I1MLJ1,I1MLJ1_SOYBN
1821,3847.I1MLT0,I1MLT0,I1MLT0_SOYBN
1822,3847.I1MM19,I1MM19,I1MM19_SOYBN
1823,3847.I1MM20,I1MM20,I1MM20_SOYBN
1824,3847.I1MM86,I1MM86,I1MM86_SOYBN
1825,3847.I1MMJ8,I1MMJ8,I1MMJ8_SOYBN
1826,3847.I1MML9,I1MML9,I1MML9_SOYBN
1827,3847.I1MMR4,I1MMR4,I1MMR4_SOYBN
1828,3847.I1MMS6,I1MMS6,I1MMS6_SOYBN
1829,3847.I1MMS9,I1MMS9,I1MMS9_SOYBN
1830,3847.I1MMT5,I1MMT5,I1MMT5_SOYBN
1831,3847.I1MN79,I1MN79,I1MN79_SOYBN
1832,3847.I1MNF1,I1MNF1,I1MNF1_SOYBN
1833,3847.I1MNH3,I1MNH3,I1MNH3_SOYBN
1834,3847.I1MNP1,I1MNP1,I1MNP1_SOYBN
1835,3847.I1MNQ2,I1MNQ2,I1MNQ2_SOYBN
1836,3847.I1MNR1,I1MNR1,I1MNR1_SOYBN
1837,3847.I1MNV3,I1MNV3,I1MNV3_SOYBN
1838,3847.I1MNZ4,I1MNZ4,I1MNZ4_SOYBN
1839,3847.I1MP48,I1MP48,I1MP48_SOYBN
1840,3847.I1MPL7,I1MPL7,I1MPL7_SOYBN
1841,3847.I1MQ54,I1MQ54,I1MQ54_SOYBN
1842,3847.I1MQ59,I1MQ59,I1MQ59_SOYBN
1843,3847.I1MQB2,I1MQB2,I1MQB2_SOYBN
1844,3847.I1MQJ9,I1MQJ9,I1MQJ9_SOYBN
1845,3847.I1MQL7,I1MQL7,I1MQL7_SOYBN
1846,3847.I1MQN0,I1MQN0,I1MQN0_SOYBN
1847,3847.I1MQT0,I1MQT0,I1MQT0_SOYBN
1848,3847.I1MQX3,I1MQX3,I1MQX3_SOYBN
1849,3847.I1MR19,I1MR19,I1MR19_SOYBN
1850,3847.I1MRI4,I1MRI4,I1MRI4_SOYBN
1851,3847.I1MRJ3,I1MRJ3,I1MRJ3_SOYBN
1852,3847.I1MRS9,I1MRS9,I1MRS9_SOYBN
1853,3847.I1MRW9,I1MRW9,I1MRW9_SOYBN
1854,3847.I1MRX0,I1MRX0,I1MRX0_SOYBN
1855,3847.I1MRY5,I1MRY5,I1MRY5_SOYBN
1856,3847.I1MS01,I1MS01,I1MS01_SOYBN
1857,3847.I1MSD7,I1MSD7,I1MSD7_SOYBN
1858,3847.I1MSF4,I1MSF4,I1MSF4_SOYBN
1859,3847.I1MSJ3,I1MSJ3,I1MSJ3_SOYBN
1860,3847.I1MSK8,I1MSK8,I1MSK8_SOYBN
1861,3847.I1MSU0,I1MSU0,I1MSU0_SOYBN
1862,3847.I1MSU2,I1MSU2,I1MSU2_SOYBN
1863,3847.I1MSU6,I1MSU6,I1MSU6_SOYBN
1864,3847.I1MSY7,I1MSY7,I1MSY7_SOYBN
1865,3847.I1MT01,I1MT01,I1MT01_SOYBN
1866,3847.I1MT21,I1MT21,I1MT21_SOYBN
1867,3847.I1MT39,I1MT39,I1MT39_SOYBN
1868,3847.I1MT98,I1MT98,I1MT98_SOYBN
1869,3847.I1MTJ2,I1MTJ2,I1MTJ2_SOYBN
1870,3847.I1MTN2,I1MTN2,I1MTN2_SOYBN
1871,3847.I1MTS7,I1MTS7,I1MTS7_SOYBN
1872,3847.I1MTX3,I1MTX3,I1MTX3_SOYBN
1873,3847.I1MTY4,I1MTY4,I1MTY4_SOYBN
1874,3847.I1MU62,I1MU62,I1MU62_SOYBN
1875,3847.I1MU89,I1MU89,I1MU89_SOYBN
1876,3847.I1MUC4,I1MUC4,GSRLCK
1877,3847.I1MUC8,I1MUC8,I1MUC8_SOYBN
1878,3847.I1MUE5,I1MUE5,I1MUE5_SOYBN
1879,3847.I1MUF9,I1MUF9,MYB109-2
1880,3847.I1MUH9,I1MUH9,I1MUH9_SOYBN
1881,3847.I1MUR6,I1MUR6,I1MUR6_SOYBN
1882,3847.I1MUZ7,I1MUZ7,I1MUZ7_SOYBN
1883,3847.I1MV52,I1MV52,I1MV52_SOYBN
1884,3847.I1MV84,I1MV84,I1MV84_SOYBN
1885,3847.I1MV98,I1MV98,I1MV98_SOYBN
1886,3847.I1MVF8,I1MVF8,I1MVF8_SOYBN
1887,3847.I1MVF9,I1MVF9,I1MVF9_SOYBN
1888,3847.I1MVI7,I1MVI7,I1MVI7_SOYBN
1889,3847.I1MVM6,I1MVM6,I1MVM6_SOYBN
1890,3847.I1MVP2,I1MVP2,I1MVP2_SOYBN
1891,3847.I1MVU7,I1MVU7,I1MVU7_SOYBN
1892,3847.I1MVX1,I1MVX1,I1MVX1_SOYBN
1893,3847.I1MW04,I1MW04,I1MW04_SOYBN
1894,3847.I1MWA9,I1MWA9,I1MWA9_SOYBN
1895,3847.I1MWS0,I1MWS0,I1MWS0_SOYBN
1896,3847.I1MWS6,I1MWS6,I1MWS6_SOYBN
1897,3847.I1MWX5,I1MWX5,I1MWX5_SOYBN
1898,3847.I1MX45,I1MX45,WRKY63
1899,3847.I1MX53,I1MX53,I1MX53_SOYBN
1900,3847.I1MX54,I1MX54,I1MX54_SOYBN
1901,3847.I1MX81,I1MX81,I1MX81_SOYBN
1902,3847.I1MXL2,I1MXL2,I1MXL2_SOYBN
1903,3847.I1MXM4,I1MXM4,I1MXM4_SOYBN
1904,3847.I1MY68,I1MY68,I1MY68_SOYBN
1905,3847.I1MYC2,I1MYC2,I1MYC2_SOYBN
1906,3847.I1MYR2,I1MYR2,I1MYR2_SOYBN
1907,3847.I1MYT3,I1MYT3,I1MYT3_SOYBN
1908,3847.I1MZ11,I1MZ11,I1MZ11_SOYBN
1909,3847.I1MZC7,I1MZC7,I1MZC7_SOYBN
1910,3847.I1MZD5,I1MZD5,I1MZD5_SOYBN
1911,3847.I1MZG4,I1MZG4,I1MZG4_SOYBN
1912,3847.I1MZI3,I1MZI3,I1MZI3_SOYBN
1913,3847.I1MZN5,I1MZN5,I1MZN5_SOYBN
1914,3847.I1MZR9,I1MZR9,I1MZR9_SOYBN
1915,3847.I1MZS1,I1MZS1,I1MZS1_SOYBN
1916,3847.I1MZS7,I1MZS7,I1MZS7_SOYBN
1917,3847.I1N008,I1N008,I1N008_SOYBN
1918,3847.I1N087,I1N087,I1N087_SOYBN
1919,3847.I1N0J5,I1N0J5,I1N0J5_SOYBN
1920,3847.I1N0K0,I1N0K0,I1N0K0_SOYBN
1921,3847.I1N0K2,I1N0K2,I1N0K2_SOYBN
1922,3847.I1N104,I1N104,GSTF13
1923,3847.I1N170,I1N170,I1N170_SOYBN
1924,3847.I1N1P2,I1N1P2,I1N1P2_SOYBN
1925,3847.I1N1U6,I1N1U6,I1N1U6_SOYBN
1926,3847.I1N1Y2,I1N1Y2,I1N1Y2_SOYBN
1927,3847.I1N204,I1N204,I1N204_SOYBN
1928,3847.I1N2D6,I1N2D6,I1N2D6_SOYBN
1929,3847.I1N2P4,I1N2P4,GSTU58
1930,3847.I1N2P6,I1N2P6,GSTU60
1931,3847.I1N321,I1N321,I1N321_SOYBN
1932,3847.I1N370,I1N370,I1N370_SOYBN
1933,3847.I1N377,I1N377,GMS6K1B
1934,3847.I1N3B5,I1N3B5,I1N3B5_SOYBN
1935,3847.I1N3E0,I1N3E0,I1N3E0_SOYBN
1936,3847.I1N3F6,I1N3F6,I1N3F6_SOYBN
1937,3847.I1N3I7,I1N3I7,I1N3I7_SOYBN
1938,3847.I1N3K9,I1N3K9,I1N3K9_SOYBN
1939,3847.I1N3N2,I1N3N2,I1N3N2_SOYBN
1940,3847.I1N3U0,I1N3U0,I1N3U0_SOYBN
1941,3847.I1N3U2,I1N3U2,I1N3U2_SOYBN
1942,3847.I1N3V5,I1N3V5,WRKY64
1943,3847.I1N409,I1N409,I1N409_SOYBN
1944,3847.I1N437,I1N437,I1N437_SOYBN
1945,3847.I1N4K6,I1N4K6,I1N4K6_SOYBN
1946,3847.I1N4Y2,I1N4Y2,I1N4Y2_SOYBN
1947,3847.I1N512,I1N512,I1N512_SOYBN
1948,3847.I1N587,I1N587,I1N587_SOYBN
1949,3847.I1N5H2,I1N5H2,ARF
1950,3847.I1N654,I1N654,I1N654_SOYBN
1951,3847.I1N6C1,I1N6C1,I1N6C1_SOYBN
1952,3847.I1N6G8,I1N6G8,I1N6G8_SOYBN
1953,3847.I1N6I8,I1N6I8,COL13
1954,3847.I1N6J0,I1N6J0,I1N6J0_SOYBN
1955,3847.I1N6Z2,I1N6Z2,I1N6Z2_SOYBN
1956,3847.I1N6Z6,I1N6Z6,I1N6Z6_SOYBN
1957,3847.I1N7A3,I1N7A3,I1N7A3_SOYBN
1958,3847.I1N7B0,I1N7B0,BZIP119
1959,3847.I1N7X2,I1N7X2,I1N7X2_SOYBN
1960,3847.I1N7Y1,I1N7Y1,COL17
1961,3847.I1N828,I1N828,I1N828_SOYBN
1962,3847.I1N899,I1N899,I1N899_SOYBN
1963,3847.I1N8J6,I1N8J6,GMPHR30
1964,3847.I1N8N9,I1N8N9,I1N8N9_SOYBN
1965,3847.I1N8Q5,I1N8Q5,I1N8Q5_SOYBN
1966,3847.I1N8Q6,I1N8Q6,I1N8Q6_SOYBN
1967,3847.I1N8Z8,I1N8Z8,I1N8Z8_SOYBN
1968,3847.I1N929,I1N929,I1N929_SOYBN
1969,3847.I1N944,I1N944,PTF1
1970,3847.I1N948,I1N948,I1N948_SOYBN
1971,3847.I1N974,I1N974,GMPHR31
1972,3847.I1N9B1,I1N9B1,I1N9B1_SOYBN
1973,3847.I1N9D7,I1N9D7,I1N9D7_SOYBN
1974,3847.I1N9G7,I1N9G7,I1N9G7_SOYBN
1975,3847.I1N9L8,I1N9L8,I1N9L8_SOYBN
1976,3847.I1N9Q1,I1N9Q1,I1N9Q1_SOYBN
1977,3847.I1N9S4,I1N9S4,I1N9S4_SOYBN
1978,3847.I1N9T9,I1N9T9,GMPHR32
1979,3847.I1N9V6,I1N9V6,I1N9V6_SOYBN
1980,3847.I1N9W1,I1N9W1,I1N9W1_SOYBN
1981,3847.I1N9X9,I1N9X9,I1N9X9_SOYBN
1982,3847.I1NA42,I1NA42,I1NA42_SOYBN
1983,3847.I1NA43,I1NA43,I1NA43_SOYBN
1984,3847.I1NA52,I1NA52,I1NA52_SOYBN
1985,3847.I1NA89,I1NA89,I1NA89_SOYBN
1986,3847.I1NAF6,I1NAF6,I1NAF6_SOYBN
1987,3847.I1NAK0,I1NAK0,I1NAK0_SOYBN
1988,3847.I1NAP9,I1NAP9,I1NAP9_SOYBN
1989,3847.I1NB97,I1NB97,I1NB97_SOYBN
1990,3847.I1NBE0,I1NBE0,I1NBE0_SOYBN
1991,3847.I1NBI8,I1NBI8,I1NBI8_SOYBN
1992,3847.I1NBJ2,I1NBJ2,PIF3
1993,3847.I1NBN8,I1NBN8,I1NBN8_SOYBN
1994,3847.I1NC98,I1NC98,I1NC98_SOYBN
1995,3847.I1NCI1,I1NCI1,I1NCI1_SOYBN
1996,3847.I1NCK2,I1NCK2,I1NCK2_SOYBN
1997,3847.I1NCM8,I1NCM8,I1NCM8_SOYBN
1998,3847.I1NCV3,I1NCV3,I1NCV3_SOYBN
1999,3847.I1NCW2,I1NCW2,I1NCW2_SOYBN
2000,3847.I1NCY1,I1NCY1,I1NCY1_SOYBN
2001,3847.I1ND33,I1ND33,I1ND33_SOYBN
2002,3847.I1ND35,I1ND35,I1ND35_SOYBN
2003,3847.I1NE78,I1NE78,I1NE78_SOYBN
2004,3847.I1NE79,I1NE79,I1NE79_SOYBN
2005,3847.I1NEC9,I1NEC9,I1NEC9_SOYBN
2006,3847.I1NEH3,I1NEH3,I1NEH3_SOYBN
2007,3847.I1NEI5,I1NEI5,I1NEI5_SOYBN
2008,3847.I1NER6,I1NER6,I1NER6_SOYBN
2009,3847.I1NET4,I1NET4,I1NET4_SOYBN
2010,3847.I1NEV7,I1NEV7,I1NEV7_SOYBN
2011,3847.I1NEY4,I1NEY4,I1NEY4_SOYBN
2012,3847.I1NF36,I1NF36,GSTU62
2013,3847.I1NF52,I1NF52,I1NF52_SOYBN
2014,3847.I1NFA5,I1NFA5,I1NFA5_SOYBN
2015,3847.I1NFB9,I1NFB9,I1NFB9_SOYBN
2016,3847.I1NFI5,I1NFI5,I1NFI5_SOYBN
2017,3847.I1NFP5,I1NFP5,I1NFP5_SOYBN
2018,3847.I1NFY5,I1NFY5,I1NFY5_SOYBN
2019,3847.I1NG21,I1NG21,I1NG21_SOYBN
2020,3847.I1NGC7,I1NGC7,I1NGC7_SOYBN
2021,3847.I1NGL5,I1NGL5,I1NGL5_SOYBN
2022,3847.I1NGM6,I1NGM6,I1NGM6_SOYBN
2023,3847.I1NGM8,I1NGM8,I1NGM8_SOYBN
2024,3847.I1NGP6,I1NGP6,I1NGP6_SOYBN
2025,3847.I1NGP8,I1NGP8,I1NGP8_SOYBN
2026,3847.I1NGY6,I1NGY6,I1NGY6_SOYBN
2027,3847.I1NH60,I1NH60,I1NH60_SOYBN
2028,3847.I1NH81,I1NH81,I1NH81_SOYBN
2029,3847.I1NHA0,I1NHA0,I1NHA0_SOYBN
2030,3847.I1NHG2,I1NHG2,I1NHG2_SOYBN
2031,3847.I1NHJ5,I1NHJ5,I1NHJ5_SOYBN
2032,3847.I1NHL8,I1NHL8,I1NHL8_SOYBN
2033,3847.I1NHU2,I1NHU2,I1NHU2_SOYBN
2034,3847.I1NHW3,I1NHW3,I1NHW3_SOYBN
2035,3847.I1NI27,I1NI27,I1NI27_SOYBN
2036,3847.I1NI28,I1NI28,I1NI28_SOYBN
2037,3847.I1NI29,I1NI29,I1NI29_SOYBN
2038,3847.I1NI73,I1NI73,I1NI73_SOYBN
2039,3847.I1NI88,I1NI88,I1NI88_SOYBN
2040,3847.I1NIA9,I1NIA9,I1NIA9_SOYBN
2041,3847.I1NIB4,I1NIB4,I1NIB4_SOYBN
2042,3847.I1NIB5,I1NIB5,I1NIB5_SOYBN
2043,3847.I1NIB7,I1NIB7,I1NIB7_SOYBN
2044,3847.I1NID5,I1NID5,I1NID5_SOYBN
2045,3847.I1NID6,I1NID6,I1NID6_SOYBN
2046,3847.I1NID7,I1NID7,I1NID7_SOYBN
2047,3847.I1NIE2,I1NIE2,I1NIE2_SOYBN
2048,3847.I1NIF5,I1NIF5,I1NIF5_SOYBN
2049,3847.I1NIQ5,I1NIQ5,I1NIQ5_SOYBN
2050,3847.I1NIS2,I1NIS2,I1NIS2_SOYBN
2051,3847.I1NIS5,I1NIS5,I1NIS5_SOYBN
2052,3847.I1NIV2,I1NIV2,I1NIV2_SOYBN
2053,3847.I1NIX1,I1NIX1,I1NIX1_SOYBN
2054,3847.I1NJ52,I1NJ52,I1NJ52_SOYBN
2055,3847.I1NJ59,I1NJ59,DHAR4
2056,3847.I1NJB7,I1NJB7,I1NJB7_SOYBN
2057,3847.I1NJB8,I1NJB8,I1NJB8_SOYBN
2058,3847.I1NJC0,I1NJC0,I1NJC0_SOYBN
2059,3847.I1NJD6,I1NJD6,I1NJD6_SOYBN
2060,3847.I1NJF3,I1NJF3,I1NJF3_SOYBN
2061,3847.I1NJF9,I1NJF9,I1NJF9_SOYBN
2062,3847.I7BF82,I7BF82,I7BF82_SOYBN
2063,3847.K7K0Q7,K7K0Q7,K7K0Q7_SOYBN
2064,3847.K7K0S8,K7K0S8,GLYMA_U037800
2065,3847.K7K149,K7K149,K7K149_SOYBN
2066,3847.K7K152,K7K152,RDR3
2067,3847.K7K1C2,K7K1C2,GMSYMRK-ALPHA
2068,3847.K7K1E8,K7K1E8,K7K1E8_SOYBN
2069,3847.K7K1J9,K7K1J9,K7K1J9_SOYBN
2070,3847.K7K1V4,K7K1V4,GMPHR2
2071,3847.K7K265,K7K265,K7K265_SOYBN
2072,3847.K7K2A4,K7K2A4,K7K2A4_SOYBN
2073,3847.K7K2A6,K7K2A6,K7K2A6_SOYBN
2074,3847.K7K2M2,K7K2M2,K7K2M2_SOYBN
2075,3847.K7K2S1,K7K2S1,K7K2S1_SOYBN
2076,3847.K7K2Z5,K7K2Z5,K7K2Z5_SOYBN
2077,3847.K7K3A2,K7K3A2,K7K3A2_SOYBN
2078,3847.K7K3F3,K7K3F3,K7K3F3_SOYBN
2079,3847.K7K3F7,K7K3F7,K7K3F7_SOYBN
2080,3847.K7K3L6,K7K3L6,K7K3L6_SOYBN
2081,3847.K7K3M7,K7K3M7,K7K3M7_SOYBN
2082,3847.K7K3V4,K7K3V4,K7K3V4_SOYBN
2083,3847.K7K3X3,K7K3X3,K7K3X3_SOYBN
2084,3847.K7K3Z3,K7K3Z3,K7K3Z3_SOYBN
2085,3847.K7K432,K7K432,K7K432_SOYBN
2086,3847.K7K4A0,K7K4A0,K7K4A0_SOYBN
2087,3847.K7K4L8,K7K4L8,K7K4L8_SOYBN
2088,3847.K7K4M4,K7K4M4,K7K4M4_SOYBN
2089,3847.K7K4S9,K7K4S9,K7K4S9_SOYBN
2090,3847.K7K4T0,K7K4T0,K7K4T0_SOYBN
2091,3847.K7K4T1,K7K4T1,K7K4T1_SOYBN
2092,3847.K7K4T3,K7K4T3,K7K4T3_SOYBN
2093,3847.K7K4T4,K7K4T4,K7K4T4_SOYBN
2094,3847.K7K594,K7K594,K7K594_SOYBN
2095,3847.K7K5E7,K7K5E7,K7K5E7_SOYBN
2096,3847.K7K5F0,K7K5F0,K7K5F0_SOYBN
2097,3847.K7K5T8,K7K5T8,K7K5T8_SOYBN
2098,3847.K7K5U2,K7K5U2,K7K5U2_SOYBN
2099,3847.K7K5Z5,K7K5Z5,K7K5Z5_SOYBN
2100,3847.K7K626,K7K626,K7K626_SOYBN
2101,3847.K7K627,K7K627,K7K627_SOYBN
2102,3847.K7K6B8,K7K6B8,ESR1
2103,3847.K7K6D4,K7K6D4,K7K6D4_SOYBN
2104,3847.K7K6E0,K7K6E0,K7K6E0_SOYBN
2105,3847.K7K6F7,K7K6F7,K7K6F7_SOYBN
2106,3847.K7K6I9,K7K6I9,K7K6I9_SOYBN
2107,3847.K7K6K8,K7K6K8,K7K6K8_SOYBN
2108,3847.K7K6Z0,K7K6Z0,K7K6Z0_SOYBN
2109,3847.K7K715,K7K715,K7K715_SOYBN
2110,3847.K7K760,K7K760,K7K760_SOYBN
2111,3847.K7K7G7,K7K7G7,K7K7G7_SOYBN
2112,3847.K7K7J0,K7K7J0,GMZOU-1
2113,3847.K7K7W0,K7K7W0,K7K7W0_SOYBN
2114,3847.K7K803,K7K803,K7K803_SOYBN
2115,3847.K7K812,K7K812,K7K812_SOYBN
2116,3847.K7K850,K7K850,K7K850_SOYBN
2117,3847.K7K8E7,K7K8E7,K7K8E7_SOYBN
2118,3847.K7K8F0,K7K8F0,K7K8F0_SOYBN
2119,3847.K7K8S9,K7K8S9,K7K8S9_SOYBN
2120,3847.K7K8V3,K7K8V3,K7K8V3_SOYBN
2121,3847.K7K904,K7K904,K7K904_SOYBN
2122,3847.K7K948,K7K948,K7K948_SOYBN
2123,3847.K7K9A9,K7K9A9,K7K9A9_SOYBN
2124,3847.K7K9L3,K7K9L3,K7K9L3_SOYBN
2125,3847.K7K9R3,K7K9R3,K7K9R3_SOYBN
2126,3847.K7K9V8,K7K9V8,K7K9V8_SOYBN
2127,3847.K7KA73,K7KA73,K7KA73_SOYBN
2128,3847.K7KAP2,K7KAP2,K7KAP2_SOYBN
2129,3847.K7KAX0,K7KAX0,GMSGR
2130,3847.K7KBA0,K7KBA0,K7KBA0_SOYBN
2131,3847.K7KBA9,K7KBA9,K7KBA9_SOYBN
2132,3847.K7KBB0,K7KBB0,K7KBB0_SOYBN
2133,3847.K7KBC5,K7KBC5,K7KBC5_SOYBN
2134,3847.K7KBW2,K7KBW2,K7KBW2_SOYBN
2135,3847.K7KBW3,K7KBW3,K7KBW3_SOYBN
2136,3847.K7KBW4,K7KBW4,GMPHR7
2137,3847.K7KC89,K7KC89,K7KC89_SOYBN
2138,3847.K7KCD6,K7KCD6,K7KCD6_SOYBN
2139,3847.K7KCP4,K7KCP4,K7KCP4_SOYBN
2140,3847.K7KCX4,K7KCX4,K7KCX4_SOYBN
2141,3847.K7KCY9,K7KCY9,K7KCY9_SOYBN
2142,3847.K7KCZ5,K7KCZ5,K7KCZ5_SOYBN
2143,3847.K7KD19,K7KD19,K7KD19_SOYBN
2144,3847.K7KD37,K7KD37,K7KD37_SOYBN
2145,3847.K7KDA7,K7KDA7,K7KDA7_SOYBN
2146,3847.K7KDF6,K7KDF6,K7KDF6_SOYBN
2147,3847.K7KDM7,K7KDM7,K7KDM7_SOYBN
2148,3847.K7KDQ9,K7KDQ9,K7KDQ9_SOYBN
2149,3847.K7KDU9,K7KDU9,K7KDU9_SOYBN
2150,3847.K7KE10,K7KE10,K7KE10_SOYBN
2151,3847.K7KE84,K7KE84,K7KE84_SOYBN
2152,3847.K7KE92,K7KE92,K7KE92_SOYBN
2153,3847.K7KED7,K7KED7,K7KED7_SOYBN
2154,3847.K7KED9,K7KED9,K7KED9_SOYBN
2155,3847.K7KEM0,K7KEM0,K7KEM0_SOYBN
2156,3847.K7KEQ9,K7KEQ9,K7KEQ9_SOYBN
2157,3847.K7KEZ4,K7KEZ4,K7KEZ4_SOYBN
2158,3847.K7KF51,K7KF51,K7KF51_SOYBN
2159,3847.K7KF59,K7KF59,K7KF59_SOYBN
2160,3847.K7KFE0,K7KFE0,K7KFE0_SOYBN
2161,3847.K7KFF0,K7KFF0,K7KFF0_SOYBN
2162,3847.K7KFL5,K7KFL5,K7KFL5_SOYBN
2163,3847.K7KFM1,K7KFM1,K7KFM1_SOYBN
2164,3847.K7KGC4,K7KGC4,K7KGC4_SOYBN
2165,3847.K7KGD1,K7KGD1,K7KGD1_SOYBN
2166,3847.K7KGH2,K7KGH2,K7KGH2_SOYBN
2167,3847.K7KGP3,K7KGP3,K7KGP3_SOYBN
2168,3847.K7KGQ8,K7KGQ8,K7KGQ8_SOYBN
2169,3847.K7KGR4,K7KGR4,K7KGR4_SOYBN
2170,3847.K7KGY4,K7KGY4,GMPHR10
2171,3847.K7KH36,K7KH36,K7KH36_SOYBN
2172,3847.K7KH41,K7KH41,K7KH41_SOYBN
2173,3847.K7KHM3,K7KHM3,K7KHM3_SOYBN
2174,3847.K7KHS5,K7KHS5,K7KHS5_SOYBN
2175,3847.K7KHT1,K7KHT1,K7KHT1_SOYBN
2176,3847.K7KHU1,K7KHU1,K7KHU1_SOYBN
2177,3847.K7KI04,K7KI04,K7KI04_SOYBN
2178,3847.K7KI07,K7KI07,K7KI07_SOYBN
2179,3847.K7KI11,K7KI11,K7KI11_SOYBN
2180,3847.K7KI25,K7KI25,K7KI25_SOYBN
2181,3847.K7KI45,K7KI45,K7KI45_SOYBN
2182,3847.K7KIA4,K7KIA4,K7KIA4_SOYBN
2183,3847.K7KIC1,K7KIC1,K7KIC1_SOYBN
2184,3847.K7KIE6,K7KIE6,K7KIE6_SOYBN
2185,3847.K7KIG2,K7KIG2,K7KIG2_SOYBN
2186,3847.K7KIJ3,K7KIJ3,K7KIJ3_SOYBN
2187,3847.K7KIL7,K7KIL7,K7KIL7_SOYBN
2188,3847.K7KJ55,K7KJ55,K7KJ55_SOYBN
2189,3847.K7KKR2,K7KKR2,K7KKR2_SOYBN
2190,3847.K7KL53,K7KL53,K7KL53_SOYBN
2191,3847.K7KLD7,K7KLD7,K7KLD7_SOYBN
2192,3847.K7KLH5,K7KLH5,K7KLH5_SOYBN
2193,3847.K7KLK9,K7KLK9,WRKY45
2194,3847.K7KLN8,K7KLN8,K7KLN8_SOYBN
2195,3847.K7KLZ5,K7KLZ5,K7KLZ5_SOYBN
2196,3847.K7KM79,K7KM79,AP2-6
2197,3847.K7KMJ8,K7KMJ8,K7KMJ8_SOYBN
2198,3847.K7KMP7,K7KMP7,K7KMP7_SOYBN
2199,3847.K7KMY2,K7KMY2,K7KMY2_SOYBN
2200,3847.K7KNA1,K7KNA1,K7KNA1_SOYBN
2201,3847.K7KP30,K7KP30,K7KP30_SOYBN
2202,3847.K7KPK5,K7KPK5,K7KPK5_SOYBN
2203,3847.K7KPK7,K7KPK7,K7KPK7_SOYBN
2204,3847.K7KPS2,K7KPS2,K7KPS2_SOYBN
2205,3847.K7KPU9,K7KPU9,K7KPU9_SOYBN
2206,3847.K7KPV8,K7KPV8,K7KPV8_SOYBN
2207,3847.K7KQG6,K7KQG6,K7KQG6_SOYBN
2208,3847.K7KQH9,K7KQH9,K7KQH9_SOYBN
2209,3847.K7KQI5,K7KQI5,K7KQI5_SOYBN
2210,3847.K7KQK4,K7KQK4,K7KQK4_SOYBN
2211,3847.K7KQX3,K7KQX3,K7KQX3_SOYBN
2212,3847.K7KR56,K7KR56,K7KR56_SOYBN
2213,3847.K7KRQ7,K7KRQ7,K7KRQ7_SOYBN
2214,3847.K7KRZ9,K7KRZ9,K7KRZ9_SOYBN
2215,3847.K7KS78,K7KS78,K7KS78_SOYBN
2216,3847.K7KS83,K7KS83,K7KS83_SOYBN
2217,3847.K7KSD4,K7KSD4,K7KSD4_SOYBN
2218,3847.K7KSH9,K7KSH9,K7KSH9_SOYBN
2219,3847.K7KSM0,K7KSM0,K7KSM0_SOYBN
2220,3847.K7KSQ0,K7KSQ0,K7KSQ0_SOYBN
2221,3847.K7KSQ1,K7KSQ1,K7KSQ1_SOYBN
2222,3847.K7KT18,K7KT18,K7KT18_SOYBN
2223,3847.K7KT59,K7KT59,K7KT59_SOYBN
2224,3847.K7KT98,K7KT98,K7KT98_SOYBN
2225,3847.K7KTA3,K7KTA3,K7KTA3_SOYBN
2226,3847.K7KTA5,K7KTA5,K7KTA5_SOYBN
2227,3847.K7KTI3,K7KTI3,K7KTI3_SOYBN
2228,3847.K7KTN4,K7KTN4,K7KTN4_SOYBN
2229,3847.K7KTS8,K7KTS8,K7KTS8_SOYBN
2230,3847.K7KU64,K7KU64,K7KU64_SOYBN
2231,3847.K7KUQ7,K7KUQ7,K7KUQ7_SOYBN
2232,3847.K7KUR3,K7KUR3,K7KUR3_SOYBN
2233,3847.K7KV10,K7KV10,K7KV10_SOYBN
2234,3847.K7KV47,K7KV47,K7KV47_SOYBN
2235,3847.K7KVF2,K7KVF2,K7KVF2_SOYBN
2236,3847.K7KVJ1,K7KVJ1,K7KVJ1_SOYBN
2237,3847.K7KVW3,K7KVW3,K7KVW3_SOYBN
2238,3847.K7KVY8,K7KVY8,MYBJ3
2239,3847.K7KW11,K7KW11,K7KW11_SOYBN
2240,3847.K7KW24,K7KW24,K7KW24_SOYBN
2241,3847.K7KW84,K7KW84,K7KW84_SOYBN
2242,3847.K7KWE5,K7KWE5,K7KWE5_SOYBN
2243,3847.K7KWJ7,K7KWJ7,K7KWJ7_SOYBN
2244,3847.K7KWK8,K7KWK8,K7KWK8_SOYBN
2245,3847.K7KWM0,K7KWM0,K7KWM0_SOYBN
2246,3847.K7KWQ2,K7KWQ2,K7KWQ2_SOYBN
2247,3847.K7KX45,K7KX45,K7KX45_SOYBN
2248,3847.K7KX93,K7KX93,K7KX93_SOYBN
2249,3847.K7KXC8,K7KXC8,K7KXC8_SOYBN
2250,3847.K7KXD3,K7KXD3,K7KXD3_SOYBN
2251,3847.K7KXD6,K7KXD6,K7KXD6_SOYBN
2252,3847.K7KXE1,K7KXE1,K7KXE1_SOYBN
2253,3847.K7KXE2,K7KXE2,K7KXE2_SOYBN
2254,3847.K7KXF2,K7KXF2,K7KXF2_SOYBN
2255,3847.K7KXH0,K7KXH0,K7KXH0_SOYBN
2256,3847.K7KXH6,K7KXH6,K7KXH6_SOYBN
2257,3847.K7KXH7,K7KXH7,K7KXH7_SOYBN
2258,3847.K7KXI2,K7KXI2,K7KXI2_SOYBN
2259,3847.K7KXI4,K7KXI4,K7KXI4_SOYBN
2260,3847.K7KXI5,K7KXI5,K7KXI5_SOYBN
2261,3847.K7KXM2,K7KXM2,K7KXM2_SOYBN
2262,3847.K7KY29,K7KY29,K7KY29_SOYBN
2263,3847.K7KY99,K7KY99,MYB73
2264,3847.K7KYC5,K7KYC5,K7KYC5_SOYBN
2265,3847.K7KYC6,K7KYC6,K7KYC6_SOYBN
2266,3847.K7KYF4,K7KYF4,K7KYF4_SOYBN
2267,3847.K7KYJ2,K7KYJ2,K7KYJ2_SOYBN
2268,3847.K7KYJ4,K7KYJ4,K7KYJ4_SOYBN
2269,3847.K7KZ03,K7KZ03,K7KZ03_SOYBN
2270,3847.K7KZ31,K7KZ31,K7KZ31_SOYBN
2271,3847.K7KZB3,K7KZB3,K7KZB3_SOYBN
2272,3847.K7KZB4,K7KZB4,K7KZB4_SOYBN
2273,3847.K7KZB5,K7KZB5,K7KZB5_SOYBN
2274,3847.K7KZP5,K7KZP5,LCL4
2275,3847.K7L050,K7L050,K7L050_SOYBN
2276,3847.K7L0B7,K7L0B7,K7L0B7_SOYBN
2277,3847.K7L0G9,K7L0G9,K7L0G9_SOYBN
2278,3847.K7L0J3,K7L0J3,K7L0J3_SOYBN
2279,3847.K7L0J7,K7L0J7,COL21
2280,3847.K7L0K7,K7L0K7,K7L0K7_SOYBN
2281,3847.K7L0M7,K7L0M7,K7L0M7_SOYBN
2282,3847.K7L0N2,K7L0N2,K7L0N2_SOYBN
2283,3847.K7L115,K7L115,K7L115_SOYBN
2284,3847.K7L150,K7L150,K7L150_SOYBN
2285,3847.K7L154,K7L154,K7L154_SOYBN
2286,3847.K7L157,K7L157,K7L157_SOYBN
2287,3847.K7L159,K7L159,K7L159_SOYBN
2288,3847.K7L174,K7L174,K7L174_SOYBN
2289,3847.K7L1G4,K7L1G4,K7L1G4_SOYBN
2290,3847.K7L1H0,K7L1H0,K7L1H0_SOYBN
2291,3847.K7L1H5,K7L1H5,K7L1H5_SOYBN
2292,3847.K7L1I8,K7L1I8,K7L1I8_SOYBN
2293,3847.K7L1L7,K7L1L7,GSTU27
2294,3847.K7L1M0,K7L1M0,K7L1M0_SOYBN
2295,3847.K7L1S6,K7L1S6,K7L1S6_SOYBN
2296,3847.K7L1U2,K7L1U2,K7L1U2_SOYBN
2297,3847.K7L1X0,K7L1X0,K7L1X0_SOYBN
2298,3847.K7L1Z0,K7L1Z0,K7L1Z0_SOYBN
2299,3847.K7L207,K7L207,K7L207_SOYBN
2300,3847.K7L2A6,K7L2A6,K7L2A6_SOYBN
2301,3847.K7L2C1,K7L2C1,K7L2C1_SOYBN
2302,3847.K7L2I2,K7L2I2,K7L2I2_SOYBN
2303,3847.K7L2J3,K7L2J3,K7L2J3_SOYBN
2304,3847.K7L2K9,K7L2K9,K7L2K9_SOYBN
2305,3847.K7L2L4,K7L2L4,K7L2L4_SOYBN
2306,3847.K7L2Y6,K7L2Y6,K7L2Y6_SOYBN
2307,3847.K7L3P0,K7L3P0,K7L3P0_SOYBN
2308,3847.K7L3R3,K7L3R3,K7L3R3_SOYBN
2309,3847.K7L3R7,K7L3R7,K7L3R7_SOYBN
2310,3847.K7L4B1,K7L4B1,K7L4B1_SOYBN
2311,3847.K7L4E7,K7L4E7,K7L4E7_SOYBN
2312,3847.K7L4P7,K7L4P7,K7L4P7_SOYBN
2313,3847.K7L4W0,K7L4W0,K7L4W0_SOYBN
2314,3847.K7L4W1,K7L4W1,K7L4W1_SOYBN
2315,3847.K7L4X5,K7L4X5,K7L4X5_SOYBN
2316,3847.K7L574,K7L574,K7L574_SOYBN
2317,3847.K7L5H3,K7L5H3,K7L5H3_SOYBN
2318,3847.K7L5I7,K7L5I7,K7L5I7_SOYBN
2319,3847.K7L5M6,K7L5M6,K7L5M6_SOYBN
2320,3847.K7L609,K7L609,K7L609_SOYBN
2321,3847.K7L645,K7L645,K7L645_SOYBN
2322,3847.K7L698,K7L698,K7L698_SOYBN
2323,3847.K7L6H1,K7L6H1,K7L6H1_SOYBN
2324,3847.K7L6Z7,K7L6Z7,K7L6Z7_SOYBN
2325,3847.K7L760,K7L760,K7L760_SOYBN
2326,3847.K7L7C2,K7L7C2,K7L7C2_SOYBN
2327,3847.K7L7Q6,K7L7Q6,K7L7Q6_SOYBN
2328,3847.K7L7Q8,K7L7Q8,K7L7Q8_SOYBN
2329,3847.K7L7U2,K7L7U2,K7L7U2_SOYBN
2330,3847.K7L7X9,K7L7X9,K7L7X9_SOYBN
2331,3847.K7L801,K7L801,K7L801_SOYBN
2332,3847.K7L803,K7L803,K7L803_SOYBN
2333,3847.K7L8G9,K7L8G9,K7L8G9_SOYBN
2334,3847.K7L8W5,K7L8W5,K7L8W5_SOYBN
2335,3847.K7L8Z1,K7L8Z1,K7L8Z1_SOYBN
2336,3847.K7L968,K7L968,K7L968_SOYBN
2337,3847.K7L9D8,K7L9D8,K7L9D8_SOYBN
2338,3847.K7L9I6,K7L9I6,K7L9I6_SOYBN
2339,3847.K7L9P7,K7L9P7,K7L9P7_SOYBN
2340,3847.K7LA71,K7LA71,K7LA71_SOYBN
2341,3847.K7LAI6,K7LAI6,K7LAI6_SOYBN
2342,3847.K7LAS7,K7LAS7,K7LAS7_SOYBN
2343,3847.K7LAS8,K7LAS8,K7LAS8_SOYBN
2344,3847.K7LAS9,K7LAS9,K7LAS9_SOYBN
2345,3847.K7LAU2,K7LAU2,K7LAU2_SOYBN
2346,3847.K7LAY8,K7LAY8,K7LAY8_SOYBN
2347,3847.K7LB46,K7LB46,K7LB46_SOYBN
2348,3847.K7LB51,K7LB51,K7LB51_SOYBN
2349,3847.K7LB72,K7LB72,K7LB72_SOYBN
2350,3847.K7LBB2,K7LBB2,GMPHR14
2351,3847.K7LBT2,K7LBT2,K7LBT2_SOYBN
2352,3847.K7LBZ2,K7LBZ2,K7LBZ2_SOYBN
2353,3847.K7LC61,K7LC61,K7LC61_SOYBN
2354,3847.K7LCC7,K7LCC7,K7LCC7_SOYBN
2355,3847.K7LCG4,K7LCG4,K7LCG4_SOYBN
2356,3847.K7LCL7,K7LCL7,K7LCL7_SOYBN
2357,3847.K7LCV5,K7LCV5,K7LCV5_SOYBN
2358,3847.K7LD39,K7LD39,K7LD39_SOYBN
2359,3847.K7LD83,K7LD83,GMPHR15
2360,3847.K7LDJ8,K7LDJ8,K7LDJ8_SOYBN
2361,3847.K7LDM1,K7LDM1,K7LDM1_SOYBN
2362,3847.K7LDQ9,K7LDQ9,K7LDQ9_SOYBN
2363,3847.K7LDZ8,K7LDZ8,DREB1-like
2364,3847.K7LE14,K7LE14,K7LE14_SOYBN
2365,3847.K7LE53,K7LE53,K7LE53_SOYBN
2366,3847.K7LEM5,K7LEM5,K7LEM5_SOYBN
2367,3847.K7LEP5,K7LEP5,K7LEP5_SOYBN
2368,3847.K7LET9,K7LET9,K7LET9_SOYBN
2369,3847.K7LEV4,K7LEV4,K7LEV4_SOYBN
2370,3847.K7LEW5,K7LEW5,K7LEW5_SOYBN
2371,3847.K7LEZ9,K7LEZ9,K7LEZ9_SOYBN
2372,3847.K7LF08,K7LF08,GMSYMRK-BETA
2373,3847.K7LF24,K7LF24,K7LF24_SOYBN
2374,3847.K7LF63,K7LF63,GMPHR16
2375,3847.K7LF97,K7LF97,K7LF97_SOYBN
2376,3847.K7LFA3,K7LFA3,K7LFA3_SOYBN
2377,3847.K7LFN0,K7LFN0,K7LFN0_SOYBN
2378,3847.K7LFP2,K7LFP2,R
2379,3847.K7LFU7,K7LFU7,K7LFU7_SOYBN
2380,3847.K7LG00,K7LG00,K7LG00_SOYBN
2381,3847.K7LG15,K7LG15,K7LG15_SOYBN
2382,3847.K7LGB2,K7LGB2,K7LGB2_SOYBN
2383,3847.K7LGD7,K7LGD7,K7LGD7_SOYBN
2384,3847.K7LGH0,K7LGH0,K7LGH0_SOYBN
2385,3847.K7LGH8,K7LGH8,K7LGH8_SOYBN
2386,3847.K7LGK9,K7LGK9,K7LGK9_SOYBN
2387,3847.K7LGT3,K7LGT3,K7LGT3_SOYBN
2388,3847.K7LH16,K7LH16,K7LH16_SOYBN
2389,3847.K7LH99,K7LH99,K7LH99_SOYBN
2390,3847.K7LHC5,K7LHC5,GMPHR17
2391,3847.K7LHD6,K7LHD6,K7LHD6_SOYBN
2392,3847.K7LHE4,K7LHE4,K7LHE4_SOYBN
2393,3847.K7LHL0,K7LHL0,K7LHL0_SOYBN
2394,3847.K7LHT1,K7LHT1,K7LHT1_SOYBN
2395,3847.K7LHT2,K7LHT2,K7LHT2_SOYBN
2396,3847.K7LI24,K7LI24,K7LI24_SOYBN
2397,3847.K7LII3,K7LII3,K7LII3_SOYBN
2398,3847.K7LIR0,K7LIR0,K7LIR0_SOYBN
2399,3847.K7LIT0,K7LIT0,K7LIT0_SOYBN
2400,3847.K7LIU8,K7LIU8,K7LIU8_SOYBN
2401,3847.K7LJB0,K7LJB0,K7LJB0_SOYBN
2402,3847.K7LJL4,K7LJL4,K7LJL4_SOYBN
2403,3847.K7LJT2,K7LJT2,K7LJT2_SOYBN
2404,3847.K7LJY0,K7LJY0,K7LJY0_SOYBN
2405,3847.K7LJY1,K7LJY1,K7LJY1_SOYBN
2406,3847.K7LJZ2,K7LJZ2,K7LJZ2_SOYBN
2407,3847.K7LK18,K7LK18,K7LK18_SOYBN
2408,3847.K7LKE6,K7LKE6,GMPHR18
2409,3847.K7LKJ3,K7LKJ3,K7LKJ3_SOYBN
2410,3847.K7LKL8,K7LKL8,K7LKL8_SOYBN
2411,3847.K7LKS6,K7LKS6,K7LKS6_SOYBN
2412,3847.K7LKZ2,K7LKZ2,K7LKZ2_SOYBN
2413,3847.K7LKZ8,K7LKZ8,K7LKZ8_SOYBN
2414,3847.K7LL43,K7LL43,K7LL43_SOYBN
2415,3847.K7LL59,K7LL59,K7LL59_SOYBN
2416,3847.K7LL60,K7LL60,K7LL60_SOYBN
2417,3847.K7LLA4,K7LLA4,K7LLA4_SOYBN
2418,3847.K7LLF6,K7LLF6,K7LLF6_SOYBN
2419,3847.K7LLF7,K7LLF7,K7LLF7_SOYBN
2420,3847.K7LMM3,K7LMM3,K7LMM3_SOYBN
2421,3847.K7LMW6,K7LMW6,K7LMW6_SOYBN
2422,3847.K7LN10,K7LN10,K7LN10_SOYBN
2423,3847.K7LN70,K7LN70,K7LN70_SOYBN
2424,3847.K7LNH4,K7LNH4,K7LNH4_SOYBN
2425,3847.K7LNI8,K7LNI8,K7LNI8_SOYBN
2426,3847.K7LNN7,K7LNN7,K7LNN7_SOYBN
2427,3847.K7LP59,K7LP59,K7LP59_SOYBN
2428,3847.K7LP68,K7LP68,K7LP68_SOYBN
2429,3847.K7LP95,K7LP95,CIB1
2430,3847.K7LPJ4,K7LPJ4,K7LPJ4_SOYBN
2431,3847.K7LPN3,K7LPN3,K7LPN3_SOYBN
2432,3847.K7LPS9,K7LPS9,GLYMA_U033900
2433,3847.K7LQ39,K7LQ39,K7LQ39_SOYBN
2434,3847.K7LQ79,K7LQ79,K7LQ79_SOYBN
2435,3847.K7LQG4,K7LQG4,K7LQG4_SOYBN
2436,3847.K7LQI4,K7LQI4,K7LQI4_SOYBN
2437,3847.K7LQX8,K7LQX8,K7LQX8_SOYBN
2438,3847.K7LR44,K7LR44,K7LR44_SOYBN
2439,3847.K7LR63,K7LR63,K7LR63_SOYBN
2440,3847.K7LR68,K7LR68,K7LR68_SOYBN
2441,3847.K7LRE2,K7LRE2,K7LRE2_SOYBN
2442,3847.K7LRR4,K7LRR4,K7LRR4_SOYBN
2443,3847.K7LRS9,K7LRS9,K7LRS9_SOYBN
2444,3847.K7LSZ7,K7LSZ7,K7LSZ7_SOYBN
2445,3847.K7LT81,K7LT81,K7LT81_SOYBN
2446,3847.K7LTA3,K7LTA3,GMLUXB
2447,3847.K7LTE4,K7LTE4,K7LTE4_SOYBN
2448,3847.K7LTE7,K7LTE7,K7LTE7_SOYBN
2449,3847.K7LTT8,K7LTT8,K7LTT8_SOYBN
2450,3847.K7LTX1,K7LTX1,K7LTX1_SOYBN
2451,3847.K7LU62,K7LU62,K7LU62_SOYBN
2452,3847.K7LU92,K7LU92,K7LU92_SOYBN
2453,3847.K7LUS0,K7LUS0,K7LUS0_SOYBN
2454,3847.K7LUT8,K7LUT8,K7LUT8_SOYBN
2455,3847.K7LUV3,K7LUV3,K7LUV3_SOYBN
2456,3847.K7LUV6,K7LUV6,K7LUV6_SOYBN
2457,3847.K7LUW1,K7LUW1,K7LUW1_SOYBN
2458,3847.K7LUW9,K7LUW9,K7LUW9_SOYBN
2459,3847.K7LUY2,K7LUY2,K7LUY2_SOYBN
2460,3847.K7LV22,K7LV22,K7LV22_SOYBN
2461,3847.K7LV86,K7LV86,GLYMA_U025000
2462,3847.K7LVK9,K7LVK9,K7LVK9_SOYBN
2463,3847.K7LVP1,K7LVP1,K7LVP1_SOYBN
2464,3847.K7LVT4,K7LVT4,K7LVT4_SOYBN
2465,3847.K7LVT9,K7LVT9,K7LVT9_SOYBN
2466,3847.K7LVV3,K7LVV3,K7LVV3_SOYBN
2467,3847.K7LVV8,K7LVV8,K7LVV8_SOYBN
2468,3847.K7LVX5,K7LVX5,K7LVX5_SOYBN
2469,3847.K7LVY8,K7LVY8,K7LVY8_SOYBN
2470,3847.K7LVZ6,K7LVZ6,K7LVZ6_SOYBN
2471,3847.K7LW62,K7LW62,K7LW62_SOYBN
2472,3847.K7LW74,K7LW74,K7LW74_SOYBN
2473,3847.K7LWB2,K7LWB2,MYB15
2474,3847.K7LWS6,K7LWS6,K7LWS6_SOYBN
2475,3847.K7LWW9,K7LWW9,K7LWW9_SOYBN
2476,3847.K7LX44,K7LX44,AP2-3
2477,3847.K7LXI9,K7LXI9,K7LXI9_SOYBN
2478,3847.K7LXV5,K7LXV5,K7LXV5_SOYBN
2479,3847.K7LXZ7,K7LXZ7,K7LXZ7_SOYBN
2480,3847.K7LY08,K7LY08,K7LY08_SOYBN
2481,3847.K7LYC0,K7LYC0,K7LYC0_SOYBN
2482,3847.K7LYW3,K7LYW3,K7LYW3_SOYBN
2483,3847.K7LZ93,K7LZ93,K7LZ93_SOYBN
2484,3847.K7LZA1,K7LZA1,K7LZA1_SOYBN
2485,3847.K7LZC8,K7LZC8,GMPHR22
2486,3847.K7LZF2,K7LZF2,K7LZF2_SOYBN
2487,3847.K7LZG0,K7LZG0,K7LZG0_SOYBN
2488,3847.K7LZN3,K7LZN3,K7LZN3_SOYBN
2489,3847.K7LZW2,K7LZW2,K7LZW2_SOYBN
2490,3847.K7M046,K7M046,K7M046_SOYBN
2491,3847.K7M0D3,K7M0D3,K7M0D3_SOYBN
2492,3847.K7M0R7,K7M0R7,K7M0R7_SOYBN
2493,3847.K7M0V9,K7M0V9,K7M0V9_SOYBN
2494,3847.K7M0Z8,K7M0Z8,K7M0Z8_SOYBN
2495,3847.K7M126,K7M126,K7M126_SOYBN
2496,3847.K7M173,K7M173,K7M173_SOYBN
2497,3847.K7M188,K7M188,K7M188_SOYBN
2498,3847.K7M1A0,K7M1A0,K7M1A0_SOYBN
2499,3847.K7M1A3,K7M1A3,K7M1A3_SOYBN
2500,3847.K7M1B4,K7M1B4,K7M1B4_SOYBN
2501,3847.K7M1F8,K7M1F8,K7M1F8_SOYBN
2502,3847.K7M1J6,K7M1J6,K7M1J6_SOYBN
2503,3847.K7M1R3,K7M1R3,K7M1R3_SOYBN
2504,3847.K7M1R5,K7M1R5,K7M1R5_SOYBN
2505,3847.K7M1R6,K7M1R6,K7M1R6_SOYBN
2506,3847.K7M1S1,K7M1S1,K7M1S1_SOYBN
2507,3847.K7M1S9,K7M1S9,K7M1S9_SOYBN
2508,3847.K7M1Z2,K7M1Z2,K7M1Z2_SOYBN
2509,3847.K7M255,K7M255,K7M255_SOYBN
2510,3847.K7M256,K7M256,K7M256_SOYBN
2511,3847.K7M257,K7M257,K7M257_SOYBN
2512,3847.K7M259,K7M259,K7M259_SOYBN
2513,3847.K7M260,K7M260,K7M260_SOYBN
2514,3847.K7M2A5,K7M2A5,K7M2A5_SOYBN
2515,3847.K7M2E9,K7M2E9,K7M2E9_SOYBN
2516,3847.K7M2F0,K7M2F0,K7M2F0_SOYBN
2517,3847.K7M2F6,K7M2F6,K7M2F6_SOYBN
2518,3847.K7M2F9,K7M2F9,K7M2F9_SOYBN
2519,3847.K7M2I3,K7M2I3,K7M2I3_SOYBN
2520,3847.K7M2I4,K7M2I4,K7M2I4_SOYBN
2521,3847.K7M2I6,K7M2I6,K7M2I6_SOYBN
2522,3847.K7M2J7,K7M2J7,K7M2J7_SOYBN
2523,3847.K7M2N8,K7M2N8,K7M2N8_SOYBN
2524,3847.K7M2Q0,K7M2Q0,K7M2Q0_SOYBN
2525,3847.K7M2X3,K7M2X3,K7M2X3_SOYBN
2526,3847.K7M304,K7M304,GMPHR23
2527,3847.K7M3P6,K7M3P6,K7M3P6_SOYBN
2528,3847.K7M3P8,K7M3P8,K7M3P8_SOYBN
2529,3847.K7M3S0,K7M3S0,K7M3S0_SOYBN
2530,3847.K7M3V1,K7M3V1,K7M3V1_SOYBN
2531,3847.K7M401,K7M401,K7M401_SOYBN
2532,3847.K7M402,K7M402,K7M402_SOYBN
2533,3847.K7M404,K7M404,K7M404_SOYBN
2534,3847.K7M481,K7M481,K7M481_SOYBN
2535,3847.K7M4E9,K7M4E9,K7M4E9_SOYBN
2536,3847.K7M4K5,K7M4K5,K7M4K5_SOYBN
2537,3847.K7M4N7,K7M4N7,K7M4N7_SOYBN
2538,3847.K7M4P3,K7M4P3,K7M4P3_SOYBN
2539,3847.K7M4U3,K7M4U3,K7M4U3_SOYBN
2540,3847.K7M512,K7M512,K7M512_SOYBN
2541,3847.K7M5M6,K7M5M6,K7M5M6_SOYBN
2542,3847.K7M5P8,K7M5P8,K7M5P8_SOYBN
2543,3847.K7M5R3,K7M5R3,GLYMA_U029300
2544,3847.K7M5V8,K7M5V8,K7M5V8_SOYBN
2545,3847.K7M5Y2,K7M5Y2,K7M5Y2_SOYBN
2546,3847.K7M5Y7,K7M5Y7,K7M5Y7_SOYBN
2547,3847.K7M6E9,K7M6E9,K7M6E9_SOYBN
2548,3847.K7M6S1,K7M6S1,K7M6S1_SOYBN
2549,3847.K7M6T4,K7M6T4,K7M6T4_SOYBN
2550,3847.K7M779,K7M779,K7M779_SOYBN
2551,3847.K7M7A3,K7M7A3,K7M7A3_SOYBN
2552,3847.K7M7C1,K7M7C1,K7M7C1_SOYBN
2553,3847.K7M7S9,K7M7S9,K7M7S9_SOYBN
2554,3847.K7M7W5,K7M7W5,K7M7W5_SOYBN
2555,3847.K7M7W6,K7M7W6,K7M7W6_SOYBN
2556,3847.K7M7W8,K7M7W8,K7M7W8_SOYBN
2557,3847.K7M810,K7M810,K7M810_SOYBN
2558,3847.K7M819,K7M819,K7M819_SOYBN
2559,3847.K7M862,K7M862,K7M862_SOYBN
2560,3847.K7M863,K7M863,K7M863_SOYBN
2561,3847.K7M867,K7M867,K7M867_SOYBN
2562,3847.K7M8G2,K7M8G2,K7M8G2_SOYBN
2563,3847.K7M8Q6,K7M8Q6,K7M8Q6_SOYBN
2564,3847.K7M8R8,K7M8R8,K7M8R8_SOYBN
2565,3847.K7M8T0,K7M8T0,K7M8T0_SOYBN
2566,3847.K7M941,K7M941,K7M941_SOYBN
2567,3847.K7M967,K7M967,K7M967_SOYBN
2568,3847.K7M9J6,K7M9J6,K7M9J6_SOYBN
2569,3847.K7M9J9,K7M9J9,K7M9J9_SOYBN
2570,3847.K7M9X2,K7M9X2,K7M9X2_SOYBN
2571,3847.K7M9Y0,K7M9Y0,K7M9Y0_SOYBN
2572,3847.K7M9Y5,K7M9Y5,K7M9Y5_SOYBN
2573,3847.K7MA42,K7MA42,K7MA42_SOYBN
2574,3847.K7MA62,K7MA62,K7MA62_SOYBN
2575,3847.K7MAC7,K7MAC7,K7MAC7_SOYBN
2576,3847.K7MAJ4,K7MAJ4,K7MAJ4_SOYBN
2577,3847.K7MAL3,K7MAL3,K7MAL3_SOYBN
2578,3847.K7MAQ2,K7MAQ2,K7MAQ2_SOYBN
2579,3847.K7MAW9,K7MAW9,K7MAW9_SOYBN
2580,3847.K7MAX1,K7MAX1,K7MAX1_SOYBN
2581,3847.K7MB97,K7MB97,K7MB97_SOYBN
2582,3847.K7MBP5,K7MBP5,K7MBP5_SOYBN
2583,3847.K7MBP6,K7MBP6,K7MBP6_SOYBN
2584,3847.K7MBP7,K7MBP7,K7MBP7_SOYBN
2585,3847.K7MBP8,K7MBP8,K7MBP8_SOYBN
2586,3847.K7MBY3,K7MBY3,K7MBY3_SOYBN
2587,3847.K7MCF3,K7MCF3,K7MCF3_SOYBN
2588,3847.K7MCR5,K7MCR5,K7MCR5_SOYBN
2589,3847.K7MCT2,K7MCT2,K7MCT2_SOYBN
2590,3847.K7MCT9,K7MCT9,K7MCT9_SOYBN
2591,3847.K7MDG1,K7MDG1,K7MDG1_SOYBN
2592,3847.K7MDL0,K7MDL0,K7MDL0_SOYBN
2593,3847.K7MDU4,K7MDU4,K7MDU4_SOYBN
2594,3847.K7MDY7,K7MDY7,K7MDY7_SOYBN
2595,3847.K7MDZ6,K7MDZ6,K7MDZ6_SOYBN
2596,3847.K7ME05,K7ME05,K7ME05_SOYBN
2597,3847.K7ME64,K7ME64,K7ME64_SOYBN
2598,3847.K7MEB8,K7MEB8,K7MEB8_SOYBN
2599,3847.K7MEG1,K7MEG1,K7MEG1_SOYBN
2600,3847.K7MEP1,K7MEP1,K7MEP1_SOYBN
2601,3847.K7MER4,K7MER4,K7MER4_SOYBN
2602,3847.K7MEU6,K7MEU6,K7MEU6_SOYBN
2603,3847.K7MEZ2,K7MEZ2,K7MEZ2_SOYBN
2604,3847.K7MF75,K7MF75,K7MF75_SOYBN
2605,3847.K7MFB5,K7MFB5,K7MFB5_SOYBN
2606,3847.K7MFD5,K7MFD5,K7MFD5_SOYBN
2607,3847.K7MFU3,K7MFU3,K7MFU3_SOYBN
2608,3847.K7MFV7,K7MFV7,K7MFV7_SOYBN
2609,3847.K7MG35,K7MG35,K7MG35_SOYBN
2610,3847.K7MG72,K7MG72,K7MG72_SOYBN
2611,3847.K7MG77,K7MG77,K7MG77_SOYBN
2612,3847.K7MGS1,K7MGS1,K7MGS1_SOYBN
2613,3847.K7MH48,K7MH48,K7MH48_SOYBN
2614,3847.K7MH64,K7MH64,K7MH64_SOYBN
2615,3847.K7MHH8,K7MHH8,GMPHR28
2616,3847.K7MHJ9,K7MHJ9,K7MHJ9_SOYBN
2617,3847.K7MHZ9,K7MHZ9,K7MHZ9_SOYBN
2618,3847.K7MIP4,K7MIP4,K7MIP4_SOYBN
2619,3847.K7MIT5,K7MIT5,K7MIT5_SOYBN
2620,3847.K7MJ24,K7MJ24,K7MJ24_SOYBN
2621,3847.K7MJ75,K7MJ75,K7MJ75_SOYBN
2622,3847.K7MJD8,K7MJD8,K7MJD8_SOYBN
2623,3847.K7MJK2,K7MJK2,K7MJK2_SOYBN
2624,3847.K7MJK5,K7MJK5,K7MJK5_SOYBN
2625,3847.K7MJU4,K7MJU4,K7MJU4_SOYBN
2626,3847.K7MKN6,K7MKN6,K7MKN6_SOYBN
2627,3847.K7MKV5,K7MKV5,K7MKV5_SOYBN
2628,3847.K7ML17,K7ML17,K7ML17_SOYBN
2629,3847.K7MLE6,K7MLE6,K7MLE6_SOYBN
2630,3847.K7MLG2,K7MLG2,K7MLG2_SOYBN
2631,3847.K7MLI5,K7MLI5,K7MLI5_SOYBN
2632,3847.K7MLK7,K7MLK7,K7MLK7_SOYBN
2633,3847.K7MLQ1,K7MLQ1,K7MLQ1_SOYBN
2634,3847.K7MLV1,K7MLV1,K7MLV1_SOYBN
2635,3847.K7MM29,K7MM29,K7MM29_SOYBN
2636,3847.K7MM31,K7MM31,K7MM31_SOYBN
2637,3847.K7MM49,K7MM49,K7MM49_SOYBN
2638,3847.K7MMB3,K7MMB3,K7MMB3_SOYBN
2639,3847.K7MMJ8,K7MMJ8,K7MMJ8_SOYBN
2640,3847.K7MMN0,K7MMN0,K7MMN0_SOYBN
2641,3847.K7MMN4,K7MMN4,K7MMN4_SOYBN
2642,3847.K7MMY1,K7MMY1,K7MMY1_SOYBN
2643,3847.K7MN04,K7MN04,K7MN04_SOYBN
2644,3847.K7MN82,K7MN82,K7MN82_SOYBN
2645,3847.K7MNA5,K7MNA5,K7MNA5_SOYBN
2646,3847.K7MNC2,K7MNC2,WRKY30
2647,3847.K7MND8,K7MND8,K7MND8_SOYBN
2648,3847.K7MNE4,K7MNE4,K7MNE4_SOYBN
2649,3847.K7MNH7,K7MNH7,K7MNH7_SOYBN
2650,3847.K7MNJ7,K7MNJ7,K7MNJ7_SOYBN
2651,3847.K7MNL7,K7MNL7,K7MNL7_SOYBN
2652,3847.K7MNM6,K7MNM6,K7MNM6_SOYBN
2653,3847.K7MNM7,K7MNM7,K7MNM7_SOYBN
2654,3847.K7MNP2,K7MNP2,K7MNP2_SOYBN
2655,3847.K7MNX2,K7MNX2,K7MNX2_SOYBN
2656,3847.K7MNY9,K7MNY9,K7MNY9_SOYBN
2657,3847.K7MP11,K7MP11,K7MP11_SOYBN
2658,3847.K7MPQ1,K7MPQ1,K7MPQ1_SOYBN
2659,3847.K7MPR7,K7MPR7,K7MPR7_SOYBN
2660,3847.K7MQ22,K7MQ22,K7MQ22_SOYBN
2661,3847.K7MQ33,K7MQ33,K7MQ33_SOYBN
2662,3847.K7MQ99,K7MQ99,K7MQ99_SOYBN
2663,3847.K7MQF9,K7MQF9,K7MQF9_SOYBN
2664,3847.K7MQG5,K7MQG5,K7MQG5_SOYBN
2665,3847.K7MQM6,K7MQM6,K7MQM6_SOYBN
2666,3847.K7MQS9,K7MQS9,K7MQS9_SOYBN
2667,3847.K7MQV1,K7MQV1,K7MQV1_SOYBN
2668,3847.K7MRB1,K7MRB1,K7MRB1_SOYBN
2669,3847.K7MRL6,K7MRL6,K7MRL6_SOYBN
2670,3847.K7MRM9,K7MRM9,K7MRM9_SOYBN
2671,3847.K7MRR7,K7MRR7,K7MRR7_SOYBN
2672,3847.K7MRV6,K7MRV6,K7MRV6_SOYBN
2673,3847.K7MS23,K7MS23,K7MS23_SOYBN
2674,3847.K7MS45,K7MS45,K7MS45_SOYBN
2675,3847.K7MT37,K7MT37,PHAN3
2676,3847.K7MT46,K7MT46,K7MT46_SOYBN
2677,3847.K7MT52,K7MT52,K7MT52_SOYBN
2678,3847.K7MT84,K7MT84,K7MT84_SOYBN
2679,3847.K7MTG6,K7MTG6,K7MTG6_SOYBN
2680,3847.K7MTH3,K7MTH3,K7MTH3_SOYBN
2681,3847.K7MTI9,K7MTI9,GMPHR29
2682,3847.K7MTJ9,K7MTJ9,K7MTJ9_SOYBN
2683,3847.K7MTM5,K7MTM5,K7MTM5_SOYBN
2684,3847.K7MTX0,K7MTX0,K7MTX0_SOYBN
2685,3847.K7MUN2,K7MUN2,K7MUN2_SOYBN
2686,3847.K7MUN3,K7MUN3,K7MUN3_SOYBN
2687,3847.K7MUR0,K7MUR0,K7MUR0_SOYBN
2688,3847.K7MUV5,K7MUV5,K7MUV5_SOYBN
2689,3847.K7MUY2,K7MUY2,K7MUY2_SOYBN
2690,3847.K7MUZ8,K7MUZ8,K7MUZ8_SOYBN
2691,3847.K7MV48,K7MV48,K7MV48_SOYBN
2692,3847.K7MW21,K7MW21,K7MW21_SOYBN
2693,3847.K7MW52,K7MW52,K7MW52_SOYBN
2694,3847.K7MW95,K7MW95,K7MW95_SOYBN
2695,3847.K7MWF6,K7MWF6,K7MWF6_SOYBN
2696,3847.K7MWN2,K7MWN2,K7MWN2_SOYBN
2697,3847.K7MWV4,K7MWV4,K7MWV4_SOYBN
2698,3847.K7MWV6,K7MWV6,K7MWV6_SOYBN
2699,3847.K7MXA3,K7MXA3,K7MXA3_SOYBN
2700,3847.K7MXB7,K7MXB7,K7MXB7_SOYBN
2701,3847.K7MXE5,K7MXE5,K7MXE5_SOYBN
2702,3847.K7MXN6,K7MXN6,K7MXN6_SOYBN
2703,3847.K7MXQ6,K7MXQ6,K7MXQ6_SOYBN
2704,3847.K7MY65,K7MY65,K7MY65_SOYBN
2705,3847.K7MYD3,K7MYD3,K7MYD3_SOYBN
2706,3847.K7MYE1,K7MYE1,K7MYE1_SOYBN
2707,3847.K7MYH6,K7MYH6,K7MYH6_SOYBN
2708,3847.K7MYP0,K7MYP0,K7MYP0_SOYBN
2709,3847.K7MYP1,K7MYP1,K7MYP1_SOYBN
2710,3847.K7MYP4,K7MYP4,K7MYP4_SOYBN
2711,3847.K7MYP5,K7MYP5,K7MYP5_SOYBN
2712,3847.K7MZ72,K7MZ72,K7MZ72_SOYBN
2713,3847.K7MZQ4,K7MZQ4,K7MZQ4_SOYBN
2714,3847.K7MZY4,K7MZY4,K7MZY4_SOYBN
2715,3847.K7MZZ3,K7MZZ3,K7MZZ3_SOYBN
2716,3847.K7N071,K7N071,K7N071_SOYBN
2717,3847.K7N091,K7N091,K7N091_SOYBN
2718,3847.K7N0C2,K7N0C2,K7N0C2_SOYBN
2719,3847.K7N0G8,K7N0G8,K7N0G8_SOYBN
2720,3847.K7N0J6,K7N0J6,K7N0J6_SOYBN
2721,3847.K7N0L3,K7N0L3,K7N0L3_SOYBN
2722,3847.K7N138,K7N138,K7N138_SOYBN
2723,3847.K7N142,K7N142,K7N142_SOYBN
2724,3847.K7N1D6,K7N1D6,K7N1D6_SOYBN
2725,3847.K7N1M2,K7N1M2,K7N1M2_SOYBN
2726,3847.K7N1M5,K7N1M5,K7N1M5_SOYBN
2727,3847.K7N2D7,K7N2D7,K7N2D7_SOYBN
2728,3847.K7N2G1,K7N2G1,K7N2G1_SOYBN
2729,3847.K7N361,K7N361,K7N361_SOYBN
2730,3847.K7N395,K7N395,K7N395_SOYBN
2731,3847.K7N396,K7N396,K7N396_SOYBN
2732,3847.K7N3G0,K7N3G0,K7N3G0_SOYBN
2733,3847.K7N3K4,K7N3K4,K7N3K4_SOYBN
2734,3847.K7N3L2,K7N3L2,K7N3L2_SOYBN
2735,3847.K7N3N7,K7N3N7,K7N3N7_SOYBN
2736,3847.K7N3V1,K7N3V1,K7N3V1_SOYBN
2737,3847.K7N413,K7N413,K7N413_SOYBN
2738,3847.K7N421,K7N421,K7N421_SOYBN
2739,3847.K7N4B1,K7N4B1,K7N4B1_SOYBN
2740,3847.K7N4D0,K7N4D0,K7N4D0_SOYBN
2741,3847.K7N4H4,K7N4H4,GMPHR35
2742,3847.K7N4I9,K7N4I9,K7N4I9_SOYBN
2743,3847.K7N4X7,K7N4X7,K7N4X7_SOYBN
2744,3847.K7N570,K7N570,K7N570_SOYBN
2745,3847.K7N584,K7N584,K7N584_SOYBN
2746,3847.P07134,P07134,rps12-A
2747,3847.P08012,P08012,PRP1
2748,3847.P08298,P08298,UREA_SOYBN
2749,3847.P13993,P13993,PRP2
2750,3847.P24274,P24274,DRP90
2751,3847.P25698,P25698,TEFS1
2752,3847.P28583,P28583,CDPK-2
2753,3847.P45456,P45456,ICL1
2754,3847.P45457,P45457,ICL2
2755,3847.P46280,P46280,TUFB1
2756,3847.Q00M67,Q00M67,Q00M67_SOYBN
2757,3847.Q00M68,Q00M68,Q00M68_SOYBN
2758,3847.Q00M78,Q00M78,Q00M78_SOYBN
2759,3847.Q00M80,Q00M80,Q00M80_SOYBN
2760,3847.Q00M81,Q00M81,Q00M81_SOYBN
2761,3847.Q09131,Q09131,PAP
2762,3847.Q09GS3,Q09GS3,Q09GS3_SOYBN
2763,3847.Q0GPF1,Q0GPF1,bZIP41
2764,3847.Q0GPF7,Q0GPF7,bZIP125
2765,3847.Q0GPF8,Q0GPF8,bZIP124
2766,3847.Q0GPF9,Q0GPF9,bZIP123
2767,3847.Q0GPG1,Q0GPG1,bZIP117
2768,3847.Q0GPG2,Q0GPG2,bZIP111
2769,3847.Q0GPH4,Q0GPH4,bZIP68
2770,3847.Q0GPH5,Q0GPH5,bZIP62
2771,3847.Q0GPH7,Q0GPH7,bZIP59
2772,3847.Q0GPI1,Q0GPI1,bZIP46
2773,3847.Q0GPI2,Q0GPI2,bZIP44
2774,3847.Q0GPI4,Q0GPI4,bZIP35
2775,3847.Q0PJB3,Q0PJB3,MYB149
2776,3847.Q0PJH9,Q0PJH9,MYB175
2777,3847.Q0PJI0,Q0PJI0,MYB173
2778,3847.Q0PJI1,Q0PJI1,MYB143
2779,3847.Q0PJI2,Q0PJI2,MYB183
2780,3847.Q0PJI8,Q0PJI8,MYB127
2781,3847.Q0PJI9,Q0PJI9,MYB124
2782,3847.Q0PJJ1,Q0PJJ1,MYB112
2783,3847.Q0PJJ2,Q0PJJ2,MYB109
2784,3847.Q0PJJ4,Q0PJJ4,MYB182
2785,3847.Q0PJJ5,Q0PJJ5,MYB98
2786,3847.Q0PJJ6,Q0PJJ6,MYB181
2787,3847.Q0PJJ8,Q0PJJ8,MYB93
2788,3847.Q0PJJ9,Q0PJJ9,MYB92
2789,3847.Q0PJK2,Q0PJK2,MYB185
2790,3847.Q0PJK4,Q0PJK4,MYB84
2791,3847.Q0PJK7,Q0PJK7,MYB76
2792,3847.Q0PJL2,Q0PJL2,MYB68
2793,3847.Q0PJL8,Q0PJL8,MYB52
2794,3847.Q0PJL9,Q0PJL9,MYB50
2795,3847.Q0PJM0,Q0PJM0,MYB48
2796,3847.Q0PJM1,Q0PJM1,MYB54
2797,3847.Q2PMR9,Q2PMR9,psbL
2798,3847.Q2PMT7,Q2PMT7,psbM
2799,3847.Q38JD2,Q38JD2,TIL
2800,3847.Q38JE0,Q38JE0,TIL-2
2801,3847.Q39821,Q39821,SDLCA_SOYBN
2802,3847.Q39828,Q39828,SDL5A_SOYBN
2803,3847.Q42808,Q42808,TBP1
2804,3847.Q43457,Q43457,HSF
2805,3847.Q43463,Q43463,RAB7_SOYBN
2806,3847.Q43465,Q43465,SPK-2
2807,3847.Q43466,Q43466,SPK-3
2808,3847.Q43467,Q43467,TUFA
2809,3847.Q45EZ4,Q45EZ4,RAV
2810,3847.Q4FH86,Q4FH86,C2H2
2811,3847.Q4QY92,Q4QY92,DREBa
2812,3847.Q4VPE5,Q4VPE5,PHANb
2813,3847.Q56GA2,Q56GA2,Q56GA2_SOYBN
2814,3847.Q5ECI4,Q5ECI4,KASII-A
2815,3847.Q5ECI5,Q5ECI5,KASII-B
2816,3847.Q5JCL0,Q5JCL0,MAPKK2
2817,3847.Q5K6N6,Q5K6N6,GMMAPK2
2818,3847.Q6TXD0,Q6TXD0,Q6TXD0_SOYBN
2819,3847.Q6ULS3,Q6ULS3,PpcK4
2820,3847.Q84P28,Q84P28,CDPK-BETA
2821,3847.Q8GSL0,Q8GSL0,PPCK3
2822,3847.Q8H1P2,Q8H1P2,PPCK1
2823,3847.Q8H1P3,Q8H1P3,PPCK2
2824,3847.Q8L5W2,Q8L5W2,BZIP126
2825,3847.Q8LK24,Q8LK24,Q8LK24_SOYBN
2826,3847.Q949H4,Q949H4,ure
2827,3847.Q9FQ95,Q9FQ95,GSTL5
2828,3847.Q9FQD3,Q9FQD3,GSTZ3
2829,3847.Q9FQD4,Q9FQD4,Q9FQD4_SOYBN
2830,3847.Q9FQD8,Q9FQD8,GSTU16
2831,3847.Q9FQD9,Q9FQD9,GSTU9
2832,3847.Q9FQE1,Q9FQE1,GSTU17
2833,3847.Q9FQE5,Q9FQE5,GSTU12
2834,3847.Q9FQE7,Q9FQE7,Q9FQE7_SOYBN
2835,3847.Q9FQE8,Q9FQE8,GST-2
2836,3847.Q9FQF3,Q9FQF3,GSTU3
2837,3847.Q9LKZ5,Q9LKZ5,RLK2
2838,3847.Q9LKZ6,Q9LKZ6,RLK1
2839,3847.Q9M507,Q9M507,Q9M507_SOYBN
2840,3847.Q9M508,Q9M508,KASI
2841,3847.Q9M6A7,Q9M6A7,CLV1B
2842,3847.Q9S7E3,Q9S7E3,GmMYB29A1
2843,3847.Q9XIU5,Q9XIU5,GmMYB29B2
2844,3847.Q9XIU8,Q9XIU8,GmMYB29A2
2845,3847.U3LZE5,U3LZE5,NAC018
2846,3847.V5TF25,V5TF25,SNAC41
