metabolite_kegg,metabolite_idx,rank,enzyme_idx,uniprot_id,string_id,score
C00007,0,1,842,C6TIM5,3847.C6TIM5,0.8720986843109131
C00007,0,2,681,A0A0R4J4B4,3847.A0A0R4J4B4,0.8713537454605103
C00007,0,3,971,I1JCG8,3847.I1JCG8,0.869857907295227
C00007,0,4,696,A0A0R4J5K2,3847.A0A0R4J5K2,0.85869300365448
C00007,0,5,1934,I1LW34,3847.I1LW34,0.8319761753082275
C00007,0,6,814,C6T8Y4,3847.C6T8Y4,0.8281877636909485
C00007,0,7,3421,Q9SYR0,3847.Q9SYR0,0.8257327079772949
C00007,0,8,2098,I1MAM5,3847.I1MAM5,0.795636773109436
C00007,0,9,2097,I1MAM4,3847.I1MAM4,0.7844522595405579
C00007,0,10,3174,K7MPN5,3847.K7MPN5,0.7474892735481262
C00007,0,11,3037,K7M5A2,3847.K7M5A2,0.7406550049781799
C00007,0,12,2879,K7LIJ3,3847.K7LIJ3,0.7125455141067505
C00007,0,13,1721,I1L905,3847.I1L905,0.7103592157363892
C00007,0,14,2602,K7KAN4,3847.K7KAN4,0.7007197737693787
C00007,0,15,2350,I1N0Y1,3847.I1N0Y1,0.6861509680747986
C00007,0,16,2277,I1MSY9,3847.I1MSY9,0.672493040561676
C00007,0,17,3184,K7MQT5,3847.K7MQT5,0.6616774797439575
C00007,0,18,671,A0A0R4J338,3847.A0A0R4J338,0.6588424444198608
C00007,0,19,3365,Q2PMU3,3847.Q2PMU3,0.6569318175315857
C00007,0,20,976,I1JCZ8,3847.I1JCZ8,0.6532885432243347
C00015,1,1,1058,I1JK97,3847.I1JK97,0.8016729354858398
C00015,1,2,2467,I1NC73,3847.I1NC73,0.7969381809234619
C00015,1,3,1887,I1LRK5,3847.I1LRK5,0.7949347496032715
C00015,1,4,2061,I1M791,3847.I1M791,0.7947623133659363
C00015,1,5,2345,I1N0D5,3847.I1N0D5,0.7940255999565125
C00015,1,6,3412,Q9LKY4,3847.Q9LKY4,0.7916487455368042
C00015,1,7,1408,I1KIC2,3847.I1KIC2,0.791404664516449
C00015,1,8,3258,K7MZR6,3847.K7MZR6,0.7907254099845886
C00015,1,9,2533,I1NIT6,3847.I1NIT6,0.7906849980354309
C00015,1,10,3059,K7M8N2,3847.K7M8N2,0.7906127572059631
C00015,1,11,1149,I1JTZ3,3847.I1JTZ3,0.7905574440956116
C00015,1,12,3096,K7MES8,3847.K7MES8,0.7902449369430542
C00015,1,13,3259,K7N016,3847.K7N016,0.7897109389305115
C00015,1,14,1744,I1LBG8,3847.I1LBG8,0.7897093892097473
C00015,1,15,2809,K7L8E8,3847.K7L8E8,0.7896224856376648
C00015,1,16,853,C6TNL5,3847.C6TNL5,0.7894394993782043
C00015,1,17,2318,I1MWD6,3847.I1MWD6,0.788574755191803
C00015,1,18,1194,I1JY21,3847.I1JY21,0.7885687351226807
C00015,1,19,1219,I1K090,3847.I1K090,0.788567066192627
C00015,1,20,2644,K7KGV1,3847.K7KGV1,0.78854900598526
C00016,2,1,842,C6TIM5,3847.C6TIM5,0.8106710910797119
C00016,2,2,681,A0A0R4J4B4,3847.A0A0R4J4B4,0.8028032779693604
C00016,2,3,971,I1JCG8,3847.I1JCG8,0.80210280418396
C00016,2,4,696,A0A0R4J5K2,3847.A0A0R4J5K2,0.8006089329719543
C00016,2,5,814,C6T8Y4,3847.C6T8Y4,0.7756220698356628
C00016,2,6,3421,Q9SYR0,3847.Q9SYR0,0.7540094256401062
C00016,2,7,1934,I1LW34,3847.I1LW34,0.7242422699928284
C00016,2,8,2098,I1MAM5,3847.I1MAM5,0.7012841105461121
C00016,2,9,2097,I1MAM4,3847.I1MAM4,0.6954593062400818
C00016,2,10,3037,K7M5A2,3847.K7M5A2,0.6898114681243896
C00016,2,11,3174,K7MPN5,3847.K7MPN5,0.6865516304969788
C00016,2,12,671,A0A0R4J338,3847.A0A0R4J338,0.6851859092712402
C00016,2,13,2879,K7LIJ3,3847.K7LIJ3,0.6804692149162292
C00016,2,14,686,A0A0R4J4Q1,3847.A0A0R4J4Q1,0.676650881767273
C00016,2,15,2277,I1MSY9,3847.I1MSY9,0.6763244271278381
C00016,2,16,572,A0A0R0KKK6,3847.A0A0R0KKK6,0.6763226389884949
C00016,2,17,1578,I1KVY3,3847.I1KVY3,0.6751652359962463
C00016,2,18,46,A0A0R0EM30,3847.A0A0R0EM30,0.6744107007980347
C00016,2,19,1318,I1K9R6,3847.I1K9R6,0.6729121804237366
C00016,2,20,695,A0A0R4J5H8,3847.A0A0R4J5H8,0.6726909279823303
C00017,3,1,1058,I1JK97,3847.I1JK97,0.7536048889160156
C00017,3,2,2467,I1NC73,3847.I1NC73,0.7451032400131226
C00017,3,3,1470,I1KN33,3847.I1KN33,0.7415007948875427
C00017,3,4,2061,I1M791,3847.I1M791,0.7413619160652161
C00017,3,5,3258,K7MZR6,3847.K7MZR6,0.7411270141601562
C00017,3,6,1408,I1KIC2,3847.I1KIC2,0.7405431866645813
C00017,3,7,1887,I1LRK5,3847.I1LRK5,0.7405428290367126
C00017,3,8,1087,I1JNF9,3847.I1JNF9,0.7396558523178101
C00017,3,9,1049,I1JJG5,3847.I1JJG5,0.7378448247909546
C00017,3,10,1149,I1JTZ3,3847.I1JTZ3,0.7374391555786133
C00017,3,11,1744,I1LBG8,3847.I1LBG8,0.737431526184082
C00017,3,12,3259,K7N016,3847.K7N016,0.7372586727142334
C00017,3,13,2886,K7LJR3,3847.K7LJR3,0.7371538281440735
C00017,3,14,733,A0A368UIA4,3847.A0A368UIA4,0.7368695139884949
C00017,3,15,2897,K7LKV4,3847.K7LKV4,0.7366783022880554
C00017,3,16,2064,I1M7D3,3847.I1M7D3,0.7361488938331604
C00017,3,17,3412,Q9LKY4,3847.Q9LKY4,0.7361019849777222
C00017,3,18,2271,I1MS93,3847.I1MS93,0.7354326844215393
C00017,3,19,2798,K7L6T7,3847.K7L6T7,0.7353686690330505
C00017,3,20,2869,K7LGQ9,3847.K7LGQ9,0.7350335717201233
C00018,4,1,3127,K7MJI4,3847.K7MJI4,0.485607773065567
C00018,4,2,296,A0A0R0HBG9,3847.A0A0R0HBG9,0.484205961227417
C00018,4,3,1038,I1JID0,3847.I1JID0,0.48383525013923645
C00018,4,4,654,A0A0R0LGF8,3847.A0A0R0LGF8,0.48329219222068787
C00018,4,5,1418,I1KIQ3,3847.I1KIQ3,0.481903612613678
C00018,4,6,1158,I1JUN7,3847.I1JUN7,0.4818633198738098
C00018,4,7,1270,I1K5A7,3847.I1K5A7,0.479775607585907
C00018,4,8,2711,K7KTX9,3847.K7KTX9,0.47964733839035034
C00018,4,9,310,A0A0R0HFU2,3847.A0A0R0HFU2,0.4789080023765564
C00018,4,10,3293,O81980,3847.O81980,0.47824323177337646
C00018,4,11,3114,K7MHK0,3847.K7MHK0,0.4776860177516937
C00018,4,12,680,A0A0R4J4A1,3847.A0A0R4J4A1,0.4764859676361084
C00018,4,13,877,C6ZRU5,3847.C6ZRU5,0.4764670431613922
C00018,4,14,1025,I1JHF8,3847.I1JHF8,0.47625312209129333
C00018,4,15,1425,I1KJF1,3847.I1KJF1,0.4759581983089447
C00018,4,16,1238,I1K2D0,3847.I1K2D0,0.47589701414108276
C00018,4,17,948,I1JAE9,3847.I1JAE9,0.47558069229125977
C00018,4,18,235,A0A0R0GI21,3847.A0A0R0GI21,0.47546613216400146
C00018,4,19,1831,I1LJH6,3847.I1LJH6,0.47521352767944336
C00018,4,20,118,A0A0R0FE45,3847.A0A0R0FE45,0.47511565685272217
C00019,5,1,842,C6TIM5,3847.C6TIM5,0.8165764808654785
C00019,5,2,971,I1JCG8,3847.I1JCG8,0.8106057643890381
C00019,5,3,681,A0A0R4J4B4,3847.A0A0R4J4B4,0.8097318410873413
C00019,5,4,696,A0A0R4J5K2,3847.A0A0R4J5K2,0.8026840090751648
C00019,5,5,814,C6T8Y4,3847.C6T8Y4,0.7757903337478638
C00019,5,6,3421,Q9SYR0,3847.Q9SYR0,0.7640447616577148
C00019,5,7,1934,I1LW34,3847.I1LW34,0.7482773661613464
C00019,5,8,2098,I1MAM5,3847.I1MAM5,0.7215540409088135
C00019,5,9,2097,I1MAM4,3847.I1MAM4,0.7148358821868896
C00019,5,10,3174,K7MPN5,3847.K7MPN5,0.6923321485519409
C00019,5,11,3037,K7M5A2,3847.K7M5A2,0.6885240077972412
C00019,5,12,2879,K7LIJ3,3847.K7LIJ3,0.6775010228157043
C00019,5,13,2602,K7KAN4,3847.K7KAN4,0.6643934845924377
C00019,5,14,671,A0A0R4J338,3847.A0A0R4J338,0.6638880372047424
C00019,5,15,2277,I1MSY9,3847.I1MSY9,0.6594626903533936
C00019,5,16,695,A0A0R4J5H8,3847.A0A0R4J5H8,0.6506286859512329
C00019,5,17,46,A0A0R0EM30,3847.A0A0R0EM30,0.6501713991165161
C00019,5,18,1578,I1KVY3,3847.I1KVY3,0.650034487247467
C00019,5,19,686,A0A0R4J4Q1,3847.A0A0R4J4Q1,0.6475056409835815
C00019,5,20,1318,I1K9R6,3847.I1K9R6,0.6465710997581482
C00021,6,1,842,C6TIM5,3847.C6TIM5,0.7472134232521057
C00021,6,2,681,A0A0R4J4B4,3847.A0A0R4J4B4,0.7385945320129395
C00021,6,3,696,A0A0R4J5K2,3847.A0A0R4J5K2,0.7373926043510437
C00021,6,4,971,I1JCG8,3847.I1JCG8,0.7363599538803101
C00021,6,5,814,C6T8Y4,3847.C6T8Y4,0.7196706533432007
C00021,6,6,3421,Q9SYR0,3847.Q9SYR0,0.688546895980835
C00021,6,7,686,A0A0R4J4Q1,3847.A0A0R4J4Q1,0.6599899530410767
C00021,6,8,671,A0A0R4J338,3847.A0A0R4J338,0.6574676632881165
C00021,6,9,46,A0A0R0EM30,3847.A0A0R0EM30,0.6493934988975525
C00021,6,10,1318,I1K9R6,3847.I1K9R6,0.6493672728538513
C00021,6,11,1934,I1LW34,3847.I1LW34,0.6488052606582642
C00021,6,12,572,A0A0R0KKK6,3847.A0A0R0KKK6,0.6474165320396423
C00021,6,13,695,A0A0R4J5H8,3847.A0A0R4J5H8,0.6473062634468079
C00021,6,14,1578,I1KVY3,3847.I1KVY3,0.6472568511962891
C00021,6,15,2277,I1MSY9,3847.I1MSY9,0.6468103528022766
C00021,6,16,846,C6TKA3,3847.C6TKA3,0.6448529958724976
C00021,6,17,2098,I1MAM5,3847.I1MAM5,0.6384268999099731
C00021,6,18,2879,K7LIJ3,3847.K7LIJ3,0.6375297904014587
C00021,6,19,694,A0A0R4J5H2,3847.A0A0R4J5H2,0.6371868252754211
C00021,6,20,2097,I1MAM4,3847.I1MAM4,0.6363562941551208
C00022,7,1,2156,I1MFV2,3847.I1MFV2,0.6041319966316223
C00022,7,2,3205,K7MTY9,3847.K7MTY9,0.5958006978034973
C00022,7,3,888,D4Q9Z5,3847.D4Q9Z5,0.5926035046577454
C00022,7,4,1058,I1JK97,3847.I1JK97,0.5919114947319031
C00022,7,5,1784,I1LEK0,3847.I1LEK0,0.5905605554580688
C00022,7,6,1551,I1KTE1,3847.I1KTE1,0.5903218388557434
C00022,7,7,1791,I1LFN3,3847.I1LFN3,0.5897619128227234
C00022,7,8,1758,I1LCJ1,3847.I1LCJ1,0.5887285470962524
C00022,7,9,1841,I1LLE0,3847.I1LLE0,0.588702380657196
C00022,7,10,1259,I1K4U7,3847.I1K4U7,0.5884809494018555
C00022,7,11,2038,I1M561,3847.I1M561,0.5883326530456543
C00022,7,12,1378,I1KEV6,3847.I1KEV6,0.5880225896835327
C00022,7,13,3207,K7MU28,3847.K7MU28,0.5879564881324768
C00022,7,14,2684,K7KNQ7,3847.K7KNQ7,0.5876725316047668
C00022,7,15,2279,I1MT93,3847.I1MT93,0.5876690149307251
C00022,7,16,2467,I1NC73,3847.I1NC73,0.5874934196472168
C00022,7,17,2840,K7LCZ8,3847.K7LCZ8,0.5871139168739319
C00022,7,18,3116,K7MHQ9,3847.K7MHQ9,0.5870469212532043
C00022,7,19,3149,K7MM15,3847.K7MM15,0.5869729518890381
C00022,7,20,2798,K7L6T7,3847.K7L6T7,0.5867924690246582
C00024,8,1,842,C6TIM5,3847.C6TIM5,0.7623665928840637
C00024,8,2,681,A0A0R4J4B4,3847.A0A0R4J4B4,0.7555031180381775
C00024,8,3,971,I1JCG8,3847.I1JCG8,0.7531112432479858
C00024,8,4,696,A0A0R4J5K2,3847.A0A0R4J5K2,0.7494056224822998
C00024,8,5,814,C6T8Y4,3847.C6T8Y4,0.7291548848152161
C00024,8,6,3421,Q9SYR0,3847.Q9SYR0,0.7152410745620728
C00024,8,7,1934,I1LW34,3847.I1LW34,0.7021507024765015
C00024,8,8,2098,I1MAM5,3847.I1MAM5,0.6779784560203552
C00024,8,9,2097,I1MAM4,3847.I1MAM4,0.6742828488349915
C00024,8,10,3174,K7MPN5,3847.K7MPN5,0.6580690145492554
C00024,8,11,3037,K7M5A2,3847.K7M5A2,0.6559001207351685
C00024,8,12,671,A0A0R4J338,3847.A0A0R4J338,0.6496453285217285
C00024,8,13,2879,K7LIJ3,3847.K7LIJ3,0.6494390368461609
C00024,8,14,46,A0A0R0EM30,3847.A0A0R0EM30,0.6435427665710449
C00024,8,15,695,A0A0R4J5H8,3847.A0A0R4J5H8,0.6432679891586304
C00024,8,16,686,A0A0R4J4Q1,3847.A0A0R4J4Q1,0.6419957280158997
C00024,8,17,1578,I1KVY3,3847.I1KVY3,0.6411550045013428
C00024,8,18,1318,I1K9R6,3847.I1K9R6,0.6401827931404114
C00024,8,19,2602,K7KAN4,3847.K7KAN4,0.6401497721672058
C00024,8,20,572,A0A0R0KKK6,3847.A0A0R0KKK6,0.6397842168807983
C00025,9,1,842,C6TIM5,3847.C6TIM5,0.8560987114906311
C00025,9,2,681,A0A0R4J4B4,3847.A0A0R4J4B4,0.8547543883323669
C00025,9,3,971,I1JCG8,3847.I1JCG8,0.8510738611221313
C00025,9,4,696,A0A0R4J5K2,3847.A0A0R4J5K2,0.8429433703422546
C00025,9,5,814,C6T8Y4,3847.C6T8Y4,0.8222847580909729
C00025,9,6,3421,Q9SYR0,3847.Q9SYR0,0.8107647895812988
C00025,9,7,1934,I1LW34,3847.I1LW34,0.8090401291847229
C00025,9,8,2098,I1MAM5,3847.I1MAM5,0.766828179359436
C00025,9,9,2097,I1MAM4,3847.I1MAM4,0.7592259049415588
C00025,9,10,3174,K7MPN5,3847.K7MPN5,0.7454284429550171
C00025,9,11,3037,K7M5A2,3847.K7M5A2,0.7435622811317444
C00025,9,12,2879,K7LIJ3,3847.K7LIJ3,0.7239709496498108
C00025,9,13,671,A0A0R4J338,3847.A0A0R4J338,0.7063776254653931
C00025,9,14,2602,K7KAN4,3847.K7KAN4,0.7044515609741211
C00025,9,15,695,A0A0R4J5H8,3847.A0A0R4J5H8,0.6917199492454529
C00025,9,16,1578,I1KVY3,3847.I1KVY3,0.6911657452583313
C00025,9,17,2277,I1MSY9,3847.I1MSY9,0.6909319758415222
C00025,9,18,46,A0A0R0EM30,3847.A0A0R0EM30,0.6905891299247742
C00025,9,19,846,C6TKA3,3847.C6TKA3,0.6899447441101074
C00025,9,20,572,A0A0R0KKK6,3847.A0A0R0KKK6,0.6892005205154419
C00026,10,1,842,C6TIM5,3847.C6TIM5,0.9090768098831177
C00026,10,2,681,A0A0R4J4B4,3847.A0A0R4J4B4,0.9077640771865845
C00026,10,3,971,I1JCG8,3847.I1JCG8,0.9065157175064087
C00026,10,4,696,A0A0R4J5K2,3847.A0A0R4J5K2,0.8959623575210571
C00026,10,5,1934,I1LW34,3847.I1LW34,0.8761679530143738
C00026,10,6,814,C6T8Y4,3847.C6T8Y4,0.8696225881576538
C00026,10,7,3421,Q9SYR0,3847.Q9SYR0,0.868134617805481
C00026,10,8,2098,I1MAM5,3847.I1MAM5,0.8390381932258606
C00026,10,9,2097,I1MAM4,3847.I1MAM4,0.8272157311439514
C00026,10,10,3174,K7MPN5,3847.K7MPN5,0.7903620004653931
C00026,10,11,3037,K7M5A2,3847.K7M5A2,0.7843911051750183
C00026,10,12,2879,K7LIJ3,3847.K7LIJ3,0.7518673539161682
C00026,10,13,1721,I1L905,3847.I1L905,0.7501540184020996
C00026,10,14,2602,K7KAN4,3847.K7KAN4,0.7323701977729797
C00026,10,15,2350,I1N0Y1,3847.I1N0Y1,0.7170620560646057
C00026,10,16,2277,I1MSY9,3847.I1MSY9,0.6987456679344177
C00026,10,17,3184,K7MQT5,3847.K7MQT5,0.69126296043396
C00026,10,18,3365,Q2PMU3,3847.Q2PMU3,0.6845380067825317
C00026,10,19,3263,K7N1N7,3847.K7N1N7,0.6826126575469971
C00026,10,20,976,I1JCZ8,3847.I1JCZ8,0.6816931962966919
C00028,11,1,681,A0A0R4J4B4,3847.A0A0R4J4B4,0.9500028491020203
C00028,11,2,842,C6TIM5,3847.C6TIM5,0.9494706988334656
C00028,11,3,971,I1JCG8,3847.I1JCG8,0.9484787583351135
C00028,11,4,696,A0A0R4J5K2,3847.A0A0R4J5K2,0.9371516108512878
C00028,11,5,1934,I1LW34,3847.I1LW34,0.9275909066200256
C00028,11,6,3421,Q9SYR0,3847.Q9SYR0,0.9167088866233826
C00028,11,7,814,C6T8Y4,3847.C6T8Y4,0.9113728404045105
C00028,11,8,2098,I1MAM5,3847.I1MAM5,0.8935848474502563
C00028,11,9,2097,I1MAM4,3847.I1MAM4,0.8804917931556702
C00028,11,10,3174,K7MPN5,3847.K7MPN5,0.8322586417198181
C00028,11,11,3037,K7M5A2,3847.K7M5A2,0.8235031962394714
C00028,11,12,1721,I1L905,3847.I1L905,0.8046767711639404
C00028,11,13,2879,K7LIJ3,3847.K7LIJ3,0.7779471278190613
C00028,11,14,2602,K7KAN4,3847.K7KAN4,0.761624276638031
C00028,11,15,2350,I1N0Y1,3847.I1N0Y1,0.7502173781394958
C00028,11,16,3365,Q2PMU3,3847.Q2PMU3,0.7204987406730652
C00028,11,17,3184,K7MQT5,3847.K7MQT5,0.7146761417388916
C00028,11,18,2277,I1MSY9,3847.I1MSY9,0.7140082120895386
C00028,11,19,3263,K7N1N7,3847.K7N1N7,0.7102065682411194
C00028,11,20,3364,Q2PMU2,3847.Q2PMU2,0.7063196897506714
C00029,12,1,1290,I1K772,3847.I1K772,0.5605090260505676
C00029,12,2,2232,I1MP44,3847.I1MP44,0.5560157895088196
C00029,12,3,2130,I1MDK4,3847.I1MDK4,0.5560082197189331
C00029,12,4,1294,I1K7A4,3847.I1K7A4,0.554675817489624
C00029,12,5,1174,I1JW76,3847.I1JW76,0.5533141493797302
C00029,12,6,2516,I1NHH9,3847.I1NHH9,0.5531390905380249
C00029,12,7,3394,Q6X0M9,3847.Q6X0M9,0.5523901581764221
C00029,12,8,1131,I1JS28,3847.I1JS28,0.5508929491043091
C00029,12,9,1815,I1LI78,3847.I1LI78,0.5497504472732544
C00029,12,10,3016,K7M1J7,3847.K7M1J7,0.5494509935379028
C00029,12,11,1881,I1LR32,3847.I1LR32,0.5494463443756104
C00029,12,12,1864,I1LPE3,3847.I1LPE3,0.5493519902229309
C00029,12,13,2507,I1NH41,3847.I1NH41,0.549347996711731
C00029,12,14,1754,I1LC39,3847.I1LC39,0.549331545829773
C00029,12,15,1551,I1KTE1,3847.I1KTE1,0.5493085384368896
C00029,12,16,2156,I1MFV2,3847.I1MFV2,0.5491273403167725
C00029,12,17,3310,P30081,3847.P30081,0.54863041639328
C00029,12,18,2899,K7LL62,3847.K7LL62,0.5485218167304993
C00029,12,19,1139,I1JSS8,3847.I1JSS8,0.5484527349472046
C00029,12,20,1795,I1LFY4,3847.I1LFY4,0.5483532547950745
C00030,13,1,842,C6TIM5,3847.C6TIM5,0.9356961846351624
C00030,13,2,681,A0A0R4J4B4,3847.A0A0R4J4B4,0.9345805644989014
C00030,13,3,971,I1JCG8,3847.I1JCG8,0.9340441823005676
C00030,13,4,696,A0A0R4J5K2,3847.A0A0R4J5K2,0.9200264811515808
C00030,13,5,1934,I1LW34,3847.I1LW34,0.9124778509140015
C00030,13,6,3421,Q9SYR0,3847.Q9SYR0,0.896129310131073
C00030,13,7,814,C6T8Y4,3847.C6T8Y4,0.8898738622665405
C00030,13,8,2098,I1MAM5,3847.I1MAM5,0.877845048904419
C00030,13,9,2097,I1MAM4,3847.I1MAM4,0.8613109588623047
C00030,13,10,3174,K7MPN5,3847.K7MPN5,0.8050515055656433
C00030,13,11,1721,I1L905,3847.I1L905,0.797598123550415
C00030,13,12,3037,K7M5A2,3847.K7M5A2,0.7963368892669678
C00030,13,13,2879,K7LIJ3,3847.K7LIJ3,0.7490752935409546
C00030,13,14,2602,K7KAN4,3847.K7KAN4,0.7326992154121399
C00030,13,15,2350,I1N0Y1,3847.I1N0Y1,0.7282039523124695
C00030,13,16,3263,K7N1N7,3847.K7N1N7,0.7069224715232849
C00030,13,17,3365,Q2PMU3,3847.Q2PMU3,0.7059261798858643
C00030,13,18,3184,K7MQT5,3847.K7MQT5,0.6908200979232788
C00030,13,19,3364,Q2PMU2,3847.Q2PMU2,0.6897505521774292
C00030,13,20,2277,I1MSY9,3847.I1MSY9,0.6839809417724609
C00031,14,1,1058,I1JK97,3847.I1JK97,0.7697950005531311
C00031,14,2,3258,K7MZR6,3847.K7MZR6,0.7596156597137451
C00031,14,3,2467,I1NC73,3847.I1NC73,0.759263813495636
C00031,14,4,2061,I1M791,3847.I1M791,0.7586057186126709
C00031,14,5,1470,I1KN33,3847.I1KN33,0.7578402757644653
C00031,14,6,3412,Q9LKY4,3847.Q9LKY4,0.7571794390678406
C00031,14,7,1408,I1KIC2,3847.I1KIC2,0.7571360468864441
C00031,14,8,3259,K7N016,3847.K7N016,0.7567713856697083
C00031,14,9,853,C6TNL5,3847.C6TNL5,0.7560077905654907
C00031,14,10,1054,I1JJV5,3847.I1JJV5,0.7559629678726196
C00031,14,11,1887,I1LRK5,3847.I1LRK5,0.7555323839187622
C00031,14,12,1149,I1JTZ3,3847.I1JTZ3,0.75504070520401
C00031,14,13,2886,K7LJR3,3847.K7LJR3,0.7549821138381958
C00031,14,14,733,A0A368UIA4,3847.A0A368UIA4,0.7545214295387268
C00031,14,15,2271,I1MS93,3847.I1MS93,0.7544718384742737
C00031,14,16,2318,I1MWD6,3847.I1MWD6,0.7542468905448914
C00031,14,17,1744,I1LBG8,3847.I1LBG8,0.7542024850845337
C00031,14,18,2785,K7L4M7,3847.K7L4M7,0.7541223168373108
C00031,14,19,3096,K7MES8,3847.K7MES8,0.753724992275238
C00031,14,20,2905,K7LMI9,3847.K7LMI9,0.7537020444869995
C00033,15,1,842,C6TIM5,3847.C6TIM5,0.8975567817687988
C00033,15,2,681,A0A0R4J4B4,3847.A0A0R4J4B4,0.8963502645492554
C00033,15,3,971,I1JCG8,3847.I1JCG8,0.8948509097099304
C00033,15,4,696,A0A0R4J5K2,3847.A0A0R4J5K2,0.8832786083221436
C00033,15,5,1934,I1LW34,3847.I1LW34,0.8599777221679688
C00033,15,6,814,C6T8Y4,3847.C6T8Y4,0.8544647097587585
C00033,15,7,3421,Q9SYR0,3847.Q9SYR0,0.8510454893112183
C00033,15,8,2098,I1MAM5,3847.I1MAM5,0.8229683637619019
C00033,15,9,2097,I1MAM4,3847.I1MAM4,0.8111909031867981
C00033,15,10,3174,K7MPN5,3847.K7MPN5,0.7696161270141602
C00033,15,11,3037,K7M5A2,3847.K7M5A2,0.7616207003593445
C00033,15,12,1721,I1L905,3847.I1L905,0.7323713898658752
C00033,15,13,2879,K7LIJ3,3847.K7LIJ3,0.7318733930587769
C00033,15,14,2602,K7KAN4,3847.K7KAN4,0.7187719941139221
C00033,15,15,2350,I1N0Y1,3847.I1N0Y1,0.7028253078460693
C00033,15,16,2277,I1MSY9,3847.I1MSY9,0.6865516304969788
C00033,15,17,3184,K7MQT5,3847.K7MQT5,0.6785191893577576
C00033,15,18,3365,Q2PMU3,3847.Q2PMU3,0.6743664741516113
C00033,15,19,671,A0A0R4J338,3847.A0A0R4J338,0.6728777885437012
C00033,15,20,976,I1JCZ8,3847.I1JCZ8,0.6687018275260925
C00035,16,1,1058,I1JK97,3847.I1JK97,0.833175539970398
C00035,16,2,1887,I1LRK5,3847.I1LRK5,0.8238943219184875
C00035,16,3,2061,I1M791,3847.I1M791,0.8208643198013306
C00035,16,4,2318,I1MWD6,3847.I1MWD6,0.8206482529640198
C00035,16,5,853,C6TNL5,3847.C6TNL5,0.8206116557121277
C00035,16,6,1408,I1KIC2,3847.I1KIC2,0.8204308152198792
C00035,16,7,2467,I1NC73,3847.I1NC73,0.8202271461486816
C00035,16,8,3259,K7N016,3847.K7N016,0.8202170729637146
C00035,16,9,2809,K7L8E8,3847.K7L8E8,0.819463849067688
C00035,16,10,1149,I1JTZ3,3847.I1JTZ3,0.8194557428359985
C00035,16,11,3412,Q9LKY4,3847.Q9LKY4,0.819238007068634
C00035,16,12,1470,I1KN33,3847.I1KN33,0.8182337880134583
C00035,16,13,3258,K7MZR6,3847.K7MZR6,0.8180478811264038
C00035,16,14,2905,K7LMI9,3847.K7LMI9,0.8170786499977112
C00035,16,15,1744,I1LBG8,3847.I1LBG8,0.8170574307441711
C00035,16,16,1054,I1JJV5,3847.I1JJV5,0.8168827891349792
C00035,16,17,733,A0A368UIA4,3847.A0A368UIA4,0.816752552986145
C00035,16,18,2897,K7LKV4,3847.K7LKV4,0.816748857498169
C00035,16,19,3096,K7MES8,3847.K7MES8,0.8165950179100037
C00035,16,20,1226,I1K117,3847.I1K117,0.8164398074150085
C00036,17,1,842,C6TIM5,3847.C6TIM5,0.925554633140564
C00036,17,2,681,A0A0R4J4B4,3847.A0A0R4J4B4,0.9253862500190735
C00036,17,3,971,I1JCG8,3847.I1JCG8,0.923259973526001
C00036,17,4,696,A0A0R4J5K2,3847.A0A0R4J5K2,0.9078971147537231
C00036,17,5,1934,I1LW34,3847.I1LW34,0.9077844023704529
C00036,17,6,3421,Q9SYR0,3847.Q9SYR0,0.888601541519165
C00036,17,7,814,C6T8Y4,3847.C6T8Y4,0.8766517043113708
C00036,17,8,2098,I1MAM5,3847.I1MAM5,0.8707649111747742
C00036,17,9,2097,I1MAM4,3847.I1MAM4,0.8547189831733704
C00036,17,10,1721,I1L905,3847.I1L905,0.8091109991073608
C00036,17,11,3174,K7MPN5,3847.K7MPN5,0.7991471886634827
C00036,17,12,3037,K7M5A2,3847.K7M5A2,0.7885788679122925
C00036,17,13,2879,K7LIJ3,3847.K7LIJ3,0.7427773475646973
C00036,17,14,3263,K7N1N7,3847.K7N1N7,0.735224187374115
C00036,17,15,2350,I1N0Y1,3847.I1N0Y1,0.7351927161216736
C00036,17,16,2602,K7KAN4,3847.K7KAN4,0.7259913682937622
C00036,17,17,3365,Q2PMU3,3847.Q2PMU3,0.7136957049369812
C00036,17,18,3364,Q2PMU2,3847.Q2PMU2,0.6987587213516235
C00036,17,19,3184,K7MQT5,3847.K7MQT5,0.6962652206420898
C00036,17,20,3346,Q2PMN3,3847.Q2PMN3,0.6825006604194641
C00037,18,1,681,A0A0R4J4B4,3847.A0A0R4J4B4,0.9404505491256714
C00037,18,2,842,C6TIM5,3847.C6TIM5,0.9397985339164734
C00037,18,3,971,I1JCG8,3847.I1JCG8,0.9397150874137878
C00037,18,4,696,A0A0R4J5K2,3847.A0A0R4J5K2,0.9265768527984619
C00037,18,5,1934,I1LW34,3847.I1LW34,0.921302855014801
C00037,18,6,3421,Q9SYR0,3847.Q9SYR0,0.9044026732444763
C00037,18,7,814,C6T8Y4,3847.C6T8Y4,0.8952115774154663
C00037,18,8,2098,I1MAM5,3847.I1MAM5,0.8871740698814392
C00037,18,9,2097,I1MAM4,3847.I1MAM4,0.8728551864624023
C00037,18,10,1721,I1L905,3847.I1L905,0.8236528635025024
C00037,18,11,3174,K7MPN5,3847.K7MPN5,0.8189795017242432
C00037,18,12,3037,K7M5A2,3847.K7M5A2,0.8083589673042297
C00037,18,13,2879,K7LIJ3,3847.K7LIJ3,0.7601023316383362
C00037,18,14,3263,K7N1N7,3847.K7N1N7,0.748111367225647
C00037,18,15,2350,I1N0Y1,3847.I1N0Y1,0.7462583184242249
C00037,18,16,2602,K7KAN4,3847.K7KAN4,0.7432887554168701
C00037,18,17,3365,Q2PMU3,3847.Q2PMU3,0.7234935164451599
C00037,18,18,3364,Q2PMU2,3847.Q2PMU2,0.7088133096694946
C00037,18,19,3184,K7MQT5,3847.K7MQT5,0.705757200717926
C00037,18,20,3346,Q2PMN3,3847.Q2PMN3,0.6879131197929382
C00039,19,1,842,C6TIM5,3847.C6TIM5,0.8447273373603821
C00039,19,2,681,A0A0R4J4B4,3847.A0A0R4J4B4,0.8393062949180603
C00039,19,3,971,I1JCG8,3847.I1JCG8,0.8374974131584167
C00039,19,4,696,A0A0R4J5K2,3847.A0A0R4J5K2,0.8340721130371094
C00039,19,5,814,C6T8Y4,3847.C6T8Y4,0.807041347026825
C00039,19,6,3421,Q9SYR0,3847.Q9SYR0,0.7922271490097046
C00039,19,7,1934,I1LW34,3847.I1LW34,0.7630177736282349
C00039,19,8,2098,I1MAM5,3847.I1MAM5,0.7359882593154907
C00039,19,9,2097,I1MAM4,3847.I1MAM4,0.7316622734069824
C00039,19,10,3037,K7M5A2,3847.K7M5A2,0.7202165126800537
C00039,19,11,3174,K7MPN5,3847.K7MPN5,0.7167049646377563
C00039,19,12,671,A0A0R4J338,3847.A0A0R4J338,0.7151483297348022
C00039,19,13,2879,K7LIJ3,3847.K7LIJ3,0.7104813456535339
C00039,19,14,572,A0A0R0KKK6,3847.A0A0R0KKK6,0.7072430849075317
C00039,19,15,46,A0A0R0EM30,3847.A0A0R0EM30,0.7036751508712769
C00039,19,16,1578,I1KVY3,3847.I1KVY3,0.7024560570716858
C00039,19,17,686,A0A0R4J4Q1,3847.A0A0R4J4Q1,0.7019405364990234
C00039,19,18,695,A0A0R4J5H8,3847.A0A0R4J5H8,0.701394259929657
C00039,19,19,1318,I1K9R6,3847.I1K9R6,0.7005370855331421
C00039,19,20,2277,I1MSY9,3847.I1MSY9,0.6989278197288513
C00040,20,1,842,C6TIM5,3847.C6TIM5,0.6882758140563965
C00040,20,2,971,I1JCG8,3847.I1JCG8,0.6766881346702576
C00040,20,3,696,A0A0R4J5K2,3847.A0A0R4J5K2,0.6762951016426086
C00040,20,4,681,A0A0R4J4B4,3847.A0A0R4J4B4,0.676180899143219
C00040,20,5,814,C6T8Y4,3847.C6T8Y4,0.6668925881385803
C00040,20,6,3421,Q9SYR0,3847.Q9SYR0,0.6410395503044128
C00040,20,7,686,A0A0R4J4Q1,3847.A0A0R4J4Q1,0.6124474406242371
C00040,20,8,671,A0A0R4J338,3847.A0A0R4J338,0.6091803908348083
C00040,20,9,2277,I1MSY9,3847.I1MSY9,0.6089176535606384
C00040,20,10,1934,I1LW34,3847.I1LW34,0.6081305146217346
C00040,20,11,46,A0A0R0EM30,3847.A0A0R0EM30,0.602112352848053
C00040,20,12,1578,I1KVY3,3847.I1KVY3,0.6006885766983032
C00040,20,13,1318,I1K9R6,3847.I1K9R6,0.6003381013870239
C00040,20,14,695,A0A0R4J5H8,3847.A0A0R4J5H8,0.6002073287963867
C00040,20,15,2879,K7LIJ3,3847.K7LIJ3,0.5999126434326172
C00040,20,16,2098,I1MAM5,3847.I1MAM5,0.5999114513397217
C00040,20,17,3174,K7MPN5,3847.K7MPN5,0.5972599387168884
C00040,20,18,3037,K7M5A2,3847.K7M5A2,0.5970975756645203
C00040,20,19,846,C6TKA3,3847.C6TKA3,0.597055971622467
C00040,20,20,694,A0A0R4J5H2,3847.A0A0R4J5H2,0.5964364409446716
C00041,21,1,842,C6TIM5,3847.C6TIM5,0.7755778431892395
C00041,21,2,681,A0A0R4J4B4,3847.A0A0R4J4B4,0.7709642052650452
C00041,21,3,971,I1JCG8,3847.I1JCG8,0.7696225643157959
C00041,21,4,696,A0A0R4J5K2,3847.A0A0R4J5K2,0.7631345987319946
C00041,21,5,814,C6T8Y4,3847.C6T8Y4,0.7455036044120789
C00041,21,6,3421,Q9SYR0,3847.Q9SYR0,0.7262144684791565
C00041,21,7,1934,I1LW34,3847.I1LW34,0.715069591999054
C00041,21,8,2098,I1MAM5,3847.I1MAM5,0.6863342523574829
C00041,21,9,2097,I1MAM4,3847.I1MAM4,0.6816798448562622
C00041,21,10,3174,K7MPN5,3847.K7MPN5,0.6749969124794006
C00041,21,11,3037,K7M5A2,3847.K7M5A2,0.6737152934074402
C00041,21,12,2879,K7LIJ3,3847.K7LIJ3,0.6635380983352661
C00041,21,13,671,A0A0R4J338,3847.A0A0R4J338,0.6603522896766663
C00041,21,14,2602,K7KAN4,3847.K7KAN4,0.6527664661407471
C00041,21,15,1578,I1KVY3,3847.I1KVY3,0.6482709646224976
C00041,21,16,695,A0A0R4J5H8,3847.A0A0R4J5H8,0.6476835608482361
C00041,21,17,46,A0A0R0EM30,3847.A0A0R0EM30,0.646947979927063
C00041,21,18,846,C6TKA3,3847.C6TKA3,0.6458470821380615
C00041,21,19,686,A0A0R4J4Q1,3847.A0A0R4J4Q1,0.6452634930610657
C00041,21,20,572,A0A0R0KKK6,3847.A0A0R0KKK6,0.64503014087677
C00042,22,1,842,C6TIM5,3847.C6TIM5,0.8307819366455078
C00042,22,2,681,A0A0R4J4B4,3847.A0A0R4J4B4,0.8298652172088623
C00042,22,3,971,I1JCG8,3847.I1JCG8,0.8293811678886414
C00042,22,4,696,A0A0R4J5K2,3847.A0A0R4J5K2,0.8122740983963013
C00042,22,5,1934,I1LW34,3847.I1LW34,0.8076453804969788
C00042,22,6,3421,Q9SYR0,3847.Q9SYR0,0.7914119362831116
C00042,22,7,814,C6T8Y4,3847.C6T8Y4,0.7849151492118835
C00042,22,8,2098,I1MAM5,3847.I1MAM5,0.7651744484901428
C00042,22,9,2097,I1MAM4,3847.I1MAM4,0.7527322769165039
C00042,22,10,3174,K7MPN5,3847.K7MPN5,0.7182174921035767
C00042,22,11,3037,K7M5A2,3847.K7M5A2,0.7100675106048584
C00042,22,12,1721,I1L905,3847.I1L905,0.7023760676383972
C00042,22,13,2879,K7LIJ3,3847.K7LIJ3,0.6818647384643555
C00042,22,14,2602,K7KAN4,3847.K7KAN4,0.6712994575500488
C00042,22,15,2350,I1N0Y1,3847.I1N0Y1,0.666038990020752
C00042,22,16,3263,K7N1N7,3847.K7N1N7,0.657382607460022
C00042,22,17,3365,Q2PMU3,3847.Q2PMU3,0.6498733758926392
C00042,22,18,3184,K7MQT5,3847.K7MQT5,0.6480008959770203
C00042,22,19,2277,I1MSY9,3847.I1MSY9,0.6427561640739441
C00042,22,20,3364,Q2PMU2,3847.Q2PMU2,0.6420076489448547
C00043,23,1,1058,I1JK97,3847.I1JK97,0.8072632551193237
C00043,23,2,853,C6TNL5,3847.C6TNL5,0.7944764494895935
C00043,23,3,278,A0A0R0H2F3,3847.A0A0R0H2F3,0.7939305305480957
C00043,23,4,1887,I1LRK5,3847.I1LRK5,0.7937325239181519
C00043,23,5,3259,K7N016,3847.K7N016,0.7937302589416504
C00043,23,6,2061,I1M791,3847.I1M791,0.7924090027809143
C00043,23,7,1470,I1KN33,3847.I1KN33,0.7919983863830566
C00043,23,8,3096,K7MES8,3847.K7MES8,0.7916925549507141
C00043,23,9,2318,I1MWD6,3847.I1MWD6,0.790882408618927
C00043,23,10,1408,I1KIC2,3847.I1KIC2,0.7906475067138672
C00043,23,11,2467,I1NC73,3847.I1NC73,0.7904335260391235
C00043,23,12,733,A0A368UIA4,3847.A0A368UIA4,0.7903131246566772
C00043,23,13,1759,I1LCP7,3847.I1LCP7,0.7902073264122009
C00043,23,14,2271,I1MS93,3847.I1MS93,0.790148138999939
C00043,23,15,1054,I1JJV5,3847.I1JJV5,0.789960503578186
C00043,23,16,3412,Q9LKY4,3847.Q9LKY4,0.7899407148361206
C00043,23,17,2905,K7LMI9,3847.K7LMI9,0.7897382974624634
C00043,23,18,3258,K7MZR6,3847.K7MZR6,0.7894424796104431
C00043,23,19,1092,I1JNX1,3847.I1JNX1,0.789341926574707
C00043,23,20,2809,K7L8E8,3847.K7L8E8,0.78932124376297
C00046,24,1,842,C6TIM5,3847.C6TIM5,0.7670499086380005
C00046,24,2,681,A0A0R4J4B4,3847.A0A0R4J4B4,0.7600352764129639
C00046,24,3,971,I1JCG8,3847.I1JCG8,0.7592946290969849
C00046,24,4,696,A0A0R4J5K2,3847.A0A0R4J5K2,0.7573860287666321
C00046,24,5,814,C6T8Y4,3847.C6T8Y4,0.737251877784729
C00046,24,6,3421,Q9SYR0,3847.Q9SYR0,0.7151649594306946
C00046,24,7,1934,I1LW34,3847.I1LW34,0.6908919215202332
C00046,24,8,2098,I1MAM5,3847.I1MAM5,0.6690283417701721
C00046,24,9,671,A0A0R4J338,3847.A0A0R4J338,0.6668784022331238
C00046,24,10,2097,I1MAM4,3847.I1MAM4,0.6651076674461365
C00046,24,11,686,A0A0R4J4Q1,3847.A0A0R4J4Q1,0.6616093516349792
C00046,24,12,3174,K7MPN5,3847.K7MPN5,0.661279559135437
C00046,24,13,3037,K7M5A2,3847.K7M5A2,0.6612604856491089
C00046,24,14,1578,I1KVY3,3847.I1KVY3,0.6598102450370789
C00046,24,15,46,A0A0R0EM30,3847.A0A0R0EM30,0.6597025990486145
C00046,24,16,1318,I1K9R6,3847.I1K9R6,0.6592658162117004
C00046,24,17,695,A0A0R4J5H8,3847.A0A0R4J5H8,0.6585765480995178
C00046,24,18,846,C6TKA3,3847.C6TKA3,0.6555535793304443
C00046,24,19,572,A0A0R0KKK6,3847.A0A0R0KKK6,0.6551154851913452
C00046,24,20,2277,I1MSY9,3847.I1MSY9,0.654444694519043
C00047,25,1,842,C6TIM5,3847.C6TIM5,0.8949716687202454
C00047,25,2,681,A0A0R4J4B4,3847.A0A0R4J4B4,0.8929998278617859
C00047,25,3,971,I1JCG8,3847.I1JCG8,0.8920019268989563
C00047,25,4,696,A0A0R4J5K2,3847.A0A0R4J5K2,0.8803858757019043
C00047,25,5,1934,I1LW34,3847.I1LW34,0.8525569438934326
C00047,25,6,3421,Q9SYR0,3847.Q9SYR0,0.8498377203941345
C00047,25,7,814,C6T8Y4,3847.C6T8Y4,0.8491855263710022
C00047,25,8,2098,I1MAM5,3847.I1MAM5,0.8168913125991821
C00047,25,9,2097,I1MAM4,3847.I1MAM4,0.8056724667549133
C00047,25,10,3174,K7MPN5,3847.K7MPN5,0.7650970220565796
C00047,25,11,3037,K7M5A2,3847.K7M5A2,0.7583264708518982
C00047,25,12,2879,K7LIJ3,3847.K7LIJ3,0.7287939786911011
C00047,25,13,2602,K7KAN4,3847.K7KAN4,0.7117935419082642
C00047,25,14,1721,I1L905,3847.I1L905,0.7077333927154541
C00047,25,15,2350,I1N0Y1,3847.I1N0Y1,0.6900759935379028
C00047,25,16,2277,I1MSY9,3847.I1MSY9,0.6819417476654053
C00047,25,17,3184,K7MQT5,3847.K7MQT5,0.6647443771362305
C00047,25,18,671,A0A0R4J338,3847.A0A0R4J338,0.6646578311920166
C00047,25,19,1514,I1KQX3,3847.I1KQX3,0.6584333181381226
C00047,25,20,976,I1JCZ8,3847.I1JCZ8,0.6580621004104614
C00048,26,1,842,C6TIM5,3847.C6TIM5,0.9225062131881714
C00048,26,2,971,I1JCG8,3847.I1JCG8,0.9219412803649902
C00048,26,3,681,A0A0R4J4B4,3847.A0A0R4J4B4,0.9218595027923584
C00048,26,4,696,A0A0R4J5K2,3847.A0A0R4J5K2,0.9064239859580994
C00048,26,5,1934,I1LW34,3847.I1LW34,0.9027146100997925
C00048,26,6,3421,Q9SYR0,3847.Q9SYR0,0.8819000720977783
C00048,26,7,814,C6T8Y4,3847.C6T8Y4,0.8757196664810181
C00048,26,8,2098,I1MAM5,3847.I1MAM5,0.8648942708969116
C00048,26,9,2097,I1MAM4,3847.I1MAM4,0.8486093878746033
C00048,26,10,1721,I1L905,3847.I1L905,0.8113986849784851
C00048,26,11,3174,K7MPN5,3847.K7MPN5,0.7956644892692566
C00048,26,12,3037,K7M5A2,3847.K7M5A2,0.786608874797821
C00048,26,13,3263,K7N1N7,3847.K7N1N7,0.7491329312324524
C00048,26,14,2879,K7LIJ3,3847.K7LIJ3,0.7392717599868774
C00048,26,15,2350,I1N0Y1,3847.I1N0Y1,0.7320237159729004
C00048,26,16,2602,K7KAN4,3847.K7KAN4,0.7239859104156494
C00048,26,17,3365,Q2PMU3,3847.Q2PMU3,0.7121527194976807
C00048,26,18,3364,Q2PMU2,3847.Q2PMU2,0.6989746689796448
C00048,26,19,3184,K7MQT5,3847.K7MQT5,0.6951261162757874
C00048,26,20,547,A0A0R0KCM6,3847.A0A0R0KCM6,0.6835262775421143
C00049,27,1,681,A0A0R4J4B4,3847.A0A0R4J4B4,0.9326635003089905
C00049,27,2,842,C6TIM5,3847.C6TIM5,0.9318451285362244
C00049,27,3,971,I1JCG8,3847.I1JCG8,0.931783139705658
C00049,27,4,696,A0A0R4J5K2,3847.A0A0R4J5K2,0.9167333841323853
C00049,27,5,1934,I1LW34,3847.I1LW34,0.9156010746955872
C00049,27,6,3421,Q9SYR0,3847.Q9SYR0,0.8964007496833801
C00049,27,7,814,C6T8Y4,3847.C6T8Y4,0.8850436806678772
C00049,27,8,2098,I1MAM5,3847.I1MAM5,0.8802348375320435
C00049,27,9,2097,I1MAM4,3847.I1MAM4,0.8655143976211548
C00049,27,10,1721,I1L905,3847.I1L905,0.8341948986053467
C00049,27,11,3174,K7MPN5,3847.K7MPN5,0.8128153681755066
C00049,27,12,3037,K7M5A2,3847.K7M5A2,0.8004106879234314
C00049,27,13,3263,K7N1N7,3847.K7N1N7,0.7739899158477783
C00049,27,14,2879,K7LIJ3,3847.K7LIJ3,0.7526342868804932
C00049,27,15,2350,I1N0Y1,3847.I1N0Y1,0.7505136132240295
C00049,27,16,2602,K7KAN4,3847.K7KAN4,0.7358013987541199
C00049,27,17,3365,Q2PMU3,3847.Q2PMU3,0.7319285869598389
C00049,27,18,3364,Q2PMU2,3847.Q2PMU2,0.7203249931335449
C00049,27,19,3184,K7MQT5,3847.K7MQT5,0.7104533314704895
C00049,27,20,547,A0A0R0KCM6,3847.A0A0R0KCM6,0.7043854594230652
C00051,28,1,842,C6TIM5,3847.C6TIM5,0.9572895765304565
C00051,28,2,681,A0A0R4J4B4,3847.A0A0R4J4B4,0.9564065933227539
C00051,28,3,971,I1JCG8,3847.I1JCG8,0.9558035731315613
C00051,28,4,696,A0A0R4J5K2,3847.A0A0R4J5K2,0.9469955563545227
C00051,28,5,1934,I1LW34,3847.I1LW34,0.9313488602638245
C00051,28,6,3421,Q9SYR0,3847.Q9SYR0,0.9260124564170837
C00051,28,7,814,C6T8Y4,3847.C6T8Y4,0.9245357513427734
C00051,28,8,2098,I1MAM5,3847.I1MAM5,0.8991751074790955
C00051,28,9,2097,I1MAM4,3847.I1MAM4,0.8883814215660095
C00051,28,10,3174,K7MPN5,3847.K7MPN5,0.8461434841156006
C00051,28,11,3037,K7M5A2,3847.K7M5A2,0.8385698199272156
C00051,28,12,2879,K7LIJ3,3847.K7LIJ3,0.802435040473938
C00051,28,13,1721,I1L905,3847.I1L905,0.7936137914657593
C00051,28,14,2602,K7KAN4,3847.K7KAN4,0.7870335578918457
C00051,28,15,2350,I1N0Y1,3847.I1N0Y1,0.7667471766471863
C00051,28,16,2277,I1MSY9,3847.I1MSY9,0.7511937618255615
C00051,28,17,3184,K7MQT5,3847.K7MQT5,0.7384785413742065
C00051,28,18,3365,Q2PMU3,3847.Q2PMU3,0.7313636541366577
C00051,28,19,976,I1JCZ8,3847.I1JCZ8,0.727012038230896
C00051,28,20,671,A0A0R4J338,3847.A0A0R4J338,0.7259843945503235
C00052,29,1,1058,I1JK97,3847.I1JK97,0.8281519412994385
C00052,29,2,2061,I1M791,3847.I1M791,0.8200460076332092
C00052,29,3,2467,I1NC73,3847.I1NC73,0.819415271282196
C00052,29,4,1887,I1LRK5,3847.I1LRK5,0.8193552494049072
C00052,29,5,3412,Q9LKY4,3847.Q9LKY4,0.8192635178565979
C00052,29,6,3259,K7N016,3847.K7N016,0.8190857768058777
C00052,29,7,1408,I1KIC2,3847.I1KIC2,0.8185732960700989
C00052,29,8,1470,I1KN33,3847.I1KN33,0.8172597289085388
C00052,29,9,2271,I1MS93,3847.I1MS93,0.8170832991600037
C00052,29,10,1054,I1JJV5,3847.I1JJV5,0.8170598745346069
C00052,29,11,3096,K7MES8,3847.K7MES8,0.8170480728149414
C00052,29,12,3258,K7MZR6,3847.K7MZR6,0.8170132637023926
C00052,29,13,278,A0A0R0H2F3,3847.A0A0R0H2F3,0.8166180849075317
C00052,29,14,2530,I1NIP4,3847.I1NIP4,0.8166049718856812
C00052,29,15,2897,K7LKV4,3847.K7LKV4,0.8165189027786255
C00052,29,16,326,A0A0R0HLV3,3847.A0A0R0HLV3,0.8163686990737915
C00052,29,17,2785,K7L4M7,3847.K7L4M7,0.816113293170929
C00052,29,18,733,A0A368UIA4,3847.A0A368UIA4,0.8159239292144775
C00052,29,19,1357,I1KCA7,3847.I1KCA7,0.8157718181610107
C00052,29,20,1149,I1JTZ3,3847.I1JTZ3,0.8156113028526306
C00053,30,1,1058,I1JK97,3847.I1JK97,0.7629079818725586
C00053,30,2,1887,I1LRK5,3847.I1LRK5,0.7494838237762451
C00053,30,3,3259,K7N016,3847.K7N016,0.7483325004577637
C00053,30,4,3412,Q9LKY4,3847.Q9LKY4,0.7482103705406189
C00053,30,5,1408,I1KIC2,3847.I1KIC2,0.7480978965759277
C00053,30,6,2467,I1NC73,3847.I1NC73,0.7480019927024841
C00053,30,7,1149,I1JTZ3,3847.I1JTZ3,0.7472395896911621
C00053,30,8,3258,K7MZR6,3847.K7MZR6,0.7470689415931702
C00053,30,9,1744,I1LBG8,3847.I1LBG8,0.746528685092926
C00053,30,10,2809,K7L8E8,3847.K7L8E8,0.7456943392753601
C00053,30,11,853,C6TNL5,3847.C6TNL5,0.7454970479011536
C00053,30,12,1470,I1KN33,3847.I1KN33,0.744013249874115
C00053,30,13,2061,I1M791,3847.I1M791,0.7439848780632019
C00053,30,14,2271,I1MS93,3847.I1MS93,0.7438521981239319
C00053,30,15,3096,K7MES8,3847.K7MES8,0.7431915402412415
C00053,30,16,2886,K7LJR3,3847.K7LJR3,0.7423059940338135
C00053,30,17,2897,K7LKV4,3847.K7LKV4,0.7421783804893494
C00053,30,18,2318,I1MWD6,3847.I1MWD6,0.7421696186065674
C00053,30,19,886,D3G9M7,3847.D3G9M7,0.7420041561126709
C00053,30,20,2967,K7LVT0,3847.K7LVT0,0.7419322729110718
C00054,31,1,842,C6TIM5,3847.C6TIM5,0.7731099724769592
C00054,31,2,696,A0A0R4J5K2,3847.A0A0R4J5K2,0.7671395540237427
C00054,31,3,681,A0A0R4J4B4,3847.A0A0R4J4B4,0.7648555040359497
C00054,31,4,971,I1JCG8,3847.I1JCG8,0.762966513633728
C00054,31,5,814,C6T8Y4,3847.C6T8Y4,0.7540280222892761
C00054,31,6,3421,Q9SYR0,3847.Q9SYR0,0.718239426612854
C00054,31,7,686,A0A0R4J4Q1,3847.A0A0R4J4Q1,0.6974749565124512
C00054,31,8,671,A0A0R4J338,3847.A0A0R4J338,0.6974058151245117
C00054,31,9,46,A0A0R0EM30,3847.A0A0R0EM30,0.6894199848175049
C00054,31,10,572,A0A0R0KKK6,3847.A0A0R0KKK6,0.6867928504943848
C00054,31,11,1578,I1KVY3,3847.I1KVY3,0.6853082776069641
C00054,31,12,1318,I1K9R6,3847.I1K9R6,0.684654712677002
C00054,31,13,695,A0A0R4J5H8,3847.A0A0R4J5H8,0.6838604807853699
C00054,31,14,1934,I1LW34,3847.I1LW34,0.6804768443107605
C00054,31,15,846,C6TKA3,3847.C6TKA3,0.6787392497062683
C00054,31,16,694,A0A0R4J5H2,3847.A0A0R4J5H2,0.6758038401603699
C00054,31,17,2277,I1MSY9,3847.I1MSY9,0.6755124926567078
C00054,31,18,2879,K7LIJ3,3847.K7LIJ3,0.6751994490623474
C00054,31,19,3037,K7M5A2,3847.K7M5A2,0.6716555953025818
C00054,31,20,3174,K7MPN5,3847.K7MPN5,0.6650465130805969
C00055,32,1,1058,I1JK97,3847.I1JK97,0.6670202016830444
C00055,32,2,2467,I1NC73,3847.I1NC73,0.6599822044372559
C00055,32,3,3258,K7MZR6,3847.K7MZR6,0.6564411520957947
C00055,32,4,1408,I1KIC2,3847.I1KIC2,0.6561806797981262
C00055,32,5,2905,K7LMI9,3847.K7LMI9,0.6552698016166687
C00055,32,6,2809,K7L8E8,3847.K7L8E8,0.6551743149757385
C00055,32,7,2061,I1M791,3847.I1M791,0.6546872854232788
C00055,32,8,1744,I1LBG8,3847.I1LBG8,0.6545009613037109
C00055,32,9,1087,I1JNF9,3847.I1JNF9,0.6543567776679993
C00055,32,10,1470,I1KN33,3847.I1KN33,0.6542930603027344
C00055,32,11,1887,I1LRK5,3847.I1LRK5,0.6532870531082153
C00055,32,12,2271,I1MS93,3847.I1MS93,0.6531112790107727
C00055,32,13,2027,I1M3S3,3847.I1M3S3,0.6528826355934143
C00055,32,14,2468,I1NC81,3847.I1NC81,0.652508556842804
C00055,32,15,2533,I1NIT6,3847.I1NIT6,0.6517608761787415
C00055,32,16,853,C6TNL5,3847.C6TNL5,0.6517236828804016
C00055,32,17,3412,Q9LKY4,3847.Q9LKY4,0.6514415740966797
C00055,32,18,1054,I1JJV5,3847.I1JJV5,0.6512845754623413
C00055,32,19,733,A0A368UIA4,3847.A0A368UIA4,0.6512584090232849
C00055,32,20,3259,K7N016,3847.K7N016,0.6509167551994324
C00058,33,1,681,A0A0R4J4B4,3847.A0A0R4J4B4,0.8793531656265259
C00058,33,2,842,C6TIM5,3847.C6TIM5,0.8787291049957275
C00058,33,3,971,I1JCG8,3847.I1JCG8,0.8775133490562439
C00058,33,4,696,A0A0R4J5K2,3847.A0A0R4J5K2,0.8648927807807922
C00058,33,5,1934,I1LW34,3847.I1LW34,0.8422602415084839
C00058,33,6,3421,Q9SYR0,3847.Q9SYR0,0.8332594037055969
C00058,33,7,814,C6T8Y4,3847.C6T8Y4,0.8330102562904358
C00058,33,8,2098,I1MAM5,3847.I1MAM5,0.8044316172599792
C00058,33,9,2097,I1MAM4,3847.I1MAM4,0.7911797761917114
C00058,33,10,3174,K7MPN5,3847.K7MPN5,0.7544422149658203
C00058,33,11,3037,K7M5A2,3847.K7M5A2,0.7480448484420776
C00058,33,12,1721,I1L905,3847.I1L905,0.723447859287262
C00058,33,13,2879,K7LIJ3,3847.K7LIJ3,0.7153509855270386
C00058,33,14,2602,K7KAN4,3847.K7KAN4,0.7004731297492981
C00058,33,15,2350,I1N0Y1,3847.I1N0Y1,0.6933053135871887
C00058,33,16,2277,I1MSY9,3847.I1MSY9,0.6711328029632568
C00058,33,17,3184,K7MQT5,3847.K7MQT5,0.6666024327278137
C00058,33,18,3365,Q2PMU3,3847.Q2PMU3,0.6585493683815002
C00058,33,19,976,I1JCZ8,3847.I1JCZ8,0.6542537212371826
C00058,33,20,3364,Q2PMU2,3847.Q2PMU2,0.651549756526947
C00059,34,1,842,C6TIM5,3847.C6TIM5,0.7987828254699707
C00059,34,2,681,A0A0R4J4B4,3847.A0A0R4J4B4,0.7933674454689026
C00059,34,3,971,I1JCG8,3847.I1JCG8,0.7904472947120667
C00059,34,4,696,A0A0R4J5K2,3847.A0A0R4J5K2,0.7864628434181213
C00059,34,5,814,C6T8Y4,3847.C6T8Y4,0.7625470161437988
C00059,34,6,3421,Q9SYR0,3847.Q9SYR0,0.7430708408355713
C00059,34,7,1934,I1LW34,3847.I1LW34,0.7147474884986877
C00059,34,8,2098,I1MAM5,3847.I1MAM5,0.6934294700622559
C00059,34,9,2097,I1MAM4,3847.I1MAM4,0.6885690689086914
C00059,34,10,671,A0A0R4J338,3847.A0A0R4J338,0.6772929430007935
C00059,34,11,3037,K7M5A2,3847.K7M5A2,0.6751868724822998
C00059,34,12,3174,K7MPN5,3847.K7MPN5,0.673713207244873
C00059,34,13,686,A0A0R4J4Q1,3847.A0A0R4J4Q1,0.6731933951377869
C00059,34,14,2879,K7LIJ3,3847.K7LIJ3,0.6725304126739502
C00059,34,15,2277,I1MSY9,3847.I1MSY9,0.6692017316818237
C00059,34,16,46,A0A0R0EM30,3847.A0A0R0EM30,0.6668882369995117
C00059,34,17,572,A0A0R0KKK6,3847.A0A0R0KKK6,0.6660157442092896
C00059,34,18,1318,I1K9R6,3847.I1K9R6,0.665777862071991
C00059,34,19,695,A0A0R4J5H8,3847.A0A0R4J5H8,0.6654683947563171
C00059,34,20,1578,I1KVY3,3847.I1KVY3,0.6651521325111389
C00060,35,1,842,C6TIM5,3847.C6TIM5,0.8721926212310791
C00060,35,2,971,I1JCG8,3847.I1JCG8,0.8635741472244263
C00060,35,3,681,A0A0R4J4B4,3847.A0A0R4J4B4,0.8623780012130737
C00060,35,4,696,A0A0R4J5K2,3847.A0A0R4J5K2,0.8586961030960083
C00060,35,5,814,C6T8Y4,3847.C6T8Y4,0.8356369733810425
C00060,35,6,3421,Q9SYR0,3847.Q9SYR0,0.8134644627571106
C00060,35,7,1934,I1LW34,3847.I1LW34,0.7854518890380859
C00060,35,8,2098,I1MAM5,3847.I1MAM5,0.7578443288803101
C00060,35,9,2097,I1MAM4,3847.I1MAM4,0.754216730594635
C00060,35,10,3037,K7M5A2,3847.K7M5A2,0.7331240773200989
C00060,35,11,3174,K7MPN5,3847.K7MPN5,0.7311080694198608
C00060,35,12,671,A0A0R4J338,3847.A0A0R4J338,0.7284642457962036
C00060,35,13,2879,K7LIJ3,3847.K7LIJ3,0.722518265247345
C00060,35,14,686,A0A0R4J4Q1,3847.A0A0R4J4Q1,0.7198536992073059
C00060,35,15,695,A0A0R4J5H8,3847.A0A0R4J5H8,0.7186948657035828
C00060,35,16,46,A0A0R0EM30,3847.A0A0R0EM30,0.7185980677604675
C00060,35,17,1578,I1KVY3,3847.I1KVY3,0.717480480670929
C00060,35,18,2277,I1MSY9,3847.I1MSY9,0.7168564200401306
C00060,35,19,1318,I1K9R6,3847.I1K9R6,0.7154411673545837
C00060,35,20,846,C6TKA3,3847.C6TKA3,0.7110017538070679
C00061,36,1,1058,I1JK97,3847.I1JK97,0.8393071293830872
C00061,36,2,1408,I1KIC2,3847.I1KIC2,0.8317457437515259
C00061,36,3,2467,I1NC73,3847.I1NC73,0.8317002058029175
C00061,36,4,3412,Q9LKY4,3847.Q9LKY4,0.8315290212631226
C00061,36,5,1887,I1LRK5,3847.I1LRK5,0.8313268423080444
C00061,36,6,278,A0A0R0H2F3,3847.A0A0R0H2F3,0.8311522006988525
C00061,36,7,3096,K7MES8,3847.K7MES8,0.8309164047241211
C00061,36,8,2061,I1M791,3847.I1M791,0.8307466506958008
C00061,36,9,3258,K7MZR6,3847.K7MZR6,0.8304122686386108
C00061,36,10,1470,I1KN33,3847.I1KN33,0.8299559354782104
C00061,36,11,1054,I1JJV5,3847.I1JJV5,0.8293434381484985
C00061,36,12,2318,I1MWD6,3847.I1MWD6,0.8292598724365234
C00061,36,13,3259,K7N016,3847.K7N016,0.8291058540344238
C00061,36,14,2345,I1N0D5,3847.I1N0D5,0.8288403749465942
C00061,36,15,1357,I1KCA7,3847.I1KCA7,0.8286493420600891
C00061,36,16,853,C6TNL5,3847.C6TNL5,0.8285032510757446
C00061,36,17,2027,I1M3S3,3847.I1M3S3,0.8284545540809631
C00061,36,18,2530,I1NIP4,3847.I1NIP4,0.828408420085907
C00061,36,19,1351,I1KBZ2,3847.I1KBZ2,0.8283191323280334
C00061,36,20,2533,I1NIT6,3847.I1NIT6,0.8281823992729187
C00062,37,1,681,A0A0R4J4B4,3847.A0A0R4J4B4,0.9827766418457031
C00062,37,2,971,I1JCG8,3847.I1JCG8,0.9822030067443848
C00062,37,3,1934,I1LW34,3847.I1LW34,0.9819950461387634
C00062,37,4,842,C6TIM5,3847.C6TIM5,0.9819236397743225
C00062,37,5,696,A0A0R4J5K2,3847.A0A0R4J5K2,0.9727932214736938
C00062,37,6,3421,Q9SYR0,3847.Q9SYR0,0.9657089114189148
C00062,37,7,2098,I1MAM5,3847.I1MAM5,0.9643813967704773
C00062,37,8,2097,I1MAM4,3847.I1MAM4,0.9521889090538025
C00062,37,9,814,C6T8Y4,3847.C6T8Y4,0.950030505657196
C00062,37,10,1721,I1L905,3847.I1L905,0.948171854019165
C00062,37,11,3263,K7N1N7,3847.K7N1N7,0.8988579511642456
C00062,37,12,3174,K7MPN5,3847.K7MPN5,0.8952110409736633
C00062,37,13,3037,K7M5A2,3847.K7M5A2,0.8785982131958008
C00062,37,14,2350,I1N0Y1,3847.I1N0Y1,0.8334355354309082
C00062,37,15,3365,Q2PMU3,3847.Q2PMU3,0.8273969888687134
C00062,37,16,547,A0A0R0KCM6,3847.A0A0R0KCM6,0.8221217393875122
C00062,37,17,2879,K7LIJ3,3847.K7LIJ3,0.8060172200202942
C00062,37,18,3364,Q2PMU2,3847.Q2PMU2,0.8029427528381348
C00062,37,19,2602,K7KAN4,3847.K7KAN4,0.7874740958213806
C00062,37,20,1002,I1JET9,3847.I1JET9,0.7782831192016602
C00063,38,1,1058,I1JK97,3847.I1JK97,0.8447133898735046
C00063,38,2,3412,Q9LKY4,3847.Q9LKY4,0.8378995656967163
C00063,38,3,2467,I1NC73,3847.I1NC73,0.8378799557685852
C00063,38,4,278,A0A0R0H2F3,3847.A0A0R0H2F3,0.8376584053039551
C00063,38,5,2061,I1M791,3847.I1M791,0.8372451663017273
C00063,38,6,1887,I1LRK5,3847.I1LRK5,0.8370687961578369
C00063,38,7,3259,K7N016,3847.K7N016,0.8365024328231812
C00063,38,8,3096,K7MES8,3847.K7MES8,0.8364771008491516
C00063,38,9,853,C6TNL5,3847.C6TNL5,0.8355904817581177
C00063,38,10,2318,I1MWD6,3847.I1MWD6,0.8350063562393188
C00063,38,11,1265,I1K4Z1,3847.I1K4Z1,0.8349139094352722
C00063,38,12,2027,I1M3S3,3847.I1M3S3,0.8348541855812073
C00063,38,13,2345,I1N0D5,3847.I1N0D5,0.834402859210968
C00063,38,14,1470,I1KN33,3847.I1KN33,0.8343707323074341
C00063,38,15,2533,I1NIT6,3847.I1NIT6,0.8343212604522705
C00063,38,16,2558,K7K3L1,3847.K7K3L1,0.8341085314750671
C00063,38,17,1408,I1KIC2,3847.I1KIC2,0.8340381979942322
C00063,38,18,1149,I1JTZ3,3847.I1JTZ3,0.8339295983314514
C00063,38,19,2485,I1NE25,3847.I1NE25,0.8338321447372437
C00063,38,20,3258,K7MZR6,3847.K7MZR6,0.8337739706039429
C00064,39,1,842,C6TIM5,3847.C6TIM5,0.9257185459136963
C00064,39,2,681,A0A0R4J4B4,3847.A0A0R4J4B4,0.9254002571105957
C00064,39,3,971,I1JCG8,3847.I1JCG8,0.9245989322662354
C00064,39,4,696,A0A0R4J5K2,3847.A0A0R4J5K2,0.9102030396461487
C00064,39,5,1934,I1LW34,3847.I1LW34,0.9032827615737915
C00064,39,6,3421,Q9SYR0,3847.Q9SYR0,0.8844400644302368
C00064,39,7,814,C6T8Y4,3847.C6T8Y4,0.8800520896911621
C00064,39,8,2098,I1MAM5,3847.I1MAM5,0.8672261834144592
C00064,39,9,2097,I1MAM4,3847.I1MAM4,0.8503634929656982
C00064,39,10,1721,I1L905,3847.I1L905,0.7986968755722046
C00064,39,11,3174,K7MPN5,3847.K7MPN5,0.7944201231002808
C00064,39,12,3037,K7M5A2,3847.K7M5A2,0.7833565473556519
C00064,39,13,2879,K7LIJ3,3847.K7LIJ3,0.7388444542884827
C00064,39,14,2602,K7KAN4,3847.K7KAN4,0.7233922481536865
C00064,39,15,2350,I1N0Y1,3847.I1N0Y1,0.7224132418632507
C00064,39,16,3263,K7N1N7,3847.K7N1N7,0.7182551622390747
C00064,39,17,3365,Q2PMU3,3847.Q2PMU3,0.7036007642745972
C00064,39,18,3364,Q2PMU2,3847.Q2PMU2,0.6890662908554077
C00064,39,19,3184,K7MQT5,3847.K7MQT5,0.6888378858566284
C00064,39,20,2277,I1MSY9,3847.I1MSY9,0.6796666979789734
C00065,40,1,842,C6TIM5,3847.C6TIM5,0.7761200070381165
C00065,40,2,681,A0A0R4J4B4,3847.A0A0R4J4B4,0.7748368382453918
C00065,40,3,971,I1JCG8,3847.I1JCG8,0.7735223770141602
C00065,40,4,696,A0A0R4J5K2,3847.A0A0R4J5K2,0.7628723978996277
C00065,40,5,814,C6T8Y4,3847.C6T8Y4,0.7415302395820618
C00065,40,6,1934,I1LW34,3847.I1LW34,0.7414020299911499
C00065,40,7,3421,Q9SYR0,3847.Q9SYR0,0.7400392889976501
C00065,40,8,2098,I1MAM5,3847.I1MAM5,0.7061277627944946
C00065,40,9,2097,I1MAM4,3847.I1MAM4,0.6985359787940979
C00065,40,10,3174,K7MPN5,3847.K7MPN5,0.6819862127304077
C00065,40,11,3037,K7M5A2,3847.K7M5A2,0.6776569485664368
C00065,40,12,2879,K7LIJ3,3847.K7LIJ3,0.6625004410743713
C00065,40,13,2602,K7KAN4,3847.K7KAN4,0.64919114112854
C00065,40,14,671,A0A0R4J338,3847.A0A0R4J338,0.6449664831161499
C00065,40,15,1721,I1L905,3847.I1L905,0.6378009915351868
C00065,40,16,2277,I1MSY9,3847.I1MSY9,0.6359112858772278
C00065,40,17,2350,I1N0Y1,3847.I1N0Y1,0.6343847513198853
C00065,40,18,695,A0A0R4J5H8,3847.A0A0R4J5H8,0.6336805820465088
C00065,40,19,846,C6TKA3,3847.C6TKA3,0.6324872970581055
C00065,40,20,1578,I1KVY3,3847.I1KVY3,0.6313300728797913
C00067,41,1,842,C6TIM5,3847.C6TIM5,0.8833667635917664
C00067,41,2,681,A0A0R4J4B4,3847.A0A0R4J4B4,0.8816713094711304
C00067,41,3,971,I1JCG8,3847.I1JCG8,0.8799649477005005
C00067,41,4,696,A0A0R4J5K2,3847.A0A0R4J5K2,0.867351233959198
C00067,41,5,1934,I1LW34,3847.I1LW34,0.8485364317893982
C00067,41,6,814,C6T8Y4,3847.C6T8Y4,0.8390899300575256
C00067,41,7,3421,Q9SYR0,3847.Q9SYR0,0.8363662362098694
C00067,41,8,2098,I1MAM5,3847.I1MAM5,0.8094856142997742
C00067,41,9,2097,I1MAM4,3847.I1MAM4,0.7988174557685852
C00067,41,10,3174,K7MPN5,3847.K7MPN5,0.757226824760437
C00067,41,11,3037,K7M5A2,3847.K7M5A2,0.7492283582687378
C00067,41,12,1721,I1L905,3847.I1L905,0.7261121273040771
C00067,41,13,2879,K7LIJ3,3847.K7LIJ3,0.7180690169334412
C00067,41,14,2602,K7KAN4,3847.K7KAN4,0.7099550366401672
C00067,41,15,2350,I1N0Y1,3847.I1N0Y1,0.6976813077926636
C00067,41,16,2277,I1MSY9,3847.I1MSY9,0.6733896732330322
C00067,41,17,3184,K7MQT5,3847.K7MQT5,0.6700244545936584
C00067,41,18,3365,Q2PMU3,3847.Q2PMU3,0.6661447882652283
C00067,41,19,3263,K7N1N7,3847.K7N1N7,0.6614336371421814
C00067,41,20,976,I1JCZ8,3847.I1JCZ8,0.657738983631134
C00068,42,1,842,C6TIM5,3847.C6TIM5,0.6603027582168579
C00068,42,2,696,A0A0R4J5K2,3847.A0A0R4J5K2,0.6558151245117188
C00068,42,3,971,I1JCG8,3847.I1JCG8,0.6531990766525269
C00068,42,4,681,A0A0R4J4B4,3847.A0A0R4J4B4,0.6524547338485718
C00068,42,5,814,C6T8Y4,3847.C6T8Y4,0.6447970271110535
C00068,42,6,3421,Q9SYR0,3847.Q9SYR0,0.6276331543922424
C00068,42,7,686,A0A0R4J4Q1,3847.A0A0R4J4Q1,0.620414137840271
C00068,42,8,671,A0A0R4J338,3847.A0A0R4J338,0.6200472116470337
C00068,42,9,572,A0A0R0KKK6,3847.A0A0R0KKK6,0.6142007112503052
C00068,42,10,1578,I1KVY3,3847.I1KVY3,0.6137567162513733
C00068,42,11,46,A0A0R0EM30,3847.A0A0R0EM30,0.6114804744720459
C00068,42,12,1318,I1K9R6,3847.I1K9R6,0.6097920536994934
C00068,42,13,695,A0A0R4J5H8,3847.A0A0R4J5H8,0.608558714389801
C00068,42,14,846,C6TKA3,3847.C6TKA3,0.6060169339179993
C00068,42,15,2277,I1MSY9,3847.I1MSY9,0.6044813394546509
C00068,42,16,694,A0A0R4J5H2,3847.A0A0R4J5H2,0.6037504076957703
C00068,42,17,2879,K7LIJ3,3847.K7LIJ3,0.6014150977134705
C00068,42,18,3037,K7M5A2,3847.K7M5A2,0.5990231037139893
C00068,42,19,736,A0A368UIE7,3847.A0A368UIE7,0.5937773585319519
C00068,42,20,3174,K7MPN5,3847.K7MPN5,0.5924068093299866
C00069,43,1,842,C6TIM5,3847.C6TIM5,0.8350555896759033
C00069,43,2,681,A0A0R4J4B4,3847.A0A0R4J4B4,0.8295823931694031
C00069,43,3,971,I1JCG8,3847.I1JCG8,0.8283013701438904
C00069,43,4,696,A0A0R4J5K2,3847.A0A0R4J5K2,0.8243823647499084
C00069,43,5,814,C6T8Y4,3847.C6T8Y4,0.8027433753013611
C00069,43,6,3421,Q9SYR0,3847.Q9SYR0,0.7831661701202393
C00069,43,7,1934,I1LW34,3847.I1LW34,0.7531197667121887
C00069,43,8,2098,I1MAM5,3847.I1MAM5,0.7241086363792419
C00069,43,9,2097,I1MAM4,3847.I1MAM4,0.7218361496925354
C00069,43,10,3037,K7M5A2,3847.K7M5A2,0.7124101519584656
C00069,43,11,671,A0A0R4J338,3847.A0A0R4J338,0.7123278975486755
C00069,43,12,3174,K7MPN5,3847.K7MPN5,0.7091419100761414
C00069,43,13,46,A0A0R0EM30,3847.A0A0R0EM30,0.7026695013046265
C00069,43,14,572,A0A0R0KKK6,3847.A0A0R0KKK6,0.7017620801925659
C00069,43,15,1578,I1KVY3,3847.I1KVY3,0.7016096115112305
C00069,43,16,2879,K7LIJ3,3847.K7LIJ3,0.7007291913032532
C00069,43,17,686,A0A0R4J4Q1,3847.A0A0R4J4Q1,0.7001199722290039
C00069,43,18,695,A0A0R4J5H8,3847.A0A0R4J5H8,0.6974266767501831
C00069,43,19,1318,I1K9R6,3847.I1K9R6,0.6955376267433167
C00069,43,20,846,C6TKA3,3847.C6TKA3,0.694740355014801
C00071,44,1,842,C6TIM5,3847.C6TIM5,0.8018781542778015
C00071,44,2,681,A0A0R4J4B4,3847.A0A0R4J4B4,0.7980982661247253
C00071,44,3,971,I1JCG8,3847.I1JCG8,0.7970833778381348
C00071,44,4,696,A0A0R4J5K2,3847.A0A0R4J5K2,0.7893760800361633
C00071,44,5,814,C6T8Y4,3847.C6T8Y4,0.7622433304786682
C00071,44,6,3421,Q9SYR0,3847.Q9SYR0,0.7569553256034851
C00071,44,7,1934,I1LW34,3847.I1LW34,0.7469505667686462
C00071,44,8,2098,I1MAM5,3847.I1MAM5,0.7192636132240295
C00071,44,9,2097,I1MAM4,3847.I1MAM4,0.7137551307678223
C00071,44,10,3174,K7MPN5,3847.K7MPN5,0.688289225101471
C00071,44,11,3037,K7M5A2,3847.K7M5A2,0.68606036901474
C00071,44,12,2879,K7LIJ3,3847.K7LIJ3,0.6714454889297485
C00071,44,13,2602,K7KAN4,3847.K7KAN4,0.6598657369613647
C00071,44,14,2277,I1MSY9,3847.I1MSY9,0.649730920791626
C00071,44,15,671,A0A0R4J338,3847.A0A0R4J338,0.6487361788749695
C00071,44,16,46,A0A0R0EM30,3847.A0A0R0EM30,0.6379633545875549
C00071,44,17,1578,I1KVY3,3847.I1KVY3,0.6378095746040344
C00071,44,18,695,A0A0R4J5H8,3847.A0A0R4J5H8,0.6367409229278564
C00071,44,19,846,C6TKA3,3847.C6TKA3,0.6363341808319092
C00071,44,20,1318,I1K9R6,3847.I1K9R6,0.6355082988739014
C00072,45,1,842,C6TIM5,3847.C6TIM5,0.8796377182006836
C00072,45,2,681,A0A0R4J4B4,3847.A0A0R4J4B4,0.8751823306083679
C00072,45,3,971,I1JCG8,3847.I1JCG8,0.8750964403152466
C00072,45,4,696,A0A0R4J5K2,3847.A0A0R4J5K2,0.8637266159057617
C00072,45,5,814,C6T8Y4,3847.C6T8Y4,0.835615873336792
C00072,45,6,3421,Q9SYR0,3847.Q9SYR0,0.8253070116043091
C00072,45,7,1934,I1LW34,3847.I1LW34,0.8220837712287903
C00072,45,8,2098,I1MAM5,3847.I1MAM5,0.7877122163772583
C00072,45,9,2097,I1MAM4,3847.I1MAM4,0.7775559425354004
C00072,45,10,3174,K7MPN5,3847.K7MPN5,0.7395818829536438
C00072,45,11,3037,K7M5A2,3847.K7M5A2,0.736630916595459
C00072,45,12,2879,K7LIJ3,3847.K7LIJ3,0.7139986157417297
C00072,45,13,2602,K7KAN4,3847.K7KAN4,0.6979583501815796
C00072,45,14,2277,I1MSY9,3847.I1MSY9,0.6844809651374817
C00072,45,15,671,A0A0R4J338,3847.A0A0R4J338,0.6709856986999512
C00072,45,16,2350,I1N0Y1,3847.I1N0Y1,0.665891170501709
C00072,45,17,1721,I1L905,3847.I1L905,0.6588366031646729
C00072,45,18,695,A0A0R4J5H8,3847.A0A0R4J5H8,0.6575213670730591
C00072,45,19,1514,I1KQX3,3847.I1KQX3,0.6574583649635315
C00072,45,20,1578,I1KVY3,3847.I1KVY3,0.6538297533988953
C00073,46,1,681,A0A0R4J4B4,3847.A0A0R4J4B4,0.9003452658653259
C00073,46,2,842,C6TIM5,3847.C6TIM5,0.8994912505149841
C00073,46,3,971,I1JCG8,3847.I1JCG8,0.8990964889526367
C00073,46,4,696,A0A0R4J5K2,3847.A0A0R4J5K2,0.8839704990386963
C00073,46,5,1934,I1LW34,3847.I1LW34,0.8709893226623535
C00073,46,6,814,C6T8Y4,3847.C6T8Y4,0.8542704582214355
C00073,46,7,3421,Q9SYR0,3847.Q9SYR0,0.8542526960372925
C00073,46,8,2098,I1MAM5,3847.I1MAM5,0.8324574828147888
C00073,46,9,2097,I1MAM4,3847.I1MAM4,0.8197067379951477
C00073,46,10,3174,K7MPN5,3847.K7MPN5,0.7726943492889404
C00073,46,11,3037,K7M5A2,3847.K7M5A2,0.7647382616996765
C00073,46,12,1721,I1L905,3847.I1L905,0.7644006609916687
C00073,46,13,2879,K7LIJ3,3847.K7LIJ3,0.730214536190033
C00073,46,14,2602,K7KAN4,3847.K7KAN4,0.7160532474517822
C00073,46,15,2350,I1N0Y1,3847.I1N0Y1,0.7122586965560913
C00073,46,16,3263,K7N1N7,3847.K7N1N7,0.7028582692146301
C00073,46,17,3365,Q2PMU3,3847.Q2PMU3,0.6878712177276611
C00073,46,18,3184,K7MQT5,3847.K7MQT5,0.6834811568260193
C00073,46,19,3364,Q2PMU2,3847.Q2PMU2,0.6782782673835754
C00073,46,20,2277,I1MSY9,3847.I1MSY9,0.6764070987701416
C00074,47,1,1058,I1JK97,3847.I1JK97,0.8384484648704529
C00074,47,2,278,A0A0R0H2F3,3847.A0A0R0H2F3,0.8345876932144165
C00074,47,3,1887,I1LRK5,3847.I1LRK5,0.8319803476333618
C00074,47,4,3096,K7MES8,3847.K7MES8,0.8315483331680298
C00074,47,5,3412,Q9LKY4,3847.Q9LKY4,0.8306745886802673
C00074,47,6,3059,K7M8N2,3847.K7M8N2,0.8305218815803528
C00074,47,7,2061,I1M791,3847.I1M791,0.8301537036895752
C00074,47,8,2533,I1NIT6,3847.I1NIT6,0.829731822013855
C00074,47,9,2467,I1NC73,3847.I1NC73,0.8293836116790771
C00074,47,10,1408,I1KIC2,3847.I1KIC2,0.8291038274765015
C00074,47,11,2558,K7K3L1,3847.K7K3L1,0.8289870619773865
C00074,47,12,3259,K7N016,3847.K7N016,0.8289378881454468
C00074,47,13,853,C6TNL5,3847.C6TNL5,0.8288715481758118
C00074,47,14,2318,I1MWD6,3847.I1MWD6,0.828811526298523
C00074,47,15,1092,I1JNX1,3847.I1JNX1,0.8287836313247681
C00074,47,16,1470,I1KN33,3847.I1KN33,0.8283925652503967
C00074,47,17,1054,I1JJV5,3847.I1JJV5,0.8283578157424927
C00074,47,18,2644,K7KGV1,3847.K7KGV1,0.8283286094665527
C00074,47,19,2468,I1NC81,3847.I1NC81,0.8281137347221375
C00074,47,20,2809,K7L8E8,3847.K7L8E8,0.82782381772995
C00075,48,1,1058,I1JK97,3847.I1JK97,0.8016014695167542
C00075,48,2,1887,I1LRK5,3847.I1LRK5,0.7919774055480957
C00075,48,3,2318,I1MWD6,3847.I1MWD6,0.7907347679138184
C00075,48,4,1408,I1KIC2,3847.I1KIC2,0.7906659245491028
C00075,48,5,3259,K7N016,3847.K7N016,0.7898825407028198
C00075,48,6,2467,I1NC73,3847.I1NC73,0.7893539667129517
C00075,48,7,1470,I1KN33,3847.I1KN33,0.7893248200416565
C00075,48,8,2061,I1M791,3847.I1M791,0.7893152236938477
C00075,48,9,853,C6TNL5,3847.C6TNL5,0.7893147468566895
C00075,48,10,1149,I1JTZ3,3847.I1JTZ3,0.7885816097259521
C00075,48,11,3258,K7MZR6,3847.K7MZR6,0.7883769869804382
C00075,48,12,2644,K7KGV1,3847.K7KGV1,0.7883239388465881
C00075,48,13,3096,K7MES8,3847.K7MES8,0.7882269620895386
C00075,48,14,2809,K7L8E8,3847.K7L8E8,0.7880696058273315
C00075,48,15,2905,K7LMI9,3847.K7LMI9,0.7874632477760315
C00075,48,16,1054,I1JJV5,3847.I1JJV5,0.787382960319519
C00075,48,17,1744,I1LBG8,3847.I1LBG8,0.7873700261116028
C00075,48,18,2345,I1N0D5,3847.I1N0D5,0.787158727645874
C00075,48,19,2533,I1NIT6,3847.I1NIT6,0.7869250774383545
C00075,48,20,1357,I1KCA7,3847.I1KCA7,0.7866491675376892
C00077,49,1,842,C6TIM5,3847.C6TIM5,0.720227837562561
C00077,49,2,681,A0A0R4J4B4,3847.A0A0R4J4B4,0.7182751893997192
C00077,49,3,971,I1JCG8,3847.I1JCG8,0.7119062542915344
C00077,49,4,696,A0A0R4J5K2,3847.A0A0R4J5K2,0.7080963850021362
C00077,49,5,814,C6T8Y4,3847.C6T8Y4,0.694435179233551
C00077,49,6,3421,Q9SYR0,3847.Q9SYR0,0.6829734444618225
C00077,49,7,1934,I1LW34,3847.I1LW34,0.6636631488800049
C00077,49,8,2098,I1MAM5,3847.I1MAM5,0.6395350098609924
C00077,49,9,3174,K7MPN5,3847.K7MPN5,0.6375113725662231
C00077,49,10,3037,K7M5A2,3847.K7M5A2,0.6371155381202698
C00077,49,11,2097,I1MAM4,3847.I1MAM4,0.6365507245063782
C00077,49,12,671,A0A0R4J338,3847.A0A0R4J338,0.6340927481651306
C00077,49,13,2879,K7LIJ3,3847.K7LIJ3,0.6319820880889893
C00077,49,14,572,A0A0R0KKK6,3847.A0A0R0KKK6,0.6257051825523376
C00077,49,15,46,A0A0R0EM30,3847.A0A0R0EM30,0.6249417662620544
C00077,49,16,2602,K7KAN4,3847.K7KAN4,0.6224178671836853
C00077,49,17,846,C6TKA3,3847.C6TKA3,0.6207061409950256
C00077,49,18,695,A0A0R4J5H8,3847.A0A0R4J5H8,0.6206609010696411
C00077,49,19,686,A0A0R4J4Q1,3847.A0A0R4J4Q1,0.6201103329658508
C00077,49,20,1578,I1KVY3,3847.I1KVY3,0.6189436912536621
C00078,50,1,681,A0A0R4J4B4,3847.A0A0R4J4B4,0.9395532608032227
C00078,50,2,971,I1JCG8,3847.I1JCG8,0.93930983543396
C00078,50,3,842,C6TIM5,3847.C6TIM5,0.9390325546264648
C00078,50,4,1934,I1LW34,3847.I1LW34,0.9279029369354248
C00078,50,5,696,A0A0R4J5K2,3847.A0A0R4J5K2,0.9238502979278564
C00078,50,6,3421,Q9SYR0,3847.Q9SYR0,0.9051637649536133
C00078,50,7,2098,I1MAM5,3847.I1MAM5,0.8935230374336243
C00078,50,8,814,C6T8Y4,3847.C6T8Y4,0.8925989270210266
C00078,50,9,2097,I1MAM4,3847.I1MAM4,0.8766676187515259
C00078,50,10,1721,I1L905,3847.I1L905,0.8445973992347717
C00078,50,11,3174,K7MPN5,3847.K7MPN5,0.8168532848358154
C00078,50,12,3037,K7M5A2,3847.K7M5A2,0.8020147085189819
C00078,50,13,3263,K7N1N7,3847.K7N1N7,0.7765780091285706
C00078,50,14,2350,I1N0Y1,3847.I1N0Y1,0.7518026828765869
C00078,50,15,2879,K7LIJ3,3847.K7LIJ3,0.7466834783554077
C00078,50,16,2602,K7KAN4,3847.K7KAN4,0.7368202209472656
C00078,50,17,3365,Q2PMU3,3847.Q2PMU3,0.7339832782745361
C00078,50,18,3364,Q2PMU2,3847.Q2PMU2,0.7139713764190674
C00078,50,19,547,A0A0R0KCM6,3847.A0A0R0KCM6,0.7074302434921265
C00078,50,20,3184,K7MQT5,3847.K7MQT5,0.7033807039260864
C00079,51,1,681,A0A0R4J4B4,3847.A0A0R4J4B4,0.938004195690155
C00079,51,2,971,I1JCG8,3847.I1JCG8,0.9365200996398926
C00079,51,3,842,C6TIM5,3847.C6TIM5,0.9362508058547974
C00079,51,4,1934,I1LW34,3847.I1LW34,0.9216963052749634
C00079,51,5,696,A0A0R4J5K2,3847.A0A0R4J5K2,0.9206220507621765
C00079,51,6,3421,Q9SYR0,3847.Q9SYR0,0.900536060333252
C00079,51,7,814,C6T8Y4,3847.C6T8Y4,0.892335057258606
C00079,51,8,2098,I1MAM5,3847.I1MAM5,0.8833948373794556
C00079,51,9,2097,I1MAM4,3847.I1MAM4,0.8679776191711426
C00079,51,10,1721,I1L905,3847.I1L905,0.8466494679450989
C00079,51,11,3174,K7MPN5,3847.K7MPN5,0.8174318075180054
C00079,51,12,3037,K7M5A2,3847.K7M5A2,0.8058906197547913
C00079,51,13,3263,K7N1N7,3847.K7N1N7,0.7881103754043579
C00079,51,14,2350,I1N0Y1,3847.I1N0Y1,0.7581818103790283
C00079,51,15,2879,K7LIJ3,3847.K7LIJ3,0.7562289237976074
C00079,51,16,3365,Q2PMU3,3847.Q2PMU3,0.7399395704269409
C00079,51,17,2602,K7KAN4,3847.K7KAN4,0.739791214466095
C00079,51,18,3364,Q2PMU2,3847.Q2PMU2,0.7236921191215515
C00079,51,19,3184,K7MQT5,3847.K7MQT5,0.7177897095680237
C00079,51,20,547,A0A0R0KCM6,3847.A0A0R0KCM6,0.7168492078781128
C00081,52,1,1058,I1JK97,3847.I1JK97,0.5560258030891418
C00081,52,2,1551,I1KTE1,3847.I1KTE1,0.5526298880577087
C00081,52,3,562,A0A0R0KHS2,3847.A0A0R0KHS2,0.5520371198654175
C00081,52,4,2156,I1MFV2,3847.I1MFV2,0.551845371723175
C00081,52,5,3205,K7MTY9,3847.K7MTY9,0.5492570400238037
C00081,52,6,2467,I1NC73,3847.I1NC73,0.5490018129348755
C00081,52,7,2638,K7KFV1,3847.K7KFV1,0.5478097796440125
C00081,52,8,2227,I1MNT3,3847.I1MNT3,0.5477921962738037
C00081,52,9,1317,I1K9Q4,3847.I1K9Q4,0.5463646054267883
C00081,52,10,3258,K7MZR6,3847.K7MZR6,0.5461585521697998
C00081,52,11,3207,K7MU28,3847.K7MU28,0.5461310744285583
C00081,52,12,1493,I1KPV0,3847.I1KPV0,0.5460589528083801
C00081,52,13,1259,I1K4U7,3847.I1K4U7,0.5452327728271484
C00081,52,14,1087,I1JNF9,3847.I1JNF9,0.5450583100318909
C00081,52,15,2684,K7KNQ7,3847.K7KNQ7,0.5449937582015991
C00081,52,16,3149,K7MM15,3847.K7MM15,0.5444035530090332
C00081,52,17,895,I1J3X8,3847.I1J3X8,0.5443843603134155
C00081,52,18,993,I1JE21,3847.I1JE21,0.5442870259284973
C00081,52,19,1111,I1JPV5,3847.I1JPV5,0.5441976189613342
C00081,52,20,2809,K7L8E8,3847.K7L8E8,0.5440069437026978
C00082,53,1,842,C6TIM5,3847.C6TIM5,0.967885434627533
C00082,53,2,681,A0A0R4J4B4,3847.A0A0R4J4B4,0.9677175283432007
C00082,53,3,971,I1JCG8,3847.I1JCG8,0.9672117233276367
C00082,53,4,696,A0A0R4J5K2,3847.A0A0R4J5K2,0.9576767086982727
C00082,53,5,1934,I1LW34,3847.I1LW34,0.952088475227356
C00082,53,6,3421,Q9SYR0,3847.Q9SYR0,0.9415493607521057
C00082,53,7,814,C6T8Y4,3847.C6T8Y4,0.9361583590507507
C00082,53,8,2098,I1MAM5,3847.I1MAM5,0.9245859384536743
C00082,53,9,2097,I1MAM4,3847.I1MAM4,0.9115225672721863
C00082,53,10,3174,K7MPN5,3847.K7MPN5,0.8602749109268188
C00082,53,11,1721,I1L905,3847.I1L905,0.8559907078742981
C00082,53,12,3037,K7M5A2,3847.K7M5A2,0.8533341884613037
C00082,53,13,2879,K7LIJ3,3847.K7LIJ3,0.8059626221656799
C00082,53,14,2602,K7KAN4,3847.K7KAN4,0.7844253182411194
C00082,53,15,2350,I1N0Y1,3847.I1N0Y1,0.7814516425132751
C00082,53,16,3263,K7N1N7,3847.K7N1N7,0.760282576084137
C00082,53,17,3365,Q2PMU3,3847.Q2PMU3,0.7587255835533142
C00082,53,18,3184,K7MQT5,3847.K7MQT5,0.7455971240997314
C00082,53,19,3364,Q2PMU2,3847.Q2PMU2,0.7443511486053467
C00082,53,20,2277,I1MSY9,3847.I1MSY9,0.7345755100250244
C00083,54,1,842,C6TIM5,3847.C6TIM5,0.7330437302589417
C00083,54,2,696,A0A0R4J5K2,3847.A0A0R4J5K2,0.7232754230499268
C00083,54,3,681,A0A0R4J4B4,3847.A0A0R4J4B4,0.7204822897911072
C00083,54,4,971,I1JCG8,3847.I1JCG8,0.7200778722763062
C00083,54,5,814,C6T8Y4,3847.C6T8Y4,0.7098134160041809
C00083,54,6,3421,Q9SYR0,3847.Q9SYR0,0.6813981533050537
C00083,54,7,686,A0A0R4J4Q1,3847.A0A0R4J4Q1,0.6764301657676697
C00083,54,8,671,A0A0R4J338,3847.A0A0R4J338,0.6728975176811218
C00083,54,9,46,A0A0R0EM30,3847.A0A0R0EM30,0.6689112186431885
C00083,54,10,1578,I1KVY3,3847.I1KVY3,0.664310097694397
C00083,54,11,1318,I1K9R6,3847.I1K9R6,0.6633847951889038
C00083,54,12,572,A0A0R0KKK6,3847.A0A0R0KKK6,0.6590539216995239
C00083,54,13,695,A0A0R4J5H8,3847.A0A0R4J5H8,0.6582130193710327
C00083,54,14,846,C6TKA3,3847.C6TKA3,0.6580600738525391
C00083,54,15,694,A0A0R4J5H2,3847.A0A0R4J5H2,0.6537331342697144
C00083,54,16,2277,I1MSY9,3847.I1MSY9,0.6485077738761902
C00083,54,17,736,A0A368UIE7,3847.A0A368UIE7,0.6427879929542542
C00083,54,18,2819,K7L9U2,3847.K7L9U2,0.6362156867980957
C00083,54,19,1934,I1LW34,3847.I1LW34,0.6360122561454773
C00083,54,20,2879,K7LIJ3,3847.K7LIJ3,0.6346200108528137
C00084,55,1,842,C6TIM5,3847.C6TIM5,0.8765965104103088
C00084,55,2,681,A0A0R4J4B4,3847.A0A0R4J4B4,0.8685255646705627
C00084,55,3,971,I1JCG8,3847.I1JCG8,0.8677073121070862
C00084,55,4,696,A0A0R4J5K2,3847.A0A0R4J5K2,0.860561728477478
C00084,55,5,814,C6T8Y4,3847.C6T8Y4,0.8396884202957153
C00084,55,6,3421,Q9SYR0,3847.Q9SYR0,0.8199502229690552
C00084,55,7,1934,I1LW34,3847.I1LW34,0.7973933219909668
C00084,55,8,2098,I1MAM5,3847.I1MAM5,0.76560378074646
C00084,55,9,2097,I1MAM4,3847.I1MAM4,0.7581840753555298
C00084,55,10,3174,K7MPN5,3847.K7MPN5,0.7322534918785095
C00084,55,11,3037,K7M5A2,3847.K7M5A2,0.7304573059082031
C00084,55,12,2879,K7LIJ3,3847.K7LIJ3,0.7200838923454285
C00084,55,13,671,A0A0R4J338,3847.A0A0R4J338,0.7185456156730652
C00084,55,14,2277,I1MSY9,3847.I1MSY9,0.7138724327087402
C00084,55,15,2602,K7KAN4,3847.K7KAN4,0.7103396058082581
C00084,55,16,46,A0A0R0EM30,3847.A0A0R0EM30,0.709920346736908
C00084,55,17,686,A0A0R4J4Q1,3847.A0A0R4J4Q1,0.7083612680435181
C00084,55,18,695,A0A0R4J5H8,3847.A0A0R4J5H8,0.7062325477600098
C00084,55,19,1318,I1K9R6,3847.I1K9R6,0.7039787769317627
C00084,55,20,1578,I1KVY3,3847.I1KVY3,0.7028263211250305
C00085,56,1,1058,I1JK97,3847.I1JK97,0.6700200438499451
C00085,56,2,2467,I1NC73,3847.I1NC73,0.6641810536384583
C00085,56,3,3258,K7MZR6,3847.K7MZR6,0.6624584197998047
C00085,56,4,1887,I1LRK5,3847.I1LRK5,0.6613997220993042
C00085,56,5,2061,I1M791,3847.I1M791,0.6587176322937012
C00085,56,6,1408,I1KIC2,3847.I1KIC2,0.6580146551132202
C00085,56,7,3259,K7N016,3847.K7N016,0.6580013036727905
C00085,56,8,2318,I1MWD6,3847.I1MWD6,0.6573086380958557
C00085,56,9,2886,K7LJR3,3847.K7LJR3,0.6568384170532227
C00085,56,10,853,C6TNL5,3847.C6TNL5,0.6567138433456421
C00085,56,11,2905,K7LMI9,3847.K7LMI9,0.6561434864997864
C00085,56,12,1470,I1KN33,3847.I1KN33,0.6561316847801208
C00085,56,13,733,A0A368UIA4,3847.A0A368UIA4,0.6559284925460815
C00085,56,14,2809,K7L8E8,3847.K7L8E8,0.6552425026893616
C00085,56,15,2027,I1M3S3,3847.I1M3S3,0.6550769805908203
C00085,56,16,1087,I1JNF9,3847.I1JNF9,0.6548804044723511
C00085,56,17,2798,K7L6T7,3847.K7L6T7,0.6546059846878052
C00085,56,18,1915,I1LUH2,3847.I1LUH2,0.6546018123626709
C00085,56,19,2147,I1MF71,3847.I1MF71,0.6545922756195068
C00085,56,20,1149,I1JTZ3,3847.I1JTZ3,0.6545403003692627
C00088,57,1,681,A0A0R4J4B4,3847.A0A0R4J4B4,0.9962288737297058
C00088,57,2,971,I1JCG8,3847.I1JCG8,0.996032178401947
C00088,57,3,842,C6TIM5,3847.C6TIM5,0.9959879517555237
C00088,57,4,1934,I1LW34,3847.I1LW34,0.9951927661895752
C00088,57,5,696,A0A0R4J5K2,3847.A0A0R4J5K2,0.9931423664093018
C00088,57,6,3421,Q9SYR0,3847.Q9SYR0,0.9900953769683838
C00088,57,7,2098,I1MAM5,3847.I1MAM5,0.9880180358886719
C00088,57,8,814,C6T8Y4,3847.C6T8Y4,0.9840782880783081
C00088,57,9,2097,I1MAM4,3847.I1MAM4,0.9828086495399475
C00088,57,10,1721,I1L905,3847.I1L905,0.9740875363349915
C00088,57,11,3174,K7MPN5,3847.K7MPN5,0.9485355019569397
C00088,57,12,3037,K7M5A2,3847.K7M5A2,0.940097451210022
C00088,57,13,3263,K7N1N7,3847.K7N1N7,0.9347010254859924
C00088,57,14,2350,I1N0Y1,3847.I1N0Y1,0.8908377289772034
C00088,57,15,3365,Q2PMU3,3847.Q2PMU3,0.8844172954559326
C00088,57,16,2879,K7LIJ3,3847.K7LIJ3,0.8829343914985657
C00088,57,17,3364,Q2PMU2,3847.Q2PMU2,0.8628664612770081
C00088,57,18,547,A0A0R0KCM6,3847.A0A0R0KCM6,0.8611596822738647
C00088,57,19,2602,K7KAN4,3847.K7KAN4,0.860668420791626
C00088,57,20,3184,K7MQT5,3847.K7MQT5,0.8331250548362732
C00089,58,1,296,A0A0R0HBG9,3847.A0A0R0HBG9,0.5086588263511658
C00089,58,2,310,A0A0R0HFU2,3847.A0A0R0HFU2,0.502108097076416
C00089,58,3,2847,K7LDY3,3847.K7LDY3,0.5013424158096313
C00089,58,4,300,A0A0R0HCY3,3847.A0A0R0HCY3,0.5006742477416992
C00089,58,5,409,A0A0R0IMB6,3847.A0A0R0IMB6,0.5000678896903992
C00089,58,6,2711,K7KTX9,3847.K7KTX9,0.49974220991134644
C00089,58,7,1038,I1JID0,3847.I1JID0,0.4995872676372528
C00089,58,8,1158,I1JUN7,3847.I1JUN7,0.4992046058177948
C00089,58,9,3293,O81980,3847.O81980,0.49876654148101807
C00089,58,10,235,A0A0R0GI21,3847.A0A0R0GI21,0.4982107877731323
C00089,58,11,878,C6ZRV6,3847.C6ZRV6,0.49748489260673523
C00089,58,12,1233,I1K203,3847.I1K203,0.4969269037246704
C00089,58,13,1723,I1L932,3847.I1L932,0.49682122468948364
C00089,58,14,2768,K7L242,3847.K7L242,0.4966472089290619
C00089,58,15,1831,I1LJH6,3847.I1LJH6,0.49649718403816223
C00089,58,16,2260,I1MRG7,3847.I1MRG7,0.49623167514801025
C00089,58,17,1718,I1L8R4,3847.I1L8R4,0.49617791175842285
C00089,58,18,877,C6ZRU5,3847.C6ZRU5,0.49616682529449463
C00089,58,19,2525,I1NID0,3847.I1NID0,0.49563005566596985
C00089,58,20,1767,I1LD20,3847.I1LD20,0.49548032879829407
C00091,59,1,842,C6TIM5,3847.C6TIM5,0.7094045281410217
C00091,59,2,696,A0A0R4J5K2,3847.A0A0R4J5K2,0.6991144418716431
C00091,59,3,971,I1JCG8,3847.I1JCG8,0.694118857383728
C00091,59,4,681,A0A0R4J4B4,3847.A0A0R4J4B4,0.692835807800293
C00091,59,5,814,C6T8Y4,3847.C6T8Y4,0.6875755786895752
C00091,59,6,686,A0A0R4J4Q1,3847.A0A0R4J4Q1,0.6571517586708069
C00091,59,7,671,A0A0R4J338,3847.A0A0R4J338,0.6525935530662537
C00091,59,8,3421,Q9SYR0,3847.Q9SYR0,0.6512552499771118
C00091,59,9,1578,I1KVY3,3847.I1KVY3,0.6464815735816956
C00091,59,10,46,A0A0R0EM30,3847.A0A0R0EM30,0.6462839841842651
C00091,59,11,1318,I1K9R6,3847.I1K9R6,0.6448381543159485
C00091,59,12,695,A0A0R4J5H8,3847.A0A0R4J5H8,0.6423386931419373
C00091,59,13,846,C6TKA3,3847.C6TKA3,0.6418726444244385
C00091,59,14,572,A0A0R0KKK6,3847.A0A0R0KKK6,0.6406684517860413
C00091,59,15,694,A0A0R4J5H2,3847.A0A0R4J5H2,0.6379449367523193
C00091,59,16,2277,I1MSY9,3847.I1MSY9,0.6335024833679199
C00091,59,17,736,A0A368UIE7,3847.A0A368UIE7,0.6241891384124756
C00091,59,18,2879,K7LIJ3,3847.K7LIJ3,0.6184560656547546
C00091,59,19,1442,I1KL62,3847.I1KL62,0.617904543876648
C00091,59,20,2819,K7L9U2,3847.K7L9U2,0.617103099822998
C00092,60,1,1058,I1JK97,3847.I1JK97,0.8038631677627563
C00092,60,2,2061,I1M791,3847.I1M791,0.7957913279533386
C00092,60,3,1887,I1LRK5,3847.I1LRK5,0.7955111861228943
C00092,60,4,2467,I1NC73,3847.I1NC73,0.7952606081962585
C00092,60,5,3259,K7N016,3847.K7N016,0.7940424084663391
C00092,60,6,3258,K7MZR6,3847.K7MZR6,0.7937864065170288
C00092,60,7,1470,I1KN33,3847.I1KN33,0.7929575443267822
C00092,60,8,1408,I1KIC2,3847.I1KIC2,0.7925974130630493
C00092,60,9,3096,K7MES8,3847.K7MES8,0.7921493649482727
C00092,60,10,2530,I1NIP4,3847.I1NIP4,0.7915622591972351
C00092,60,11,733,A0A368UIA4,3847.A0A368UIA4,0.7908332347869873
C00092,60,12,1226,I1K117,3847.I1K117,0.7907696962356567
C00092,60,13,2897,K7LKV4,3847.K7LKV4,0.7907507419586182
C00092,60,14,1357,I1KCA7,3847.I1KCA7,0.7903668880462646
C00092,60,15,3412,Q9LKY4,3847.Q9LKY4,0.7903344035148621
C00092,60,16,2064,I1M7D3,3847.I1M7D3,0.7902233600616455
C00092,60,17,2318,I1MWD6,3847.I1MWD6,0.7901082634925842
C00092,60,18,2271,I1MS93,3847.I1MS93,0.7899813652038574
C00092,60,19,1744,I1LBG8,3847.I1LBG8,0.7899721264839172
C00092,60,20,2533,I1NIT6,3847.I1NIT6,0.7898836731910706
C00093,61,1,1290,I1K772,3847.I1K772,0.5696576237678528
C00093,61,2,2232,I1MP44,3847.I1MP44,0.5641267895698547
C00093,61,3,2130,I1MDK4,3847.I1MDK4,0.5630336403846741
C00093,61,4,2516,I1NHH9,3847.I1NHH9,0.5627968907356262
C00093,61,5,1294,I1K7A4,3847.I1K7A4,0.5622972249984741
C00093,61,6,1864,I1LPE3,3847.I1LPE3,0.5616629719734192
C00093,61,7,3418,Q9SLR8,3847.Q9SLR8,0.561585545539856
C00093,61,8,3395,Q6X0N0,3847.Q6X0N0,0.5602489709854126
C00093,61,9,2764,K7L1E9,3847.K7L1E9,0.5599038600921631
C00093,61,10,3310,P30081,3847.P30081,0.559474766254425
C00093,61,11,2507,I1NH41,3847.I1NH41,0.5587745904922485
C00093,61,12,1397,I1KGY4,3847.I1KGY4,0.5587745904922485
C00093,61,13,3325,P51820,3847.P51820,0.5585606098175049
C00093,61,14,3394,Q6X0M9,3847.Q6X0M9,0.5582208633422852
C00093,61,15,549,A0A0R0KCQ4,3847.A0A0R0KCQ4,0.5580911636352539
C00093,61,16,1227,I1K1C8,3847.I1K1C8,0.5580044984817505
C00093,61,17,1881,I1LR32,3847.I1LR32,0.5576737523078918
C00093,61,18,1826,I1LJ54,3847.I1LJ54,0.557644784450531
C00093,61,19,1174,I1JW76,3847.I1JW76,0.5576435923576355
C00093,61,20,1139,I1JSS8,3847.I1JSS8,0.5569095611572266
C00094,62,1,842,C6TIM5,3847.C6TIM5,0.9324400424957275
C00094,62,2,681,A0A0R4J4B4,3847.A0A0R4J4B4,0.9317481517791748
C00094,62,3,971,I1JCG8,3847.I1JCG8,0.9302441477775574
C00094,62,4,696,A0A0R4J5K2,3847.A0A0R4J5K2,0.918951153755188
C00094,62,5,1934,I1LW34,3847.I1LW34,0.8985697031021118
C00094,62,6,814,C6T8Y4,3847.C6T8Y4,0.894139289855957
C00094,62,7,3421,Q9SYR0,3847.Q9SYR0,0.8930498361587524
C00094,62,8,2098,I1MAM5,3847.I1MAM5,0.8631644248962402
C00094,62,9,2097,I1MAM4,3847.I1MAM4,0.8516892790794373
C00094,62,10,3174,K7MPN5,3847.K7MPN5,0.8078861832618713
C00094,62,11,3037,K7M5A2,3847.K7M5A2,0.8009004592895508
C00094,62,12,2879,K7LIJ3,3847.K7LIJ3,0.7679852247238159
C00094,62,13,1721,I1L905,3847.I1L905,0.7574082016944885
C00094,62,14,2602,K7KAN4,3847.K7KAN4,0.7547327280044556
C00094,62,15,2350,I1N0Y1,3847.I1N0Y1,0.7367624640464783
C00094,62,16,2277,I1MSY9,3847.I1MSY9,0.7183349132537842
C00094,62,17,3184,K7MQT5,3847.K7MQT5,0.7049993872642517
C00094,62,18,3365,Q2PMU3,3847.Q2PMU3,0.6976507306098938
C00094,62,19,671,A0A0R4J338,3847.A0A0R4J338,0.6957136988639832
C00094,62,20,1514,I1KQX3,3847.I1KQX3,0.6899323463439941
C00095,63,1,1058,I1JK97,3847.I1JK97,0.61701500415802
C00095,63,2,2467,I1NC73,3847.I1NC73,0.6071050763130188
C00095,63,3,1887,I1LRK5,3847.I1LRK5,0.6043648719787598
C00095,63,4,3258,K7MZR6,3847.K7MZR6,0.604017436504364
C00095,63,5,1408,I1KIC2,3847.I1KIC2,0.6035406589508057
C00095,63,6,3412,Q9LKY4,3847.Q9LKY4,0.6031160950660706
C00095,63,7,3259,K7N016,3847.K7N016,0.6016736626625061
C00095,63,8,1087,I1JNF9,3847.I1JNF9,0.6014421582221985
C00095,63,9,733,A0A368UIA4,3847.A0A368UIA4,0.6010312438011169
C00095,63,10,1149,I1JTZ3,3847.I1JTZ3,0.6007601618766785
C00095,63,11,2809,K7L8E8,3847.K7L8E8,0.6007564067840576
C00095,63,12,1470,I1KN33,3847.I1KN33,0.6000632643699646
C00095,63,13,2897,K7LKV4,3847.K7LKV4,0.6000344157218933
C00095,63,14,1054,I1JJV5,3847.I1JJV5,0.599738359451294
C00095,63,15,1744,I1LBG8,3847.I1LBG8,0.5997191071510315
C00095,63,16,2064,I1M7D3,3847.I1M7D3,0.5995612740516663
C00095,63,17,853,C6TNL5,3847.C6TNL5,0.5992704629898071
C00095,63,18,2271,I1MS93,3847.I1MS93,0.5989001989364624
C00095,63,19,3096,K7MES8,3847.K7MES8,0.598890483379364
C00095,63,20,2905,K7LMI9,3847.K7LMI9,0.5986509919166565
C00096,64,1,2232,I1MP44,3847.I1MP44,0.5425031781196594
C00096,64,2,2130,I1MDK4,3847.I1MDK4,0.5394514799118042
C00096,64,3,1290,I1K772,3847.I1K772,0.5386348366737366
C00096,64,4,1294,I1K7A4,3847.I1K7A4,0.5368054509162903
C00096,64,5,2516,I1NHH9,3847.I1NHH9,0.5347486734390259
C00096,64,6,1139,I1JSS8,3847.I1JSS8,0.5319339632987976
C00096,64,7,2507,I1NH41,3847.I1NH41,0.5311221480369568
C00096,64,8,1131,I1JS28,3847.I1JS28,0.5306890606880188
C00096,64,9,1174,I1JW76,3847.I1JW76,0.5304955840110779
C00096,64,10,2139,I1MEJ6,3847.I1MEJ6,0.5301947593688965
C00096,64,11,1397,I1KGY4,3847.I1KGY4,0.529581606388092
C00096,64,12,296,A0A0R0HBG9,3847.A0A0R0HBG9,0.5291633009910583
C00096,64,13,3395,Q6X0N0,3847.Q6X0N0,0.5290061235427856
C00096,64,14,893,H2BER4,3847.H2BER4,0.5289260149002075
C00096,64,15,3310,P30081,3847.P30081,0.5288289785385132
C00096,64,16,1754,I1LC39,3847.I1LC39,0.5285096764564514
C00096,64,17,1864,I1LPE3,3847.I1LPE3,0.5282638669013977
C00096,64,18,2899,K7LL62,3847.K7LL62,0.5280885696411133
C00096,64,19,1227,I1K1C8,3847.I1K1C8,0.5280400514602661
C00096,64,20,1815,I1LI78,3847.I1LI78,0.5278758406639099
C00097,65,1,681,A0A0R4J4B4,3847.A0A0R4J4B4,0.9417266249656677
C00097,65,2,842,C6TIM5,3847.C6TIM5,0.9413065910339355
C00097,65,3,971,I1JCG8,3847.I1JCG8,0.9409851431846619
C00097,65,4,696,A0A0R4J5K2,3847.A0A0R4J5K2,0.9279205799102783
C00097,65,5,1934,I1LW34,3847.I1LW34,0.925915539264679
C00097,65,6,3421,Q9SYR0,3847.Q9SYR0,0.9084639549255371
C00097,65,7,814,C6T8Y4,3847.C6T8Y4,0.9002727270126343
C00097,65,8,2098,I1MAM5,3847.I1MAM5,0.8905969262123108
C00097,65,9,2097,I1MAM4,3847.I1MAM4,0.8774848580360413
C00097,65,10,1721,I1L905,3847.I1L905,0.8332998752593994
C00097,65,11,3174,K7MPN5,3847.K7MPN5,0.8225368857383728
C00097,65,12,3037,K7M5A2,3847.K7M5A2,0.8144772052764893
C00097,65,13,2879,K7LIJ3,3847.K7LIJ3,0.7679438591003418
C00097,65,14,3263,K7N1N7,3847.K7N1N7,0.7667338252067566
C00097,65,15,2350,I1N0Y1,3847.I1N0Y1,0.7560039162635803
C00097,65,16,2602,K7KAN4,3847.K7KAN4,0.7520589232444763
C00097,65,17,3365,Q2PMU3,3847.Q2PMU3,0.7423277497291565
C00097,65,18,3364,Q2PMU2,3847.Q2PMU2,0.7285214066505432
C00097,65,19,3184,K7MQT5,3847.K7MQT5,0.7245798110961914
C00097,65,20,3346,Q2PMN3,3847.Q2PMN3,0.7110413312911987
C00099,66,1,842,C6TIM5,3847.C6TIM5,0.9683095812797546
C00099,66,2,681,A0A0R4J4B4,3847.A0A0R4J4B4,0.9673464894294739
C00099,66,3,971,I1JCG8,3847.I1JCG8,0.9671904444694519
C00099,66,4,696,A0A0R4J5K2,3847.A0A0R4J5K2,0.9583025574684143
C00099,66,5,1934,I1LW34,3847.I1LW34,0.9516849517822266
C00099,66,6,3421,Q9SYR0,3847.Q9SYR0,0.9420896172523499
C00099,66,7,814,C6T8Y4,3847.C6T8Y4,0.9353484511375427
C00099,66,8,2098,I1MAM5,3847.I1MAM5,0.9249213933944702
C00099,66,9,2097,I1MAM4,3847.I1MAM4,0.9126181602478027
C00099,66,10,3174,K7MPN5,3847.K7MPN5,0.8602452278137207
C00099,66,11,3037,K7M5A2,3847.K7M5A2,0.853662371635437
C00099,66,12,1721,I1L905,3847.I1L905,0.8434634804725647
C00099,66,13,2879,K7LIJ3,3847.K7LIJ3,0.8049736022949219
C00099,66,14,2602,K7KAN4,3847.K7KAN4,0.7886670231819153
C00099,66,15,2350,I1N0Y1,3847.I1N0Y1,0.7786096930503845
C00099,66,16,3365,Q2PMU3,3847.Q2PMU3,0.7527344226837158
C00099,66,17,3184,K7MQT5,3847.K7MQT5,0.7418885231018066
C00099,66,18,3263,K7N1N7,3847.K7N1N7,0.7378427386283875
C00099,66,19,2277,I1MSY9,3847.I1MSY9,0.7368268370628357
C00099,66,20,3364,Q2PMU2,3847.Q2PMU2,0.7361912727355957
C00100,67,1,842,C6TIM5,3847.C6TIM5,0.6822081208229065
C00100,67,2,696,A0A0R4J5K2,3847.A0A0R4J5K2,0.6749452948570251
C00100,67,3,681,A0A0R4J4B4,3847.A0A0R4J4B4,0.6710962653160095
C00100,67,4,971,I1JCG8,3847.I1JCG8,0.6700794696807861
C00100,67,5,814,C6T8Y4,3847.C6T8Y4,0.6657807230949402
C00100,67,6,686,A0A0R4J4Q1,3847.A0A0R4J4Q1,0.6411750912666321
C00100,67,7,671,A0A0R4J338,3847.A0A0R4J338,0.6381276249885559
C00100,67,8,3421,Q9SYR0,3847.Q9SYR0,0.6372301578521729
C00100,67,9,46,A0A0R0EM30,3847.A0A0R0EM30,0.6339448094367981
C00100,67,10,1578,I1KVY3,3847.I1KVY3,0.6319097876548767
C00100,67,11,572,A0A0R0KKK6,3847.A0A0R0KKK6,0.6317011117935181
C00100,67,12,1318,I1K9R6,3847.I1K9R6,0.6316647529602051
C00100,67,13,695,A0A0R4J5H8,3847.A0A0R4J5H8,0.6298919320106506
C00100,67,14,846,C6TKA3,3847.C6TKA3,0.6293275952339172
C00100,67,15,694,A0A0R4J5H2,3847.A0A0R4J5H2,0.6265945434570312
C00100,67,16,2277,I1MSY9,3847.I1MSY9,0.6163878440856934
C00100,67,17,736,A0A368UIE7,3847.A0A368UIE7,0.615571141242981
C00100,67,18,3351,Q2PMN8,3847.Q2PMN8,0.609251081943512
C00100,67,19,1442,I1KL62,3847.I1KL62,0.6091292500495911
C00100,67,20,2819,K7L9U2,3847.K7L9U2,0.6090810894966125
C00101,68,1,681,A0A0R4J4B4,3847.A0A0R4J4B4,0.915179431438446
C00101,68,2,971,I1JCG8,3847.I1JCG8,0.9135707020759583
C00101,68,3,842,C6TIM5,3847.C6TIM5,0.9133034348487854
C00101,68,4,1934,I1LW34,3847.I1LW34,0.8980493545532227
C00101,68,5,696,A0A0R4J5K2,3847.A0A0R4J5K2,0.8937455415725708
C00101,68,6,3421,Q9SYR0,3847.Q9SYR0,0.8724379539489746
C00101,68,7,814,C6T8Y4,3847.C6T8Y4,0.8593969345092773
C00101,68,8,2098,I1MAM5,3847.I1MAM5,0.8580546975135803
C00101,68,9,2097,I1MAM4,3847.I1MAM4,0.839678168296814
C00101,68,10,1721,I1L905,3847.I1L905,0.8127045035362244
C00101,68,11,3174,K7MPN5,3847.K7MPN5,0.7810729742050171
C00101,68,12,3037,K7M5A2,3847.K7M5A2,0.7693387866020203
C00101,68,13,3263,K7N1N7,3847.K7N1N7,0.7446969747543335
C00101,68,14,2350,I1N0Y1,3847.I1N0Y1,0.7236034870147705
C00101,68,15,2879,K7LIJ3,3847.K7LIJ3,0.7199668884277344
C00101,68,16,2602,K7KAN4,3847.K7KAN4,0.7032878398895264
C00101,68,17,3365,Q2PMU3,3847.Q2PMU3,0.7027322053909302
C00101,68,18,3364,Q2PMU2,3847.Q2PMU2,0.6877731084823608
C00101,68,19,3184,K7MQT5,3847.K7MQT5,0.6801190972328186
C00101,68,20,547,A0A0R0KCM6,3847.A0A0R0KCM6,0.6791937947273254
C00103,69,1,2232,I1MP44,3847.I1MP44,0.52528315782547
C00103,69,2,2130,I1MDK4,3847.I1MDK4,0.5234456062316895
C00103,69,3,1290,I1K772,3847.I1K772,0.5229530334472656
C00103,69,4,2516,I1NHH9,3847.I1NHH9,0.5208378434181213
C00103,69,5,2847,K7LDY3,3847.K7LDY3,0.5180503726005554
C00103,69,6,1294,I1K7A4,3847.I1K7A4,0.5180063843727112
C00103,69,7,2899,K7LL62,3847.K7LL62,0.5179514288902283
C00103,69,8,296,A0A0R0HBG9,3847.A0A0R0HBG9,0.5175385475158691
C00103,69,9,893,H2BER4,3847.H2BER4,0.5164596438407898
C00103,69,10,2139,I1MEJ6,3847.I1MEJ6,0.5161572098731995
C00103,69,11,1139,I1JSS8,3847.I1JSS8,0.5161440968513489
C00103,69,12,1831,I1LJH6,3847.I1LJH6,0.5158065557479858
C00103,69,13,3293,O81980,3847.O81980,0.5151738524436951
C00103,69,14,1815,I1LI78,3847.I1LI78,0.5148269534111023
C00103,69,15,1038,I1JID0,3847.I1JID0,0.5148140788078308
C00103,69,16,1957,I1LY63,3847.I1LY63,0.5146074295043945
C00103,69,17,1174,I1JW76,3847.I1JW76,0.5145644545555115
C00103,69,18,3206,K7MTZ1,3847.K7MTZ1,0.5144809484481812
C00103,69,19,2507,I1NH41,3847.I1NH41,0.5144802927970886
C00103,69,20,1795,I1LFY4,3847.I1LFY4,0.5144599676132202
C00104,70,1,2156,I1MFV2,3847.I1MFV2,0.5882289409637451
C00104,70,2,3205,K7MTY9,3847.K7MTY9,0.580971896648407
C00104,70,3,888,D4Q9Z5,3847.D4Q9Z5,0.5756976008415222
C00104,70,4,1551,I1KTE1,3847.I1KTE1,0.5743405818939209
C00104,70,5,562,A0A0R0KHS2,3847.A0A0R0KHS2,0.5738058090209961
C00104,70,6,1893,I1LS93,3847.I1LS93,0.5737555027008057
C00104,70,7,1058,I1JK97,3847.I1JK97,0.5734604597091675
C00104,70,8,2279,I1MT93,3847.I1MT93,0.5713043212890625
C00104,70,9,2413,I1N6I1,3847.I1N6I1,0.5712314248085022
C00104,70,10,1317,I1K9Q4,3847.I1K9Q4,0.5711601376533508
C00104,70,11,1784,I1LEK0,3847.I1LEK0,0.5701882839202881
C00104,70,12,3207,K7MU28,3847.K7MU28,0.5698803663253784
C00104,70,13,2753,K7L0E0,3847.K7L0E0,0.5696916580200195
C00104,70,14,1077,I1JMA7,3847.I1JMA7,0.5696486830711365
C00104,70,15,2684,K7KNQ7,3847.K7KNQ7,0.5691503882408142
C00104,70,16,722,A0A368UHE2,3847.A0A368UHE2,0.5688057541847229
C00104,70,17,2234,I1MPC6,3847.I1MPC6,0.5684508085250854
C00104,70,18,993,I1JE21,3847.I1JE21,0.5682272911071777
C00104,70,19,810,C6T798,3847.C6T798,0.5681943893432617
C00104,70,20,1791,I1LFN3,3847.I1LFN3,0.5681853294372559
C00105,71,1,1058,I1JK97,3847.I1JK97,0.6860825419425964
C00105,71,2,2467,I1NC73,3847.I1NC73,0.6801818013191223
C00105,71,3,3258,K7MZR6,3847.K7MZR6,0.677294909954071
C00105,71,4,2271,I1MS93,3847.I1MS93,0.6769047975540161
C00105,71,5,3259,K7N016,3847.K7N016,0.6768255829811096
C00105,71,6,2061,I1M791,3847.I1M791,0.6762018203735352
C00105,71,7,1054,I1JJV5,3847.I1JJV5,0.6748871207237244
C00105,71,8,2886,K7LJR3,3847.K7LJR3,0.6741957664489746
C00105,71,9,1470,I1KN33,3847.I1KN33,0.6738055348396301
C00105,71,10,2905,K7LMI9,3847.K7LMI9,0.6737704873085022
C00105,71,11,3412,Q9LKY4,3847.Q9LKY4,0.6735308170318604
C00105,71,12,1149,I1JTZ3,3847.I1JTZ3,0.6735120415687561
C00105,71,13,1087,I1JNF9,3847.I1JNF9,0.6731562614440918
C00105,71,14,2962,K7LV78,3847.K7LV78,0.6726503968238831
C00105,71,15,1049,I1JJG5,3847.I1JJG5,0.6726489663124084
C00105,71,16,853,C6TNL5,3847.C6TNL5,0.6725782155990601
C00105,71,17,1887,I1LRK5,3847.I1LRK5,0.6725331544876099
C00105,71,18,776,C0M0P5,3847.C0M0P5,0.6723496913909912
C00105,71,19,2318,I1MWD6,3847.I1MWD6,0.672345757484436
C00105,71,20,1408,I1KIC2,3847.I1KIC2,0.6719112396240234
C00106,72,1,842,C6TIM5,3847.C6TIM5,0.9392361044883728
C00106,72,2,681,A0A0R4J4B4,3847.A0A0R4J4B4,0.9383566379547119
C00106,72,3,971,I1JCG8,3847.I1JCG8,0.9367184638977051
C00106,72,4,696,A0A0R4J5K2,3847.A0A0R4J5K2,0.9263248443603516
C00106,72,5,1934,I1LW34,3847.I1LW34,0.9107373952865601
C00106,72,6,3421,Q9SYR0,3847.Q9SYR0,0.9034116268157959
C00106,72,7,814,C6T8Y4,3847.C6T8Y4,0.902028501033783
C00106,72,8,2098,I1MAM5,3847.I1MAM5,0.8757059574127197
C00106,72,9,2097,I1MAM4,3847.I1MAM4,0.8643393516540527
C00106,72,10,3174,K7MPN5,3847.K7MPN5,0.8198602199554443
C00106,72,11,3037,K7M5A2,3847.K7M5A2,0.8141213655471802
C00106,72,12,2879,K7LIJ3,3847.K7LIJ3,0.779610276222229
C00106,72,13,1721,I1L905,3847.I1L905,0.770712673664093
C00106,72,14,2602,K7KAN4,3847.K7KAN4,0.7644451260566711
C00106,72,15,2350,I1N0Y1,3847.I1N0Y1,0.7442364692687988
C00106,72,16,2277,I1MSY9,3847.I1MSY9,0.7272502779960632
C00106,72,17,3184,K7MQT5,3847.K7MQT5,0.7158418893814087
C00106,72,18,3365,Q2PMU3,3847.Q2PMU3,0.7084276676177979
C00106,72,19,976,I1JCZ8,3847.I1JCZ8,0.7020761370658875
C00106,72,20,671,A0A0R4J338,3847.A0A0R4J338,0.6999468207359314
C00109,73,1,842,C6TIM5,3847.C6TIM5,0.9130691289901733
C00109,73,2,681,A0A0R4J4B4,3847.A0A0R4J4B4,0.9128637313842773
C00109,73,3,971,I1JCG8,3847.I1JCG8,0.912091851234436
C00109,73,4,696,A0A0R4J5K2,3847.A0A0R4J5K2,0.8970328569412231
C00109,73,5,1934,I1LW34,3847.I1LW34,0.885135293006897
C00109,73,6,3421,Q9SYR0,3847.Q9SYR0,0.8698234558105469
C00109,73,7,814,C6T8Y4,3847.C6T8Y4,0.8659144043922424
C00109,73,8,2098,I1MAM5,3847.I1MAM5,0.8475823402404785
C00109,73,9,2097,I1MAM4,3847.I1MAM4,0.8329151272773743
C00109,73,10,3174,K7MPN5,3847.K7MPN5,0.7826854586601257
C00109,73,11,1721,I1L905,3847.I1L905,0.7760342955589294
C00109,73,12,3037,K7M5A2,3847.K7M5A2,0.7740089297294617
C00109,73,13,2879,K7LIJ3,3847.K7LIJ3,0.733417272567749
C00109,73,14,2602,K7KAN4,3847.K7KAN4,0.7182390689849854
C00109,73,15,2350,I1N0Y1,3847.I1N0Y1,0.7164135575294495
C00109,73,16,3263,K7N1N7,3847.K7N1N7,0.7031752467155457
C00109,73,17,3365,Q2PMU3,3847.Q2PMU3,0.691177248954773
C00109,73,18,3184,K7MQT5,3847.K7MQT5,0.6843775510787964
C00109,73,19,3364,Q2PMU2,3847.Q2PMU2,0.6796987652778625
C00109,73,20,2277,I1MSY9,3847.I1MSY9,0.6761235594749451
C00110,74,1,1058,I1JK97,3847.I1JK97,0.7836217284202576
C00110,74,2,2061,I1M791,3847.I1M791,0.7743431329727173
C00110,74,3,1887,I1LRK5,3847.I1LRK5,0.7740864753723145
C00110,74,4,2467,I1NC73,3847.I1NC73,0.7727931141853333
C00110,74,5,2318,I1MWD6,3847.I1MWD6,0.7722927927970886
C00110,74,6,2905,K7LMI9,3847.K7LMI9,0.7716274261474609
C00110,74,7,1408,I1KIC2,3847.I1KIC2,0.7714850306510925
C00110,74,8,3412,Q9LKY4,3847.Q9LKY4,0.7707571387290955
C00110,74,9,2533,I1NIT6,3847.I1NIT6,0.7701020240783691
C00110,74,10,3259,K7N016,3847.K7N016,0.7695372700691223
C00110,74,11,2809,K7L8E8,3847.K7L8E8,0.7694033980369568
C00110,74,12,3096,K7MES8,3847.K7MES8,0.7691048383712769
C00110,74,13,1149,I1JTZ3,3847.I1JTZ3,0.7688127160072327
C00110,74,14,2271,I1MS93,3847.I1MS93,0.7687079310417175
C00110,74,15,1470,I1KN33,3847.I1KN33,0.7685307264328003
C00110,74,16,853,C6TNL5,3847.C6TNL5,0.7685145139694214
C00110,74,17,2345,I1N0D5,3847.I1N0D5,0.7684250473976135
C00110,74,18,3059,K7M8N2,3847.K7M8N2,0.7683326005935669
C00110,74,19,3258,K7MZR6,3847.K7MZR6,0.7682698369026184
C00110,74,20,2644,K7KGV1,3847.K7KGV1,0.768268883228302
C00111,75,1,842,C6TIM5,3847.C6TIM5,0.9058784246444702
C00111,75,2,681,A0A0R4J4B4,3847.A0A0R4J4B4,0.9030952453613281
C00111,75,3,971,I1JCG8,3847.I1JCG8,0.9026785492897034
C00111,75,4,696,A0A0R4J5K2,3847.A0A0R4J5K2,0.8919453024864197
C00111,75,5,814,C6T8Y4,3847.C6T8Y4,0.8646767735481262
C00111,75,6,1934,I1LW34,3847.I1LW34,0.861555814743042
C00111,75,7,3421,Q9SYR0,3847.Q9SYR0,0.8608241081237793
C00111,75,8,2098,I1MAM5,3847.I1MAM5,0.8249324560165405
C00111,75,9,2097,I1MAM4,3847.I1MAM4,0.8146624565124512
C00111,75,10,3174,K7MPN5,3847.K7MPN5,0.7795648574829102
C00111,75,11,3037,K7M5A2,3847.K7M5A2,0.7738606929779053
C00111,75,12,2879,K7LIJ3,3847.K7LIJ3,0.7457900643348694
C00111,75,13,2602,K7KAN4,3847.K7KAN4,0.7298058271408081
C00111,75,14,2277,I1MSY9,3847.I1MSY9,0.7067344188690186
C00111,75,15,1721,I1L905,3847.I1L905,0.7056518197059631
C00111,75,16,2350,I1N0Y1,3847.I1N0Y1,0.7008955478668213
C00111,75,17,671,A0A0R4J338,3847.A0A0R4J338,0.6970735788345337
C00111,75,18,695,A0A0R4J5H8,3847.A0A0R4J5H8,0.6850287914276123
C00111,75,19,1514,I1KQX3,3847.I1KQX3,0.6836457252502441
C00111,75,20,3184,K7MQT5,3847.K7MQT5,0.6825765371322632
C00112,76,1,1058,I1JK97,3847.I1JK97,0.83624267578125
C00112,76,2,2061,I1M791,3847.I1M791,0.8316961526870728
C00112,76,3,1887,I1LRK5,3847.I1LRK5,0.8308551907539368
C00112,76,4,2467,I1NC73,3847.I1NC73,0.8305546641349792
C00112,76,5,3412,Q9LKY4,3847.Q9LKY4,0.828554093837738
C00112,76,6,3096,K7MES8,3847.K7MES8,0.8280797004699707
C00112,76,7,1408,I1KIC2,3847.I1KIC2,0.8276493549346924
C00112,76,8,2318,I1MWD6,3847.I1MWD6,0.8275372982025146
C00112,76,9,3259,K7N016,3847.K7N016,0.826827347278595
C00112,76,10,2533,I1NIT6,3847.I1NIT6,0.82635897397995
C00112,76,11,2345,I1N0D5,3847.I1N0D5,0.8263055086135864
C00112,76,12,2644,K7KGV1,3847.K7KGV1,0.8259828090667725
C00112,76,13,853,C6TNL5,3847.C6TNL5,0.8259660601615906
C00112,76,14,1470,I1KN33,3847.I1KN33,0.8258973360061646
C00112,76,15,3258,K7MZR6,3847.K7MZR6,0.825709879398346
C00112,76,16,1357,I1KCA7,3847.I1KCA7,0.8255797624588013
C00112,76,17,3059,K7M8N2,3847.K7M8N2,0.8255746364593506
C00112,76,18,278,A0A0R0H2F3,3847.A0A0R0H2F3,0.8250431418418884
C00112,76,19,1149,I1JTZ3,3847.I1JTZ3,0.8249391913414001
C00112,76,20,1744,I1LBG8,3847.I1LBG8,0.8248951435089111
C00114,77,1,1058,I1JK97,3847.I1JK97,0.6354316473007202
C00114,77,2,3258,K7MZR6,3847.K7MZR6,0.622185230255127
C00114,77,3,1408,I1KIC2,3847.I1KIC2,0.621461808681488
C00114,77,4,2467,I1NC73,3847.I1NC73,0.6214529275894165
C00114,77,5,1744,I1LBG8,3847.I1LBG8,0.6203376650810242
C00114,77,6,1149,I1JTZ3,3847.I1JTZ3,0.6194586157798767
C00114,77,7,1887,I1LRK5,3847.I1LRK5,0.6193076968193054
C00114,77,8,853,C6TNL5,3847.C6TNL5,0.6192711591720581
C00114,77,9,1470,I1KN33,3847.I1KN33,0.6178558468818665
C00114,77,10,1087,I1JNF9,3847.I1JNF9,0.6169891357421875
C00114,77,11,2061,I1M791,3847.I1M791,0.6166033744812012
C00114,77,12,3259,K7N016,3847.K7N016,0.6163728833198547
C00114,77,13,2809,K7L8E8,3847.K7L8E8,0.6162254214286804
C00114,77,14,2147,I1MF71,3847.I1MF71,0.6161150932312012
C00114,77,15,2064,I1M7D3,3847.I1M7D3,0.6159657835960388
C00114,77,16,733,A0A368UIA4,3847.A0A368UIA4,0.615909993648529
C00114,77,17,2897,K7LKV4,3847.K7LKV4,0.6158978939056396
C00114,77,18,2271,I1MS93,3847.I1MS93,0.6157343983650208
C00114,77,19,3412,Q9LKY4,3847.Q9LKY4,0.6156159043312073
C00114,77,20,2886,K7LJR3,3847.K7LJR3,0.6154613494873047
C00116,78,1,1290,I1K772,3847.I1K772,0.5278655886650085
C00116,78,2,2130,I1MDK4,3847.I1MDK4,0.5263062119483948
C00116,78,3,2232,I1MP44,3847.I1MP44,0.5253820419311523
C00116,78,4,296,A0A0R0HBG9,3847.A0A0R0HBG9,0.5228769183158875
C00116,78,5,562,A0A0R0KHS2,3847.A0A0R0KHS2,0.5219188332557678
C00116,78,6,1294,I1K7A4,3847.I1K7A4,0.5211249589920044
C00116,78,7,2156,I1MFV2,3847.I1MFV2,0.5204824805259705
C00116,78,8,2516,I1NHH9,3847.I1NHH9,0.5198541283607483
C00116,78,9,310,A0A0R0HFU2,3847.A0A0R0HFU2,0.5196788907051086
C00116,78,10,1158,I1JUN7,3847.I1JUN7,0.5196749567985535
C00116,78,11,3127,K7MJI4,3847.K7MJI4,0.5186927318572998
C00116,78,12,3293,O81980,3847.O81980,0.5183358192443848
C00116,78,13,1795,I1LFY4,3847.I1LFY4,0.5179007053375244
C00116,78,14,1174,I1JW76,3847.I1JW76,0.5175897479057312
C00116,78,15,1754,I1LC39,3847.I1LC39,0.5174956917762756
C00116,78,16,3114,K7MHK0,3847.K7MHK0,0.5172034502029419
C00116,78,17,1551,I1KTE1,3847.I1KTE1,0.5170072317123413
C00116,78,18,506,A0A0R0JVB4,3847.A0A0R0JVB4,0.5170031785964966
C00116,78,19,893,H2BER4,3847.H2BER4,0.5167925357818604
C00116,78,20,3016,K7M1J7,3847.K7M1J7,0.5165817737579346
C00117,79,1,1058,I1JK97,3847.I1JK97,0.7708812355995178
C00117,79,2,3259,K7N016,3847.K7N016,0.7606274485588074
C00117,79,3,1887,I1LRK5,3847.I1LRK5,0.7593622803688049
C00117,79,4,2467,I1NC73,3847.I1NC73,0.7591620683670044
C00117,79,5,2061,I1M791,3847.I1M791,0.7573740482330322
C00117,79,6,3258,K7MZR6,3847.K7MZR6,0.7565667033195496
C00117,79,7,3412,Q9LKY4,3847.Q9LKY4,0.7563344836235046
C00117,79,8,1470,I1KN33,3847.I1KN33,0.7562319040298462
C00117,79,9,853,C6TNL5,3847.C6TNL5,0.7556255459785461
C00117,79,10,1054,I1JJV5,3847.I1JJV5,0.7551002502441406
C00117,79,11,1408,I1KIC2,3847.I1KIC2,0.7544190287590027
C00117,79,12,2318,I1MWD6,3847.I1MWD6,0.7542807459831238
C00117,79,13,2809,K7L8E8,3847.K7L8E8,0.754187822341919
C00117,79,14,1149,I1JTZ3,3847.I1JTZ3,0.7539849281311035
C00117,79,15,2271,I1MS93,3847.I1MS93,0.7535956501960754
C00117,79,16,3096,K7MES8,3847.K7MES8,0.7535234689712524
C00117,79,17,278,A0A0R0H2F3,3847.A0A0R0H2F3,0.7534131407737732
C00117,79,18,2886,K7LJR3,3847.K7LJR3,0.7527474164962769
C00117,79,19,733,A0A368UIA4,3847.A0A368UIA4,0.7527247071266174
C00117,79,20,1744,I1LBG8,3847.I1LBG8,0.7524813413619995
C00118,80,1,842,C6TIM5,3847.C6TIM5,0.951221764087677
C00118,80,2,971,I1JCG8,3847.I1JCG8,0.9493154287338257
C00118,80,3,681,A0A0R4J4B4,3847.A0A0R4J4B4,0.9491875171661377
C00118,80,4,696,A0A0R4J5K2,3847.A0A0R4J5K2,0.9412083625793457
C00118,80,5,814,C6T8Y4,3847.C6T8Y4,0.9185137748718262
C00118,80,6,3421,Q9SYR0,3847.Q9SYR0,0.9155069589614868
C00118,80,7,1934,I1LW34,3847.I1LW34,0.9127225875854492
C00118,80,8,2098,I1MAM5,3847.I1MAM5,0.8809888958930969
C00118,80,9,2097,I1MAM4,3847.I1MAM4,0.8706931471824646
C00118,80,10,3174,K7MPN5,3847.K7MPN5,0.8319971561431885
C00118,80,11,3037,K7M5A2,3847.K7M5A2,0.8299278020858765
C00118,80,12,2879,K7LIJ3,3847.K7LIJ3,0.797619640827179
C00118,80,13,2602,K7KAN4,3847.K7KAN4,0.7779893279075623
C00118,80,14,2277,I1MSY9,3847.I1MSY9,0.7556627988815308
C00118,80,15,1721,I1L905,3847.I1L905,0.746555507183075
C00118,80,16,2350,I1N0Y1,3847.I1N0Y1,0.7431539297103882
C00118,80,17,671,A0A0R4J338,3847.A0A0R4J338,0.7418825030326843
C00118,80,18,1514,I1KQX3,3847.I1KQX3,0.7232747077941895
C00118,80,19,695,A0A0R4J5H8,3847.A0A0R4J5H8,0.7212421298027039
C00118,80,20,46,A0A0R0EM30,3847.A0A0R0EM30,0.7206114530563354
C00119,81,1,842,C6TIM5,3847.C6TIM5,0.9032084345817566
C00119,81,2,681,A0A0R4J4B4,3847.A0A0R4J4B4,0.9004780054092407
C00119,81,3,971,I1JCG8,3847.I1JCG8,0.8994730710983276
C00119,81,4,696,A0A0R4J5K2,3847.A0A0R4J5K2,0.8891602158546448
C00119,81,5,814,C6T8Y4,3847.C6T8Y4,0.860224723815918
C00119,81,6,1934,I1LW34,3847.I1LW34,0.8582437038421631
C00119,81,7,3421,Q9SYR0,3847.Q9SYR0,0.8568160533905029
C00119,81,8,2098,I1MAM5,3847.I1MAM5,0.8230436444282532
C00119,81,9,2097,I1MAM4,3847.I1MAM4,0.81211918592453
C00119,81,10,3174,K7MPN5,3847.K7MPN5,0.7716231346130371
C00119,81,11,3037,K7M5A2,3847.K7M5A2,0.767816424369812
C00119,81,12,2879,K7LIJ3,3847.K7LIJ3,0.73658287525177
C00119,81,13,2602,K7KAN4,3847.K7KAN4,0.723085343837738
C00119,81,14,1721,I1L905,3847.I1L905,0.7065466046333313
C00119,81,15,2277,I1MSY9,3847.I1MSY9,0.7040908336639404
C00119,81,16,2350,I1N0Y1,3847.I1N0Y1,0.6964439749717712
C00119,81,17,671,A0A0R4J338,3847.A0A0R4J338,0.6882367134094238
C00119,81,18,1514,I1KQX3,3847.I1KQX3,0.6773926615715027
C00119,81,19,695,A0A0R4J5H8,3847.A0A0R4J5H8,0.6770840287208557
C00119,81,20,3184,K7MQT5,3847.K7MQT5,0.6754288077354431
C00120,82,1,842,C6TIM5,3847.C6TIM5,0.9251589775085449
C00120,82,2,971,I1JCG8,3847.I1JCG8,0.9238845109939575
C00120,82,3,681,A0A0R4J4B4,3847.A0A0R4J4B4,0.9236376285552979
C00120,82,4,696,A0A0R4J5K2,3847.A0A0R4J5K2,0.9125801920890808
C00120,82,5,1934,I1LW34,3847.I1LW34,0.8903281688690186
C00120,82,6,3421,Q9SYR0,3847.Q9SYR0,0.8835697770118713
C00120,82,7,814,C6T8Y4,3847.C6T8Y4,0.8831576108932495
C00120,82,8,2098,I1MAM5,3847.I1MAM5,0.8539482951164246
C00120,82,9,2097,I1MAM4,3847.I1MAM4,0.8419932126998901
C00120,82,10,3174,K7MPN5,3847.K7MPN5,0.7987256646156311
C00120,82,11,3037,K7M5A2,3847.K7M5A2,0.7920515537261963
C00120,82,12,1721,I1L905,3847.I1L905,0.7575958371162415
C00120,82,13,2879,K7LIJ3,3847.K7LIJ3,0.7552377581596375
C00120,82,14,2602,K7KAN4,3847.K7KAN4,0.7397484183311462
C00120,82,15,2350,I1N0Y1,3847.I1N0Y1,0.7230345010757446
C00120,82,16,2277,I1MSY9,3847.I1MSY9,0.7061998844146729
C00120,82,17,3184,K7MQT5,3847.K7MQT5,0.6948448419570923
C00120,82,18,3365,Q2PMU3,3847.Q2PMU3,0.6913439631462097
C00120,82,19,976,I1JCZ8,3847.I1JCZ8,0.6855306029319763
C00120,82,20,671,A0A0R4J338,3847.A0A0R4J338,0.6849010586738586
C00122,83,1,681,A0A0R4J4B4,3847.A0A0R4J4B4,0.9739407300949097
C00122,83,2,971,I1JCG8,3847.I1JCG8,0.973590075969696
C00122,83,3,842,C6TIM5,3847.C6TIM5,0.9733592867851257
C00122,83,4,1934,I1LW34,3847.I1LW34,0.9681069254875183
C00122,83,5,696,A0A0R4J5K2,3847.A0A0R4J5K2,0.9632088541984558
C00122,83,6,3421,Q9SYR0,3847.Q9SYR0,0.9513278007507324
C00122,83,7,2098,I1MAM5,3847.I1MAM5,0.9449432492256165
C00122,83,8,814,C6T8Y4,3847.C6T8Y4,0.9382124543190002
C00122,83,9,2097,I1MAM4,3847.I1MAM4,0.9315508604049683
C00122,83,10,1721,I1L905,3847.I1L905,0.9131428599357605
C00122,83,11,3174,K7MPN5,3847.K7MPN5,0.8730271458625793
C00122,83,12,3037,K7M5A2,3847.K7M5A2,0.8606273531913757
C00122,83,13,3263,K7N1N7,3847.K7N1N7,0.8488874435424805
C00122,83,14,2350,I1N0Y1,3847.I1N0Y1,0.804675817489624
C00122,83,15,2879,K7LIJ3,3847.K7LIJ3,0.7950783967971802
C00122,83,16,3365,Q2PMU3,3847.Q2PMU3,0.7930819392204285
C00122,83,17,2602,K7KAN4,3847.K7KAN4,0.7780938744544983
C00122,83,18,3364,Q2PMU2,3847.Q2PMU2,0.7711811661720276
C00122,83,19,547,A0A0R0KCM6,3847.A0A0R0KCM6,0.770288348197937
C00122,83,20,3184,K7MQT5,3847.K7MQT5,0.747774600982666
C00125,84,1,842,C6TIM5,3847.C6TIM5,0.8682234883308411
C00125,84,2,681,A0A0R4J4B4,3847.A0A0R4J4B4,0.8654785752296448
C00125,84,3,971,I1JCG8,3847.I1JCG8,0.863431990146637
C00125,84,4,696,A0A0R4J5K2,3847.A0A0R4J5K2,0.8519037961959839
C00125,84,5,814,C6T8Y4,3847.C6T8Y4,0.8252549171447754
C00125,84,6,1934,I1LW34,3847.I1LW34,0.8252199292182922
C00125,84,7,3421,Q9SYR0,3847.Q9SYR0,0.8207329511642456
C00125,84,8,2098,I1MAM5,3847.I1MAM5,0.7865080833435059
C00125,84,9,2097,I1MAM4,3847.I1MAM4,0.7750320434570312
C00125,84,10,3174,K7MPN5,3847.K7MPN5,0.7420446276664734
C00125,84,11,3037,K7M5A2,3847.K7M5A2,0.73838210105896
C00125,84,12,2879,K7LIJ3,3847.K7LIJ3,0.7139086723327637
C00125,84,13,2602,K7KAN4,3847.K7KAN4,0.7005231380462646
C00125,84,14,1721,I1L905,3847.I1L905,0.6843355894088745
C00125,84,15,2350,I1N0Y1,3847.I1N0Y1,0.6826432347297668
C00125,84,16,2277,I1MSY9,3847.I1MSY9,0.6761468052864075
C00125,84,17,671,A0A0R4J338,3847.A0A0R4J338,0.672558605670929
C00125,84,18,3184,K7MQT5,3847.K7MQT5,0.6623371243476868
C00125,84,19,695,A0A0R4J5H8,3847.A0A0R4J5H8,0.6570829749107361
C00125,84,20,46,A0A0R0EM30,3847.A0A0R0EM30,0.6564669609069824
C00127,85,1,681,A0A0R4J4B4,3847.A0A0R4J4B4,0.9223119616508484
C00127,85,2,971,I1JCG8,3847.I1JCG8,0.9215273261070251
C00127,85,3,842,C6TIM5,3847.C6TIM5,0.9196737408638
C00127,85,4,1934,I1LW34,3847.I1LW34,0.9187472462654114
C00127,85,5,696,A0A0R4J5K2,3847.A0A0R4J5K2,0.9033704996109009
C00127,85,6,3421,Q9SYR0,3847.Q9SYR0,0.8869981169700623
C00127,85,7,2098,I1MAM5,3847.I1MAM5,0.8798295259475708
C00127,85,8,814,C6T8Y4,3847.C6T8Y4,0.8691249489784241
C00127,85,9,1721,I1L905,3847.I1L905,0.8670560717582703
C00127,85,10,2097,I1MAM4,3847.I1MAM4,0.8625983595848083
C00127,85,11,3263,K7N1N7,3847.K7N1N7,0.8319421410560608
C00127,85,12,3174,K7MPN5,3847.K7MPN5,0.8077548742294312
C00127,85,13,3037,K7M5A2,3847.K7M5A2,0.7929869890213013
C00127,85,14,2350,I1N0Y1,3847.I1N0Y1,0.7573638558387756
C00127,85,15,547,A0A0R0KCM6,3847.A0A0R0KCM6,0.7547487616539001
C00127,85,16,3365,Q2PMU3,3847.Q2PMU3,0.7520745992660522
C00127,85,17,2879,K7LIJ3,3847.K7LIJ3,0.7366726398468018
C00127,85,18,3364,Q2PMU2,3847.Q2PMU2,0.7337273359298706
C00127,85,19,2602,K7KAN4,3847.K7KAN4,0.7237773537635803
C00127,85,20,3346,Q2PMN3,3847.Q2PMN3,0.7175825834274292
C00129,86,1,842,C6TIM5,3847.C6TIM5,0.7755546569824219
C00129,86,2,681,A0A0R4J4B4,3847.A0A0R4J4B4,0.7733959555625916
C00129,86,3,971,I1JCG8,3847.I1JCG8,0.7730725407600403
C00129,86,4,696,A0A0R4J5K2,3847.A0A0R4J5K2,0.7633189558982849
C00129,86,5,814,C6T8Y4,3847.C6T8Y4,0.7390366792678833
C00129,86,6,3421,Q9SYR0,3847.Q9SYR0,0.7383638024330139
C00129,86,7,1934,I1LW34,3847.I1LW34,0.7371094226837158
C00129,86,8,2098,I1MAM5,3847.I1MAM5,0.7056694030761719
C00129,86,9,2097,I1MAM4,3847.I1MAM4,0.6989586353302002
C00129,86,10,3174,K7MPN5,3847.K7MPN5,0.6779223680496216
C00129,86,11,3037,K7M5A2,3847.K7M5A2,0.6717606782913208
C00129,86,12,2879,K7LIJ3,3847.K7LIJ3,0.6573293209075928
C00129,86,13,2602,K7KAN4,3847.K7KAN4,0.6464902758598328
C00129,86,14,671,A0A0R4J338,3847.A0A0R4J338,0.6363038420677185
C00129,86,15,2277,I1MSY9,3847.I1MSY9,0.6313361525535583
C00129,86,16,2350,I1N0Y1,3847.I1N0Y1,0.631095290184021
C00129,86,17,1721,I1L905,3847.I1L905,0.6299330592155457
C00129,86,18,695,A0A0R4J5H8,3847.A0A0R4J5H8,0.6245976686477661
C00129,86,19,846,C6TKA3,3847.C6TKA3,0.6242052316665649
C00129,86,20,1578,I1KVY3,3847.I1KVY3,0.62339848279953
C00130,87,1,842,C6TIM5,3847.C6TIM5,0.8914552330970764
C00130,87,2,971,I1JCG8,3847.I1JCG8,0.8854396343231201
C00130,87,3,681,A0A0R4J4B4,3847.A0A0R4J4B4,0.8847657442092896
C00130,87,4,696,A0A0R4J5K2,3847.A0A0R4J5K2,0.8768846988677979
C00130,87,5,814,C6T8Y4,3847.C6T8Y4,0.8473879098892212
C00130,87,6,3421,Q9SYR0,3847.Q9SYR0,0.8398970365524292
C00130,87,7,1934,I1LW34,3847.I1LW34,0.8267963528633118
C00130,87,8,2098,I1MAM5,3847.I1MAM5,0.7931651473045349
C00130,87,9,2097,I1MAM4,3847.I1MAM4,0.7821735739707947
C00130,87,10,3174,K7MPN5,3847.K7MPN5,0.7536374926567078
C00130,87,11,3037,K7M5A2,3847.K7M5A2,0.7490096092224121
C00130,87,12,2879,K7LIJ3,3847.K7LIJ3,0.7294301390647888
C00130,87,13,2602,K7KAN4,3847.K7KAN4,0.7102292776107788
C00130,87,14,2277,I1MSY9,3847.I1MSY9,0.7042954564094543
C00130,87,15,671,A0A0R4J338,3847.A0A0R4J338,0.6941257119178772
C00130,87,16,695,A0A0R4J5H8,3847.A0A0R4J5H8,0.6814321875572205
C00130,87,17,1578,I1KVY3,3847.I1KVY3,0.6807547807693481
C00130,87,18,46,A0A0R0EM30,3847.A0A0R0EM30,0.6784912347793579
C00130,87,19,1318,I1K9R6,3847.I1K9R6,0.6777276396751404
C00130,87,20,686,A0A0R4J4Q1,3847.A0A0R4J4Q1,0.6739457249641418
C00131,88,1,1058,I1JK97,3847.I1JK97,0.7097011208534241
C00131,88,2,2467,I1NC73,3847.I1NC73,0.7021710872650146
C00131,88,3,1887,I1LRK5,3847.I1LRK5,0.7008084058761597
C00131,88,4,2061,I1M791,3847.I1M791,0.700495183467865
C00131,88,5,1408,I1KIC2,3847.I1KIC2,0.6990886330604553
C00131,88,6,3258,K7MZR6,3847.K7MZR6,0.6987499594688416
C00131,88,7,1744,I1LBG8,3847.I1LBG8,0.6981785297393799
C00131,88,8,733,A0A368UIA4,3847.A0A368UIA4,0.6981604695320129
C00131,88,9,3259,K7N016,3847.K7N016,0.6978940367698669
C00131,88,10,2809,K7L8E8,3847.K7L8E8,0.6978204846382141
C00131,88,11,2905,K7LMI9,3847.K7LMI9,0.697190523147583
C00131,88,12,3096,K7MES8,3847.K7MES8,0.6966519355773926
C00131,88,13,1054,I1JJV5,3847.I1JJV5,0.6965762972831726
C00131,88,14,853,C6TNL5,3847.C6TNL5,0.6961391568183899
C00131,88,15,1470,I1KN33,3847.I1KN33,0.6960954666137695
C00131,88,16,1149,I1JTZ3,3847.I1JTZ3,0.6958031058311462
C00131,88,17,2533,I1NIT6,3847.I1NIT6,0.6955221891403198
C00131,88,18,2897,K7LKV4,3847.K7LKV4,0.6955037713050842
C00131,88,19,2271,I1MS93,3847.I1MS93,0.6953644752502441
C00131,88,20,2318,I1MWD6,3847.I1MWD6,0.6950381398200989
C00132,89,1,842,C6TIM5,3847.C6TIM5,0.671780526638031
C00132,89,2,696,A0A0R4J5K2,3847.A0A0R4J5K2,0.6662025451660156
C00132,89,3,971,I1JCG8,3847.I1JCG8,0.6619303226470947
C00132,89,4,681,A0A0R4J4B4,3847.A0A0R4J4B4,0.660542368888855
C00132,89,5,814,C6T8Y4,3847.C6T8Y4,0.6557210683822632
C00132,89,6,686,A0A0R4J4Q1,3847.A0A0R4J4Q1,0.6364256143569946
C00132,89,7,671,A0A0R4J338,3847.A0A0R4J338,0.6348119378089905
C00132,89,8,46,A0A0R0EM30,3847.A0A0R0EM30,0.6285092234611511
C00132,89,9,1578,I1KVY3,3847.I1KVY3,0.6279022097587585
C00132,89,10,3421,Q9SYR0,3847.Q9SYR0,0.6267295479774475
C00132,89,11,572,A0A0R0KKK6,3847.A0A0R0KKK6,0.6261020302772522
C00132,89,12,1318,I1K9R6,3847.I1K9R6,0.6258906126022339
C00132,89,13,846,C6TKA3,3847.C6TKA3,0.6246526837348938
C00132,89,14,695,A0A0R4J5H8,3847.A0A0R4J5H8,0.6237871050834656
C00132,89,15,694,A0A0R4J5H2,3847.A0A0R4J5H2,0.6219952702522278
C00132,89,16,736,A0A368UIE7,3847.A0A368UIE7,0.6144075989723206
C00132,89,17,2819,K7L9U2,3847.K7L9U2,0.6109724044799805
C00132,89,18,2277,I1MSY9,3847.I1MSY9,0.6108850240707397
C00132,89,19,3351,Q2PMN8,3847.Q2PMN8,0.6084537506103516
C00132,89,20,3345,Q2PMN2,3847.Q2PMN2,0.6079103350639343
C00134,90,1,842,C6TIM5,3847.C6TIM5,0.9231905937194824
C00134,90,2,681,A0A0R4J4B4,3847.A0A0R4J4B4,0.9217582941055298
C00134,90,3,971,I1JCG8,3847.I1JCG8,0.9214950203895569
C00134,90,4,696,A0A0R4J5K2,3847.A0A0R4J5K2,0.9086331129074097
C00134,90,5,1934,I1LW34,3847.I1LW34,0.8879228234291077
C00134,90,6,3421,Q9SYR0,3847.Q9SYR0,0.8845148682594299
C00134,90,7,814,C6T8Y4,3847.C6T8Y4,0.8817455768585205
C00134,90,8,2098,I1MAM5,3847.I1MAM5,0.8523713946342468
C00134,90,9,2097,I1MAM4,3847.I1MAM4,0.8404640555381775
C00134,90,10,3174,K7MPN5,3847.K7MPN5,0.7978807091712952
C00134,90,11,3037,K7M5A2,3847.K7M5A2,0.7920405268669128
C00134,90,12,2879,K7LIJ3,3847.K7LIJ3,0.7579522132873535
C00134,90,13,1721,I1L905,3847.I1L905,0.7487768530845642
C00134,90,14,2602,K7KAN4,3847.K7KAN4,0.7402690052986145
C00134,90,15,2350,I1N0Y1,3847.I1N0Y1,0.7236968278884888
C00134,90,16,2277,I1MSY9,3847.I1MSY9,0.7054586410522461
C00134,90,17,3184,K7MQT5,3847.K7MQT5,0.6963131427764893
C00134,90,18,3365,Q2PMU3,3847.Q2PMU3,0.6890180110931396
C00134,90,19,671,A0A0R4J338,3847.A0A0R4J338,0.6863259673118591
C00134,90,20,976,I1JCZ8,3847.I1JCZ8,0.6840003728866577
C00136,91,1,842,C6TIM5,3847.C6TIM5,0.5962679982185364
C00136,91,2,696,A0A0R4J5K2,3847.A0A0R4J5K2,0.5857312679290771
C00136,91,3,814,C6T8Y4,3847.C6T8Y4,0.5850818753242493
C00136,91,4,681,A0A0R4J4B4,3847.A0A0R4J4B4,0.5837767720222473
C00136,91,5,971,I1JCG8,3847.I1JCG8,0.5834546089172363
C00136,91,6,686,A0A0R4J4Q1,3847.A0A0R4J4Q1,0.5688142776489258
C00136,91,7,671,A0A0R4J338,3847.A0A0R4J338,0.5669731497764587
C00136,91,8,2277,I1MSY9,3847.I1MSY9,0.5641275644302368
C00136,91,9,46,A0A0R0EM30,3847.A0A0R0EM30,0.5594775080680847
C00136,91,10,3421,Q9SYR0,3847.Q9SYR0,0.5594688057899475
C00136,91,11,1318,I1K9R6,3847.I1K9R6,0.5583747625350952
C00136,91,12,694,A0A0R4J5H2,3847.A0A0R4J5H2,0.5572185516357422
C00136,91,13,1442,I1KL62,3847.I1KL62,0.5570997595787048
C00136,91,14,695,A0A0R4J5H8,3847.A0A0R4J5H8,0.5570486783981323
C00136,91,15,572,A0A0R0KKK6,3847.A0A0R0KKK6,0.5567027926445007
C00136,91,16,1514,I1KQX3,3847.I1KQX3,0.5559254288673401
C00136,91,17,2879,K7LIJ3,3847.K7LIJ3,0.5558966994285583
C00136,91,18,846,C6TKA3,3847.C6TKA3,0.5548232793807983
C00136,91,19,1853,I1LMQ2,3847.I1LMQ2,0.5532099008560181
C00136,91,20,1578,I1KVY3,3847.I1KVY3,0.552843451499939
C00137,92,1,1058,I1JK97,3847.I1JK97,0.8757462501525879
C00137,92,2,1887,I1LRK5,3847.I1LRK5,0.8690366148948669
C00137,92,3,2061,I1M791,3847.I1M791,0.8687850832939148
C00137,92,4,2467,I1NC73,3847.I1NC73,0.8681293725967407
C00137,92,5,3096,K7MES8,3847.K7MES8,0.8676488399505615
C00137,92,6,3412,Q9LKY4,3847.Q9LKY4,0.8675827383995056
C00137,92,7,3259,K7N016,3847.K7N016,0.8670921325683594
C00137,92,8,1408,I1KIC2,3847.I1KIC2,0.8670560121536255
C00137,92,9,2533,I1NIT6,3847.I1NIT6,0.86662358045578
C00137,92,10,1265,I1K4Z1,3847.I1K4Z1,0.8664823770523071
C00137,92,11,1049,I1JJG5,3847.I1JJG5,0.8656708002090454
C00137,92,12,2027,I1M3S3,3847.I1M3S3,0.8655009865760803
C00137,92,13,326,A0A0R0HLV3,3847.A0A0R0HLV3,0.865324079990387
C00137,92,14,1357,I1KCA7,3847.I1KCA7,0.8652572631835938
C00137,92,15,2318,I1MWD6,3847.I1MWD6,0.8652502298355103
C00137,92,16,2053,I1M6J6,3847.I1M6J6,0.8652151823043823
C00137,92,17,1351,I1KBZ2,3847.I1KBZ2,0.8651917576789856
C00137,92,18,278,A0A0R0H2F3,3847.A0A0R0H2F3,0.8651176691055298
C00137,92,19,2644,K7KGV1,3847.K7KGV1,0.8650622367858887
C00137,92,20,1149,I1JTZ3,3847.I1JTZ3,0.8649411797523499
C00138,93,1,681,A0A0R4J4B4,3847.A0A0R4J4B4,0.9897941946983337
C00138,93,2,971,I1JCG8,3847.I1JCG8,0.9895769357681274
C00138,93,3,842,C6TIM5,3847.C6TIM5,0.9892265200614929
C00138,93,4,1934,I1LW34,3847.I1LW34,0.9876002073287964
C00138,93,5,696,A0A0R4J5K2,3847.A0A0R4J5K2,0.9839561581611633
C00138,93,6,3421,Q9SYR0,3847.Q9SYR0,0.9778761863708496
C00138,93,7,2098,I1MAM5,3847.I1MAM5,0.9740424156188965
C00138,93,8,814,C6T8Y4,3847.C6T8Y4,0.9694424867630005
C00138,93,9,2097,I1MAM4,3847.I1MAM4,0.9661440849304199
C00138,93,10,1721,I1L905,3847.I1L905,0.9583254456520081
C00138,93,11,3174,K7MPN5,3847.K7MPN5,0.924488365650177
C00138,93,12,3263,K7N1N7,3847.K7N1N7,0.9227768182754517
C00138,93,13,3037,K7M5A2,3847.K7M5A2,0.9140504002571106
C00138,93,14,2350,I1N0Y1,3847.I1N0Y1,0.8670682907104492
C00138,93,15,3365,Q2PMU3,3847.Q2PMU3,0.857732355594635
C00138,93,16,2879,K7LIJ3,3847.K7LIJ3,0.855229377746582
C00138,93,17,547,A0A0R0KCM6,3847.A0A0R0KCM6,0.8481345772743225
C00138,93,18,3364,Q2PMU2,3847.Q2PMU2,0.8385269641876221
C00138,93,19,2602,K7KAN4,3847.K7KAN4,0.8361589908599854
C00138,93,20,3184,K7MQT5,3847.K7MQT5,0.8128387331962585
C00139,94,1,681,A0A0R4J4B4,3847.A0A0R4J4B4,0.9814198017120361
C00139,94,2,1934,I1LW34,3847.I1LW34,0.9809852838516235
C00139,94,3,971,I1JCG8,3847.I1JCG8,0.9808076024055481
C00139,94,4,842,C6TIM5,3847.C6TIM5,0.9798067808151245
C00139,94,5,696,A0A0R4J5K2,3847.A0A0R4J5K2,0.9715902209281921
C00139,94,6,3421,Q9SYR0,3847.Q9SYR0,0.9641590714454651
C00139,94,7,2098,I1MAM5,3847.I1MAM5,0.9626585841178894
C00139,94,8,1721,I1L905,3847.I1L905,0.9538186192512512
C00139,94,9,2097,I1MAM4,3847.I1MAM4,0.9518673419952393
C00139,94,10,814,C6T8Y4,3847.C6T8Y4,0.9487738013267517
C00139,94,11,3263,K7N1N7,3847.K7N1N7,0.9235591292381287
C00139,94,12,3174,K7MPN5,3847.K7MPN5,0.8969733715057373
C00139,94,13,3037,K7M5A2,3847.K7M5A2,0.8819226026535034
C00139,94,14,547,A0A0R0KCM6,3847.A0A0R0KCM6,0.8504564166069031
C00139,94,15,2350,I1N0Y1,3847.I1N0Y1,0.8443974852561951
C00139,94,16,3365,Q2PMU3,3847.Q2PMU3,0.8437792062759399
C00139,94,17,3364,Q2PMU2,3847.Q2PMU2,0.8226437568664551
C00139,94,18,2879,K7LIJ3,3847.K7LIJ3,0.8114107847213745
C00139,94,19,1526,I1KRJ0,3847.I1KRJ0,0.8021804690361023
C00139,94,20,1002,I1JET9,3847.I1JET9,0.7995681166648865
C00140,95,1,1058,I1JK97,3847.I1JK97,0.7261080145835876
C00140,95,2,1408,I1KIC2,3847.I1KIC2,0.7121567130088806
C00140,95,3,2467,I1NC73,3847.I1NC73,0.7119297385215759
C00140,95,4,3258,K7MZR6,3847.K7MZR6,0.710784375667572
C00140,95,5,1887,I1LRK5,3847.I1LRK5,0.7105221748352051
C00140,95,6,1470,I1KN33,3847.I1KN33,0.709895133972168
C00140,95,7,2061,I1M791,3847.I1M791,0.7094183564186096
C00140,95,8,2809,K7L8E8,3847.K7L8E8,0.7089442014694214
C00140,95,9,853,C6TNL5,3847.C6TNL5,0.7089086174964905
C00140,95,10,2064,I1M7D3,3847.I1M7D3,0.7081442475318909
C00140,95,11,733,A0A368UIA4,3847.A0A368UIA4,0.7080458998680115
C00140,95,12,2271,I1MS93,3847.I1MS93,0.7073737978935242
C00140,95,13,2905,K7LMI9,3847.K7LMI9,0.707366943359375
C00140,95,14,3259,K7N016,3847.K7N016,0.706929624080658
C00140,95,15,3412,Q9LKY4,3847.Q9LKY4,0.7066134214401245
C00140,95,16,2897,K7LKV4,3847.K7LKV4,0.7063940763473511
C00140,95,17,1149,I1JTZ3,3847.I1JTZ3,0.7054875493049622
C00140,95,18,1054,I1JJV5,3847.I1JJV5,0.7054747939109802
C00140,95,19,1744,I1LBG8,3847.I1LBG8,0.7054002285003662
C00140,95,20,3096,K7MES8,3847.K7MES8,0.7050837278366089
C00141,96,1,681,A0A0R4J4B4,3847.A0A0R4J4B4,0.9552081227302551
C00141,96,2,971,I1JCG8,3847.I1JCG8,0.9536498188972473
C00141,96,3,842,C6TIM5,3847.C6TIM5,0.953193724155426
C00141,96,4,1934,I1LW34,3847.I1LW34,0.9442263841629028
C00141,96,5,696,A0A0R4J5K2,3847.A0A0R4J5K2,0.9415903687477112
C00141,96,6,3421,Q9SYR0,3847.Q9SYR0,0.925091028213501
C00141,96,7,2098,I1MAM5,3847.I1MAM5,0.9131819605827332
C00141,96,8,814,C6T8Y4,3847.C6T8Y4,0.9123952984809875
C00141,96,9,2097,I1MAM4,3847.I1MAM4,0.8989192843437195
C00141,96,10,1721,I1L905,3847.I1L905,0.8818698525428772
C00141,96,11,3174,K7MPN5,3847.K7MPN5,0.8474497199058533
C00141,96,12,3037,K7M5A2,3847.K7M5A2,0.8367177844047546
C00141,96,13,3263,K7N1N7,3847.K7N1N7,0.8324126601219177
C00141,96,14,2350,I1N0Y1,3847.I1N0Y1,0.7868351340293884
C00141,96,15,2879,K7LIJ3,3847.K7LIJ3,0.7813311815261841
C00141,96,16,3365,Q2PMU3,3847.Q2PMU3,0.767565906047821
C00141,96,17,2602,K7KAN4,3847.K7KAN4,0.7606400847434998
C00141,96,18,547,A0A0R0KCM6,3847.A0A0R0KCM6,0.7540449500083923
C00141,96,19,3364,Q2PMU2,3847.Q2PMU2,0.7520046234130859
C00141,96,20,3184,K7MQT5,3847.K7MQT5,0.737993597984314
C00143,97,1,681,A0A0R4J4B4,3847.A0A0R4J4B4,0.8209818601608276
C00143,97,2,842,C6TIM5,3847.C6TIM5,0.8201045989990234
C00143,97,3,971,I1JCG8,3847.I1JCG8,0.8157429695129395
C00143,97,4,696,A0A0R4J5K2,3847.A0A0R4J5K2,0.7984223961830139
C00143,97,5,1934,I1LW34,3847.I1LW34,0.785673975944519
C00143,97,6,814,C6T8Y4,3847.C6T8Y4,0.7713497281074524
C00143,97,7,3421,Q9SYR0,3847.Q9SYR0,0.7704804539680481
C00143,97,8,2098,I1MAM5,3847.I1MAM5,0.7440565824508667
C00143,97,9,2097,I1MAM4,3847.I1MAM4,0.7262345552444458
C00143,97,10,3174,K7MPN5,3847.K7MPN5,0.698904812335968
C00143,97,11,1721,I1L905,3847.I1L905,0.6926642656326294
C00143,97,12,3037,K7M5A2,3847.K7M5A2,0.6871647834777832
C00143,97,13,2879,K7LIJ3,3847.K7LIJ3,0.6608941555023193
C00143,97,14,2350,I1N0Y1,3847.I1N0Y1,0.6502903699874878
C00143,97,15,2602,K7KAN4,3847.K7KAN4,0.6461697220802307
C00143,97,16,3263,K7N1N7,3847.K7N1N7,0.6386825442314148
C00143,97,17,3365,Q2PMU3,3847.Q2PMU3,0.6268035769462585
C00143,97,18,3184,K7MQT5,3847.K7MQT5,0.6221154928207397
C00143,97,19,2277,I1MSY9,3847.I1MSY9,0.6171587705612183
C00143,97,20,3364,Q2PMU2,3847.Q2PMU2,0.607365071773529
C00144,98,1,278,A0A0R0H2F3,3847.A0A0R0H2F3,0.842779815196991
C00144,98,2,1058,I1JK97,3847.I1JK97,0.8413317203521729
C00144,98,3,3412,Q9LKY4,3847.Q9LKY4,0.8384047746658325
C00144,98,4,3059,K7M8N2,3847.K7M8N2,0.8384035229682922
C00144,98,5,2558,K7K3L1,3847.K7K3L1,0.8383674025535583
C00144,98,6,1431,I1KJX1,3847.I1KJX1,0.8382322788238525
C00144,98,7,1194,I1JY21,3847.I1JY21,0.8375893235206604
C00144,98,8,2318,I1MWD6,3847.I1MWD6,0.8375421166419983
C00144,98,9,1887,I1LRK5,3847.I1LRK5,0.8370015025138855
C00144,98,10,2533,I1NIT6,3847.I1NIT6,0.8369168043136597
C00144,98,11,1054,I1JJV5,3847.I1JJV5,0.8360740542411804
C00144,98,12,2345,I1N0D5,3847.I1N0D5,0.8359522819519043
C00144,98,13,777,C0M0P7,3847.C0M0P7,0.8357099294662476
C00144,98,14,3096,K7MES8,3847.K7MES8,0.8356528878211975
C00144,98,15,2061,I1M791,3847.I1M791,0.8356319069862366
C00144,98,16,2644,K7KGV1,3847.K7KGV1,0.8353602290153503
C00144,98,17,1186,I1JXC4,3847.I1JXC4,0.8350146412849426
C00144,98,18,1265,I1K4Z1,3847.I1K4Z1,0.834984302520752
C00144,98,19,2485,I1NE25,3847.I1NE25,0.8348298072814941
C00144,98,20,1092,I1JNX1,3847.I1JNX1,0.8347424268722534
C00147,99,1,681,A0A0R4J4B4,3847.A0A0R4J4B4,0.7854457497596741
C00147,99,2,842,C6TIM5,3847.C6TIM5,0.7840532660484314
C00147,99,3,971,I1JCG8,3847.I1JCG8,0.7803441882133484
C00147,99,4,696,A0A0R4J5K2,3847.A0A0R4J5K2,0.7684142589569092
C00147,99,5,814,C6T8Y4,3847.C6T8Y4,0.7471681833267212
C00147,99,6,1934,I1LW34,3847.I1LW34,0.7467564940452576
C00147,99,7,3421,Q9SYR0,3847.Q9SYR0,0.7409016489982605
C00147,99,8,2098,I1MAM5,3847.I1MAM5,0.709402859210968
C00147,99,9,2097,I1MAM4,3847.I1MAM4,0.6988604664802551
C00147,99,10,3174,K7MPN5,3847.K7MPN5,0.6866937279701233
C00147,99,11,3037,K7M5A2,3847.K7M5A2,0.6819548010826111
C00147,99,12,2879,K7LIJ3,3847.K7LIJ3,0.6669580936431885
C00147,99,13,1721,I1L905,3847.I1L905,0.6584364175796509
C00147,99,14,2602,K7KAN4,3847.K7KAN4,0.6482529640197754
C00147,99,15,2350,I1N0Y1,3847.I1N0Y1,0.644203782081604
C00147,99,16,2277,I1MSY9,3847.I1MSY9,0.6340886354446411
C00147,99,17,671,A0A0R4J338,3847.A0A0R4J338,0.6293723583221436
C00147,99,18,3184,K7MQT5,3847.K7MQT5,0.6246564388275146
C00147,99,19,1514,I1KQX3,3847.I1KQX3,0.6192421317100525
C00147,99,20,1442,I1KL62,3847.I1KL62,0.6181908845901489
C00148,100,1,842,C6TIM5,3847.C6TIM5,0.8140601515769958
C00148,100,2,681,A0A0R4J4B4,3847.A0A0R4J4B4,0.8115987181663513
C00148,100,3,971,I1JCG8,3847.I1JCG8,0.8114673495292664
C00148,100,4,696,A0A0R4J5K2,3847.A0A0R4J5K2,0.799210250377655
C00148,100,5,1934,I1LW34,3847.I1LW34,0.7884372472763062
C00148,100,6,814,C6T8Y4,3847.C6T8Y4,0.7773356437683105
C00148,100,7,3421,Q9SYR0,3847.Q9SYR0,0.7715774178504944
C00148,100,8,2098,I1MAM5,3847.I1MAM5,0.7488161325454712
C00148,100,9,2097,I1MAM4,3847.I1MAM4,0.7371598482131958
C00148,100,10,3174,K7MPN5,3847.K7MPN5,0.7070534229278564
C00148,100,11,3037,K7M5A2,3847.K7M5A2,0.7012638449668884
C00148,100,12,1721,I1L905,3847.I1L905,0.7004663944244385
C00148,100,13,2879,K7LIJ3,3847.K7LIJ3,0.6780663132667542
C00148,100,14,2602,K7KAN4,3847.K7KAN4,0.669385552406311
C00148,100,15,3263,K7N1N7,3847.K7N1N7,0.6691275238990784
C00148,100,16,2350,I1N0Y1,3847.I1N0Y1,0.6656200289726257
C00148,100,17,3184,K7MQT5,3847.K7MQT5,0.6480825543403625
C00148,100,18,2277,I1MSY9,3847.I1MSY9,0.6468458771705627
C00148,100,19,3365,Q2PMU3,3847.Q2PMU3,0.6452856063842773
C00148,100,20,671,A0A0R4J338,3847.A0A0R4J338,0.6433436274528503
C00149,101,1,681,A0A0R4J4B4,3847.A0A0R4J4B4,0.8851982951164246
C00149,101,2,842,C6TIM5,3847.C6TIM5,0.8851950764656067
C00149,101,3,971,I1JCG8,3847.I1JCG8,0.8842760920524597
C00149,101,4,1934,I1LW34,3847.I1LW34,0.8686513900756836
C00149,101,5,696,A0A0R4J5K2,3847.A0A0R4J5K2,0.8663612008094788
C00149,101,6,3421,Q9SYR0,3847.Q9SYR0,0.841648519039154
C00149,101,7,814,C6T8Y4,3847.C6T8Y4,0.8382865190505981
C00149,101,8,2098,I1MAM5,3847.I1MAM5,0.8260688781738281
C00149,101,9,2097,I1MAM4,3847.I1MAM4,0.8102917671203613
C00149,101,10,1721,I1L905,3847.I1L905,0.793825626373291
C00149,101,11,3174,K7MPN5,3847.K7MPN5,0.76380455493927
C00149,101,12,3263,K7N1N7,3847.K7N1N7,0.7549028992652893
C00149,101,13,3037,K7M5A2,3847.K7M5A2,0.7547656893730164
C00149,101,14,2350,I1N0Y1,3847.I1N0Y1,0.7156809568405151
C00149,101,15,2879,K7LIJ3,3847.K7LIJ3,0.7122250199317932
C00149,101,16,2602,K7KAN4,3847.K7KAN4,0.7012022733688354
C00149,101,17,3365,Q2PMU3,3847.Q2PMU3,0.6998626589775085
C00149,101,18,3364,Q2PMU2,3847.Q2PMU2,0.6877428889274597
C00149,101,19,547,A0A0R0KCM6,3847.A0A0R0KCM6,0.6867234110832214
C00149,101,20,3184,K7MQT5,3847.K7MQT5,0.6818132996559143
C00151,102,1,681,A0A0R4J4B4,3847.A0A0R4J4B4,0.9768218398094177
C00151,102,2,842,C6TIM5,3847.C6TIM5,0.9763854742050171
C00151,102,3,971,I1JCG8,3847.I1JCG8,0.9760729074478149
C00151,102,4,696,A0A0R4J5K2,3847.A0A0R4J5K2,0.9679274559020996
C00151,102,5,1934,I1LW34,3847.I1LW34,0.9665932059288025
C00151,102,6,3421,Q9SYR0,3847.Q9SYR0,0.9561281800270081
C00151,102,7,814,C6T8Y4,3847.C6T8Y4,0.9475654363632202
C00151,102,8,2098,I1MAM5,3847.I1MAM5,0.9434945583343506
C00151,102,9,2097,I1MAM4,3847.I1MAM4,0.9308462738990784
C00151,102,10,1721,I1L905,3847.I1L905,0.8864589333534241
C00151,102,11,3174,K7MPN5,3847.K7MPN5,0.8812659978866577
C00151,102,12,3037,K7M5A2,3847.K7M5A2,0.8715022206306458
C00151,102,13,2879,K7LIJ3,3847.K7LIJ3,0.8199693560600281
C00151,102,14,2350,I1N0Y1,3847.I1N0Y1,0.8032701015472412
C00151,102,15,3263,K7N1N7,3847.K7N1N7,0.7990134358406067
C00151,102,16,2602,K7KAN4,3847.K7KAN4,0.7981894612312317
C00151,102,17,3365,Q2PMU3,3847.Q2PMU3,0.7831529378890991
C00151,102,18,3364,Q2PMU2,3847.Q2PMU2,0.7664721608161926
C00151,102,19,3184,K7MQT5,3847.K7MQT5,0.7605156898498535
C00151,102,20,976,I1JCZ8,3847.I1JCZ8,0.7388357520103455
C00152,103,1,681,A0A0R4J4B4,3847.A0A0R4J4B4,0.8576465249061584
C00152,103,2,971,I1JCG8,3847.I1JCG8,0.8563889265060425
C00152,103,3,842,C6TIM5,3847.C6TIM5,0.8551129698753357
C00152,103,4,1934,I1LW34,3847.I1LW34,0.8441296815872192
C00152,103,5,696,A0A0R4J5K2,3847.A0A0R4J5K2,0.836675763130188
C00152,103,6,3421,Q9SYR0,3847.Q9SYR0,0.8131534457206726
C00152,103,7,2098,I1MAM5,3847.I1MAM5,0.8037516474723816
C00152,103,8,814,C6T8Y4,3847.C6T8Y4,0.8019405603408813
C00152,103,9,2097,I1MAM4,3847.I1MAM4,0.786321222782135
C00152,103,10,1721,I1L905,3847.I1L905,0.7773769497871399
C00152,103,11,3174,K7MPN5,3847.K7MPN5,0.7399635314941406
C00152,103,12,3263,K7N1N7,3847.K7N1N7,0.738294243812561
C00152,103,13,3037,K7M5A2,3847.K7M5A2,0.7226770520210266
C00152,103,14,2350,I1N0Y1,3847.I1N0Y1,0.6931664943695068
C00152,103,15,2879,K7LIJ3,3847.K7LIJ3,0.6819872856140137
C00152,103,16,3365,Q2PMU3,3847.Q2PMU3,0.6805323362350464
C00152,103,17,547,A0A0R0KCM6,3847.A0A0R0KCM6,0.6780246496200562
C00152,103,18,2602,K7KAN4,3847.K7KAN4,0.6740200519561768
C00152,103,19,3364,Q2PMU2,3847.Q2PMU2,0.6666637659072876
C00152,103,20,3184,K7MQT5,3847.K7MQT5,0.6573750376701355
C00153,104,1,842,C6TIM5,3847.C6TIM5,0.7814244031906128
C00153,104,2,696,A0A0R4J5K2,3847.A0A0R4J5K2,0.7729674577713013
C00153,104,3,681,A0A0R4J4B4,3847.A0A0R4J4B4,0.7722925543785095
C00153,104,4,971,I1JCG8,3847.I1JCG8,0.7698672413825989
C00153,104,5,814,C6T8Y4,3847.C6T8Y4,0.7566425204277039
C00153,104,6,3421,Q9SYR0,3847.Q9SYR0,0.7258744835853577
C00153,104,7,671,A0A0R4J338,3847.A0A0R4J338,0.7106391191482544
C00153,104,8,686,A0A0R4J4Q1,3847.A0A0R4J4Q1,0.7076380252838135
C00153,104,9,46,A0A0R0EM30,3847.A0A0R0EM30,0.7030661106109619
C00153,104,10,572,A0A0R0KKK6,3847.A0A0R0KKK6,0.701628565788269
C00153,104,11,1578,I1KVY3,3847.I1KVY3,0.6999672651290894
C00153,104,12,1318,I1K9R6,3847.I1K9R6,0.698590874671936
C00153,104,13,695,A0A0R4J5H8,3847.A0A0R4J5H8,0.6971300840377808
C00153,104,14,846,C6TKA3,3847.C6TKA3,0.6953687071800232
C00153,104,15,694,A0A0R4J5H2,3847.A0A0R4J5H2,0.686998188495636
C00153,104,16,1934,I1LW34,3847.I1LW34,0.6793316006660461
C00153,104,17,2277,I1MSY9,3847.I1MSY9,0.6790758967399597
C00153,104,18,736,A0A368UIE7,3847.A0A368UIE7,0.6772373914718628
C00153,104,19,2879,K7LIJ3,3847.K7LIJ3,0.6729316115379333
C00153,104,20,3037,K7M5A2,3847.K7M5A2,0.6723960638046265
C00154,105,1,842,C6TIM5,3847.C6TIM5,0.6366048455238342
C00154,105,2,696,A0A0R4J5K2,3847.A0A0R4J5K2,0.6263827681541443
C00154,105,3,681,A0A0R4J4B4,3847.A0A0R4J4B4,0.6250092387199402
C00154,105,4,971,I1JCG8,3847.I1JCG8,0.6238287687301636
C00154,105,5,814,C6T8Y4,3847.C6T8Y4,0.6230658888816833
C00154,105,6,686,A0A0R4J4Q1,3847.A0A0R4J4Q1,0.6080427765846252
C00154,105,7,3421,Q9SYR0,3847.Q9SYR0,0.6057255268096924
C00154,105,8,671,A0A0R4J338,3847.A0A0R4J338,0.6046903133392334
C00154,105,9,572,A0A0R0KKK6,3847.A0A0R0KKK6,0.5967102646827698
C00154,105,10,46,A0A0R0EM30,3847.A0A0R0EM30,0.5963399410247803
C00154,105,11,846,C6TKA3,3847.C6TKA3,0.596003532409668
C00154,105,12,1578,I1KVY3,3847.I1KVY3,0.5958226323127747
C00154,105,13,694,A0A0R4J5H2,3847.A0A0R4J5H2,0.5940695405006409
C00154,105,14,695,A0A0R4J5H8,3847.A0A0R4J5H8,0.5940011739730835
C00154,105,15,1318,I1K9R6,3847.I1K9R6,0.5939106345176697
C00154,105,16,2277,I1MSY9,3847.I1MSY9,0.58793705701828
C00154,105,17,3347,Q2PMN4,3847.Q2PMN4,0.5851625800132751
C00154,105,18,736,A0A368UIE7,3847.A0A368UIE7,0.584863007068634
C00154,105,19,1442,I1KL62,3847.I1KL62,0.5844281911849976
C00154,105,20,2879,K7LIJ3,3847.K7LIJ3,0.5838056206703186
C00155,106,1,842,C6TIM5,3847.C6TIM5,0.8836390972137451
C00155,106,2,681,A0A0R4J4B4,3847.A0A0R4J4B4,0.8797072172164917
C00155,106,3,971,I1JCG8,3847.I1JCG8,0.8780611157417297
C00155,106,4,696,A0A0R4J5K2,3847.A0A0R4J5K2,0.8703462481498718
C00155,106,5,814,C6T8Y4,3847.C6T8Y4,0.8440666794776917
C00155,106,6,3421,Q9SYR0,3847.Q9SYR0,0.8375158309936523
C00155,106,7,1934,I1LW34,3847.I1LW34,0.8232186436653137
C00155,106,8,2098,I1MAM5,3847.I1MAM5,0.7914660573005676
C00155,106,9,2097,I1MAM4,3847.I1MAM4,0.7826724052429199
C00155,106,10,3174,K7MPN5,3847.K7MPN5,0.7495452165603638
C00155,106,11,3037,K7M5A2,3847.K7M5A2,0.7489899396896362
C00155,106,12,2879,K7LIJ3,3847.K7LIJ3,0.7297078967094421
C00155,106,13,2602,K7KAN4,3847.K7KAN4,0.7161760926246643
C00155,106,14,2277,I1MSY9,3847.I1MSY9,0.7065637111663818
C00155,106,15,671,A0A0R4J338,3847.A0A0R4J338,0.7043718695640564
C00155,106,16,46,A0A0R0EM30,3847.A0A0R0EM30,0.6923912763595581
C00155,106,17,695,A0A0R4J5H8,3847.A0A0R4J5H8,0.6918826699256897
C00155,106,18,1578,I1KVY3,3847.I1KVY3,0.6914240121841431
C00155,106,19,1318,I1K9R6,3847.I1K9R6,0.6895877718925476
C00155,106,20,572,A0A0R0KKK6,3847.A0A0R0KKK6,0.6884229183197021
C00157,107,1,696,A0A0R4J5K2,3847.A0A0R4J5K2,0.6131353974342346
C00157,107,2,842,C6TIM5,3847.C6TIM5,0.6129531860351562
C00157,107,3,814,C6T8Y4,3847.C6T8Y4,0.6114346981048584
C00157,107,4,671,A0A0R4J338,3847.A0A0R4J338,0.6091213822364807
C00157,107,5,686,A0A0R4J4Q1,3847.A0A0R4J4Q1,0.6077148914337158
C00157,107,6,681,A0A0R4J4B4,3847.A0A0R4J4B4,0.6072704792022705
C00157,107,7,971,I1JCG8,3847.I1JCG8,0.6067863702774048
C00157,107,8,694,A0A0R4J5H2,3847.A0A0R4J5H2,0.6066074967384338
C00157,107,9,572,A0A0R0KKK6,3847.A0A0R0KKK6,0.6056582927703857
C00157,107,10,846,C6TKA3,3847.C6TKA3,0.6051336526870728
C00157,107,11,1578,I1KVY3,3847.I1KVY3,0.6045113205909729
C00157,107,12,695,A0A0R4J5H8,3847.A0A0R4J5H8,0.6041682958602905
C00157,107,13,46,A0A0R0EM30,3847.A0A0R0EM30,0.604110836982727
C00157,107,14,3347,Q2PMN4,3847.Q2PMN4,0.6026775240898132
C00157,107,15,1318,I1K9R6,3847.I1K9R6,0.6019516587257385
C00157,107,16,3351,Q2PMN8,3847.Q2PMN8,0.5988238453865051
C00157,107,17,736,A0A368UIE7,3847.A0A368UIE7,0.5987520217895508
C00157,107,18,3296,P07506,3847.P07506,0.5981127023696899
C00157,107,19,3344,Q2PMM9,3847.Q2PMM9,0.597707211971283
C00157,107,20,3345,Q2PMN2,3847.Q2PMN2,0.5966271758079529
C00159,108,1,1058,I1JK97,3847.I1JK97,0.8713527321815491
C00159,108,2,278,A0A0R0H2F3,3847.A0A0R0H2F3,0.8613274097442627
C00159,108,3,3259,K7N016,3847.K7N016,0.8607925772666931
C00159,108,4,3412,Q9LKY4,3847.Q9LKY4,0.8607666492462158
C00159,108,5,1470,I1KN33,3847.I1KN33,0.8602294921875
C00159,108,6,1408,I1KIC2,3847.I1KIC2,0.8591280579566956
C00159,108,7,1887,I1LRK5,3847.I1LRK5,0.8587197065353394
C00159,108,8,3096,K7MES8,3847.K7MES8,0.8582227230072021
C00159,108,9,1149,I1JTZ3,3847.I1JTZ3,0.8575078845024109
C00159,108,10,1054,I1JJV5,3847.I1JJV5,0.857115626335144
C00159,108,11,853,C6TNL5,3847.C6TNL5,0.85709148645401
C00159,108,12,2271,I1MS93,3847.I1MS93,0.8569846749305725
C00159,108,13,2318,I1MWD6,3847.I1MWD6,0.8569772243499756
C00159,108,14,1357,I1KCA7,3847.I1KCA7,0.8569722175598145
C00159,108,15,3258,K7MZR6,3847.K7MZR6,0.8565235733985901
C00159,108,16,2061,I1M791,3847.I1M791,0.8559077382087708
C00159,108,17,2467,I1NC73,3847.I1NC73,0.8558987379074097
C00159,108,18,2644,K7KGV1,3847.K7KGV1,0.8554695844650269
C00159,108,19,1744,I1LBG8,3847.I1LBG8,0.8552963733673096
C00159,108,20,2897,K7LKV4,3847.K7LKV4,0.8551694750785828
C00160,109,1,842,C6TIM5,3847.C6TIM5,0.7637768983840942
C00160,109,2,681,A0A0R4J4B4,3847.A0A0R4J4B4,0.7579172253608704
C00160,109,3,971,I1JCG8,3847.I1JCG8,0.7564612030982971
C00160,109,4,696,A0A0R4J5K2,3847.A0A0R4J5K2,0.7502670884132385
C00160,109,5,814,C6T8Y4,3847.C6T8Y4,0.7294126152992249
C00160,109,6,3421,Q9SYR0,3847.Q9SYR0,0.7190746068954468
C00160,109,7,1934,I1LW34,3847.I1LW34,0.7045880556106567
C00160,109,8,2098,I1MAM5,3847.I1MAM5,0.6803352236747742
C00160,109,9,2097,I1MAM4,3847.I1MAM4,0.6751219630241394
C00160,109,10,3174,K7MPN5,3847.K7MPN5,0.6598312258720398
C00160,109,11,3037,K7M5A2,3847.K7M5A2,0.6588156819343567
C00160,109,12,2879,K7LIJ3,3847.K7LIJ3,0.6488522887229919
C00160,109,13,671,A0A0R4J338,3847.A0A0R4J338,0.6412094831466675
C00160,109,14,2602,K7KAN4,3847.K7KAN4,0.6397097110748291
C00160,109,15,2277,I1MSY9,3847.I1MSY9,0.6345857381820679
C00160,109,16,46,A0A0R0EM30,3847.A0A0R0EM30,0.6322184801101685
C00160,109,17,1578,I1KVY3,3847.I1KVY3,0.6321811079978943
C00160,109,18,695,A0A0R4J5H8,3847.A0A0R4J5H8,0.6321184039115906
C00160,109,19,1318,I1K9R6,3847.I1K9R6,0.6306782364845276
C00160,109,20,572,A0A0R0KKK6,3847.A0A0R0KKK6,0.6298473477363586
C00161,110,1,1934,I1LW34,3847.I1LW34,0.8814351558685303
C00161,110,2,681,A0A0R4J4B4,3847.A0A0R4J4B4,0.8758130073547363
C00161,110,3,971,I1JCG8,3847.I1JCG8,0.8728959560394287
C00161,110,4,842,C6TIM5,3847.C6TIM5,0.8698369860649109
C00161,110,5,696,A0A0R4J5K2,3847.A0A0R4J5K2,0.8467831611633301
C00161,110,6,3421,Q9SYR0,3847.Q9SYR0,0.8411634564399719
C00161,110,7,1721,I1L905,3847.I1L905,0.8335176110267639
C00161,110,8,2098,I1MAM5,3847.I1MAM5,0.8312896490097046
C00161,110,9,814,C6T8Y4,3847.C6T8Y4,0.8127321004867554
C00161,110,10,2097,I1MAM4,3847.I1MAM4,0.8100365996360779
C00161,110,11,3263,K7N1N7,3847.K7N1N7,0.7963644862174988
C00161,110,12,3174,K7MPN5,3847.K7MPN5,0.7560436725616455
C00161,110,13,3037,K7M5A2,3847.K7M5A2,0.7394408583641052
C00161,110,14,547,A0A0R0KCM6,3847.A0A0R0KCM6,0.7273593544960022
C00161,110,15,2350,I1N0Y1,3847.I1N0Y1,0.7206271886825562
C00161,110,16,3365,Q2PMU3,3847.Q2PMU3,0.7129496335983276
C00161,110,17,1526,I1KRJ0,3847.I1KRJ0,0.7017351388931274
C00161,110,18,3364,Q2PMU2,3847.Q2PMU2,0.6877080202102661
C00161,110,19,2244,I1MQ40,3847.I1MQ40,0.6873440146446228
C00161,110,20,1604,I1KY39,3847.I1KY39,0.6844926476478577
C00162,111,1,842,C6TIM5,3847.C6TIM5,0.880337655544281
C00162,111,2,681,A0A0R4J4B4,3847.A0A0R4J4B4,0.8762418031692505
C00162,111,3,971,I1JCG8,3847.I1JCG8,0.8757057785987854
C00162,111,4,696,A0A0R4J5K2,3847.A0A0R4J5K2,0.8650052547454834
C00162,111,5,814,C6T8Y4,3847.C6T8Y4,0.8375585675239563
C00162,111,6,3421,Q9SYR0,3847.Q9SYR0,0.8294399976730347
C00162,111,7,1934,I1LW34,3847.I1LW34,0.8178704977035522
C00162,111,8,2098,I1MAM5,3847.I1MAM5,0.7836319208145142
C00162,111,9,2097,I1MAM4,3847.I1MAM4,0.774533748626709
C00162,111,10,3174,K7MPN5,3847.K7MPN5,0.7429636716842651
C00162,111,11,3037,K7M5A2,3847.K7M5A2,0.7384629249572754
C00162,111,12,2879,K7LIJ3,3847.K7LIJ3,0.7185817360877991
C00162,111,13,2602,K7KAN4,3847.K7KAN4,0.7056583166122437
C00162,111,14,2277,I1MSY9,3847.I1MSY9,0.6917574405670166
C00162,111,15,671,A0A0R4J338,3847.A0A0R4J338,0.6866438984870911
C00162,111,16,695,A0A0R4J5H8,3847.A0A0R4J5H8,0.6704638004302979
C00162,111,17,46,A0A0R0EM30,3847.A0A0R0EM30,0.669876754283905
C00162,111,18,1578,I1KVY3,3847.I1KVY3,0.6673575043678284
C00162,111,19,2350,I1N0Y1,3847.I1N0Y1,0.667111873626709
C00162,111,20,1514,I1KQX3,3847.I1KQX3,0.6661521792411804
C00166,112,1,681,A0A0R4J4B4,3847.A0A0R4J4B4,0.9578317403793335
C00166,112,2,971,I1JCG8,3847.I1JCG8,0.9566347002983093
C00166,112,3,842,C6TIM5,3847.C6TIM5,0.9566302299499512
C00166,112,4,696,A0A0R4J5K2,3847.A0A0R4J5K2,0.9448229670524597
C00166,112,5,1934,I1LW34,3847.I1LW34,0.9440248012542725
C00166,112,6,3421,Q9SYR0,3847.Q9SYR0,0.9260659217834473
C00166,112,7,814,C6T8Y4,3847.C6T8Y4,0.9180340766906738
C00166,112,8,2098,I1MAM5,3847.I1MAM5,0.9133446216583252
C00166,112,9,2097,I1MAM4,3847.I1MAM4,0.8995230197906494
C00166,112,10,1721,I1L905,3847.I1L905,0.8697997331619263
C00166,112,11,3174,K7MPN5,3847.K7MPN5,0.843601644039154
C00166,112,12,3037,K7M5A2,3847.K7M5A2,0.8337767720222473
C00166,112,13,3263,K7N1N7,3847.K7N1N7,0.8069700002670288
C00166,112,14,2879,K7LIJ3,3847.K7LIJ3,0.7823566794395447
C00166,112,15,2350,I1N0Y1,3847.I1N0Y1,0.7795635461807251
C00166,112,16,2602,K7KAN4,3847.K7KAN4,0.7656916379928589
C00166,112,17,3365,Q2PMU3,3847.Q2PMU3,0.762349545955658
C00166,112,18,3364,Q2PMU2,3847.Q2PMU2,0.7486812472343445
C00166,112,19,3184,K7MQT5,3847.K7MQT5,0.7382263541221619
C00166,112,20,547,A0A0R0KCM6,3847.A0A0R0KCM6,0.7314114570617676
C00167,113,1,842,C6TIM5,3847.C6TIM5,0.78657466173172
C00167,113,2,681,A0A0R4J4B4,3847.A0A0R4J4B4,0.7815471887588501
C00167,113,3,971,I1JCG8,3847.I1JCG8,0.7799822688102722
C00167,113,4,696,A0A0R4J5K2,3847.A0A0R4J5K2,0.7755048274993896
C00167,113,5,814,C6T8Y4,3847.C6T8Y4,0.7564809918403625
C00167,113,6,3421,Q9SYR0,3847.Q9SYR0,0.7404383420944214
C00167,113,7,1934,I1LW34,3847.I1LW34,0.7235813736915588
C00167,113,8,2098,I1MAM5,3847.I1MAM5,0.696094810962677
C00167,113,9,2097,I1MAM4,3847.I1MAM4,0.6931099891662598
C00167,113,10,3174,K7MPN5,3847.K7MPN5,0.6810813546180725
C00167,113,11,3037,K7M5A2,3847.K7M5A2,0.6803895831108093
C00167,113,12,2879,K7LIJ3,3847.K7LIJ3,0.6724237203598022
C00167,113,13,671,A0A0R4J338,3847.A0A0R4J338,0.6703876852989197
C00167,113,14,46,A0A0R0EM30,3847.A0A0R0EM30,0.6599867343902588
C00167,113,15,2602,K7KAN4,3847.K7KAN4,0.6594767570495605
C00167,113,16,2277,I1MSY9,3847.I1MSY9,0.6593623161315918
C00167,113,17,686,A0A0R4J4Q1,3847.A0A0R4J4Q1,0.6592991352081299
C00167,113,18,695,A0A0R4J5H8,3847.A0A0R4J5H8,0.6572567820549011
C00167,113,19,1578,I1KVY3,3847.I1KVY3,0.6565288305282593
C00167,113,20,1318,I1K9R6,3847.I1K9R6,0.6557212471961975
C00168,114,1,681,A0A0R4J4B4,3847.A0A0R4J4B4,0.9158756136894226
C00168,114,2,842,C6TIM5,3847.C6TIM5,0.9157478213310242
C00168,114,3,971,I1JCG8,3847.I1JCG8,0.9148827195167542
C00168,114,4,696,A0A0R4J5K2,3847.A0A0R4J5K2,0.9023503661155701
C00168,114,5,1934,I1LW34,3847.I1LW34,0.8880064487457275
C00168,114,6,3421,Q9SYR0,3847.Q9SYR0,0.8768945932388306
C00168,114,7,814,C6T8Y4,3847.C6T8Y4,0.8714046478271484
C00168,114,8,2098,I1MAM5,3847.I1MAM5,0.8517846465110779
C00168,114,9,2097,I1MAM4,3847.I1MAM4,0.8388273119926453
C00168,114,10,3174,K7MPN5,3847.K7MPN5,0.7932975888252258
C00168,114,11,3037,K7M5A2,3847.K7M5A2,0.7867357134819031
C00168,114,12,1721,I1L905,3847.I1L905,0.776290774345398
C00168,114,13,2879,K7LIJ3,3847.K7LIJ3,0.7483375668525696
C00168,114,14,2602,K7KAN4,3847.K7KAN4,0.7312315106391907
C00168,114,15,2350,I1N0Y1,3847.I1N0Y1,0.7266927361488342
C00168,114,16,3263,K7N1N7,3847.K7N1N7,0.7108612656593323
C00168,114,17,3365,Q2PMU3,3847.Q2PMU3,0.7017886638641357
C00168,114,18,3184,K7MQT5,3847.K7MQT5,0.6960195302963257
C00168,114,19,3364,Q2PMU2,3847.Q2PMU2,0.6930637359619141
C00168,114,20,2277,I1MSY9,3847.I1MSY9,0.690634548664093
C00170,115,1,681,A0A0R4J4B4,3847.A0A0R4J4B4,0.8957764506340027
C00170,115,2,842,C6TIM5,3847.C6TIM5,0.8952093124389648
C00170,115,3,971,I1JCG8,3847.I1JCG8,0.8937979936599731
C00170,115,4,696,A0A0R4J5K2,3847.A0A0R4J5K2,0.8791332840919495
C00170,115,5,1934,I1LW34,3847.I1LW34,0.8657472729682922
C00170,115,6,3421,Q9SYR0,3847.Q9SYR0,0.854749858379364
C00170,115,7,814,C6T8Y4,3847.C6T8Y4,0.8496209979057312
C00170,115,8,2098,I1MAM5,3847.I1MAM5,0.8269745111465454
C00170,115,9,2097,I1MAM4,3847.I1MAM4,0.814806342124939
C00170,115,10,3174,K7MPN5,3847.K7MPN5,0.7705637812614441
C00170,115,11,3037,K7M5A2,3847.K7M5A2,0.7625789642333984
C00170,115,12,1721,I1L905,3847.I1L905,0.7548865675926208
C00170,115,13,2879,K7LIJ3,3847.K7LIJ3,0.7312418818473816
C00170,115,14,2602,K7KAN4,3847.K7KAN4,0.7151963710784912
C00170,115,15,2350,I1N0Y1,3847.I1N0Y1,0.7112046480178833
C00170,115,16,3263,K7N1N7,3847.K7N1N7,0.6906449198722839
C00170,115,17,3365,Q2PMU3,3847.Q2PMU3,0.6864598393440247
C00170,115,18,3184,K7MQT5,3847.K7MQT5,0.6854500770568848
C00170,115,19,3364,Q2PMU2,3847.Q2PMU2,0.675983726978302
C00170,115,20,2277,I1MSY9,3847.I1MSY9,0.6754462122917175
C00173,116,1,3347,Q2PMN4,3847.Q2PMN4,0.5904055237770081
C00173,116,2,671,A0A0R4J338,3847.A0A0R4J338,0.5892815589904785
C00173,116,3,814,C6T8Y4,3847.C6T8Y4,0.5866740942001343
C00173,116,4,842,C6TIM5,3847.C6TIM5,0.5863764882087708
C00173,116,5,694,A0A0R4J5H2,3847.A0A0R4J5H2,0.5859881043434143
C00173,116,6,681,A0A0R4J4B4,3847.A0A0R4J4B4,0.5830273628234863
C00173,116,7,696,A0A0R4J5K2,3847.A0A0R4J5K2,0.5825247168540955
C00173,116,8,686,A0A0R4J4Q1,3847.A0A0R4J4Q1,0.5820736289024353
C00173,116,9,971,I1JCG8,3847.I1JCG8,0.5817994475364685
C00173,116,10,572,A0A0R0KKK6,3847.A0A0R0KKK6,0.5807448029518127
C00173,116,11,46,A0A0R0EM30,3847.A0A0R0EM30,0.5792680978775024
C00173,116,12,846,C6TKA3,3847.C6TKA3,0.5771628618240356
C00173,116,13,695,A0A0R4J5H8,3847.A0A0R4J5H8,0.5768893361091614
C00173,116,14,1318,I1K9R6,3847.I1K9R6,0.5756619572639465
C00173,116,15,1442,I1KL62,3847.I1KL62,0.5753141045570374
C00173,116,16,1578,I1KVY3,3847.I1KVY3,0.5752058029174805
C00173,116,17,3350,Q2PMN7,3847.Q2PMN7,0.5747044682502747
C00173,116,18,3296,P07506,3847.P07506,0.5745670199394226
C00173,116,19,736,A0A368UIE7,3847.A0A368UIE7,0.5742504596710205
C00173,116,20,2277,I1MSY9,3847.I1MSY9,0.5735085606575012
C00177,117,1,681,A0A0R4J4B4,3847.A0A0R4J4B4,0.875167191028595
C00177,117,2,842,C6TIM5,3847.C6TIM5,0.8750361204147339
C00177,117,3,971,I1JCG8,3847.I1JCG8,0.8724716305732727
C00177,117,4,696,A0A0R4J5K2,3847.A0A0R4J5K2,0.8592855930328369
C00177,117,5,1934,I1LW34,3847.I1LW34,0.8438036441802979
C00177,117,6,814,C6T8Y4,3847.C6T8Y4,0.8310850858688354
C00177,117,7,3421,Q9SYR0,3847.Q9SYR0,0.8310311436653137
C00177,117,8,2098,I1MAM5,3847.I1MAM5,0.8056169152259827
C00177,117,9,2097,I1MAM4,3847.I1MAM4,0.7934278249740601
C00177,117,10,3174,K7MPN5,3847.K7MPN5,0.7512603998184204
C00177,117,11,3037,K7M5A2,3847.K7M5A2,0.7458935379981995
C00177,117,12,1721,I1L905,3847.I1L905,0.7346312999725342
C00177,117,13,2879,K7LIJ3,3847.K7LIJ3,0.7130394577980042
C00177,117,14,2602,K7KAN4,3847.K7KAN4,0.7027010917663574
C00177,117,15,2350,I1N0Y1,3847.I1N0Y1,0.6943695545196533
C00177,117,16,3263,K7N1N7,3847.K7N1N7,0.6832374334335327
C00177,117,17,3365,Q2PMU3,3847.Q2PMU3,0.6743316650390625
C00177,117,18,3184,K7MQT5,3847.K7MQT5,0.671390950679779
C00177,117,19,2277,I1MSY9,3847.I1MSY9,0.6693562269210815
C00177,117,20,3364,Q2PMU2,3847.Q2PMU2,0.665287435054779
C00188,118,1,842,C6TIM5,3847.C6TIM5,0.8634220361709595
C00188,118,2,681,A0A0R4J4B4,3847.A0A0R4J4B4,0.8606328964233398
C00188,118,3,971,I1JCG8,3847.I1JCG8,0.8567283749580383
C00188,118,4,696,A0A0R4J5K2,3847.A0A0R4J5K2,0.8502334952354431
C00188,118,5,814,C6T8Y4,3847.C6T8Y4,0.8223352432250977
C00188,118,6,3421,Q9SYR0,3847.Q9SYR0,0.8114494681358337
C00188,118,7,1934,I1LW34,3847.I1LW34,0.802646279335022
C00188,118,8,2098,I1MAM5,3847.I1MAM5,0.7698516249656677
C00188,118,9,2097,I1MAM4,3847.I1MAM4,0.7606030106544495
C00188,118,10,3174,K7MPN5,3847.K7MPN5,0.733991801738739
C00188,118,11,3037,K7M5A2,3847.K7M5A2,0.7321757674217224
C00188,118,12,2879,K7LIJ3,3847.K7LIJ3,0.7123611569404602
C00188,118,13,2602,K7KAN4,3847.K7KAN4,0.6960023045539856
C00188,118,14,2277,I1MSY9,3847.I1MSY9,0.6891759634017944
C00188,118,15,671,A0A0R4J338,3847.A0A0R4J338,0.687196671962738
C00188,118,16,695,A0A0R4J5H8,3847.A0A0R4J5H8,0.6756888628005981
C00188,118,17,46,A0A0R0EM30,3847.A0A0R0EM30,0.6747890114784241
C00188,118,18,1578,I1KVY3,3847.I1KVY3,0.6744785904884338
C00188,118,19,1318,I1K9R6,3847.I1K9R6,0.6712090969085693
C00188,118,20,572,A0A0R0KKK6,3847.A0A0R0KKK6,0.670390784740448
C00189,119,1,1058,I1JK97,3847.I1JK97,0.6559013724327087
C00189,119,2,2467,I1NC73,3847.I1NC73,0.6489090323448181
C00189,119,3,3258,K7MZR6,3847.K7MZR6,0.6458402872085571
C00189,119,4,2061,I1M791,3847.I1M791,0.6443710327148438
C00189,119,5,2809,K7L8E8,3847.K7L8E8,0.6423551440238953
C00189,119,6,1408,I1KIC2,3847.I1KIC2,0.6421268582344055
C00189,119,7,1470,I1KN33,3847.I1KN33,0.6418157815933228
C00189,119,8,853,C6TNL5,3847.C6TNL5,0.6412696242332458
C00189,119,9,1887,I1LRK5,3847.I1LRK5,0.6407824754714966
C00189,119,10,3259,K7N016,3847.K7N016,0.6403858065605164
C00189,119,11,1149,I1JTZ3,3847.I1JTZ3,0.6401793360710144
C00189,119,12,1054,I1JJV5,3847.I1JJV5,0.6397367119789124
C00189,119,13,2271,I1MS93,3847.I1MS93,0.639699399471283
C00189,119,14,2886,K7LJR3,3847.K7LJR3,0.6396220326423645
C00189,119,15,733,A0A368UIA4,3847.A0A368UIA4,0.6390160918235779
C00189,119,16,2869,K7LGQ9,3847.K7LGQ9,0.6388884782791138
C00189,119,17,1087,I1JNF9,3847.I1JNF9,0.6385135054588318
C00189,119,18,2905,K7LMI9,3847.K7LMI9,0.6385055780410767
C00189,119,19,1744,I1LBG8,3847.I1LBG8,0.6384187340736389
C00189,119,20,2147,I1MF71,3847.I1MF71,0.6383612751960754
C00190,120,1,842,C6TIM5,3847.C6TIM5,0.855306088924408
C00190,120,2,971,I1JCG8,3847.I1JCG8,0.8475085496902466
C00190,120,3,681,A0A0R4J4B4,3847.A0A0R4J4B4,0.8465205430984497
C00190,120,4,696,A0A0R4J5K2,3847.A0A0R4J5K2,0.8408389687538147
C00190,120,5,814,C6T8Y4,3847.C6T8Y4,0.8163424134254456
C00190,120,6,3421,Q9SYR0,3847.Q9SYR0,0.7964310646057129
C00190,120,7,1934,I1LW34,3847.I1LW34,0.771722137928009
C00190,120,8,2098,I1MAM5,3847.I1MAM5,0.742596447467804
C00190,120,9,2097,I1MAM4,3847.I1MAM4,0.7360043525695801
C00190,120,10,3037,K7M5A2,3847.K7M5A2,0.7198031544685364
C00190,120,11,3174,K7MPN5,3847.K7MPN5,0.7175393104553223
C00190,120,12,2879,K7LIJ3,3847.K7LIJ3,0.7077812552452087
C00190,120,13,671,A0A0R4J338,3847.A0A0R4J338,0.7049009799957275
C00190,120,14,2277,I1MSY9,3847.I1MSY9,0.6999098062515259
C00190,120,15,686,A0A0R4J4Q1,3847.A0A0R4J4Q1,0.6939311623573303
C00190,120,16,46,A0A0R0EM30,3847.A0A0R0EM30,0.691935122013092
C00190,120,17,695,A0A0R4J5H8,3847.A0A0R4J5H8,0.6913764476776123
C00190,120,18,1578,I1KVY3,3847.I1KVY3,0.6909090876579285
C00190,120,19,2602,K7KAN4,3847.K7KAN4,0.6896376013755798
C00190,120,20,1318,I1K9R6,3847.I1K9R6,0.6890687942504883
C00195,121,1,1058,I1JK97,3847.I1JK97,0.6595459580421448
C00195,121,2,2467,I1NC73,3847.I1NC73,0.6504158973693848
C00195,121,3,1408,I1KIC2,3847.I1KIC2,0.6484474539756775
C00195,121,4,1149,I1JTZ3,3847.I1JTZ3,0.6463172435760498
C00195,121,5,3258,K7MZR6,3847.K7MZR6,0.6462715268135071
C00195,121,6,1887,I1LRK5,3847.I1LRK5,0.6451548337936401
C00195,121,7,853,C6TNL5,3847.C6TNL5,0.6449109315872192
C00195,121,8,1744,I1LBG8,3847.I1LBG8,0.6446812748908997
C00195,121,9,1054,I1JJV5,3847.I1JJV5,0.6446785926818848
C00195,121,10,2156,I1MFV2,3847.I1MFV2,0.6445701122283936
C00195,121,11,2061,I1M791,3847.I1M791,0.6435661315917969
C00195,121,12,2809,K7L8E8,3847.K7L8E8,0.6433860659599304
C00195,121,13,1470,I1KN33,3847.I1KN33,0.642520546913147
C00195,121,14,3259,K7N016,3847.K7N016,0.6425172090530396
C00195,121,15,1087,I1JNF9,3847.I1JNF9,0.6423197984695435
C00195,121,16,2318,I1MWD6,3847.I1MWD6,0.6420188546180725
C00195,121,17,2533,I1NIT6,3847.I1NIT6,0.6415157914161682
C00195,121,18,733,A0A368UIA4,3847.A0A368UIA4,0.641288697719574
C00195,121,19,2905,K7LMI9,3847.K7LMI9,0.6412557363510132
C00195,121,20,3412,Q9LKY4,3847.Q9LKY4,0.6410878896713257
C00197,122,1,2156,I1MFV2,3847.I1MFV2,0.5746301412582397
C00197,122,2,1551,I1KTE1,3847.I1KTE1,0.5686577558517456
C00197,122,3,3205,K7MTY9,3847.K7MTY9,0.5669837594032288
C00197,122,4,562,A0A0R0KHS2,3847.A0A0R0KHS2,0.5668864250183105
C00197,122,5,1784,I1LEK0,3847.I1LEK0,0.5662894248962402
C00197,122,6,1317,I1K9Q4,3847.I1K9Q4,0.5655543208122253
C00197,122,7,3207,K7MU28,3847.K7MU28,0.563725471496582
C00197,122,8,2413,I1N6I1,3847.I1N6I1,0.5635372996330261
C00197,122,9,1893,I1LS93,3847.I1LS93,0.5626788139343262
C00197,122,10,2279,I1MT93,3847.I1MT93,0.5624723434448242
C00197,122,11,1791,I1LFN3,3847.I1LFN3,0.562107264995575
C00197,122,12,1259,I1K4U7,3847.I1K4U7,0.5619817972183228
C00197,122,13,895,I1J3X8,3847.I1J3X8,0.5616570115089417
C00197,122,14,722,A0A368UHE2,3847.A0A368UHE2,0.5613301396369934
C00197,122,15,993,I1JE21,3847.I1JE21,0.5612311363220215
C00197,122,16,1698,I1L6S2,3847.I1L6S2,0.5610864162445068
C00197,122,17,3116,K7MHQ9,3847.K7MHQ9,0.5609963536262512
C00197,122,18,810,C6T798,3847.C6T798,0.5608270764350891
C00197,122,19,3149,K7MM15,3847.K7MM15,0.5605634450912476
C00197,122,20,888,D4Q9Z5,3847.D4Q9Z5,0.5604548454284668
C00199,123,1,1290,I1K772,3847.I1K772,0.5283892750740051
C00199,123,2,2130,I1MDK4,3847.I1MDK4,0.5282019972801208
C00199,123,3,2232,I1MP44,3847.I1MP44,0.5262753367424011
C00199,123,4,2516,I1NHH9,3847.I1NHH9,0.522750973701477
C00199,123,5,1294,I1K7A4,3847.I1K7A4,0.5225998163223267
C00199,123,6,3016,K7M1J7,3847.K7M1J7,0.5205268263816833
C00199,123,7,1815,I1LI78,3847.I1LI78,0.5199730396270752
C00199,123,8,2076,I1M8B7,3847.I1M8B7,0.5193763375282288
C00199,123,9,3395,Q6X0N0,3847.Q6X0N0,0.5193142890930176
C00199,123,10,1795,I1LFY4,3847.I1LFY4,0.5192582607269287
C00199,123,11,1131,I1JS28,3847.I1JS28,0.519256591796875
C00199,123,12,893,H2BER4,3847.H2BER4,0.5191051363945007
C00199,123,13,2507,I1NH41,3847.I1NH41,0.5190476179122925
C00199,123,14,1174,I1JW76,3847.I1JW76,0.5186069011688232
C00199,123,15,1754,I1LC39,3847.I1LC39,0.5182402729988098
C00199,123,16,1881,I1LR32,3847.I1LR32,0.5182393193244934
C00199,123,17,3394,Q6X0M9,3847.Q6X0M9,0.5179075598716736
C00199,123,18,1864,I1LPE3,3847.I1LPE3,0.5179042220115662
C00199,123,19,1139,I1JSS8,3847.I1JSS8,0.5175140500068665
C00199,123,20,2139,I1MEJ6,3847.I1MEJ6,0.5173844695091248
C00201,124,1,1058,I1JK97,3847.I1JK97,0.7048118114471436
C00201,124,2,2467,I1NC73,3847.I1NC73,0.6994296312332153
C00201,124,3,1408,I1KIC2,3847.I1KIC2,0.6954615712165833
C00201,124,4,2061,I1M791,3847.I1M791,0.6952341794967651
C00201,124,5,3258,K7MZR6,3847.K7MZR6,0.6951948404312134
C00201,124,6,1887,I1LRK5,3847.I1LRK5,0.6939383745193481
C00201,124,7,3096,K7MES8,3847.K7MES8,0.6934499144554138
C00201,124,8,2905,K7LMI9,3847.K7LMI9,0.6925805807113647
C00201,124,9,2027,I1M3S3,3847.I1M3S3,0.6924823522567749
C00201,124,10,2195,I1MJK2,3847.I1MJK2,0.6917288899421692
C00201,124,11,2064,I1M7D3,3847.I1M7D3,0.6917243599891663
C00201,124,12,2271,I1MS93,3847.I1MS93,0.6916327476501465
C00201,124,13,3412,Q9LKY4,3847.Q9LKY4,0.6911287903785706
C00201,124,14,1054,I1JJV5,3847.I1JJV5,0.690998911857605
C00201,124,15,853,C6TNL5,3847.C6TNL5,0.6908565163612366
C00201,124,16,2533,I1NIT6,3847.I1NIT6,0.6908252835273743
C00201,124,17,1918,I1LV29,3847.I1LV29,0.6907752156257629
C00201,124,18,2897,K7LKV4,3847.K7LKV4,0.6905985474586487
C00201,124,19,1470,I1KN33,3847.I1KN33,0.690471351146698
C00201,124,20,2081,I1M8M5,3847.I1M8M5,0.6903984546661377
C00206,125,1,2156,I1MFV2,3847.I1MFV2,0.5907275676727295
C00206,125,2,1551,I1KTE1,3847.I1KTE1,0.5869691371917725
C00206,125,3,562,A0A0R0KHS2,3847.A0A0R0KHS2,0.5863067507743835
C00206,125,4,3205,K7MTY9,3847.K7MTY9,0.5838025808334351
C00206,125,5,3207,K7MU28,3847.K7MU28,0.5829027891159058
C00206,125,6,1058,I1JK97,3847.I1JK97,0.5823506712913513
C00206,125,7,1791,I1LFN3,3847.I1LFN3,0.5811755657196045
C00206,125,8,1784,I1LEK0,3847.I1LEK0,0.5797407031059265
C00206,125,9,2413,I1N6I1,3847.I1N6I1,0.5793891549110413
C00206,125,10,2684,K7KNQ7,3847.K7KNQ7,0.5782995223999023
C00206,125,11,1698,I1L6S2,3847.I1L6S2,0.5782400965690613
C00206,125,12,3116,K7MHQ9,3847.K7MHQ9,0.5782338976860046
C00206,125,13,2279,I1MT93,3847.I1MT93,0.5779916048049927
C00206,125,14,1259,I1K4U7,3847.I1K4U7,0.5779847502708435
C00206,125,15,2467,I1NC73,3847.I1NC73,0.5779657959938049
C00206,125,16,1317,I1K9Q4,3847.I1K9Q4,0.5777686834335327
C00206,125,17,1615,I1KYQ5,3847.I1KYQ5,0.577681303024292
C00206,125,18,1017,I1JG99,3847.I1JG99,0.5776290893554688
C00206,125,19,3149,K7MM15,3847.K7MM15,0.5774831771850586
C00206,125,20,1077,I1JMA7,3847.I1JMA7,0.5774109363555908
C00208,126,1,3127,K7MJI4,3847.K7MJI4,0.4941810071468353
C00208,126,2,1158,I1JUN7,3847.I1JUN7,0.49337080121040344
C00208,126,3,296,A0A0R0HBG9,3847.A0A0R0HBG9,0.4927375316619873
C00208,126,4,654,A0A0R0LGF8,3847.A0A0R0LGF8,0.49183720350265503
C00208,126,5,2847,K7LDY3,3847.K7LDY3,0.49149230122566223
C00208,126,6,310,A0A0R0HFU2,3847.A0A0R0HFU2,0.4908393919467926
C00208,126,7,2711,K7KTX9,3847.K7KTX9,0.4906880259513855
C00208,126,8,1038,I1JID0,3847.I1JID0,0.4902746379375458
C00208,126,9,3114,K7MHK0,3847.K7MHK0,0.49007654190063477
C00208,126,10,1270,I1K5A7,3847.I1K5A7,0.48979276418685913
C00208,126,11,409,A0A0R0IMB6,3847.A0A0R0IMB6,0.4888959228992462
C00208,126,12,235,A0A0R0GI21,3847.A0A0R0GI21,0.4887717664241791
C00208,126,13,3293,O81980,3847.O81980,0.4886367619037628
C00208,126,14,300,A0A0R0HCY3,3847.A0A0R0HCY3,0.488568514585495
C00208,126,15,136,A0A0R0FM08,3847.A0A0R0FM08,0.4880230128765106
C00208,126,16,680,A0A0R4J4A1,3847.A0A0R4J4A1,0.48800960183143616
C00208,126,17,878,C6ZRV6,3847.C6ZRV6,0.4877023994922638
C00208,126,18,1418,I1KIQ3,3847.I1KIQ3,0.48736250400543213
C00208,126,19,1025,I1JHF8,3847.I1JHF8,0.48729562759399414
C00208,126,20,1718,I1L8R4,3847.I1L8R4,0.48711615800857544
C00212,127,1,1058,I1JK97,3847.I1JK97,0.6586049795150757
C00212,127,2,2467,I1NC73,3847.I1NC73,0.6454922556877136
C00212,127,3,1149,I1JTZ3,3847.I1JTZ3,0.6442156434059143
C00212,127,4,3258,K7MZR6,3847.K7MZR6,0.6429995894432068
C00212,127,5,1408,I1KIC2,3847.I1KIC2,0.6414514780044556
C00212,127,6,1887,I1LRK5,3847.I1LRK5,0.6412501931190491
C00212,127,7,3259,K7N016,3847.K7N016,0.640739381313324
C00212,127,8,1744,I1LBG8,3847.I1LBG8,0.6403048038482666
C00212,127,9,1087,I1JNF9,3847.I1JNF9,0.639593243598938
C00212,127,10,2061,I1M791,3847.I1M791,0.6383941173553467
C00212,127,11,1470,I1KN33,3847.I1KN33,0.637938380241394
C00212,127,12,2897,K7LKV4,3847.K7LKV4,0.6377560496330261
C00212,127,13,1054,I1JJV5,3847.I1JJV5,0.6376307010650635
C00212,127,14,2809,K7L8E8,3847.K7L8E8,0.6369634866714478
C00212,127,15,2798,K7L6T7,3847.K7L6T7,0.6368793249130249
C00212,127,16,886,D3G9M7,3847.D3G9M7,0.6368233561515808
C00212,127,17,853,C6TNL5,3847.C6TNL5,0.6362122893333435
C00212,127,18,2886,K7LJR3,3847.K7LJR3,0.6360739469528198
C00212,127,19,1226,I1K117,3847.I1K117,0.6357573866844177
C00212,127,20,3412,Q9LKY4,3847.Q9LKY4,0.6355540752410889
C00221,128,1,842,C6TIM5,3847.C6TIM5,0.7489218711853027
C00221,128,2,681,A0A0R4J4B4,3847.A0A0R4J4B4,0.7398549914360046
C00221,128,3,696,A0A0R4J5K2,3847.A0A0R4J5K2,0.736973226070404
C00221,128,4,971,I1JCG8,3847.I1JCG8,0.7365648746490479
C00221,128,5,814,C6T8Y4,3847.C6T8Y4,0.7162879109382629
C00221,128,6,3421,Q9SYR0,3847.Q9SYR0,0.6923553347587585
C00221,128,7,671,A0A0R4J338,3847.A0A0R4J338,0.6510812044143677
C00221,128,8,686,A0A0R4J4Q1,3847.A0A0R4J4Q1,0.6499823927879333
C00221,128,9,1934,I1LW34,3847.I1LW34,0.6498562097549438
C00221,128,10,2277,I1MSY9,3847.I1MSY9,0.6485779285430908
C00221,128,11,2879,K7LIJ3,3847.K7LIJ3,0.6429244875907898
C00221,128,12,1318,I1K9R6,3847.I1K9R6,0.6414128541946411
C00221,128,13,572,A0A0R0KKK6,3847.A0A0R0KKK6,0.6413719654083252
C00221,128,14,46,A0A0R0EM30,3847.A0A0R0EM30,0.6412551403045654
C00221,128,15,1578,I1KVY3,3847.I1KVY3,0.6383402347564697
C00221,128,16,695,A0A0R4J5H8,3847.A0A0R4J5H8,0.6377493739128113
C00221,128,17,2098,I1MAM5,3847.I1MAM5,0.6372906565666199
C00221,128,18,3037,K7M5A2,3847.K7M5A2,0.6365500688552856
C00221,128,19,846,C6TKA3,3847.C6TKA3,0.6337352991104126
C00221,128,20,2097,I1MAM4,3847.I1MAM4,0.6322956085205078
C00223,129,1,842,C6TIM5,3847.C6TIM5,0.6682517528533936
C00223,129,2,696,A0A0R4J5K2,3847.A0A0R4J5K2,0.6549244523048401
C00223,129,3,971,I1JCG8,3847.I1JCG8,0.6522282958030701
C00223,129,4,681,A0A0R4J4B4,3847.A0A0R4J4B4,0.6521401405334473
C00223,129,5,814,C6T8Y4,3847.C6T8Y4,0.6496249437332153
C00223,129,6,671,A0A0R4J338,3847.A0A0R4J338,0.6231393218040466
C00223,129,7,686,A0A0R4J4Q1,3847.A0A0R4J4Q1,0.6230944395065308
C00223,129,8,3421,Q9SYR0,3847.Q9SYR0,0.6225398182868958
C00223,129,9,1578,I1KVY3,3847.I1KVY3,0.6167295575141907
C00223,129,10,46,A0A0R0EM30,3847.A0A0R0EM30,0.6163150668144226
C00223,129,11,1318,I1K9R6,3847.I1K9R6,0.6149247288703918
C00223,129,12,695,A0A0R4J5H8,3847.A0A0R4J5H8,0.6134508848190308
C00223,129,13,694,A0A0R4J5H2,3847.A0A0R4J5H2,0.6125070452690125
C00223,129,14,846,C6TKA3,3847.C6TKA3,0.612373411655426
C00223,129,15,572,A0A0R0KKK6,3847.A0A0R0KKK6,0.6099315285682678
C00223,129,16,2277,I1MSY9,3847.I1MSY9,0.6059077382087708
C00223,129,17,736,A0A368UIE7,3847.A0A368UIE7,0.6016505360603333
C00223,129,18,1442,I1KL62,3847.I1KL62,0.5976433157920837
C00223,129,19,2879,K7LIJ3,3847.K7LIJ3,0.5975404381752014
C00223,129,20,1514,I1KQX3,3847.I1KQX3,0.5950383543968201
C00224,130,1,1058,I1JK97,3847.I1JK97,0.7508397102355957
C00224,130,2,3259,K7N016,3847.K7N016,0.741241455078125
C00224,130,3,853,C6TNL5,3847.C6TNL5,0.7392106056213379
C00224,130,4,2467,I1NC73,3847.I1NC73,0.7390037775039673
C00224,130,5,1887,I1LRK5,3847.I1LRK5,0.7389713525772095
C00224,130,6,3258,K7MZR6,3847.K7MZR6,0.7387992739677429
C00224,130,7,2061,I1M791,3847.I1M791,0.7386878728866577
C00224,130,8,3096,K7MES8,3847.K7MES8,0.7384985685348511
C00224,130,9,3412,Q9LKY4,3847.Q9LKY4,0.7383049726486206
C00224,130,10,1470,I1KN33,3847.I1KN33,0.7376265525817871
C00224,130,11,2318,I1MWD6,3847.I1MWD6,0.737324595451355
C00224,130,12,278,A0A0R0H2F3,3847.A0A0R0H2F3,0.7372673749923706
C00224,130,13,2271,I1MS93,3847.I1MS93,0.7371927499771118
C00224,130,14,1408,I1KIC2,3847.I1KIC2,0.7370672821998596
C00224,130,15,1054,I1JJV5,3847.I1JJV5,0.7366650700569153
C00224,130,16,2809,K7L8E8,3847.K7L8E8,0.7364022135734558
C00224,130,17,1149,I1JTZ3,3847.I1JTZ3,0.7358842492103577
C00224,130,18,2905,K7LMI9,3847.K7LMI9,0.7357987761497498
C00224,130,19,733,A0A368UIA4,3847.A0A368UIA4,0.735520601272583
C00224,130,20,2027,I1M3S3,3847.I1M3S3,0.7353333830833435
C00229,131,1,842,C6TIM5,3847.C6TIM5,0.6222134232521057
C00229,131,2,696,A0A0R4J5K2,3847.A0A0R4J5K2,0.6191782355308533
C00229,131,3,971,I1JCG8,3847.I1JCG8,0.6164173483848572
C00229,131,4,681,A0A0R4J4B4,3847.A0A0R4J4B4,0.6164106726646423
C00229,131,5,814,C6T8Y4,3847.C6T8Y4,0.6162571310997009
C00229,131,6,671,A0A0R4J338,3847.A0A0R4J338,0.6087221503257751
C00229,131,7,686,A0A0R4J4Q1,3847.A0A0R4J4Q1,0.607954740524292
C00229,131,8,694,A0A0R4J5H2,3847.A0A0R4J5H2,0.6053593158721924
C00229,131,9,1578,I1KVY3,3847.I1KVY3,0.6048230528831482
C00229,131,10,846,C6TKA3,3847.C6TKA3,0.6047337055206299
C00229,131,11,1318,I1K9R6,3847.I1K9R6,0.6040133833885193
C00229,131,12,695,A0A0R4J5H8,3847.A0A0R4J5H8,0.6032788157463074
C00229,131,13,46,A0A0R0EM30,3847.A0A0R0EM30,0.6028770804405212
C00229,131,14,572,A0A0R0KKK6,3847.A0A0R0KKK6,0.6005702018737793
C00229,131,15,3421,Q9SYR0,3847.Q9SYR0,0.6004249453544617
C00229,131,16,3351,Q2PMN8,3847.Q2PMN8,0.5940617322921753
C00229,131,17,3347,Q2PMN4,3847.Q2PMN4,0.5932018756866455
C00229,131,18,736,A0A368UIE7,3847.A0A368UIE7,0.5928592085838318
C00229,131,19,2277,I1MSY9,3847.I1MSY9,0.5927289128303528
C00229,131,20,3345,Q2PMN2,3847.Q2PMN2,0.5910248160362244
C00234,132,1,681,A0A0R4J4B4,3847.A0A0R4J4B4,0.9638004899024963
C00234,132,2,842,C6TIM5,3847.C6TIM5,0.9637756943702698
C00234,132,3,971,I1JCG8,3847.I1JCG8,0.963488757610321
C00234,132,4,696,A0A0R4J5K2,3847.A0A0R4J5K2,0.9537066221237183
C00234,132,5,1934,I1LW34,3847.I1LW34,0.9490795135498047
C00234,132,6,3421,Q9SYR0,3847.Q9SYR0,0.9359140396118164
C00234,132,7,814,C6T8Y4,3847.C6T8Y4,0.9284405708312988
C00234,132,8,2098,I1MAM5,3847.I1MAM5,0.9209301471710205
C00234,132,9,2097,I1MAM4,3847.I1MAM4,0.9078220725059509
C00234,132,10,1721,I1L905,3847.I1L905,0.8599721789360046
C00234,132,11,3174,K7MPN5,3847.K7MPN5,0.8585609793663025
C00234,132,12,3037,K7M5A2,3847.K7M5A2,0.8479475975036621
C00234,132,13,2879,K7LIJ3,3847.K7LIJ3,0.7973007559776306
C00234,132,14,2350,I1N0Y1,3847.I1N0Y1,0.7812954187393188
C00234,132,15,3263,K7N1N7,3847.K7N1N7,0.7811514139175415
C00234,132,16,2602,K7KAN4,3847.K7KAN4,0.7793915271759033
C00234,132,17,3365,Q2PMU3,3847.Q2PMU3,0.7569642066955566
C00234,132,18,3364,Q2PMU2,3847.Q2PMU2,0.7412651181221008
C00234,132,19,3184,K7MQT5,3847.K7MQT5,0.7380809783935547
C00234,132,20,2277,I1MSY9,3847.I1MSY9,0.7206810712814331
C00235,133,1,681,A0A0R4J4B4,3847.A0A0R4J4B4,0.8795369863510132
C00235,133,2,842,C6TIM5,3847.C6TIM5,0.8787257075309753
C00235,133,3,971,I1JCG8,3847.I1JCG8,0.8783724308013916
C00235,133,4,696,A0A0R4J5K2,3847.A0A0R4J5K2,0.8625918030738831
C00235,133,5,1934,I1LW34,3847.I1LW34,0.8530946969985962
C00235,133,6,3421,Q9SYR0,3847.Q9SYR0,0.8369669318199158
C00235,133,7,814,C6T8Y4,3847.C6T8Y4,0.8311999440193176
C00235,133,8,2098,I1MAM5,3847.I1MAM5,0.8136768341064453
C00235,133,9,2097,I1MAM4,3847.I1MAM4,0.800633430480957
C00235,133,10,1721,I1L905,3847.I1L905,0.7586297988891602
C00235,133,11,3174,K7MPN5,3847.K7MPN5,0.7552075386047363
C00235,133,12,3037,K7M5A2,3847.K7M5A2,0.7452376484870911
C00235,133,13,2879,K7LIJ3,3847.K7LIJ3,0.7078298330307007
C00235,133,14,3263,K7N1N7,3847.K7N1N7,0.704608142375946
C00235,133,15,2350,I1N0Y1,3847.I1N0Y1,0.7000129222869873
C00235,133,16,2602,K7KAN4,3847.K7KAN4,0.6993018388748169
C00235,133,17,3365,Q2PMU3,3847.Q2PMU3,0.6798512935638428
C00235,133,18,3364,Q2PMU2,3847.Q2PMU2,0.6707265377044678
C00235,133,19,3184,K7MQT5,3847.K7MQT5,0.6698725819587708
C00235,133,20,3346,Q2PMN3,3847.Q2PMN3,0.6590100526809692
C00236,134,1,842,C6TIM5,3847.C6TIM5,0.8295716643333435
C00236,134,2,681,A0A0R4J4B4,3847.A0A0R4J4B4,0.8294966816902161
C00236,134,3,971,I1JCG8,3847.I1JCG8,0.8268296122550964
C00236,134,4,696,A0A0R4J5K2,3847.A0A0R4J5K2,0.8102703094482422
C00236,134,5,1934,I1LW34,3847.I1LW34,0.7933241724967957
C00236,134,6,3421,Q9SYR0,3847.Q9SYR0,0.7811368107795715
C00236,134,7,814,C6T8Y4,3847.C6T8Y4,0.7788519263267517
C00236,134,8,2098,I1MAM5,3847.I1MAM5,0.7549953460693359
C00236,134,9,2097,I1MAM4,3847.I1MAM4,0.7407666444778442
C00236,134,10,3174,K7MPN5,3847.K7MPN5,0.7063789963722229
C00236,134,11,3037,K7M5A2,3847.K7M5A2,0.6984007358551025
C00236,134,12,1721,I1L905,3847.I1L905,0.6855021715164185
C00236,134,13,2879,K7LIJ3,3847.K7LIJ3,0.6695941090583801
C00236,134,14,2602,K7KAN4,3847.K7KAN4,0.6561576128005981
C00236,134,15,2350,I1N0Y1,3847.I1N0Y1,0.6512230038642883
C00236,134,16,3365,Q2PMU3,3847.Q2PMU3,0.6269144415855408
C00236,134,17,2277,I1MSY9,3847.I1MSY9,0.6258610486984253
C00236,134,18,3184,K7MQT5,3847.K7MQT5,0.6257826089859009
C00236,134,19,3263,K7N1N7,3847.K7N1N7,0.6209704875946045
C00236,134,20,976,I1JCZ8,3847.I1JCZ8,0.6166079640388489
C00237,135,1,842,C6TIM5,3847.C6TIM5,0.7808775901794434
C00237,135,2,681,A0A0R4J4B4,3847.A0A0R4J4B4,0.7799989581108093
C00237,135,3,971,I1JCG8,3847.I1JCG8,0.7782022953033447
C00237,135,4,696,A0A0R4J5K2,3847.A0A0R4J5K2,0.7652923464775085
C00237,135,5,814,C6T8Y4,3847.C6T8Y4,0.7457393407821655
C00237,135,6,1934,I1LW34,3847.I1LW34,0.7379382848739624
C00237,135,7,3421,Q9SYR0,3847.Q9SYR0,0.7358213663101196
C00237,135,8,2098,I1MAM5,3847.I1MAM5,0.7016187906265259
C00237,135,9,2097,I1MAM4,3847.I1MAM4,0.6954525709152222
C00237,135,10,3174,K7MPN5,3847.K7MPN5,0.6718103289604187
C00237,135,11,3037,K7M5A2,3847.K7M5A2,0.6662770509719849
C00237,135,12,2879,K7LIJ3,3847.K7LIJ3,0.6460812091827393
C00237,135,13,2602,K7KAN4,3847.K7KAN4,0.6435043215751648
C00237,135,14,1721,I1L905,3847.I1L905,0.639118492603302
C00237,135,15,671,A0A0R4J338,3847.A0A0R4J338,0.636743426322937
C00237,135,16,2350,I1N0Y1,3847.I1N0Y1,0.6329714059829712
C00237,135,17,2277,I1MSY9,3847.I1MSY9,0.6263090968132019
C00237,135,18,695,A0A0R4J5H8,3847.A0A0R4J5H8,0.6250952482223511
C00237,135,19,846,C6TKA3,3847.C6TKA3,0.6249033808708191
C00237,135,20,46,A0A0R0EM30,3847.A0A0R0EM30,0.6248617172241211
C00239,136,1,1290,I1K772,3847.I1K772,0.5802959203720093
C00239,136,2,2156,I1MFV2,3847.I1MFV2,0.5760958194732666
C00239,136,3,2130,I1MDK4,3847.I1MDK4,0.5745152235031128
C00239,136,4,2232,I1MP44,3847.I1MP44,0.5729526877403259
C00239,136,5,1294,I1K7A4,3847.I1K7A4,0.5725542306900024
C00239,136,6,3310,P30081,3847.P30081,0.5717684626579285
C00239,136,7,1174,I1JW76,3847.I1JW76,0.5714994072914124
C00239,136,8,2516,I1NHH9,3847.I1NHH9,0.5713716149330139
C00239,136,9,1881,I1LR32,3847.I1LR32,0.5713194012641907
C00239,136,10,755,A7BIC9,3847.A7BIC9,0.5704792737960815
C00239,136,11,773,B4Y5J7,3847.B4Y5J7,0.5700496435165405
C00239,136,12,3205,K7MTY9,3847.K7MTY9,0.5698386430740356
C00239,136,13,3394,Q6X0M9,3847.Q6X0M9,0.5693967342376709
C00239,136,14,1551,I1KTE1,3847.I1KTE1,0.5692623853683472
C00239,136,15,1864,I1LPE3,3847.I1LPE3,0.5678181648254395
C00239,136,16,1791,I1LFN3,3847.I1LFN3,0.5677114129066467
C00239,136,17,1754,I1LC39,3847.I1LC39,0.5673430562019348
C00239,136,18,893,H2BER4,3847.H2BER4,0.5673002600669861
C00239,136,19,1131,I1JS28,3847.I1JS28,0.5669575929641724
C00239,136,20,2507,I1NH41,3847.I1NH41,0.5665455460548401
C00241,137,1,842,C6TIM5,3847.C6TIM5,0.6281003355979919
C00241,137,2,681,A0A0R4J4B4,3847.A0A0R4J4B4,0.6243672370910645
C00241,137,3,814,C6T8Y4,3847.C6T8Y4,0.6199501156806946
C00241,137,4,696,A0A0R4J5K2,3847.A0A0R4J5K2,0.6181432604789734
C00241,137,5,971,I1JCG8,3847.I1JCG8,0.6175885796546936
C00241,137,6,3421,Q9SYR0,3847.Q9SYR0,0.6053770184516907
C00241,137,7,1934,I1LW34,3847.I1LW34,0.5968906879425049
C00241,137,8,671,A0A0R4J338,3847.A0A0R4J338,0.5835729837417603
C00241,137,9,2098,I1MAM5,3847.I1MAM5,0.5811673402786255
C00241,137,10,572,A0A0R0KKK6,3847.A0A0R0KKK6,0.5792872905731201
C00241,137,11,3174,K7MPN5,3847.K7MPN5,0.5791465640068054
C00241,137,12,3037,K7M5A2,3847.K7M5A2,0.5765112638473511
C00241,137,13,2879,K7LIJ3,3847.K7LIJ3,0.5763343572616577
C00241,137,14,46,A0A0R0EM30,3847.A0A0R0EM30,0.5763202905654907
C00241,137,15,2277,I1MSY9,3847.I1MSY9,0.5734008550643921
C00241,137,16,2097,I1MAM4,3847.I1MAM4,0.572888195514679
C00241,137,17,686,A0A0R4J4Q1,3847.A0A0R4J4Q1,0.5688068270683289
C00241,137,18,2602,K7KAN4,3847.K7KAN4,0.5681943893432617
C00241,137,19,1578,I1KVY3,3847.I1KVY3,0.5662298202514648
C00241,137,20,1442,I1KL62,3847.I1KL62,0.565030574798584
C00249,138,1,681,A0A0R4J4B4,3847.A0A0R4J4B4,0.8044986724853516
C00249,138,2,842,C6TIM5,3847.C6TIM5,0.8028457164764404
C00249,138,3,971,I1JCG8,3847.I1JCG8,0.8015272617340088
C00249,138,4,696,A0A0R4J5K2,3847.A0A0R4J5K2,0.7905930280685425
C00249,138,5,814,C6T8Y4,3847.C6T8Y4,0.768000602722168
C00249,138,6,1934,I1LW34,3847.I1LW34,0.7651690244674683
C00249,138,7,3421,Q9SYR0,3847.Q9SYR0,0.7617875337600708
C00249,138,8,2098,I1MAM5,3847.I1MAM5,0.7292354702949524
C00249,138,9,2097,I1MAM4,3847.I1MAM4,0.7186496257781982
C00249,138,10,3174,K7MPN5,3847.K7MPN5,0.7022464871406555
C00249,138,11,3037,K7M5A2,3847.K7M5A2,0.6960291266441345
C00249,138,12,2879,K7LIJ3,3847.K7LIJ3,0.6786306500434875
C00249,138,13,2602,K7KAN4,3847.K7KAN4,0.662550687789917
C00249,138,14,1721,I1L905,3847.I1L905,0.6512323021888733
C00249,138,15,2277,I1MSY9,3847.I1MSY9,0.6468710899353027
C00249,138,16,671,A0A0R4J338,3847.A0A0R4J338,0.644988477230072
C00249,138,17,2350,I1N0Y1,3847.I1N0Y1,0.6437233686447144
C00249,138,18,572,A0A0R0KKK6,3847.A0A0R0KKK6,0.6327789425849915
C00249,138,19,46,A0A0R0EM30,3847.A0A0R0EM30,0.6320131421089172
C00249,138,20,3184,K7MQT5,3847.K7MQT5,0.6314185857772827
C00250,139,1,1058,I1JK97,3847.I1JK97,0.7104341387748718
C00250,139,2,1408,I1KIC2,3847.I1KIC2,0.6996669769287109
C00250,139,3,3259,K7N016,3847.K7N016,0.6994400024414062
C00250,139,4,1887,I1LRK5,3847.I1LRK5,0.6984660625457764
C00250,139,5,3258,K7MZR6,3847.K7MZR6,0.6980942487716675
C00250,139,6,1087,I1JNF9,3847.I1JNF9,0.6964977979660034
C00250,139,7,886,D3G9M7,3847.D3G9M7,0.6961997151374817
C00250,139,8,2897,K7LKV4,3847.K7LKV4,0.6957746148109436
C00250,139,9,3096,K7MES8,3847.K7MES8,0.6953310966491699
C00250,139,10,2214,I1MM96,3847.I1MM96,0.6953195929527283
C00250,139,11,2467,I1NC73,3847.I1NC73,0.6952123641967773
C00250,139,12,1470,I1KN33,3847.I1KN33,0.6950280070304871
C00250,139,13,3412,Q9LKY4,3847.Q9LKY4,0.6948308348655701
C00250,139,14,733,A0A368UIA4,3847.A0A368UIA4,0.6944401860237122
C00250,139,15,2809,K7L8E8,3847.K7L8E8,0.694244384765625
C00250,139,16,1744,I1LBG8,3847.I1LBG8,0.6942436099052429
C00250,139,17,278,A0A0R0H2F3,3847.A0A0R0H2F3,0.6942093372344971
C00250,139,18,1149,I1JTZ3,3847.I1JTZ3,0.6941625475883484
C00250,139,19,2064,I1M7D3,3847.I1M7D3,0.6934462785720825
C00250,139,20,1351,I1KBZ2,3847.I1KBZ2,0.693376362323761
C00251,140,1,681,A0A0R4J4B4,3847.A0A0R4J4B4,0.925416886806488
C00251,140,2,842,C6TIM5,3847.C6TIM5,0.9243118762969971
C00251,140,3,971,I1JCG8,3847.I1JCG8,0.9240331649780273
C00251,140,4,1934,I1LW34,3847.I1LW34,0.917529821395874
C00251,140,5,696,A0A0R4J5K2,3847.A0A0R4J5K2,0.9058970808982849
C00251,140,6,3421,Q9SYR0,3847.Q9SYR0,0.890629231929779
C00251,140,7,2098,I1MAM5,3847.I1MAM5,0.8784292936325073
C00251,140,8,814,C6T8Y4,3847.C6T8Y4,0.8740061521530151
C00251,140,9,2097,I1MAM4,3847.I1MAM4,0.8618494868278503
C00251,140,10,1721,I1L905,3847.I1L905,0.8593834638595581
C00251,140,11,3263,K7N1N7,3847.K7N1N7,0.8158503770828247
C00251,140,12,3174,K7MPN5,3847.K7MPN5,0.8065066337585449
C00251,140,13,3037,K7M5A2,3847.K7M5A2,0.7910446524620056
C00251,140,14,2350,I1N0Y1,3847.I1N0Y1,0.7543133497238159
C00251,140,15,3365,Q2PMU3,3847.Q2PMU3,0.7488942742347717
C00251,140,16,547,A0A0R0KCM6,3847.A0A0R0KCM6,0.7395049929618835
C00251,140,17,2879,K7LIJ3,3847.K7LIJ3,0.7368870973587036
C00251,140,18,3364,Q2PMU2,3847.Q2PMU2,0.7328587770462036
C00251,140,19,2602,K7KAN4,3847.K7KAN4,0.7228854894638062
C00251,140,20,3346,Q2PMN3,3847.Q2PMN3,0.7164866924285889
C00254,141,1,681,A0A0R4J4B4,3847.A0A0R4J4B4,0.9469870328903198
C00254,141,2,971,I1JCG8,3847.I1JCG8,0.9455547332763672
C00254,141,3,842,C6TIM5,3847.C6TIM5,0.9452049732208252
C00254,141,4,1934,I1LW34,3847.I1LW34,0.9345034956932068
C00254,141,5,696,A0A0R4J5K2,3847.A0A0R4J5K2,0.9315189719200134
C00254,141,6,3421,Q9SYR0,3847.Q9SYR0,0.9137340188026428
C00254,141,7,814,C6T8Y4,3847.C6T8Y4,0.903247058391571
C00254,141,8,2098,I1MAM5,3847.I1MAM5,0.9016430974006653
C00254,141,9,2097,I1MAM4,3847.I1MAM4,0.8868348598480225
C00254,141,10,1721,I1L905,3847.I1L905,0.8671363592147827
C00254,141,11,3174,K7MPN5,3847.K7MPN5,0.8287525773048401
C00254,141,12,3037,K7M5A2,3847.K7M5A2,0.8189600110054016
C00254,141,13,3263,K7N1N7,3847.K7N1N7,0.8133500218391418
C00254,141,14,2350,I1N0Y1,3847.I1N0Y1,0.7707474827766418
C00254,141,15,2879,K7LIJ3,3847.K7LIJ3,0.7648811936378479
C00254,141,16,3365,Q2PMU3,3847.Q2PMU3,0.7569233775138855
C00254,141,17,2602,K7KAN4,3847.K7KAN4,0.7493607401847839
C00254,141,18,3364,Q2PMU2,3847.Q2PMU2,0.7404725551605225
C00254,141,19,547,A0A0R0KCM6,3847.A0A0R0KCM6,0.7387153506278992
C00254,141,20,3184,K7MQT5,3847.K7MQT5,0.7298376560211182
C00255,142,1,1058,I1JK97,3847.I1JK97,0.700419545173645
C00255,142,2,1408,I1KIC2,3847.I1KIC2,0.6904447674751282
C00255,142,3,853,C6TNL5,3847.C6TNL5,0.6879488229751587
C00255,142,4,1470,I1KN33,3847.I1KN33,0.6876755952835083
C00255,142,5,1887,I1LRK5,3847.I1LRK5,0.6871758103370667
C00255,142,6,2318,I1MWD6,3847.I1MWD6,0.6868810653686523
C00255,142,7,3258,K7MZR6,3847.K7MZR6,0.6867693662643433
C00255,142,8,2467,I1NC73,3847.I1NC73,0.6863682270050049
C00255,142,9,2798,K7L6T7,3847.K7L6T7,0.6862975358963013
C00255,142,10,278,A0A0R0H2F3,3847.A0A0R0H2F3,0.6858025789260864
C00255,142,11,3259,K7N016,3847.K7N016,0.6857916712760925
C00255,142,12,1054,I1JJV5,3847.I1JJV5,0.6856829524040222
C00255,142,13,2905,K7LMI9,3847.K7LMI9,0.6856015920639038
C00255,142,14,2809,K7L8E8,3847.K7L8E8,0.6852859854698181
C00255,142,15,2271,I1MS93,3847.I1MS93,0.6850495934486389
C00255,142,16,3096,K7MES8,3847.K7MES8,0.6848993897438049
C00255,142,17,2468,I1NC81,3847.I1NC81,0.684893012046814
C00255,142,18,733,A0A368UIA4,3847.A0A368UIA4,0.6848555207252502
C00255,142,19,2644,K7KGV1,3847.K7KGV1,0.6839773058891296
C00255,142,20,3412,Q9LKY4,3847.Q9LKY4,0.6835773587226868
C00258,143,1,1058,I1JK97,3847.I1JK97,0.8183297514915466
C00258,143,2,1887,I1LRK5,3847.I1LRK5,0.8131422400474548
C00258,143,3,3412,Q9LKY4,3847.Q9LKY4,0.8117965459823608
C00258,143,4,2467,I1NC73,3847.I1NC73,0.8111789226531982
C00258,143,5,2061,I1M791,3847.I1M791,0.8108416795730591
C00258,143,6,3259,K7N016,3847.K7N016,0.8104311227798462
C00258,143,7,3096,K7MES8,3847.K7MES8,0.8101024627685547
C00258,143,8,1408,I1KIC2,3847.I1KIC2,0.8090236783027649
C00258,143,9,278,A0A0R0H2F3,3847.A0A0R0H2F3,0.8089579343795776
C00258,143,10,3258,K7MZR6,3847.K7MZR6,0.8087818622589111
C00258,143,11,853,C6TNL5,3847.C6TNL5,0.8085927963256836
C00258,143,12,2318,I1MWD6,3847.I1MWD6,0.8074217438697815
C00258,143,13,1226,I1K117,3847.I1K117,0.8070311546325684
C00258,143,14,2809,K7L8E8,3847.K7L8E8,0.8068246245384216
C00258,143,15,2644,K7KGV1,3847.K7KGV1,0.8064658045768738
C00258,143,16,2027,I1M3S3,3847.I1M3S3,0.8064606189727783
C00258,143,17,1470,I1KN33,3847.I1KN33,0.8063353300094604
C00258,143,18,2271,I1MS93,3847.I1MS93,0.806323766708374
C00258,143,19,2533,I1NIT6,3847.I1NIT6,0.8063134551048279
C00258,143,20,2345,I1N0D5,3847.I1N0D5,0.8062395453453064
C00264,144,1,842,C6TIM5,3847.C6TIM5,0.7691379189491272
C00264,144,2,696,A0A0R4J5K2,3847.A0A0R4J5K2,0.7622733116149902
C00264,144,3,971,I1JCG8,3847.I1JCG8,0.759494960308075
C00264,144,4,681,A0A0R4J4B4,3847.A0A0R4J4B4,0.7583865523338318
C00264,144,5,814,C6T8Y4,3847.C6T8Y4,0.7453436255455017
C00264,144,6,3421,Q9SYR0,3847.Q9SYR0,0.7150365710258484
C00264,144,7,671,A0A0R4J338,3847.A0A0R4J338,0.7017595171928406
C00264,144,8,686,A0A0R4J4Q1,3847.A0A0R4J4Q1,0.6957715153694153
C00264,144,9,1578,I1KVY3,3847.I1KVY3,0.6931684613227844
C00264,144,10,572,A0A0R0KKK6,3847.A0A0R0KKK6,0.6923632621765137
C00264,144,11,46,A0A0R0EM30,3847.A0A0R0EM30,0.692145586013794
C00264,144,12,1318,I1K9R6,3847.I1K9R6,0.6875295042991638
C00264,144,13,695,A0A0R4J5H8,3847.A0A0R4J5H8,0.6850535273551941
C00264,144,14,846,C6TKA3,3847.C6TKA3,0.6843265891075134
C00264,144,15,694,A0A0R4J5H2,3847.A0A0R4J5H2,0.6777268648147583
C00264,144,16,2277,I1MSY9,3847.I1MSY9,0.6691765785217285
C00264,144,17,736,A0A368UIE7,3847.A0A368UIE7,0.668870747089386
C00264,144,18,1934,I1LW34,3847.I1LW34,0.6653681993484497
C00264,144,19,2879,K7LIJ3,3847.K7LIJ3,0.6641096472740173
C00264,144,20,3037,K7M5A2,3847.K7M5A2,0.6627798676490784
C00267,145,1,842,C6TIM5,3847.C6TIM5,0.7419049143791199
C00267,145,2,681,A0A0R4J4B4,3847.A0A0R4J4B4,0.7350872159004211
C00267,145,3,696,A0A0R4J5K2,3847.A0A0R4J5K2,0.7326710224151611
C00267,145,4,971,I1JCG8,3847.I1JCG8,0.7304111123085022
C00267,145,5,814,C6T8Y4,3847.C6T8Y4,0.7095758318901062
C00267,145,6,3421,Q9SYR0,3847.Q9SYR0,0.6893002986907959
C00267,145,7,1934,I1LW34,3847.I1LW34,0.6564850807189941
C00267,145,8,3037,K7M5A2,3847.K7M5A2,0.6415783166885376
C00267,145,9,2879,K7LIJ3,3847.K7LIJ3,0.6412422060966492
C00267,145,10,2277,I1MSY9,3847.I1MSY9,0.6410474181175232
C00267,145,11,2098,I1MAM5,3847.I1MAM5,0.6408563256263733
C00267,145,12,3174,K7MPN5,3847.K7MPN5,0.6364172101020813
C00267,145,13,686,A0A0R4J4Q1,3847.A0A0R4J4Q1,0.6360109448432922
C00267,145,14,2097,I1MAM4,3847.I1MAM4,0.6350062489509583
C00267,145,15,671,A0A0R4J338,3847.A0A0R4J338,0.6321151256561279
C00267,145,16,1578,I1KVY3,3847.I1KVY3,0.6299068331718445
C00267,145,17,1318,I1K9R6,3847.I1K9R6,0.6277724504470825
C00267,145,18,572,A0A0R0KKK6,3847.A0A0R0KKK6,0.6259024739265442
C00267,145,19,46,A0A0R0EM30,3847.A0A0R0EM30,0.6250260472297668
C00267,145,20,846,C6TKA3,3847.C6TKA3,0.6244653463363647
C00269,146,1,842,C6TIM5,3847.C6TIM5,0.7797222137451172
C00269,146,2,681,A0A0R4J4B4,3847.A0A0R4J4B4,0.776629626750946
C00269,146,3,971,I1JCG8,3847.I1JCG8,0.774804413318634
C00269,146,4,696,A0A0R4J5K2,3847.A0A0R4J5K2,0.7693596482276917
C00269,146,5,814,C6T8Y4,3847.C6T8Y4,0.7478763461112976
C00269,146,6,3421,Q9SYR0,3847.Q9SYR0,0.72987961769104
C00269,146,7,1934,I1LW34,3847.I1LW34,0.7165915369987488
C00269,146,8,2098,I1MAM5,3847.I1MAM5,0.6899268627166748
C00269,146,9,2097,I1MAM4,3847.I1MAM4,0.6857977509498596
C00269,146,10,3174,K7MPN5,3847.K7MPN5,0.6720713973045349
C00269,146,11,3037,K7M5A2,3847.K7M5A2,0.670924961566925
C00269,146,12,671,A0A0R4J338,3847.A0A0R4J338,0.6665568351745605
C00269,146,13,2879,K7LIJ3,3847.K7LIJ3,0.6617306470870972
C00269,146,14,46,A0A0R0EM30,3847.A0A0R0EM30,0.6590631008148193
C00269,146,15,572,A0A0R0KKK6,3847.A0A0R0KKK6,0.6584500074386597
C00269,146,16,1578,I1KVY3,3847.I1KVY3,0.6523784399032593
C00269,146,17,686,A0A0R4J4Q1,3847.A0A0R4J4Q1,0.6521646976470947
C00269,146,18,695,A0A0R4J5H8,3847.A0A0R4J5H8,0.6520581245422363
C00269,146,19,2602,K7KAN4,3847.K7KAN4,0.6516873836517334
C00269,146,20,846,C6TKA3,3847.C6TKA3,0.6507312655448914
C00279,147,1,842,C6TIM5,3847.C6TIM5,0.9204776287078857
C00279,147,2,681,A0A0R4J4B4,3847.A0A0R4J4B4,0.918476939201355
C00279,147,3,971,I1JCG8,3847.I1JCG8,0.917407214641571
C00279,147,4,696,A0A0R4J5K2,3847.A0A0R4J5K2,0.9057050943374634
C00279,147,5,1934,I1LW34,3847.I1LW34,0.8894640207290649
C00279,147,6,3421,Q9SYR0,3847.Q9SYR0,0.881262481212616
C00279,147,7,814,C6T8Y4,3847.C6T8Y4,0.8777787685394287
C00279,147,8,2098,I1MAM5,3847.I1MAM5,0.8525448441505432
C00279,147,9,2097,I1MAM4,3847.I1MAM4,0.8408777117729187
C00279,147,10,3174,K7MPN5,3847.K7MPN5,0.7968966960906982
C00279,147,11,3037,K7M5A2,3847.K7M5A2,0.7888799905776978
C00279,147,12,1721,I1L905,3847.I1L905,0.7581681609153748
C00279,147,13,2879,K7LIJ3,3847.K7LIJ3,0.7535281181335449
C00279,147,14,2602,K7KAN4,3847.K7KAN4,0.7406458258628845
C00279,147,15,2350,I1N0Y1,3847.I1N0Y1,0.7243901491165161
C00279,147,16,2277,I1MSY9,3847.I1MSY9,0.7050085663795471
C00279,147,17,3184,K7MQT5,3847.K7MQT5,0.7012009620666504
C00279,147,18,3365,Q2PMU3,3847.Q2PMU3,0.6970945596694946
C00279,147,19,976,I1JCZ8,3847.I1JCZ8,0.6905856132507324
C00279,147,20,3364,Q2PMU2,3847.Q2PMU2,0.6855519413948059
C00283,148,1,681,A0A0R4J4B4,3847.A0A0R4J4B4,0.8964923620223999
C00283,148,2,842,C6TIM5,3847.C6TIM5,0.8964858055114746
C00283,148,3,971,I1JCG8,3847.I1JCG8,0.8940263390541077
C00283,148,4,696,A0A0R4J5K2,3847.A0A0R4J5K2,0.8801229000091553
C00283,148,5,1934,I1LW34,3847.I1LW34,0.8682147264480591
C00283,148,6,3421,Q9SYR0,3847.Q9SYR0,0.8552277088165283
C00283,148,7,814,C6T8Y4,3847.C6T8Y4,0.849911093711853
C00283,148,8,2098,I1MAM5,3847.I1MAM5,0.8288495540618896
C00283,148,9,2097,I1MAM4,3847.I1MAM4,0.8161831498146057
C00283,148,10,3174,K7MPN5,3847.K7MPN5,0.7731626033782959
C00283,148,11,3037,K7M5A2,3847.K7M5A2,0.7631274461746216
C00283,148,12,1721,I1L905,3847.I1L905,0.7580148577690125
C00283,148,13,2879,K7LIJ3,3847.K7LIJ3,0.7286292314529419
C00283,148,14,2602,K7KAN4,3847.K7KAN4,0.7140522599220276
C00283,148,15,2350,I1N0Y1,3847.I1N0Y1,0.7100593447685242
C00283,148,16,3263,K7N1N7,3847.K7N1N7,0.6946561336517334
C00283,148,17,3365,Q2PMU3,3847.Q2PMU3,0.6858078241348267
C00283,148,18,3184,K7MQT5,3847.K7MQT5,0.681930422782898
C00283,148,19,2277,I1MSY9,3847.I1MSY9,0.6740328073501587
C00283,148,20,3364,Q2PMU2,3847.Q2PMU2,0.6733930706977844
C00288,149,1,842,C6TIM5,3847.C6TIM5,0.8388060331344604
C00288,149,2,681,A0A0R4J4B4,3847.A0A0R4J4B4,0.8380289077758789
C00288,149,3,971,I1JCG8,3847.I1JCG8,0.83525550365448
C00288,149,4,696,A0A0R4J5K2,3847.A0A0R4J5K2,0.8259134292602539
C00288,149,5,814,C6T8Y4,3847.C6T8Y4,0.7975049018859863
C00288,149,6,1934,I1LW34,3847.I1LW34,0.7919691205024719
C00288,149,7,3421,Q9SYR0,3847.Q9SYR0,0.7893790602684021
C00288,149,8,2098,I1MAM5,3847.I1MAM5,0.7581275701522827
C00288,149,9,2097,I1MAM4,3847.I1MAM4,0.7487274408340454
C00288,149,10,3174,K7MPN5,3847.K7MPN5,0.7170025706291199
C00288,149,11,3037,K7M5A2,3847.K7M5A2,0.7136456370353699
C00288,149,12,2879,K7LIJ3,3847.K7LIJ3,0.6914381384849548
C00288,149,13,2602,K7KAN4,3847.K7KAN4,0.6772622466087341
C00288,149,14,1721,I1L905,3847.I1L905,0.6673842072486877
C00288,149,15,2277,I1MSY9,3847.I1MSY9,0.6603186726570129
C00288,149,16,2350,I1N0Y1,3847.I1N0Y1,0.6572997570037842
C00288,149,17,671,A0A0R4J338,3847.A0A0R4J338,0.6532666683197021
C00288,149,18,1514,I1KQX3,3847.I1KQX3,0.6430654525756836
C00288,149,19,695,A0A0R4J5H8,3847.A0A0R4J5H8,0.6421761512756348
C00288,149,20,3184,K7MQT5,3847.K7MQT5,0.6419029831886292
C00299,150,1,1058,I1JK97,3847.I1JK97,0.7985870838165283
C00299,150,2,3412,Q9LKY4,3847.Q9LKY4,0.7882201671600342
C00299,150,3,3259,K7N016,3847.K7N016,0.7876208424568176
C00299,150,4,1887,I1LRK5,3847.I1LRK5,0.7865374088287354
C00299,150,5,2271,I1MS93,3847.I1MS93,0.7853647470474243
C00299,150,6,1470,I1KN33,3847.I1KN33,0.7852011919021606
C00299,150,7,853,C6TNL5,3847.C6TNL5,0.7846499085426331
C00299,150,8,2467,I1NC73,3847.I1NC73,0.7846087217330933
C00299,150,9,278,A0A0R0H2F3,3847.A0A0R0H2F3,0.7843544483184814
C00299,150,10,3258,K7MZR6,3847.K7MZR6,0.784057080745697
C00299,150,11,2061,I1M791,3847.I1M791,0.7839521765708923
C00299,150,12,1408,I1KIC2,3847.I1KIC2,0.7838882803916931
C00299,150,13,2809,K7L8E8,3847.K7L8E8,0.7835577726364136
C00299,150,14,3096,K7MES8,3847.K7MES8,0.7832154631614685
C00299,150,15,1744,I1LBG8,3847.I1LBG8,0.7832081317901611
C00299,150,16,1149,I1JTZ3,3847.I1JTZ3,0.783033549785614
C00299,150,17,1054,I1JJV5,3847.I1JJV5,0.7825800776481628
C00299,150,18,2897,K7LKV4,3847.K7LKV4,0.78251051902771
C00299,150,19,1226,I1K117,3847.I1K117,0.782444417476654
C00299,150,20,733,A0A368UIA4,3847.A0A368UIA4,0.7822158336639404
C00301,151,1,681,A0A0R4J4B4,3847.A0A0R4J4B4,0.6324736475944519
C00301,151,2,842,C6TIM5,3847.C6TIM5,0.6322088241577148
C00301,151,3,696,A0A0R4J5K2,3847.A0A0R4J5K2,0.6277055144309998
C00301,151,4,971,I1JCG8,3847.I1JCG8,0.6258190870285034
C00301,151,5,814,C6T8Y4,3847.C6T8Y4,0.620338499546051
C00301,151,6,3421,Q9SYR0,3847.Q9SYR0,0.6161113977432251
C00301,151,7,1934,I1LW34,3847.I1LW34,0.604698896408081
C00301,151,8,3174,K7MPN5,3847.K7MPN5,0.5961564779281616
C00301,151,9,3037,K7M5A2,3847.K7M5A2,0.5940507650375366
C00301,151,10,2879,K7LIJ3,3847.K7LIJ3,0.5933873057365417
C00301,151,11,2098,I1MAM5,3847.I1MAM5,0.5930551290512085
C00301,151,12,2097,I1MAM4,3847.I1MAM4,0.591214120388031
C00301,151,13,671,A0A0R4J338,3847.A0A0R4J338,0.59060138463974
C00301,151,14,686,A0A0R4J4Q1,3847.A0A0R4J4Q1,0.5854275822639465
C00301,151,15,2602,K7KAN4,3847.K7KAN4,0.5829023122787476
C00301,151,16,572,A0A0R0KKK6,3847.A0A0R0KKK6,0.582396924495697
C00301,151,17,2350,I1N0Y1,3847.I1N0Y1,0.5817252993583679
C00301,151,18,846,C6TKA3,3847.C6TKA3,0.5807931423187256
C00301,151,19,46,A0A0R0EM30,3847.A0A0R0EM30,0.5807715654373169
C00301,151,20,695,A0A0R4J5H8,3847.A0A0R4J5H8,0.578722357749939
C00311,152,1,842,C6TIM5,3847.C6TIM5,0.7785020470619202
C00311,152,2,681,A0A0R4J4B4,3847.A0A0R4J4B4,0.7756887078285217
C00311,152,3,971,I1JCG8,3847.I1JCG8,0.7750685214996338
C00311,152,4,696,A0A0R4J5K2,3847.A0A0R4J5K2,0.7566154599189758
C00311,152,5,1934,I1LW34,3847.I1LW34,0.7524203658103943
C00311,152,6,3421,Q9SYR0,3847.Q9SYR0,0.7372148036956787
C00311,152,7,814,C6T8Y4,3847.C6T8Y4,0.7341947555541992
C00311,152,8,2098,I1MAM5,3847.I1MAM5,0.7117012143135071
C00311,152,9,2097,I1MAM4,3847.I1MAM4,0.6993396282196045
C00311,152,10,3174,K7MPN5,3847.K7MPN5,0.6745781898498535
C00311,152,11,1721,I1L905,3847.I1L905,0.6685521602630615
C00311,152,12,3037,K7M5A2,3847.K7M5A2,0.6648730635643005
C00311,152,13,2350,I1N0Y1,3847.I1N0Y1,0.6406391859054565
C00311,152,14,2879,K7LIJ3,3847.K7LIJ3,0.6378762125968933
C00311,152,15,2602,K7KAN4,3847.K7KAN4,0.6314233541488647
C00311,152,16,3263,K7N1N7,3847.K7N1N7,0.6215623617172241
C00311,152,17,3365,Q2PMU3,3847.Q2PMU3,0.6184175610542297
C00311,152,18,3184,K7MQT5,3847.K7MQT5,0.6120695471763611
C00311,152,19,2277,I1MSY9,3847.I1MSY9,0.6094756126403809
C00311,152,20,1604,I1KY39,3847.I1KY39,0.6082198023796082
C00314,153,1,1058,I1JK97,3847.I1JK97,0.6366631388664246
C00314,153,2,2467,I1NC73,3847.I1NC73,0.6347846984863281
C00314,153,3,1887,I1LRK5,3847.I1LRK5,0.6263899207115173
C00314,153,4,1149,I1JTZ3,3847.I1JTZ3,0.6257982850074768
C00314,153,5,3258,K7MZR6,3847.K7MZR6,0.6244385838508606
C00314,153,6,2061,I1M791,3847.I1M791,0.6240748167037964
C00314,153,7,3259,K7N016,3847.K7N016,0.6237924695014954
C00314,153,8,2318,I1MWD6,3847.I1MWD6,0.6236370801925659
C00314,153,9,1470,I1KN33,3847.I1KN33,0.6234304904937744
C00314,153,10,1054,I1JJV5,3847.I1JJV5,0.6231605410575867
C00314,153,11,853,C6TNL5,3847.C6TNL5,0.6226246953010559
C00314,153,12,3412,Q9LKY4,3847.Q9LKY4,0.6220932006835938
C00314,153,13,2809,K7L8E8,3847.K7L8E8,0.6219692230224609
C00314,153,14,1744,I1LBG8,3847.I1LBG8,0.621927797794342
C00314,153,15,2886,K7LJR3,3847.K7LJR3,0.6219028830528259
C00314,153,16,1087,I1JNF9,3847.I1JNF9,0.6214790940284729
C00314,153,17,733,A0A368UIA4,3847.A0A368UIA4,0.6213582754135132
C00314,153,18,1408,I1KIC2,3847.I1KIC2,0.6212973594665527
C00314,153,19,2147,I1MF71,3847.I1MF71,0.6212234497070312
C00314,153,20,2156,I1MFV2,3847.I1MFV2,0.6212162971496582
C00315,154,1,842,C6TIM5,3847.C6TIM5,0.8205114603042603
C00315,154,2,971,I1JCG8,3847.I1JCG8,0.818956732749939
C00315,154,3,681,A0A0R4J4B4,3847.A0A0R4J4B4,0.8187860250473022
C00315,154,4,696,A0A0R4J5K2,3847.A0A0R4J5K2,0.8056040406227112
C00315,154,5,814,C6T8Y4,3847.C6T8Y4,0.7796072363853455
C00315,154,6,3421,Q9SYR0,3847.Q9SYR0,0.7777467370033264
C00315,154,7,1934,I1LW34,3847.I1LW34,0.769831120967865
C00315,154,8,2098,I1MAM5,3847.I1MAM5,0.7358075380325317
C00315,154,9,2097,I1MAM4,3847.I1MAM4,0.7289601564407349
C00315,154,10,3174,K7MPN5,3847.K7MPN5,0.7065895199775696
C00315,154,11,3037,K7M5A2,3847.K7M5A2,0.7037949562072754
C00315,154,12,2879,K7LIJ3,3847.K7LIJ3,0.6848880648612976
C00315,154,13,2602,K7KAN4,3847.K7KAN4,0.6706185340881348
C00315,154,14,671,A0A0R4J338,3847.A0A0R4J338,0.6609036326408386
C00315,154,15,2277,I1MSY9,3847.I1MSY9,0.655531644821167
C00315,154,16,2350,I1N0Y1,3847.I1N0Y1,0.6524068713188171
C00315,154,17,46,A0A0R0EM30,3847.A0A0R0EM30,0.6441782712936401
C00315,154,18,695,A0A0R4J5H8,3847.A0A0R4J5H8,0.6437957882881165
C00315,154,19,1578,I1KVY3,3847.I1KVY3,0.6426752209663391
C00315,154,20,572,A0A0R0KKK6,3847.A0A0R0KKK6,0.6414541006088257
C00319,155,1,1058,I1JK97,3847.I1JK97,0.681498646736145
C00319,155,2,2467,I1NC73,3847.I1NC73,0.673801839351654
C00319,155,3,2061,I1M791,3847.I1M791,0.6724523901939392
C00319,155,4,3258,K7MZR6,3847.K7MZR6,0.671602725982666
C00319,155,5,2318,I1MWD6,3847.I1MWD6,0.6713864207267761
C00319,155,6,1887,I1LRK5,3847.I1LRK5,0.6712050437927246
C00319,155,7,853,C6TNL5,3847.C6TNL5,0.6711228489875793
C00319,155,8,3259,K7N016,3847.K7N016,0.6699289679527283
C00319,155,9,1470,I1KN33,3847.I1KN33,0.669700562953949
C00319,155,10,2809,K7L8E8,3847.K7L8E8,0.6694753766059875
C00319,155,11,1408,I1KIC2,3847.I1KIC2,0.6694356799125671
C00319,155,12,1054,I1JJV5,3847.I1JJV5,0.6688793301582336
C00319,155,13,2886,K7LJR3,3847.K7LJR3,0.6685050129890442
C00319,155,14,2271,I1MS93,3847.I1MS93,0.6681212186813354
C00319,155,15,2905,K7LMI9,3847.K7LMI9,0.6681020855903625
C00319,155,16,733,A0A368UIA4,3847.A0A368UIA4,0.6680862307548523
C00319,155,17,3412,Q9LKY4,3847.Q9LKY4,0.6679517030715942
C00319,155,18,2027,I1M3S3,3847.I1M3S3,0.6678717136383057
C00319,155,19,3096,K7MES8,3847.K7MES8,0.6675121784210205
C00319,155,20,1149,I1JTZ3,3847.I1JTZ3,0.6675061583518982
C00323,156,1,842,C6TIM5,3847.C6TIM5,0.7045965790748596
C00323,156,2,696,A0A0R4J5K2,3847.A0A0R4J5K2,0.6983282566070557
C00323,156,3,971,I1JCG8,3847.I1JCG8,0.6957908272743225
C00323,156,4,681,A0A0R4J4B4,3847.A0A0R4J4B4,0.6951594948768616
C00323,156,5,814,C6T8Y4,3847.C6T8Y4,0.684090256690979
C00323,156,6,3421,Q9SYR0,3847.Q9SYR0,0.6582575440406799
C00323,156,7,671,A0A0R4J338,3847.A0A0R4J338,0.6482142210006714
C00323,156,8,686,A0A0R4J4Q1,3847.A0A0R4J4Q1,0.6470474600791931
C00323,156,9,1578,I1KVY3,3847.I1KVY3,0.6430407166481018
C00323,156,10,46,A0A0R0EM30,3847.A0A0R0EM30,0.6409279108047485
C00323,156,11,1318,I1K9R6,3847.I1K9R6,0.6406476497650146
C00323,156,12,695,A0A0R4J5H8,3847.A0A0R4J5H8,0.6392898559570312
C00323,156,13,846,C6TKA3,3847.C6TKA3,0.6380329728126526
C00323,156,14,572,A0A0R0KKK6,3847.A0A0R0KKK6,0.6378576755523682
C00323,156,15,694,A0A0R4J5H2,3847.A0A0R4J5H2,0.6348680257797241
C00323,156,16,1934,I1LW34,3847.I1LW34,0.6287902593612671
C00323,156,17,2277,I1MSY9,3847.I1MSY9,0.6263476014137268
C00323,156,18,2879,K7LIJ3,3847.K7LIJ3,0.6262302398681641
C00323,156,19,736,A0A368UIE7,3847.A0A368UIE7,0.6259861588478088
C00323,156,20,3037,K7M5A2,3847.K7M5A2,0.6240082383155823
C00327,157,1,842,C6TIM5,3847.C6TIM5,0.9486591815948486
C00327,157,2,971,I1JCG8,3847.I1JCG8,0.9466164112091064
C00327,157,3,681,A0A0R4J4B4,3847.A0A0R4J4B4,0.946333646774292
C00327,157,4,696,A0A0R4J5K2,3847.A0A0R4J5K2,0.9349757432937622
C00327,157,5,1934,I1LW34,3847.I1LW34,0.9202145934104919
C00327,157,6,3421,Q9SYR0,3847.Q9SYR0,0.9120126962661743
C00327,157,7,814,C6T8Y4,3847.C6T8Y4,0.9076249003410339
C00327,157,8,2098,I1MAM5,3847.I1MAM5,0.8873498439788818
C00327,157,9,2097,I1MAM4,3847.I1MAM4,0.8727798461914062
C00327,157,10,3174,K7MPN5,3847.K7MPN5,0.8229683041572571
C00327,157,11,3037,K7M5A2,3847.K7M5A2,0.8154117465019226
C00327,157,12,1721,I1L905,3847.I1L905,0.7793197631835938
C00327,157,13,2879,K7LIJ3,3847.K7LIJ3,0.7748134732246399
C00327,157,14,2602,K7KAN4,3847.K7KAN4,0.7542193531990051
C00327,157,15,2350,I1N0Y1,3847.I1N0Y1,0.738342821598053
C00327,157,16,2277,I1MSY9,3847.I1MSY9,0.7183756828308105
C00327,157,17,3184,K7MQT5,3847.K7MQT5,0.7054813504219055
C00327,157,18,3365,Q2PMU3,3847.Q2PMU3,0.7013422250747681
C00327,157,19,976,I1JCZ8,3847.I1JCZ8,0.6920023560523987
C00327,157,20,3364,Q2PMU2,3847.Q2PMU2,0.6893962025642395
C00332,158,1,842,C6TIM5,3847.C6TIM5,0.849611759185791
C00332,158,2,681,A0A0R4J4B4,3847.A0A0R4J4B4,0.8436939716339111
C00332,158,3,971,I1JCG8,3847.I1JCG8,0.8411199450492859
C00332,158,4,696,A0A0R4J5K2,3847.A0A0R4J5K2,0.8366965055465698
C00332,158,5,814,C6T8Y4,3847.C6T8Y4,0.8163923621177673
C00332,158,6,3421,Q9SYR0,3847.Q9SYR0,0.799055278301239
C00332,158,7,1934,I1LW34,3847.I1LW34,0.7725993990898132
C00332,158,8,2098,I1MAM5,3847.I1MAM5,0.7423253655433655
C00332,158,9,2097,I1MAM4,3847.I1MAM4,0.7374298572540283
C00332,158,10,3037,K7M5A2,3847.K7M5A2,0.7261472940444946
C00332,158,11,3174,K7MPN5,3847.K7MPN5,0.7233790159225464
C00332,158,12,671,A0A0R4J338,3847.A0A0R4J338,0.7179717421531677
C00332,158,13,2879,K7LIJ3,3847.K7LIJ3,0.7143756151199341
C00332,158,14,46,A0A0R0EM30,3847.A0A0R0EM30,0.709165632724762
C00332,158,15,695,A0A0R4J5H8,3847.A0A0R4J5H8,0.7049935460090637
C00332,158,16,686,A0A0R4J4Q1,3847.A0A0R4J4Q1,0.7043960690498352
C00332,158,17,1578,I1KVY3,3847.I1KVY3,0.7037892937660217
C00332,158,18,572,A0A0R0KKK6,3847.A0A0R0KKK6,0.7036374807357788
C00332,158,19,1318,I1K9R6,3847.I1K9R6,0.7007763981819153
C00332,158,20,2277,I1MSY9,3847.I1MSY9,0.7006543278694153
C00342,159,1,681,A0A0R4J4B4,3847.A0A0R4J4B4,0.9167177081108093
C00342,159,2,842,C6TIM5,3847.C6TIM5,0.916588306427002
C00342,159,3,971,I1JCG8,3847.I1JCG8,0.914929986000061
C00342,159,4,696,A0A0R4J5K2,3847.A0A0R4J5K2,0.9021536707878113
C00342,159,5,1934,I1LW34,3847.I1LW34,0.8906552791595459
C00342,159,6,3421,Q9SYR0,3847.Q9SYR0,0.8776611685752869
C00342,159,7,814,C6T8Y4,3847.C6T8Y4,0.8718124032020569
C00342,159,8,2098,I1MAM5,3847.I1MAM5,0.8543155193328857
C00342,159,9,2097,I1MAM4,3847.I1MAM4,0.8415208458900452
C00342,159,10,3174,K7MPN5,3847.K7MPN5,0.7946087718009949
C00342,159,11,3037,K7M5A2,3847.K7M5A2,0.7858673334121704
C00342,159,12,1721,I1L905,3847.I1L905,0.781067967414856
C00342,159,13,2879,K7LIJ3,3847.K7LIJ3,0.7457489967346191
C00342,159,14,2602,K7KAN4,3847.K7KAN4,0.7313552498817444
C00342,159,15,2350,I1N0Y1,3847.I1N0Y1,0.7270055413246155
C00342,159,16,3263,K7N1N7,3847.K7N1N7,0.7128716111183167
C00342,159,17,3365,Q2PMU3,3847.Q2PMU3,0.702026903629303
C00342,159,18,3184,K7MQT5,3847.K7MQT5,0.6947944164276123
C00342,159,19,3364,Q2PMU2,3847.Q2PMU2,0.6911621689796448
C00342,159,20,2277,I1MSY9,3847.I1MSY9,0.6875067353248596
C00343,160,1,681,A0A0R4J4B4,3847.A0A0R4J4B4,0.8956278562545776
C00343,160,2,842,C6TIM5,3847.C6TIM5,0.8942047357559204
C00343,160,3,971,I1JCG8,3847.I1JCG8,0.8935180306434631
C00343,160,4,696,A0A0R4J5K2,3847.A0A0R4J5K2,0.8781479001045227
C00343,160,5,1934,I1LW34,3847.I1LW34,0.8731144070625305
C00343,160,6,3421,Q9SYR0,3847.Q9SYR0,0.8543898463249207
C00343,160,7,814,C6T8Y4,3847.C6T8Y4,0.8472074270248413
C00343,160,8,2098,I1MAM5,3847.I1MAM5,0.83306485414505
C00343,160,9,2097,I1MAM4,3847.I1MAM4,0.8196449875831604
C00343,160,10,1721,I1L905,3847.I1L905,0.7830837965011597
C00343,160,11,3174,K7MPN5,3847.K7MPN5,0.7734315395355225
C00343,160,12,3037,K7M5A2,3847.K7M5A2,0.7641745805740356
C00343,160,13,3263,K7N1N7,3847.K7N1N7,0.7326488494873047
C00343,160,14,2879,K7LIJ3,3847.K7LIJ3,0.7264634966850281
C00343,160,15,2350,I1N0Y1,3847.I1N0Y1,0.7180786728858948
C00343,160,16,2602,K7KAN4,3847.K7KAN4,0.7124261260032654
C00343,160,17,3365,Q2PMU3,3847.Q2PMU3,0.6989316344261169
C00343,160,18,3184,K7MQT5,3847.K7MQT5,0.687679648399353
C00343,160,19,3364,Q2PMU2,3847.Q2PMU2,0.687113344669342
C00343,160,20,3346,Q2PMN3,3847.Q2PMN3,0.6758812069892883
C00345,161,1,2467,I1NC73,3847.I1NC73,0.6640552878379822
C00345,161,2,1058,I1JK97,3847.I1JK97,0.6627019047737122
C00345,161,3,3412,Q9LKY4,3847.Q9LKY4,0.6557872891426086
C00345,161,4,2558,K7K3L1,3847.K7K3L1,0.6556827425956726
C00345,161,5,1918,I1LV29,3847.I1LV29,0.6555271744728088
C00345,161,6,1054,I1JJV5,3847.I1JJV5,0.6542648673057556
C00345,161,7,3258,K7MZR6,3847.K7MZR6,0.653985321521759
C00345,161,8,1887,I1LRK5,3847.I1LRK5,0.6538158655166626
C00345,161,9,1408,I1KIC2,3847.I1KIC2,0.6523740291595459
C00345,161,10,2195,I1MJK2,3847.I1MJK2,0.6521630883216858
C00345,161,11,2027,I1M3S3,3847.I1M3S3,0.6521414518356323
C00345,161,12,2061,I1M791,3847.I1M791,0.6520987153053284
C00345,161,13,3259,K7N016,3847.K7N016,0.6519926190376282
C00345,161,14,1087,I1JNF9,3847.I1JNF9,0.6519321799278259
C00345,161,15,1149,I1JTZ3,3847.I1JTZ3,0.651509165763855
C00345,161,16,2905,K7LMI9,3847.K7LMI9,0.6513451933860779
C00345,161,17,3096,K7MES8,3847.K7MES8,0.6512075066566467
C00345,161,18,2485,I1NE25,3847.I1NE25,0.6511804461479187
C00345,161,19,2798,K7L6T7,3847.K7L6T7,0.6509985327720642
C00345,161,20,2318,I1MWD6,3847.I1MWD6,0.6509648561477661
C00346,162,1,1058,I1JK97,3847.I1JK97,0.709908664226532
C00346,162,2,2467,I1NC73,3847.I1NC73,0.7026836276054382
C00346,162,3,853,C6TNL5,3847.C6TNL5,0.7007502317428589
C00346,162,4,3258,K7MZR6,3847.K7MZR6,0.7001601457595825
C00346,162,5,1887,I1LRK5,3847.I1LRK5,0.6990623474121094
C00346,162,6,2318,I1MWD6,3847.I1MWD6,0.6985656023025513
C00346,162,7,2809,K7L8E8,3847.K7L8E8,0.6985586285591125
C00346,162,8,1408,I1KIC2,3847.I1KIC2,0.6985304951667786
C00346,162,9,2061,I1M791,3847.I1M791,0.6977619528770447
C00346,162,10,1054,I1JJV5,3847.I1JJV5,0.6977263689041138
C00346,162,11,1470,I1KN33,3847.I1KN33,0.6973710060119629
C00346,162,12,1149,I1JTZ3,3847.I1JTZ3,0.6972144246101379
C00346,162,13,2905,K7LMI9,3847.K7LMI9,0.6968880295753479
C00346,162,14,2271,I1MS93,3847.I1MS93,0.6968750357627869
C00346,162,15,733,A0A368UIA4,3847.A0A368UIA4,0.6965585350990295
C00346,162,16,3259,K7N016,3847.K7N016,0.6964018940925598
C00346,162,17,3096,K7MES8,3847.K7MES8,0.6963216662406921
C00346,162,18,2886,K7LJR3,3847.K7LJR3,0.696005642414093
C00346,162,19,3412,Q9LKY4,3847.Q9LKY4,0.6959325671195984
C00346,162,20,1744,I1LBG8,3847.I1LBG8,0.6954188942909241
C00350,163,1,842,C6TIM5,3847.C6TIM5,0.6301653385162354
C00350,163,2,971,I1JCG8,3847.I1JCG8,0.6273365616798401
C00350,163,3,696,A0A0R4J5K2,3847.A0A0R4J5K2,0.626531720161438
C00350,163,4,681,A0A0R4J4B4,3847.A0A0R4J4B4,0.6252965927124023
C00350,163,5,814,C6T8Y4,3847.C6T8Y4,0.6206983327865601
C00350,163,6,671,A0A0R4J338,3847.A0A0R4J338,0.6117274165153503
C00350,163,7,3421,Q9SYR0,3847.Q9SYR0,0.6085648536682129
C00350,163,8,686,A0A0R4J4Q1,3847.A0A0R4J4Q1,0.6066808104515076
C00350,163,9,695,A0A0R4J5H8,3847.A0A0R4J5H8,0.6055994033813477
C00350,163,10,1578,I1KVY3,3847.I1KVY3,0.6046536564826965
C00350,163,11,1318,I1K9R6,3847.I1K9R6,0.6040529608726501
C00350,163,12,694,A0A0R4J5H2,3847.A0A0R4J5H2,0.6037728786468506
C00350,163,13,572,A0A0R0KKK6,3847.A0A0R0KKK6,0.6035010814666748
C00350,163,14,846,C6TKA3,3847.C6TKA3,0.603373646736145
C00350,163,15,46,A0A0R0EM30,3847.A0A0R0EM30,0.603066086769104
C00350,163,16,2277,I1MSY9,3847.I1MSY9,0.5948328971862793
C00350,163,17,736,A0A368UIE7,3847.A0A368UIE7,0.5947717428207397
C00350,163,18,3347,Q2PMN4,3847.Q2PMN4,0.5924791097640991
C00350,163,19,1934,I1LW34,3847.I1LW34,0.591672956943512
C00350,163,20,3351,Q2PMN8,3847.Q2PMN8,0.5896139740943909
C00353,164,1,842,C6TIM5,3847.C6TIM5,0.922247052192688
C00353,164,2,681,A0A0R4J4B4,3847.A0A0R4J4B4,0.9220302104949951
C00353,164,3,971,I1JCG8,3847.I1JCG8,0.9202386140823364
C00353,164,4,696,A0A0R4J5K2,3847.A0A0R4J5K2,0.906639814376831
C00353,164,5,1934,I1LW34,3847.I1LW34,0.8946715593338013
C00353,164,6,3421,Q9SYR0,3847.Q9SYR0,0.8829131126403809
C00353,164,7,814,C6T8Y4,3847.C6T8Y4,0.8770931363105774
C00353,164,8,2098,I1MAM5,3847.I1MAM5,0.8588506579399109
C00353,164,9,2097,I1MAM4,3847.I1MAM4,0.8445780277252197
C00353,164,10,3174,K7MPN5,3847.K7MPN5,0.7931705117225647
C00353,164,11,3037,K7M5A2,3847.K7M5A2,0.7833520174026489
C00353,164,12,1721,I1L905,3847.I1L905,0.7712002396583557
C00353,164,13,2879,K7LIJ3,3847.K7LIJ3,0.7463986277580261
C00353,164,14,2602,K7KAN4,3847.K7KAN4,0.729217529296875
C00353,164,15,2350,I1N0Y1,3847.I1N0Y1,0.7222622632980347
C00353,164,16,3365,Q2PMU3,3847.Q2PMU3,0.6953542828559875
C00353,164,17,3263,K7N1N7,3847.K7N1N7,0.6892760992050171
C00353,164,18,3184,K7MQT5,3847.K7MQT5,0.6870903372764587
C00353,164,19,2277,I1MSY9,3847.I1MSY9,0.6866515874862671
C00353,164,20,3364,Q2PMU2,3847.Q2PMU2,0.6813803911209106
C00354,165,1,1058,I1JK97,3847.I1JK97,0.6898550987243652
C00354,165,2,1470,I1KN33,3847.I1KN33,0.6773228645324707
C00354,165,3,2467,I1NC73,3847.I1NC73,0.676006019115448
C00354,165,4,1408,I1KIC2,3847.I1KIC2,0.6759434342384338
C00354,165,5,2061,I1M791,3847.I1M791,0.6755514740943909
C00354,165,6,3258,K7MZR6,3847.K7MZR6,0.6754170656204224
C00354,165,7,1887,I1LRK5,3847.I1LRK5,0.6753911972045898
C00354,165,8,1744,I1LBG8,3847.I1LBG8,0.6749458312988281
C00354,165,9,2809,K7L8E8,3847.K7L8E8,0.6736327409744263
C00354,165,10,1087,I1JNF9,3847.I1JNF9,0.6733524799346924
C00354,165,11,2064,I1M7D3,3847.I1M7D3,0.672951877117157
C00354,165,12,3259,K7N016,3847.K7N016,0.6728913187980652
C00354,165,13,3412,Q9LKY4,3847.Q9LKY4,0.6726157069206238
C00354,165,14,2271,I1MS93,3847.I1MS93,0.6724752187728882
C00354,165,15,2897,K7LKV4,3847.K7LKV4,0.6723147034645081
C00354,165,16,733,A0A368UIA4,3847.A0A368UIA4,0.6722352504730225
C00354,165,17,853,C6TNL5,3847.C6TNL5,0.6721915006637573
C00354,165,18,3096,K7MES8,3847.K7MES8,0.6715361475944519
C00354,165,19,1149,I1JTZ3,3847.I1JTZ3,0.6715249419212341
C00354,165,20,2798,K7L6T7,3847.K7L6T7,0.6709498167037964
C00356,166,1,681,A0A0R4J4B4,3847.A0A0R4J4B4,0.9160840511322021
C00356,166,2,842,C6TIM5,3847.C6TIM5,0.9157679080963135
C00356,166,3,971,I1JCG8,3847.I1JCG8,0.9144527316093445
C00356,166,4,696,A0A0R4J5K2,3847.A0A0R4J5K2,0.9006811380386353
C00356,166,5,1934,I1LW34,3847.I1LW34,0.8928381204605103
C00356,166,6,3421,Q9SYR0,3847.Q9SYR0,0.8771196007728577
C00356,166,7,814,C6T8Y4,3847.C6T8Y4,0.8686382174491882
C00356,166,8,2098,I1MAM5,3847.I1MAM5,0.8556499481201172
C00356,166,9,2097,I1MAM4,3847.I1MAM4,0.8411285877227783
C00356,166,10,3174,K7MPN5,3847.K7MPN5,0.793960452079773
C00356,166,11,1721,I1L905,3847.I1L905,0.7865262031555176
C00356,166,12,3037,K7M5A2,3847.K7M5A2,0.7845522165298462
C00356,166,13,2879,K7LIJ3,3847.K7LIJ3,0.7417166233062744
C00356,166,14,2602,K7KAN4,3847.K7KAN4,0.7267817854881287
C00356,166,15,2350,I1N0Y1,3847.I1N0Y1,0.725309431552887
C00356,166,16,3263,K7N1N7,3847.K7N1N7,0.7188236117362976
C00356,166,17,3365,Q2PMU3,3847.Q2PMU3,0.7003669142723083
C00356,166,18,3184,K7MQT5,3847.K7MQT5,0.6895285844802856
C00356,166,19,3364,Q2PMU2,3847.Q2PMU2,0.6883454322814941
C00356,166,20,2277,I1MSY9,3847.I1MSY9,0.6768147349357605
C00364,167,1,1058,I1JK97,3847.I1JK97,0.7784596681594849
C00364,167,2,1887,I1LRK5,3847.I1LRK5,0.7705599665641785
C00364,167,3,1408,I1KIC2,3847.I1KIC2,0.7685618996620178
C00364,167,4,3258,K7MZR6,3847.K7MZR6,0.7664483785629272
C00364,167,5,3259,K7N016,3847.K7N016,0.7662907242774963
C00364,167,6,2467,I1NC73,3847.I1NC73,0.7662745714187622
C00364,167,7,853,C6TNL5,3847.C6TNL5,0.7656901478767395
C00364,167,8,3412,Q9LKY4,3847.Q9LKY4,0.7654833197593689
C00364,167,9,1149,I1JTZ3,3847.I1JTZ3,0.7648788094520569
C00364,167,10,1744,I1LBG8,3847.I1LBG8,0.7638965249061584
C00364,167,11,2897,K7LKV4,3847.K7LKV4,0.7632849216461182
C00364,167,12,2967,K7LVT0,3847.K7LVT0,0.7626935243606567
C00364,167,13,1470,I1KN33,3847.I1KN33,0.7626516819000244
C00364,167,14,2061,I1M791,3847.I1M791,0.7626159191131592
C00364,167,15,3096,K7MES8,3847.K7MES8,0.7624385356903076
C00364,167,16,1431,I1KJX1,3847.I1KJX1,0.7623694539070129
C00364,167,17,886,D3G9M7,3847.D3G9M7,0.7622156143188477
C00364,167,18,2318,I1MWD6,3847.I1MWD6,0.762119472026825
C00364,167,19,1357,I1KCA7,3847.I1KCA7,0.7621184587478638
C00364,167,20,2064,I1M7D3,3847.I1M7D3,0.7618903517723083
C00365,168,1,1058,I1JK97,3847.I1JK97,0.7375047206878662
C00365,168,2,1887,I1LRK5,3847.I1LRK5,0.7258642911911011
C00365,168,3,1408,I1KIC2,3847.I1KIC2,0.7254601120948792
C00365,168,4,2467,I1NC73,3847.I1NC73,0.7253749966621399
C00365,168,5,1470,I1KN33,3847.I1KN33,0.724807858467102
C00365,168,6,3258,K7MZR6,3847.K7MZR6,0.7248063087463379
C00365,168,7,3096,K7MES8,3847.K7MES8,0.7245779037475586
C00365,168,8,2061,I1M791,3847.I1M791,0.7245267033576965
C00365,168,9,2318,I1MWD6,3847.I1MWD6,0.7241281867027283
C00365,168,10,2809,K7L8E8,3847.K7L8E8,0.7240962386131287
C00365,168,11,3259,K7N016,3847.K7N016,0.7238397598266602
C00365,168,12,853,C6TNL5,3847.C6TNL5,0.723678469657898
C00365,168,13,2905,K7LMI9,3847.K7LMI9,0.7233293652534485
C00365,168,14,2271,I1MS93,3847.I1MS93,0.7228145599365234
C00365,168,15,2027,I1M3S3,3847.I1M3S3,0.7221781611442566
C00365,168,16,3412,Q9LKY4,3847.Q9LKY4,0.7221102118492126
C00365,168,17,733,A0A368UIA4,3847.A0A368UIA4,0.7218616008758545
C00365,168,18,1744,I1LBG8,3847.I1LBG8,0.7216354012489319
C00365,168,19,1087,I1JNF9,3847.I1JNF9,0.721413791179657
C00365,168,20,1149,I1JTZ3,3847.I1JTZ3,0.7210537195205688
C00369,169,1,1058,I1JK97,3847.I1JK97,0.6772221922874451
C00369,169,2,2467,I1NC73,3847.I1NC73,0.6664252877235413
C00369,169,3,3258,K7MZR6,3847.K7MZR6,0.6619277000427246
C00369,169,4,853,C6TNL5,3847.C6TNL5,0.6604064702987671
C00369,169,5,1887,I1LRK5,3847.I1LRK5,0.6601936221122742
C00369,169,6,3412,Q9LKY4,3847.Q9LKY4,0.6601044535636902
C00369,169,7,3259,K7N016,3847.K7N016,0.659155011177063
C00369,169,8,1470,I1KN33,3847.I1KN33,0.6587967276573181
C00369,169,9,2809,K7L8E8,3847.K7L8E8,0.6584334373474121
C00369,169,10,2271,I1MS93,3847.I1MS93,0.6583678722381592
C00369,169,11,1408,I1KIC2,3847.I1KIC2,0.6583617925643921
C00369,169,12,2905,K7LMI9,3847.K7LMI9,0.6578630805015564
C00369,169,13,1149,I1JTZ3,3847.I1JTZ3,0.6573694348335266
C00369,169,14,1087,I1JNF9,3847.I1JNF9,0.6567193269729614
C00369,169,15,1744,I1LBG8,3847.I1LBG8,0.6566064953804016
C00369,169,16,2558,K7K3L1,3847.K7K3L1,0.6563560962677002
C00369,169,17,2147,I1MF71,3847.I1MF71,0.6563467383384705
C00369,169,18,2061,I1M791,3847.I1M791,0.656222403049469
C00369,169,19,2027,I1M3S3,3847.I1M3S3,0.6561868786811829
C00369,169,20,733,A0A368UIA4,3847.A0A368UIA4,0.6558884978294373
C00378,170,1,842,C6TIM5,3847.C6TIM5,0.7739265561103821
C00378,170,2,971,I1JCG8,3847.I1JCG8,0.763481616973877
C00378,170,3,681,A0A0R4J4B4,3847.A0A0R4J4B4,0.7619966268539429
C00378,170,4,696,A0A0R4J5K2,3847.A0A0R4J5K2,0.7613601684570312
C00378,170,5,814,C6T8Y4,3847.C6T8Y4,0.7359393835067749
C00378,170,6,3421,Q9SYR0,3847.Q9SYR0,0.7125713229179382
C00378,170,7,1934,I1LW34,3847.I1LW34,0.6792305111885071
C00378,170,8,2098,I1MAM5,3847.I1MAM5,0.6618614196777344
C00378,170,9,2097,I1MAM4,3847.I1MAM4,0.6585724949836731
C00378,170,10,671,A0A0R4J338,3847.A0A0R4J338,0.6528225541114807
C00378,170,11,3037,K7M5A2,3847.K7M5A2,0.6510881781578064
C00378,170,12,686,A0A0R4J4Q1,3847.A0A0R4J4Q1,0.6492657661437988
C00378,170,13,3174,K7MPN5,3847.K7MPN5,0.6488089561462402
C00378,170,14,2277,I1MSY9,3847.I1MSY9,0.64766925573349
C00378,170,15,2879,K7LIJ3,3847.K7LIJ3,0.6458666920661926
C00378,170,16,1578,I1KVY3,3847.I1KVY3,0.6450565457344055
C00378,170,17,695,A0A0R4J5H8,3847.A0A0R4J5H8,0.6428921222686768
C00378,170,18,1318,I1K9R6,3847.I1K9R6,0.6428912281990051
C00378,170,19,46,A0A0R0EM30,3847.A0A0R0EM30,0.6421034932136536
C00378,170,20,846,C6TKA3,3847.C6TKA3,0.63773113489151
C00389,171,1,681,A0A0R4J4B4,3847.A0A0R4J4B4,0.9670540690422058
C00389,171,2,971,I1JCG8,3847.I1JCG8,0.9655192494392395
C00389,171,3,842,C6TIM5,3847.C6TIM5,0.9651458859443665
C00389,171,4,1934,I1LW34,3847.I1LW34,0.9611795544624329
C00389,171,5,696,A0A0R4J5K2,3847.A0A0R4J5K2,0.9538054466247559
C00389,171,6,3421,Q9SYR0,3847.Q9SYR0,0.9414148926734924
C00389,171,7,2098,I1MAM5,3847.I1MAM5,0.9343502521514893
C00389,171,8,814,C6T8Y4,3847.C6T8Y4,0.9285069108009338
C00389,171,9,2097,I1MAM4,3847.I1MAM4,0.9206185340881348
C00389,171,10,1721,I1L905,3847.I1L905,0.9072071313858032
C00389,171,11,3174,K7MPN5,3847.K7MPN5,0.8654078841209412
C00389,171,12,3263,K7N1N7,3847.K7N1N7,0.8590196967124939
C00389,171,13,3037,K7M5A2,3847.K7M5A2,0.8509998917579651
C00389,171,14,2350,I1N0Y1,3847.I1N0Y1,0.8028201460838318
C00389,171,15,2879,K7LIJ3,3847.K7LIJ3,0.7907084226608276
C00389,171,16,3365,Q2PMU3,3847.Q2PMU3,0.7898449301719666
C00389,171,17,547,A0A0R0KCM6,3847.A0A0R0KCM6,0.7783660292625427
C00389,171,18,2602,K7KAN4,3847.K7KAN4,0.7765983939170837
C00389,171,19,3364,Q2PMU2,3847.Q2PMU2,0.7710185050964355
C00389,171,20,3184,K7MQT5,3847.K7MQT5,0.751344621181488
C00390,172,1,842,C6TIM5,3847.C6TIM5,0.8752777576446533
C00390,172,2,681,A0A0R4J4B4,3847.A0A0R4J4B4,0.8720561265945435
C00390,172,3,971,I1JCG8,3847.I1JCG8,0.8710127472877502
C00390,172,4,696,A0A0R4J5K2,3847.A0A0R4J5K2,0.8615138530731201
C00390,172,5,814,C6T8Y4,3847.C6T8Y4,0.8321918845176697
C00390,172,6,3421,Q9SYR0,3847.Q9SYR0,0.8208950161933899
C00390,172,7,1934,I1LW34,3847.I1LW34,0.8145990967750549
C00390,172,8,2098,I1MAM5,3847.I1MAM5,0.7824257612228394
C00390,172,9,2097,I1MAM4,3847.I1MAM4,0.7729076743125916
C00390,172,10,3174,K7MPN5,3847.K7MPN5,0.7384762167930603
C00390,172,11,3037,K7M5A2,3847.K7M5A2,0.7366700768470764
C00390,172,12,2879,K7LIJ3,3847.K7LIJ3,0.7147919535636902
C00390,172,13,2602,K7KAN4,3847.K7KAN4,0.7000718116760254
C00390,172,14,2277,I1MSY9,3847.I1MSY9,0.6887779831886292
C00390,172,15,671,A0A0R4J338,3847.A0A0R4J338,0.6818958520889282
C00390,172,16,695,A0A0R4J5H8,3847.A0A0R4J5H8,0.6698629260063171
C00390,172,17,46,A0A0R0EM30,3847.A0A0R0EM30,0.6676437854766846
C00390,172,18,1578,I1KVY3,3847.I1KVY3,0.6674228310585022
C00390,172,19,1514,I1KQX3,3847.I1KQX3,0.6665477156639099
C00390,172,20,1318,I1K9R6,3847.I1K9R6,0.6656981110572815
C00399,173,1,842,C6TIM5,3847.C6TIM5,0.832808256149292
C00399,173,2,681,A0A0R4J4B4,3847.A0A0R4J4B4,0.8268589377403259
C00399,173,3,971,I1JCG8,3847.I1JCG8,0.8260042071342468
C00399,173,4,696,A0A0R4J5K2,3847.A0A0R4J5K2,0.8136266469955444
C00399,173,5,814,C6T8Y4,3847.C6T8Y4,0.7878584861755371
C00399,173,6,3421,Q9SYR0,3847.Q9SYR0,0.7823686003684998
C00399,173,7,1934,I1LW34,3847.I1LW34,0.7789781093597412
C00399,173,8,2098,I1MAM5,3847.I1MAM5,0.7431110143661499
C00399,173,9,2097,I1MAM4,3847.I1MAM4,0.7333616018295288
C00399,173,10,3174,K7MPN5,3847.K7MPN5,0.7017934322357178
C00399,173,11,3037,K7M5A2,3847.K7M5A2,0.6985280513763428
C00399,173,12,2879,K7LIJ3,3847.K7LIJ3,0.6769906878471375
C00399,173,13,2602,K7KAN4,3847.K7KAN4,0.6697343587875366
C00399,173,14,2277,I1MSY9,3847.I1MSY9,0.6530551314353943
C00399,173,15,671,A0A0R4J338,3847.A0A0R4J338,0.6421747207641602
C00399,173,16,2350,I1N0Y1,3847.I1N0Y1,0.6404983401298523
C00399,173,17,1578,I1KVY3,3847.I1KVY3,0.6299039125442505
C00399,173,18,695,A0A0R4J5H8,3847.A0A0R4J5H8,0.6298989653587341
C00399,173,19,1514,I1KQX3,3847.I1KQX3,0.6282421350479126
C00399,173,20,46,A0A0R0EM30,3847.A0A0R0EM30,0.6281690001487732
C00406,174,1,842,C6TIM5,3847.C6TIM5,0.7184401154518127
C00406,174,2,681,A0A0R4J4B4,3847.A0A0R4J4B4,0.7104821801185608
C00406,174,3,971,I1JCG8,3847.I1JCG8,0.7103760838508606
C00406,174,4,696,A0A0R4J5K2,3847.A0A0R4J5K2,0.709636390209198
C00406,174,5,814,C6T8Y4,3847.C6T8Y4,0.6919158697128296
C00406,174,6,3421,Q9SYR0,3847.Q9SYR0,0.672115683555603
C00406,174,7,1934,I1LW34,3847.I1LW34,0.6532771587371826
C00406,174,8,2098,I1MAM5,3847.I1MAM5,0.6400001049041748
C00406,174,9,2097,I1MAM4,3847.I1MAM4,0.6379908919334412
C00406,174,10,671,A0A0R4J338,3847.A0A0R4J338,0.632811963558197
C00406,174,11,3037,K7M5A2,3847.K7M5A2,0.6302940249443054
C00406,174,12,3174,K7MPN5,3847.K7MPN5,0.6290100812911987
C00406,174,13,686,A0A0R4J4Q1,3847.A0A0R4J4Q1,0.6281948089599609
C00406,174,14,695,A0A0R4J5H8,3847.A0A0R4J5H8,0.6279028058052063
C00406,174,15,2879,K7LIJ3,3847.K7LIJ3,0.6272402405738831
C00406,174,16,1578,I1KVY3,3847.I1KVY3,0.6262964010238647
C00406,174,17,846,C6TKA3,3847.C6TKA3,0.6249731779098511
C00406,174,18,1318,I1K9R6,3847.I1K9R6,0.6248282790184021
C00406,174,19,46,A0A0R0EM30,3847.A0A0R0EM30,0.6247600317001343
C00406,174,20,572,A0A0R0KKK6,3847.A0A0R0KKK6,0.6234298944473267
C00415,175,1,681,A0A0R4J4B4,3847.A0A0R4J4B4,0.8088098168373108
C00415,175,2,842,C6TIM5,3847.C6TIM5,0.8070936799049377
C00415,175,3,971,I1JCG8,3847.I1JCG8,0.804629921913147
C00415,175,4,696,A0A0R4J5K2,3847.A0A0R4J5K2,0.7914177775382996
C00415,175,5,1934,I1LW34,3847.I1LW34,0.7837902903556824
C00415,175,6,3421,Q9SYR0,3847.Q9SYR0,0.7677908539772034
C00415,175,7,814,C6T8Y4,3847.C6T8Y4,0.7639528512954712
C00415,175,8,2098,I1MAM5,3847.I1MAM5,0.7431690096855164
C00415,175,9,2097,I1MAM4,3847.I1MAM4,0.7317749261856079
C00415,175,10,1721,I1L905,3847.I1L905,0.7071917057037354
C00415,175,11,3174,K7MPN5,3847.K7MPN5,0.7034911513328552
C00415,175,12,3037,K7M5A2,3847.K7M5A2,0.697311520576477
C00415,175,13,2879,K7LIJ3,3847.K7LIJ3,0.6725623607635498
C00415,175,14,3263,K7N1N7,3847.K7N1N7,0.6669908761978149
C00415,175,15,2350,I1N0Y1,3847.I1N0Y1,0.6646870970726013
C00415,175,16,2602,K7KAN4,3847.K7KAN4,0.6572575569152832
C00415,175,17,3365,Q2PMU3,3847.Q2PMU3,0.6469045281410217
C00415,175,18,3184,K7MQT5,3847.K7MQT5,0.6414921283721924
C00415,175,19,3364,Q2PMU2,3847.Q2PMU2,0.6413565874099731
C00415,175,20,1604,I1KY39,3847.I1KY39,0.6365891695022583
C00416,176,1,1058,I1JK97,3847.I1JK97,0.7816203832626343
C00416,176,2,853,C6TNL5,3847.C6TNL5,0.7730363607406616
C00416,176,3,2318,I1MWD6,3847.I1MWD6,0.7726123332977295
C00416,176,4,1887,I1LRK5,3847.I1LRK5,0.7723550200462341
C00416,176,5,2061,I1M791,3847.I1M791,0.7721039652824402
C00416,176,6,2467,I1NC73,3847.I1NC73,0.7718244791030884
C00416,176,7,1054,I1JJV5,3847.I1JJV5,0.7713224291801453
C00416,176,8,1470,I1KN33,3847.I1KN33,0.7707229852676392
C00416,176,9,278,A0A0R0H2F3,3847.A0A0R0H2F3,0.7700742483139038
C00416,176,10,2809,K7L8E8,3847.K7L8E8,0.7700172662734985
C00416,176,11,3096,K7MES8,3847.K7MES8,0.7696863412857056
C00416,176,12,3259,K7N016,3847.K7N016,0.7695789933204651
C00416,176,13,3059,K7M8N2,3847.K7M8N2,0.769319474697113
C00416,176,14,3258,K7MZR6,3847.K7MZR6,0.7692544460296631
C00416,176,15,3412,Q9LKY4,3847.Q9LKY4,0.7689806222915649
C00416,176,16,2644,K7KGV1,3847.K7KGV1,0.7685027718544006
C00416,176,17,2468,I1NC81,3847.I1NC81,0.768461287021637
C00416,176,18,2905,K7LMI9,3847.K7LMI9,0.7684378623962402
C00416,176,19,1408,I1KIC2,3847.I1KIC2,0.7683057188987732
C00416,176,20,2533,I1NIT6,3847.I1NIT6,0.7682933807373047
C00437,177,1,842,C6TIM5,3847.C6TIM5,0.7416333556175232
C00437,177,2,971,I1JCG8,3847.I1JCG8,0.7387999296188354
C00437,177,3,681,A0A0R4J4B4,3847.A0A0R4J4B4,0.7366072535514832
C00437,177,4,696,A0A0R4J5K2,3847.A0A0R4J5K2,0.7339235544204712
C00437,177,5,814,C6T8Y4,3847.C6T8Y4,0.7148489356040955
C00437,177,6,3421,Q9SYR0,3847.Q9SYR0,0.7040162682533264
C00437,177,7,1934,I1LW34,3847.I1LW34,0.6906201243400574
C00437,177,8,2098,I1MAM5,3847.I1MAM5,0.6662018895149231
C00437,177,9,2097,I1MAM4,3847.I1MAM4,0.6617670655250549
C00437,177,10,3174,K7MPN5,3847.K7MPN5,0.6579074263572693
C00437,177,11,3037,K7M5A2,3847.K7M5A2,0.6558318734169006
C00437,177,12,671,A0A0R4J338,3847.A0A0R4J338,0.6496276259422302
C00437,177,13,2879,K7LIJ3,3847.K7LIJ3,0.6475895047187805
C00437,177,14,1578,I1KVY3,3847.I1KVY3,0.6437198519706726
C00437,177,15,695,A0A0R4J5H8,3847.A0A0R4J5H8,0.6433641910552979
C00437,177,16,846,C6TKA3,3847.C6TKA3,0.6397891044616699
C00437,177,17,572,A0A0R0KKK6,3847.A0A0R0KKK6,0.639360249042511
C00437,177,18,1318,I1K9R6,3847.I1K9R6,0.6390838623046875
C00437,177,19,46,A0A0R0EM30,3847.A0A0R0EM30,0.6388969421386719
C00437,177,20,2602,K7KAN4,3847.K7KAN4,0.6371152400970459
C00447,178,1,1058,I1JK97,3847.I1JK97,0.7390362620353699
C00447,178,2,2467,I1NC73,3847.I1NC73,0.7289015054702759
C00447,178,3,1887,I1LRK5,3847.I1LRK5,0.7255493402481079
C00447,178,4,853,C6TNL5,3847.C6TNL5,0.7248069047927856
C00447,178,5,3258,K7MZR6,3847.K7MZR6,0.7248021960258484
C00447,178,6,2809,K7L8E8,3847.K7L8E8,0.724676251411438
C00447,178,7,1149,I1JTZ3,3847.I1JTZ3,0.7243800759315491
C00447,178,8,1408,I1KIC2,3847.I1KIC2,0.7243140339851379
C00447,178,9,1054,I1JJV5,3847.I1JJV5,0.7239784002304077
C00447,178,10,3412,Q9LKY4,3847.Q9LKY4,0.7238782048225403
C00447,178,11,3259,K7N016,3847.K7N016,0.7237379550933838
C00447,178,12,1470,I1KN33,3847.I1KN33,0.722908079624176
C00447,178,13,2061,I1M791,3847.I1M791,0.7229063510894775
C00447,178,14,2271,I1MS93,3847.I1MS93,0.7213744521141052
C00447,178,15,1744,I1LBG8,3847.I1LBG8,0.7212020754814148
C00447,178,16,2905,K7LMI9,3847.K7LMI9,0.7203723788261414
C00447,178,17,733,A0A368UIA4,3847.A0A368UIA4,0.7201069593429565
C00447,178,18,1087,I1JNF9,3847.I1JNF9,0.7197697162628174
C00447,178,19,2897,K7LKV4,3847.K7LKV4,0.7194647789001465
C00447,178,20,2318,I1MWD6,3847.I1MWD6,0.7194480299949646
C00448,179,1,681,A0A0R4J4B4,3847.A0A0R4J4B4,0.9003761410713196
C00448,179,2,842,C6TIM5,3847.C6TIM5,0.8998281359672546
C00448,179,3,971,I1JCG8,3847.I1JCG8,0.8982676267623901
C00448,179,4,696,A0A0R4J5K2,3847.A0A0R4J5K2,0.8847541213035583
C00448,179,5,1934,I1LW34,3847.I1LW34,0.8699309229850769
C00448,179,6,3421,Q9SYR0,3847.Q9SYR0,0.8563750982284546
C00448,179,7,814,C6T8Y4,3847.C6T8Y4,0.8562212586402893
C00448,179,8,2098,I1MAM5,3847.I1MAM5,0.8315197825431824
C00448,179,9,2097,I1MAM4,3847.I1MAM4,0.8185386657714844
C00448,179,10,3174,K7MPN5,3847.K7MPN5,0.7743653059005737
C00448,179,11,3037,K7M5A2,3847.K7M5A2,0.7638125419616699
C00448,179,12,1721,I1L905,3847.I1L905,0.7611249685287476
C00448,179,13,2879,K7LIJ3,3847.K7LIJ3,0.7300212979316711
C00448,179,14,2602,K7KAN4,3847.K7KAN4,0.7164932489395142
C00448,179,15,2350,I1N0Y1,3847.I1N0Y1,0.711391031742096
C00448,179,16,3263,K7N1N7,3847.K7N1N7,0.6971003413200378
C00448,179,17,3365,Q2PMU3,3847.Q2PMU3,0.6873869299888611
C00448,179,18,2277,I1MSY9,3847.I1MSY9,0.6854274272918701
C00448,179,19,3184,K7MQT5,3847.K7MQT5,0.6835799217224121
C00448,179,20,3364,Q2PMU2,3847.Q2PMU2,0.6763162612915039
C00454,180,1,1058,I1JK97,3847.I1JK97,0.7893760204315186
C00454,180,2,2467,I1NC73,3847.I1NC73,0.7819740772247314
C00454,180,3,1887,I1LRK5,3847.I1LRK5,0.7806496024131775
C00454,180,4,2345,I1N0D5,3847.I1N0D5,0.7793000936508179
C00454,180,5,3412,Q9LKY4,3847.Q9LKY4,0.7792057394981384
C00454,180,6,2061,I1M791,3847.I1M791,0.7788259387016296
C00454,180,7,1470,I1KN33,3847.I1KN33,0.7786401510238647
C00454,180,8,853,C6TNL5,3847.C6TNL5,0.7780706286430359
C00454,180,9,1149,I1JTZ3,3847.I1JTZ3,0.7780700325965881
C00454,180,10,3258,K7MZR6,3847.K7MZR6,0.7777204513549805
C00454,180,11,3259,K7N016,3847.K7N016,0.776996374130249
C00454,180,12,2809,K7L8E8,3847.K7L8E8,0.7767559289932251
C00454,180,13,2318,I1MWD6,3847.I1MWD6,0.7765230536460876
C00454,180,14,1744,I1LBG8,3847.I1LBG8,0.7764076590538025
C00454,180,15,1408,I1KIC2,3847.I1KIC2,0.7763433456420898
C00454,180,16,3096,K7MES8,3847.K7MES8,0.7758040428161621
C00454,180,17,1054,I1JJV5,3847.I1JJV5,0.7749645709991455
C00454,180,18,2886,K7LJR3,3847.K7LJR3,0.7748398184776306
C00454,180,19,2271,I1MS93,3847.I1MS93,0.7746111154556274
C00454,180,20,1357,I1KCA7,3847.I1KCA7,0.7745464444160461
C00455,181,1,842,C6TIM5,3847.C6TIM5,0.7676445841789246
C00455,181,2,681,A0A0R4J4B4,3847.A0A0R4J4B4,0.7648045420646667
C00455,181,3,971,I1JCG8,3847.I1JCG8,0.7616339921951294
C00455,181,4,696,A0A0R4J5K2,3847.A0A0R4J5K2,0.7605835199356079
C00455,181,5,814,C6T8Y4,3847.C6T8Y4,0.735653817653656
C00455,181,6,3421,Q9SYR0,3847.Q9SYR0,0.7190040946006775
C00455,181,7,1934,I1LW34,3847.I1LW34,0.6958471536636353
C00455,181,8,2098,I1MAM5,3847.I1MAM5,0.6751208901405334
C00455,181,9,2097,I1MAM4,3847.I1MAM4,0.6708017587661743
C00455,181,10,3174,K7MPN5,3847.K7MPN5,0.6643060445785522
C00455,181,11,3037,K7M5A2,3847.K7M5A2,0.662663459777832
C00455,181,12,2879,K7LIJ3,3847.K7LIJ3,0.6592555046081543
C00455,181,13,671,A0A0R4J338,3847.A0A0R4J338,0.6583826541900635
C00455,181,14,686,A0A0R4J4Q1,3847.A0A0R4J4Q1,0.6518827080726624
C00455,181,15,1578,I1KVY3,3847.I1KVY3,0.650780439376831
C00455,181,16,846,C6TKA3,3847.C6TKA3,0.6489068865776062
C00455,181,17,572,A0A0R0KKK6,3847.A0A0R0KKK6,0.6487022042274475
C00455,181,18,1318,I1K9R6,3847.I1K9R6,0.6482226848602295
C00455,181,19,46,A0A0R0EM30,3847.A0A0R0EM30,0.6476308107376099
C00455,181,20,2277,I1MSY9,3847.I1MSY9,0.6473658084869385
C00470,182,1,1058,I1JK97,3847.I1JK97,0.7866019606590271
C00470,182,2,2061,I1M791,3847.I1M791,0.7818998098373413
C00470,182,3,1887,I1LRK5,3847.I1LRK5,0.7814436554908752
C00470,182,4,3412,Q9LKY4,3847.Q9LKY4,0.781288743019104
C00470,182,5,2467,I1NC73,3847.I1NC73,0.7808765172958374
C00470,182,6,2345,I1N0D5,3847.I1N0D5,0.7798869013786316
C00470,182,7,3258,K7MZR6,3847.K7MZR6,0.7769559025764465
C00470,182,8,1408,I1KIC2,3847.I1KIC2,0.7763059735298157
C00470,182,9,3259,K7N016,3847.K7N016,0.7753748297691345
C00470,182,10,2886,K7LJR3,3847.K7LJR3,0.775230348110199
C00470,182,11,2318,I1MWD6,3847.I1MWD6,0.7752023935317993
C00470,182,12,3096,K7MES8,3847.K7MES8,0.7751495242118835
C00470,182,13,853,C6TNL5,3847.C6TNL5,0.7748894691467285
C00470,182,14,1149,I1JTZ3,3847.I1JTZ3,0.7747890949249268
C00470,182,15,2271,I1MS93,3847.I1MS93,0.7740481495857239
C00470,182,16,2522,I1NI89,3847.I1NI89,0.7739906907081604
C00470,182,17,2962,K7LV78,3847.K7LV78,0.7736404538154602
C00470,182,18,1470,I1KN33,3847.I1KN33,0.7734268307685852
C00470,182,19,1049,I1JJG5,3847.I1JJG5,0.7730909585952759
C00470,182,20,2905,K7LMI9,3847.K7LMI9,0.7730103135108948
C00475,183,1,562,A0A0R0KHS2,3847.A0A0R0KHS2,0.5429677963256836
C00475,183,2,2156,I1MFV2,3847.I1MFV2,0.5412570238113403
C00475,183,3,1551,I1KTE1,3847.I1KTE1,0.5380227565765381
C00475,183,4,1259,I1K4U7,3847.I1K4U7,0.5354909300804138
C00475,183,5,3207,K7MU28,3847.K7MU28,0.5329317450523376
C00475,183,6,1791,I1LFN3,3847.I1LFN3,0.5328105688095093
C00475,183,7,2413,I1N6I1,3847.I1N6I1,0.5319732427597046
C00475,183,8,993,I1JE21,3847.I1JE21,0.5308939814567566
C00475,183,9,3205,K7MTY9,3847.K7MTY9,0.5305678248405457
C00475,183,10,1317,I1K9Q4,3847.I1K9Q4,0.5303751826286316
C00475,183,11,1893,I1LS93,3847.I1LS93,0.5298808217048645
C00475,183,12,3116,K7MHQ9,3847.K7MHQ9,0.5286673307418823
C00475,183,13,2638,K7KFV1,3847.K7KFV1,0.5286546349525452
C00475,183,14,775,B9VJS7,3847.B9VJS7,0.5285120010375977
C00475,183,15,2914,K7LND6,3847.K7LND6,0.5278115272521973
C00475,183,16,722,A0A368UHE2,3847.A0A368UHE2,0.5274097919464111
C00475,183,17,1176,I1JWL9,3847.I1JWL9,0.5271588563919067
C00475,183,18,1493,I1KPV0,3847.I1KPV0,0.5268945097923279
C00475,183,19,1153,I1JUE0,3847.I1JUE0,0.5260010957717896
C00475,183,20,1077,I1JMA7,3847.I1JMA7,0.5256495475769043
C00492,184,1,1058,I1JK97,3847.I1JK97,0.6263560652732849
C00492,184,2,2467,I1NC73,3847.I1NC73,0.6210718154907227
C00492,184,3,3258,K7MZR6,3847.K7MZR6,0.6165980696678162
C00492,184,4,2061,I1M791,3847.I1M791,0.6164947152137756
C00492,184,5,1408,I1KIC2,3847.I1KIC2,0.6153247952461243
C00492,184,6,1887,I1LRK5,3847.I1LRK5,0.6150323748588562
C00492,184,7,2809,K7L8E8,3847.K7L8E8,0.6132345795631409
C00492,184,8,1087,I1JNF9,3847.I1JNF9,0.6120283603668213
C00492,184,9,1470,I1KN33,3847.I1KN33,0.6118240356445312
C00492,184,10,1744,I1LBG8,3847.I1LBG8,0.6112171411514282
C00492,184,11,3412,Q9LKY4,3847.Q9LKY4,0.6103769540786743
C00492,184,12,2869,K7LGQ9,3847.K7LGQ9,0.6097216606140137
C00492,184,13,2962,K7LV78,3847.K7LV78,0.6096546053886414
C00492,184,14,3259,K7N016,3847.K7N016,0.6096087694168091
C00492,184,15,2886,K7LJR3,3847.K7LJR3,0.6095951199531555
C00492,184,16,733,A0A368UIA4,3847.A0A368UIA4,0.6092502474784851
C00492,184,17,853,C6TNL5,3847.C6TNL5,0.6090270280838013
C00492,184,18,2147,I1MF71,3847.I1MF71,0.6087849140167236
C00492,184,19,1149,I1JTZ3,3847.I1JTZ3,0.6085490584373474
C00492,184,20,2271,I1MS93,3847.I1MS93,0.6084228157997131
C00498,185,1,2130,I1MDK4,3847.I1MDK4,0.5231691002845764
C00498,185,2,2232,I1MP44,3847.I1MP44,0.5200135111808777
C00498,185,3,1290,I1K772,3847.I1K772,0.5199222564697266
C00498,185,4,2516,I1NHH9,3847.I1NHH9,0.5179790258407593
C00498,185,5,1754,I1LC39,3847.I1LC39,0.5160562992095947
C00498,185,6,1131,I1JS28,3847.I1JS28,0.51565021276474
C00498,185,7,1294,I1K7A4,3847.I1K7A4,0.5154648423194885
C00498,185,8,3394,Q6X0M9,3847.Q6X0M9,0.515369713306427
C00498,185,9,893,H2BER4,3847.H2BER4,0.5144393444061279
C00498,185,10,1815,I1LI78,3847.I1LI78,0.5143294334411621
C00498,185,11,1139,I1JSS8,3847.I1JSS8,0.5137113928794861
C00498,185,12,1174,I1JW76,3847.I1JW76,0.5134647488594055
C00498,185,13,1795,I1LFY4,3847.I1LFY4,0.5131213665008545
C00498,185,14,2507,I1NH41,3847.I1NH41,0.5129781365394592
C00498,185,15,296,A0A0R0HBG9,3847.A0A0R0HBG9,0.5127546191215515
C00498,185,16,1881,I1LR32,3847.I1LR32,0.5120888352394104
C00498,185,17,3395,Q6X0N0,3847.Q6X0N0,0.5117828845977783
C00498,185,18,2076,I1M8B7,3847.I1M8B7,0.511286199092865
C00498,185,19,980,I1JDC7,3847.I1JDC7,0.5111989378929138
C00498,185,20,1864,I1LPE3,3847.I1LPE3,0.5111334919929504
C00509,186,1,842,C6TIM5,3847.C6TIM5,0.901263952255249
C00509,186,2,681,A0A0R4J4B4,3847.A0A0R4J4B4,0.8981735706329346
C00509,186,3,971,I1JCG8,3847.I1JCG8,0.8978089690208435
C00509,186,4,696,A0A0R4J5K2,3847.A0A0R4J5K2,0.8880772590637207
C00509,186,5,814,C6T8Y4,3847.C6T8Y4,0.8613216280937195
C00509,186,6,3421,Q9SYR0,3847.Q9SYR0,0.8563894033432007
C00509,186,7,1934,I1LW34,3847.I1LW34,0.8499654531478882
C00509,186,8,2098,I1MAM5,3847.I1MAM5,0.8149023652076721
C00509,186,9,2097,I1MAM4,3847.I1MAM4,0.8061639070510864
C00509,186,10,3174,K7MPN5,3847.K7MPN5,0.7753791213035583
C00509,186,11,3037,K7M5A2,3847.K7M5A2,0.7723502516746521
C00509,186,12,2879,K7LIJ3,3847.K7LIJ3,0.744717538356781
C00509,186,13,2602,K7KAN4,3847.K7KAN4,0.7275473475456238
C00509,186,14,2277,I1MSY9,3847.I1MSY9,0.7116192579269409
C00509,186,15,671,A0A0R4J338,3847.A0A0R4J338,0.7095377445220947
C00509,186,16,2350,I1N0Y1,3847.I1N0Y1,0.6943607926368713
C00509,186,17,46,A0A0R0EM30,3847.A0A0R0EM30,0.6939694881439209
C00509,186,18,695,A0A0R4J5H8,3847.A0A0R4J5H8,0.6937112212181091
C00509,186,19,1578,I1KVY3,3847.I1KVY3,0.6925495862960815
C00509,186,20,572,A0A0R0KKK6,3847.A0A0R0KKK6,0.6899697780609131
C00526,187,1,1551,I1KTE1,3847.I1KTE1,0.5292685627937317
C00526,187,2,296,A0A0R0HBG9,3847.A0A0R0HBG9,0.5280997157096863
C00526,187,3,2156,I1MFV2,3847.I1MFV2,0.5271487236022949
C00526,187,4,2941,K7LSB8,3847.K7LSB8,0.5263880491256714
C00526,187,5,3018,K7M227,3847.K7M227,0.5257530808448792
C00526,187,6,2711,K7KTX9,3847.K7KTX9,0.5253093242645264
C00526,187,7,235,A0A0R0GI21,3847.A0A0R0GI21,0.524567723274231
C00526,187,8,1767,I1LD20,3847.I1LD20,0.5245046615600586
C00526,187,9,1425,I1KJF1,3847.I1KJF1,0.5242727994918823
C00526,187,10,2263,I1MRQ6,3847.I1MRQ6,0.5238624215126038
C00526,187,11,2384,I1N4N1,3847.I1N4N1,0.5236011743545532
C00526,187,12,1610,I1KYN2,3847.I1KYN2,0.5235787034034729
C00526,187,13,587,A0A0R0KRM2,3847.A0A0R0KRM2,0.5235776901245117
C00526,187,14,562,A0A0R0KHS2,3847.A0A0R0KHS2,0.5230740904808044
C00526,187,15,946,I1JA52,3847.I1JA52,0.5230143666267395
C00526,187,16,810,C6T798,3847.C6T798,0.5228388905525208
C00526,187,17,3205,K7MTY9,3847.K7MTY9,0.5227975249290466
C00526,187,18,654,A0A0R0LGF8,3847.A0A0R0LGF8,0.5227439403533936
C00526,187,19,310,A0A0R0HFU2,3847.A0A0R0HFU2,0.5226056575775146
C00526,187,20,300,A0A0R0HCY3,3847.A0A0R0HCY3,0.5225783586502075
C00540,188,1,842,C6TIM5,3847.C6TIM5,0.7720128297805786
C00540,188,2,681,A0A0R4J4B4,3847.A0A0R4J4B4,0.7614781856536865
C00540,188,3,696,A0A0R4J5K2,3847.A0A0R4J5K2,0.7614166736602783
C00540,188,4,971,I1JCG8,3847.I1JCG8,0.7611792683601379
C00540,188,5,814,C6T8Y4,3847.C6T8Y4,0.7444380521774292
C00540,188,6,3421,Q9SYR0,3847.Q9SYR0,0.7118581533432007
C00540,188,7,671,A0A0R4J338,3847.A0A0R4J338,0.687105655670166
C00540,188,8,686,A0A0R4J4Q1,3847.A0A0R4J4Q1,0.6863121390342712
C00540,188,9,46,A0A0R0EM30,3847.A0A0R0EM30,0.6790842413902283
C00540,188,10,1318,I1K9R6,3847.I1K9R6,0.676122784614563
C00540,188,11,1578,I1KVY3,3847.I1KVY3,0.6758547425270081
C00540,188,12,572,A0A0R0KKK6,3847.A0A0R0KKK6,0.6750283241271973
C00540,188,13,695,A0A0R4J5H8,3847.A0A0R4J5H8,0.6738040447235107
C00540,188,14,846,C6TKA3,3847.C6TKA3,0.670653223991394
C00540,188,15,2277,I1MSY9,3847.I1MSY9,0.6669963002204895
C00540,188,16,1934,I1LW34,3847.I1LW34,0.6667994856834412
C00540,188,17,694,A0A0R4J5H2,3847.A0A0R4J5H2,0.6621687412261963
C00540,188,18,3037,K7M5A2,3847.K7M5A2,0.6544677019119263
C00540,188,19,2879,K7LIJ3,3847.K7LIJ3,0.6536346077919006
C00540,188,20,2098,I1MAM5,3847.I1MAM5,0.6527870297431946
C00544,189,1,842,C6TIM5,3847.C6TIM5,0.9229447841644287
C00544,189,2,681,A0A0R4J4B4,3847.A0A0R4J4B4,0.9215171933174133
C00544,189,3,971,I1JCG8,3847.I1JCG8,0.9206259250640869
C00544,189,4,696,A0A0R4J5K2,3847.A0A0R4J5K2,0.9085676670074463
C00544,189,5,1934,I1LW34,3847.I1LW34,0.8845046162605286
C00544,189,6,814,C6T8Y4,3847.C6T8Y4,0.8831954598426819
C00544,189,7,3421,Q9SYR0,3847.Q9SYR0,0.8800472617149353
C00544,189,8,2098,I1MAM5,3847.I1MAM5,0.8472629189491272
C00544,189,9,2097,I1MAM4,3847.I1MAM4,0.8360490202903748
C00544,189,10,3174,K7MPN5,3847.K7MPN5,0.7900862693786621
C00544,189,11,3037,K7M5A2,3847.K7M5A2,0.7863065004348755
C00544,189,12,2879,K7LIJ3,3847.K7LIJ3,0.7519988417625427
C00544,189,13,2602,K7KAN4,3847.K7KAN4,0.7374553680419922
C00544,189,14,1721,I1L905,3847.I1L905,0.7369690537452698
C00544,189,15,2350,I1N0Y1,3847.I1N0Y1,0.714891254901886
C00544,189,16,2277,I1MSY9,3847.I1MSY9,0.7108989953994751
C00544,189,17,671,A0A0R4J338,3847.A0A0R4J338,0.6934725046157837
C00544,189,18,3184,K7MQT5,3847.K7MQT5,0.6928989887237549
C00544,189,19,3365,Q2PMU3,3847.Q2PMU3,0.6833691596984863
C00544,189,20,1514,I1KQX3,3847.I1KQX3,0.6823762059211731
C00546,190,1,842,C6TIM5,3847.C6TIM5,0.9039255380630493
C00546,190,2,681,A0A0R4J4B4,3847.A0A0R4J4B4,0.9009838104248047
C00546,190,3,971,I1JCG8,3847.I1JCG8,0.9005962014198303
C00546,190,4,696,A0A0R4J5K2,3847.A0A0R4J5K2,0.8890250325202942
C00546,190,5,814,C6T8Y4,3847.C6T8Y4,0.8622655272483826
C00546,190,6,3421,Q9SYR0,3847.Q9SYR0,0.8566442131996155
C00546,190,7,1934,I1LW34,3847.I1LW34,0.8493341207504272
C00546,190,8,2098,I1MAM5,3847.I1MAM5,0.8139415979385376
C00546,190,9,2097,I1MAM4,3847.I1MAM4,0.8040242791175842
C00546,190,10,3174,K7MPN5,3847.K7MPN5,0.7679780125617981
C00546,190,11,3037,K7M5A2,3847.K7M5A2,0.7661861777305603
C00546,190,12,2879,K7LIJ3,3847.K7LIJ3,0.7425370812416077
C00546,190,13,2602,K7KAN4,3847.K7KAN4,0.7209573984146118
C00546,190,14,2277,I1MSY9,3847.I1MSY9,0.7051563858985901
C00546,190,15,671,A0A0R4J338,3847.A0A0R4J338,0.6997950077056885
C00546,190,16,2350,I1N0Y1,3847.I1N0Y1,0.6914194822311401
C00546,190,17,46,A0A0R0EM30,3847.A0A0R0EM30,0.6789306998252869
C00546,190,18,1514,I1KQX3,3847.I1KQX3,0.678314208984375
C00546,190,19,1721,I1L905,3847.I1L905,0.6762536764144897
C00546,190,20,695,A0A0R4J5H8,3847.A0A0R4J5H8,0.6755514144897461
C00562,191,1,1058,I1JK97,3847.I1JK97,0.8350669145584106
C00562,191,2,1887,I1LRK5,3847.I1LRK5,0.829026460647583
C00562,191,3,2467,I1NC73,3847.I1NC73,0.8274120092391968
C00562,191,4,3412,Q9LKY4,3847.Q9LKY4,0.8273519277572632
C00562,191,5,2345,I1N0D5,3847.I1N0D5,0.8254879713058472
C00562,191,6,2061,I1M791,3847.I1M791,0.8252459168434143
C00562,191,7,1408,I1KIC2,3847.I1KIC2,0.8243215680122375
C00562,191,8,3259,K7N016,3847.K7N016,0.824196994304657
C00562,191,9,1049,I1JJG5,3847.I1JJG5,0.8236839175224304
C00562,191,10,3258,K7MZR6,3847.K7MZR6,0.8235664367675781
C00562,191,11,3096,K7MES8,3847.K7MES8,0.8233901858329773
C00562,191,12,1149,I1JTZ3,3847.I1JTZ3,0.823153555393219
C00562,191,13,2522,I1NI89,3847.I1NI89,0.8225057125091553
C00562,191,14,1470,I1KN33,3847.I1KN33,0.8223549723625183
C00562,191,15,1357,I1KCA7,3847.I1KCA7,0.8219333291053772
C00562,191,16,1744,I1LBG8,3847.I1LBG8,0.821833610534668
C00562,191,17,2886,K7LJR3,3847.K7LJR3,0.8215458393096924
C00562,191,18,2027,I1M3S3,3847.I1M3S3,0.8207975625991821
C00562,191,19,1219,I1K090,3847.I1K090,0.8206557035446167
C00562,191,20,1351,I1KBZ2,3847.I1KBZ2,0.8205049633979797
C00585,192,1,1058,I1JK97,3847.I1JK97,0.6076419949531555
C00585,192,2,2467,I1NC73,3847.I1NC73,0.6027523279190063
C00585,192,3,2156,I1MFV2,3847.I1MFV2,0.5994475483894348
C00585,192,4,3258,K7MZR6,3847.K7MZR6,0.598669171333313
C00585,192,5,1408,I1KIC2,3847.I1KIC2,0.597163200378418
C00585,192,6,2905,K7LMI9,3847.K7LMI9,0.5967144966125488
C00585,192,7,2061,I1M791,3847.I1M791,0.5966401100158691
C00585,192,8,1087,I1JNF9,3847.I1JNF9,0.5948967337608337
C00585,192,9,1551,I1KTE1,3847.I1KTE1,0.5947163701057434
C00585,192,10,1149,I1JTZ3,3847.I1JTZ3,0.5943444967269897
C00585,192,11,2809,K7L8E8,3847.K7L8E8,0.5942461490631104
C00585,192,12,1887,I1LRK5,3847.I1LRK5,0.5941327810287476
C00585,192,13,1744,I1LBG8,3847.I1LBG8,0.5938342213630676
C00585,192,14,2271,I1MS93,3847.I1MS93,0.5937866568565369
C00585,192,15,1470,I1KN33,3847.I1KN33,0.5937858819961548
C00585,192,16,3205,K7MTY9,3847.K7MTY9,0.5934261679649353
C00585,192,17,2147,I1MF71,3847.I1MF71,0.5933157801628113
C00585,192,18,3259,K7N016,3847.K7N016,0.5928955674171448
C00585,192,19,853,C6TNL5,3847.C6TNL5,0.5927708148956299
C00585,192,20,1054,I1JJV5,3847.I1JJV5,0.5925180315971375
C00588,193,1,1058,I1JK97,3847.I1JK97,0.6537588834762573
C00588,193,2,2467,I1NC73,3847.I1NC73,0.648447573184967
C00588,193,3,1408,I1KIC2,3847.I1KIC2,0.6464332938194275
C00588,193,4,1887,I1LRK5,3847.I1LRK5,0.6455387473106384
C00588,193,5,2061,I1M791,3847.I1M791,0.6451977491378784
C00588,193,6,2156,I1MFV2,3847.I1MFV2,0.6450608968734741
C00588,193,7,3258,K7MZR6,3847.K7MZR6,0.6444326639175415
C00588,193,8,3096,K7MES8,3847.K7MES8,0.6420834064483643
C00588,193,9,1087,I1JNF9,3847.I1JNF9,0.6420124769210815
C00588,193,10,2809,K7L8E8,3847.K7L8E8,0.6420020461082458
C00588,193,11,2905,K7LMI9,3847.K7LMI9,0.6418216824531555
C00588,193,12,2533,I1NIT6,3847.I1NIT6,0.6412837505340576
C00588,193,13,2798,K7L6T7,3847.K7L6T7,0.6411741375923157
C00588,193,14,1054,I1JJV5,3847.I1JJV5,0.6409968733787537
C00588,193,15,853,C6TNL5,3847.C6TNL5,0.6406391859054565
C00588,193,16,3259,K7N016,3847.K7N016,0.6406195163726807
C00588,193,17,2271,I1MS93,3847.I1MS93,0.640600860118866
C00588,193,18,1470,I1KN33,3847.I1KN33,0.6405513882637024
C00588,193,19,2644,K7KGV1,3847.K7KGV1,0.6405322551727295
C00588,193,20,1744,I1LBG8,3847.I1LBG8,0.6400927305221558
C00590,194,1,1290,I1K772,3847.I1K772,0.5564852952957153
C00590,194,2,549,A0A0R0KCQ4,3847.A0A0R0KCQ4,0.555908203125
C00590,194,3,2130,I1MDK4,3847.I1MDK4,0.555533230304718
C00590,194,4,3418,Q9SLR8,3847.Q9SLR8,0.5552471280097961
C00590,194,5,2516,I1NHH9,3847.I1NHH9,0.5528388619422913
C00590,194,6,2232,I1MP44,3847.I1MP44,0.5525985360145569
C00590,194,7,3325,P51820,3847.P51820,0.5520389676094055
C00590,194,8,2764,K7L1E9,3847.K7L1E9,0.5518113374710083
C00590,194,9,686,A0A0R4J4Q1,3847.A0A0R4J4Q1,0.5516229271888733
C00590,194,10,1294,I1K7A4,3847.I1K7A4,0.5512225031852722
C00590,194,11,3036,K7M4Z7,3847.K7M4Z7,0.5502128005027771
C00590,194,12,3312,P31175,3847.P31175,0.5501625537872314
C00590,194,13,3311,P31174,3847.P31174,0.5490701198577881
C00590,194,14,3394,Q6X0M9,3847.Q6X0M9,0.5487127304077148
C00590,194,15,3345,Q2PMN2,3847.Q2PMN2,0.5482597351074219
C00590,194,16,622,A0A0R0L1Z4,3847.A0A0R0L1Z4,0.5477559566497803
C00590,194,17,1139,I1JSS8,3847.I1JSS8,0.5477005839347839
C00590,194,18,3383,Q53B70,3847.Q53B70,0.5476669073104858
C00590,194,19,1839,I1LKT9,3847.I1LKT9,0.5476235747337341
C00590,194,20,1826,I1LJ54,3847.I1LJ54,0.5475393533706665
C00605,195,1,842,C6TIM5,3847.C6TIM5,0.7291454076766968
C00605,195,2,696,A0A0R4J5K2,3847.A0A0R4J5K2,0.7219551801681519
C00605,195,3,681,A0A0R4J4B4,3847.A0A0R4J4B4,0.7184974551200867
C00605,195,4,971,I1JCG8,3847.I1JCG8,0.7183612585067749
C00605,195,5,814,C6T8Y4,3847.C6T8Y4,0.71149742603302
C00605,195,6,686,A0A0R4J4Q1,3847.A0A0R4J4Q1,0.6755194067955017
C00605,195,7,671,A0A0R4J338,3847.A0A0R4J338,0.6751887798309326
C00605,195,8,3421,Q9SYR0,3847.Q9SYR0,0.6717673540115356
C00605,195,9,46,A0A0R0EM30,3847.A0A0R0EM30,0.6706424951553345
C00605,195,10,1578,I1KVY3,3847.I1KVY3,0.664588451385498
C00605,195,11,572,A0A0R0KKK6,3847.A0A0R0KKK6,0.6639872789382935
C00605,195,12,1318,I1K9R6,3847.I1K9R6,0.6625057458877563
C00605,195,13,695,A0A0R4J5H8,3847.A0A0R4J5H8,0.6600866317749023
C00605,195,14,846,C6TKA3,3847.C6TKA3,0.6595598459243774
C00605,195,15,694,A0A0R4J5H2,3847.A0A0R4J5H2,0.6569730639457703
C00605,195,16,2277,I1MSY9,3847.I1MSY9,0.6522932052612305
C00605,195,17,736,A0A368UIE7,3847.A0A368UIE7,0.6434661149978638
C00605,195,18,1442,I1KL62,3847.I1KL62,0.6366845369338989
C00605,195,19,2819,K7L9U2,3847.K7L9U2,0.6363146305084229
C00605,195,20,3351,Q2PMN8,3847.Q2PMN8,0.6362994313240051
C00613,196,1,842,C6TIM5,3847.C6TIM5,0.9157770276069641
C00613,196,2,681,A0A0R4J4B4,3847.A0A0R4J4B4,0.9097879528999329
C00613,196,3,971,I1JCG8,3847.I1JCG8,0.9095371961593628
C00613,196,4,696,A0A0R4J5K2,3847.A0A0R4J5K2,0.9036716818809509
C00613,196,5,814,C6T8Y4,3847.C6T8Y4,0.8804724812507629
C00613,196,6,3421,Q9SYR0,3847.Q9SYR0,0.8679701089859009
C00613,196,7,1934,I1LW34,3847.I1LW34,0.8407114744186401
C00613,196,8,2098,I1MAM5,3847.I1MAM5,0.8056471943855286
C00613,196,9,2097,I1MAM4,3847.I1MAM4,0.7992822527885437
C00613,196,10,3037,K7M5A2,3847.K7M5A2,0.7806998491287231
C00613,196,11,3174,K7MPN5,3847.K7MPN5,0.7794793844223022
C00613,196,12,2879,K7LIJ3,3847.K7LIJ3,0.7663987874984741
C00613,196,13,671,A0A0R4J338,3847.A0A0R4J338,0.7637765407562256
C00613,196,14,2277,I1MSY9,3847.I1MSY9,0.7519839406013489
C00613,196,15,46,A0A0R0EM30,3847.A0A0R0EM30,0.7491085529327393
C00613,196,16,572,A0A0R0KKK6,3847.A0A0R0KKK6,0.7482970952987671
C00613,196,17,1578,I1KVY3,3847.I1KVY3,0.7476480603218079
C00613,196,18,695,A0A0R4J5H8,3847.A0A0R4J5H8,0.7467628121376038
C00613,196,19,686,A0A0R4J4Q1,3847.A0A0R4J4Q1,0.7462660670280457
C00613,196,20,2602,K7KAN4,3847.K7KAN4,0.7446323037147522
C00631,197,1,842,C6TIM5,3847.C6TIM5,0.9015833139419556
C00631,197,2,681,A0A0R4J4B4,3847.A0A0R4J4B4,0.8993105888366699
C00631,197,3,971,I1JCG8,3847.I1JCG8,0.8984339833259583
C00631,197,4,696,A0A0R4J5K2,3847.A0A0R4J5K2,0.888073205947876
C00631,197,5,3421,Q9SYR0,3847.Q9SYR0,0.8615723848342896
C00631,197,6,814,C6T8Y4,3847.C6T8Y4,0.8576613664627075
C00631,197,7,1934,I1LW34,3847.I1LW34,0.8550839424133301
C00631,197,8,2098,I1MAM5,3847.I1MAM5,0.8214339017868042
C00631,197,9,2097,I1MAM4,3847.I1MAM4,0.8100566267967224
C00631,197,10,3174,K7MPN5,3847.K7MPN5,0.7708758115768433
C00631,197,11,3037,K7M5A2,3847.K7M5A2,0.7674564719200134
C00631,197,12,2879,K7LIJ3,3847.K7LIJ3,0.7410956621170044
C00631,197,13,2602,K7KAN4,3847.K7KAN4,0.7211230397224426
C00631,197,14,2277,I1MSY9,3847.I1MSY9,0.7037021517753601
C00631,197,15,2350,I1N0Y1,3847.I1N0Y1,0.6874246001243591
C00631,197,16,671,A0A0R4J338,3847.A0A0R4J338,0.6864216327667236
C00631,197,17,1721,I1L905,3847.I1L905,0.6731846332550049
C00631,197,18,1514,I1KQX3,3847.I1KQX3,0.6730207800865173
C00631,197,19,695,A0A0R4J5H8,3847.A0A0R4J5H8,0.6706480383872986
C00631,197,20,1578,I1KVY3,3847.I1KVY3,0.6687046885490417
C00636,198,1,842,C6TIM5,3847.C6TIM5,0.8017936944961548
C00636,198,2,681,A0A0R4J4B4,3847.A0A0R4J4B4,0.7969065308570862
C00636,198,3,971,I1JCG8,3847.I1JCG8,0.7947945594787598
C00636,198,4,696,A0A0R4J5K2,3847.A0A0R4J5K2,0.7909187078475952
C00636,198,5,814,C6T8Y4,3847.C6T8Y4,0.7655527591705322
C00636,198,6,3421,Q9SYR0,3847.Q9SYR0,0.7484597563743591
C00636,198,7,1934,I1LW34,3847.I1LW34,0.7254146337509155
C00636,198,8,2098,I1MAM5,3847.I1MAM5,0.7008547782897949
C00636,198,9,2097,I1MAM4,3847.I1MAM4,0.6954437494277954
C00636,198,10,3037,K7M5A2,3847.K7M5A2,0.6864107847213745
C00636,198,11,3174,K7MPN5,3847.K7MPN5,0.6851198673248291
C00636,198,12,2879,K7LIJ3,3847.K7LIJ3,0.6778126955032349
C00636,198,13,671,A0A0R4J338,3847.A0A0R4J338,0.6747654676437378
C00636,198,14,2277,I1MSY9,3847.I1MSY9,0.6698047518730164
C00636,198,15,572,A0A0R0KKK6,3847.A0A0R0KKK6,0.6683604717254639
C00636,198,16,686,A0A0R4J4Q1,3847.A0A0R4J4Q1,0.6661297082901001
C00636,198,17,46,A0A0R0EM30,3847.A0A0R0EM30,0.6637371182441711
C00636,198,18,1578,I1KVY3,3847.I1KVY3,0.663677453994751
C00636,198,19,695,A0A0R4J5H8,3847.A0A0R4J5H8,0.6630086302757263
C00636,198,20,1318,I1K9R6,3847.I1K9R6,0.6628297567367554
C00641,199,1,1058,I1JK97,3847.I1JK97,0.8660809397697449
C00641,199,2,1887,I1LRK5,3847.I1LRK5,0.8617718815803528
C00641,199,3,2061,I1M791,3847.I1M791,0.8593845963478088
C00641,199,4,3259,K7N016,3847.K7N016,0.8574171662330627
C00641,199,5,3096,K7MES8,3847.K7MES8,0.8567126393318176
C00641,199,6,3258,K7MZR6,3847.K7MZR6,0.8566150665283203
C00641,199,7,1408,I1KIC2,3847.I1KIC2,0.8560652136802673
C00641,199,8,1357,I1KCA7,3847.I1KCA7,0.8558766841888428
C00641,199,9,3412,Q9LKY4,3847.Q9LKY4,0.8558359742164612
C00641,199,10,2467,I1NC73,3847.I1NC73,0.855796217918396
C00641,199,11,1470,I1KN33,3847.I1KN33,0.8557257056236267
C00641,199,12,853,C6TNL5,3847.C6TNL5,0.8553523421287537
C00641,199,13,2064,I1M7D3,3847.I1M7D3,0.8550813794136047
C00641,199,14,2318,I1MWD6,3847.I1MWD6,0.8548277616500854
C00641,199,15,2897,K7LKV4,3847.K7LKV4,0.8546978235244751
C00641,199,16,1027,I1JHL5,3847.I1JHL5,0.8544685244560242
C00641,199,17,1226,I1K117,3847.I1K117,0.8543325066566467
C00641,199,18,1457,I1KLX7,3847.I1KLX7,0.8541556596755981
C00641,199,19,1744,I1LBG8,3847.I1LBG8,0.8540825843811035
C00641,199,20,2593,K7K997,3847.K7K997,0.8538762331008911
C00655,200,1,681,A0A0R4J4B4,3847.A0A0R4J4B4,0.8720209002494812
C00655,200,2,842,C6TIM5,3847.C6TIM5,0.8707435131072998
C00655,200,3,971,I1JCG8,3847.I1JCG8,0.8673655390739441
C00655,200,4,696,A0A0R4J5K2,3847.A0A0R4J5K2,0.8568838834762573
C00655,200,5,814,C6T8Y4,3847.C6T8Y4,0.8320955038070679
C00655,200,6,3421,Q9SYR0,3847.Q9SYR0,0.8249972462654114
C00655,200,7,1934,I1LW34,3847.I1LW34,0.8186463117599487
C00655,200,8,2098,I1MAM5,3847.I1MAM5,0.778224527835846
C00655,200,9,2097,I1MAM4,3847.I1MAM4,0.7682608366012573
C00655,200,10,3174,K7MPN5,3847.K7MPN5,0.7553447484970093
C00655,200,11,3037,K7M5A2,3847.K7M5A2,0.7481285929679871
C00655,200,12,2879,K7LIJ3,3847.K7LIJ3,0.7273510694503784
C00655,200,13,2602,K7KAN4,3847.K7KAN4,0.7094433307647705
C00655,200,14,671,A0A0R4J338,3847.A0A0R4J338,0.6940498948097229
C00655,200,15,2277,I1MSY9,3847.I1MSY9,0.6898003220558167
C00655,200,16,2350,I1N0Y1,3847.I1N0Y1,0.6864317655563354
C00655,200,17,46,A0A0R0EM30,3847.A0A0R0EM30,0.6748510599136353
C00655,200,18,695,A0A0R4J5H8,3847.A0A0R4J5H8,0.6738392114639282
C00655,200,19,1578,I1KVY3,3847.I1KVY3,0.6730971336364746
C00655,200,20,1721,I1L905,3847.I1L905,0.6723952889442444
C00658,201,1,842,C6TIM5,3847.C6TIM5,0.9374678134918213
C00658,201,2,681,A0A0R4J4B4,3847.A0A0R4J4B4,0.9367699027061462
C00658,201,3,971,I1JCG8,3847.I1JCG8,0.9363754987716675
C00658,201,4,1934,I1LW34,3847.I1LW34,0.9241455793380737
C00658,201,5,696,A0A0R4J5K2,3847.A0A0R4J5K2,0.920244038105011
C00658,201,6,3421,Q9SYR0,3847.Q9SYR0,0.9020106792449951
C00658,201,7,814,C6T8Y4,3847.C6T8Y4,0.892203688621521
C00658,201,8,2098,I1MAM5,3847.I1MAM5,0.8879867196083069
C00658,201,9,2097,I1MAM4,3847.I1MAM4,0.8716380596160889
C00658,201,10,1721,I1L905,3847.I1L905,0.8409247398376465
C00658,201,11,3174,K7MPN5,3847.K7MPN5,0.8134532570838928
C00658,201,12,3037,K7M5A2,3847.K7M5A2,0.8033192157745361
C00658,201,13,3263,K7N1N7,3847.K7N1N7,0.784957766532898
C00658,201,14,2350,I1N0Y1,3847.I1N0Y1,0.7569589018821716
C00658,201,15,2879,K7LIJ3,3847.K7LIJ3,0.7546961903572083
C00658,201,16,2602,K7KAN4,3847.K7KAN4,0.7412076592445374
C00658,201,17,3365,Q2PMU3,3847.Q2PMU3,0.7398873567581177
C00658,201,18,3364,Q2PMU2,3847.Q2PMU2,0.7245405912399292
C00658,201,19,3184,K7MQT5,3847.K7MQT5,0.7158181667327881
C00658,201,20,547,A0A0R0KCM6,3847.A0A0R0KCM6,0.7125109434127808
C00668,202,1,1058,I1JK97,3847.I1JK97,0.673621416091919
C00668,202,2,2467,I1NC73,3847.I1NC73,0.6666687726974487
C00668,202,3,1887,I1LRK5,3847.I1LRK5,0.6665740013122559
C00668,202,4,1408,I1KIC2,3847.I1KIC2,0.6651069521903992
C00668,202,5,2061,I1M791,3847.I1M791,0.6639500856399536
C00668,202,6,3258,K7MZR6,3847.K7MZR6,0.6615052223205566
C00668,202,7,2809,K7L8E8,3847.K7L8E8,0.6611704230308533
C00668,202,8,3259,K7N016,3847.K7N016,0.6610825061798096
C00668,202,9,2798,K7L6T7,3847.K7L6T7,0.6597878932952881
C00668,202,10,1744,I1LBG8,3847.I1LBG8,0.6594460606575012
C00668,202,11,3412,Q9LKY4,3847.Q9LKY4,0.6590704917907715
C00668,202,12,2533,I1NIT6,3847.I1NIT6,0.6589263677597046
C00668,202,13,3096,K7MES8,3847.K7MES8,0.6587384939193726
C00668,202,14,733,A0A368UIA4,3847.A0A368UIA4,0.6587327122688293
C00668,202,15,1149,I1JTZ3,3847.I1JTZ3,0.6581786274909973
C00668,202,16,2905,K7LMI9,3847.K7LMI9,0.6581113338470459
C00668,202,17,2897,K7LKV4,3847.K7LKV4,0.6579267382621765
C00668,202,18,2962,K7LV78,3847.K7LV78,0.6578198075294495
C00668,202,19,1431,I1KJX1,3847.I1KJX1,0.657807469367981
C00668,202,20,2271,I1MS93,3847.I1MS93,0.6578046679496765
C00712,203,1,681,A0A0R4J4B4,3847.A0A0R4J4B4,0.9503262639045715
C00712,203,2,971,I1JCG8,3847.I1JCG8,0.9489985108375549
C00712,203,3,842,C6TIM5,3847.C6TIM5,0.9487077593803406
C00712,203,4,1934,I1LW34,3847.I1LW34,0.9389975666999817
C00712,203,5,696,A0A0R4J5K2,3847.A0A0R4J5K2,0.934562623500824
C00712,203,6,3421,Q9SYR0,3847.Q9SYR0,0.920706570148468
C00712,203,7,814,C6T8Y4,3847.C6T8Y4,0.9052496552467346
C00712,203,8,2098,I1MAM5,3847.I1MAM5,0.904250979423523
C00712,203,9,2097,I1MAM4,3847.I1MAM4,0.8871897459030151
C00712,203,10,1721,I1L905,3847.I1L905,0.8538810014724731
C00712,203,11,3174,K7MPN5,3847.K7MPN5,0.834880530834198
C00712,203,12,3037,K7M5A2,3847.K7M5A2,0.8239989876747131
C00712,203,13,3263,K7N1N7,3847.K7N1N7,0.7802018523216248
C00712,203,14,2879,K7LIJ3,3847.K7LIJ3,0.7702135443687439
C00712,203,15,2350,I1N0Y1,3847.I1N0Y1,0.7605394124984741
C00712,203,16,2602,K7KAN4,3847.K7KAN4,0.7438993453979492
C00712,203,17,3365,Q2PMU3,3847.Q2PMU3,0.742151141166687
C00712,203,18,3364,Q2PMU2,3847.Q2PMU2,0.7274025082588196
C00712,203,19,3184,K7MQT5,3847.K7MQT5,0.7175638675689697
C00712,203,20,547,A0A0R0KCM6,3847.A0A0R0KCM6,0.7099484205245972
C00718,204,1,1058,I1JK97,3847.I1JK97,0.6008522510528564
C00718,204,2,2467,I1NC73,3847.I1NC73,0.5965101718902588
C00718,204,3,1408,I1KIC2,3847.I1KIC2,0.5908727645874023
C00718,204,4,2156,I1MFV2,3847.I1MFV2,0.5901004076004028
C00718,204,5,1887,I1LRK5,3847.I1LRK5,0.5884320139884949
C00718,204,6,3258,K7MZR6,3847.K7MZR6,0.5880689024925232
C00718,204,7,1744,I1LBG8,3847.I1LBG8,0.586786150932312
C00718,204,8,3412,Q9LKY4,3847.Q9LKY4,0.5856065154075623
C00718,204,9,1087,I1JNF9,3847.I1JNF9,0.5845239758491516
C00718,204,10,1149,I1JTZ3,3847.I1JTZ3,0.5843637585639954
C00718,204,11,2061,I1M791,3847.I1M791,0.5835382342338562
C00718,204,12,562,A0A0R0KHS2,3847.A0A0R0KHS2,0.5834405422210693
C00718,204,13,2897,K7LKV4,3847.K7LKV4,0.5833991169929504
C00718,204,14,2345,I1N0D5,3847.I1N0D5,0.5831460356712341
C00718,204,15,1219,I1K090,3847.I1K090,0.5827719569206238
C00718,204,16,1317,I1K9Q4,3847.I1K9Q4,0.5823549628257751
C00718,204,17,1054,I1JJV5,3847.I1JJV5,0.5822535157203674
C00718,204,18,2962,K7LV78,3847.K7LV78,0.5822250843048096
C00718,204,19,2809,K7L8E8,3847.K7L8E8,0.5821167230606079
C00718,204,20,853,C6TNL5,3847.C6TNL5,0.5819085836410522
C00814,205,1,1058,I1JK97,3847.I1JK97,0.6962757110595703
C00814,205,2,2467,I1NC73,3847.I1NC73,0.6931738257408142
C00814,205,3,2061,I1M791,3847.I1M791,0.6887797713279724
C00814,205,4,1408,I1KIC2,3847.I1KIC2,0.6873282194137573
C00814,205,5,3258,K7MZR6,3847.K7MZR6,0.6867001056671143
C00814,205,6,1887,I1LRK5,3847.I1LRK5,0.6862276196479797
C00814,205,7,3412,Q9LKY4,3847.Q9LKY4,0.6860424876213074
C00814,205,8,2271,I1MS93,3847.I1MS93,0.6859330534934998
C00814,205,9,1054,I1JJV5,3847.I1JJV5,0.6845093369483948
C00814,205,10,2905,K7LMI9,3847.K7LMI9,0.6844722032546997
C00814,205,11,2345,I1N0D5,3847.I1N0D5,0.6841354966163635
C00814,205,12,2558,K7K3L1,3847.K7K3L1,0.6839898228645325
C00814,205,13,2809,K7L8E8,3847.K7L8E8,0.683881938457489
C00814,205,14,1149,I1JTZ3,3847.I1JTZ3,0.6837748885154724
C00814,205,15,3096,K7MES8,3847.K7MES8,0.6837636232376099
C00814,205,16,1918,I1LV29,3847.I1LV29,0.6837201118469238
C00814,205,17,3059,K7M8N2,3847.K7M8N2,0.6837042570114136
C00814,205,18,2533,I1NIT6,3847.I1NIT6,0.6831077337265015
C00814,205,19,733,A0A368UIA4,3847.A0A368UIA4,0.6829968690872192
C00814,205,20,2897,K7LKV4,3847.K7LKV4,0.682899534702301
C00826,206,1,681,A0A0R4J4B4,3847.A0A0R4J4B4,0.9623647332191467
C00826,206,2,842,C6TIM5,3847.C6TIM5,0.9618767499923706
C00826,206,3,971,I1JCG8,3847.I1JCG8,0.9614595770835876
C00826,206,4,696,A0A0R4J5K2,3847.A0A0R4J5K2,0.951155960559845
C00826,206,5,1934,I1LW34,3847.I1LW34,0.9460315108299255
C00826,206,6,3421,Q9SYR0,3847.Q9SYR0,0.9331490993499756
C00826,206,7,814,C6T8Y4,3847.C6T8Y4,0.9277281761169434
C00826,206,8,2098,I1MAM5,3847.I1MAM5,0.9158055186271667
C00826,206,9,2097,I1MAM4,3847.I1MAM4,0.9031135439872742
C00826,206,10,1721,I1L905,3847.I1L905,0.8519574403762817
C00826,206,11,3174,K7MPN5,3847.K7MPN5,0.8505141139030457
C00826,206,12,3037,K7M5A2,3847.K7M5A2,0.8442001342773438
C00826,206,13,2879,K7LIJ3,3847.K7LIJ3,0.7967267632484436
C00826,206,14,2350,I1N0Y1,3847.I1N0Y1,0.7803395390510559
C00826,206,15,2602,K7KAN4,3847.K7KAN4,0.7784950733184814
C00826,206,16,3263,K7N1N7,3847.K7N1N7,0.7763769030570984
C00826,206,17,3365,Q2PMU3,3847.Q2PMU3,0.7569068670272827
C00826,206,18,3364,Q2PMU2,3847.Q2PMU2,0.7439504861831665
C00826,206,19,3184,K7MQT5,3847.K7MQT5,0.7425748705863953
C00826,206,20,2277,I1MSY9,3847.I1MSY9,0.7263393998146057
C00836,207,1,1290,I1K772,3847.I1K772,0.6042530536651611
C00836,207,2,2156,I1MFV2,3847.I1MFV2,0.5991782546043396
C00836,207,3,3310,P30081,3847.P30081,0.598650336265564
C00836,207,4,2232,I1MP44,3847.I1MP44,0.5985087752342224
C00836,207,5,2130,I1MDK4,3847.I1MDK4,0.5979223847389221
C00836,207,6,2516,I1NHH9,3847.I1NHH9,0.5976049304008484
C00836,207,7,3016,K7M1J7,3847.K7M1J7,0.5951113104820251
C00836,207,8,1864,I1LPE3,3847.I1LPE3,0.5948721766471863
C00836,207,9,1294,I1K7A4,3847.I1K7A4,0.5938454866409302
C00836,207,10,1754,I1LC39,3847.I1LC39,0.5937667489051819
C00836,207,11,3418,Q9SLR8,3847.Q9SLR8,0.5934394001960754
C00836,207,12,1139,I1JSS8,3847.I1JSS8,0.5929919481277466
C00836,207,13,1174,I1JW76,3847.I1JW76,0.5928574204444885
C00836,207,14,1881,I1LR32,3847.I1LR32,0.5920449495315552
C00836,207,15,893,H2BER4,3847.H2BER4,0.5917016267776489
C00836,207,16,773,B4Y5J7,3847.B4Y5J7,0.5915915966033936
C00836,207,17,3394,Q6X0M9,3847.Q6X0M9,0.5907299518585205
C00836,207,18,1795,I1LFY4,3847.I1LFY4,0.5903821587562561
C00836,207,19,2899,K7LL62,3847.K7LL62,0.590002715587616
C00836,207,20,1131,I1JS28,3847.I1JS28,0.5899744033813477
C00857,208,1,842,C6TIM5,3847.C6TIM5,0.8312203884124756
C00857,208,2,681,A0A0R4J4B4,3847.A0A0R4J4B4,0.8272749781608582
C00857,208,3,971,I1JCG8,3847.I1JCG8,0.8259445428848267
C00857,208,4,696,A0A0R4J5K2,3847.A0A0R4J5K2,0.8207281231880188
C00857,208,5,814,C6T8Y4,3847.C6T8Y4,0.7940549850463867
C00857,208,6,3421,Q9SYR0,3847.Q9SYR0,0.7775474786758423
C00857,208,7,1934,I1LW34,3847.I1LW34,0.7589116096496582
C00857,208,8,2098,I1MAM5,3847.I1MAM5,0.7301804423332214
C00857,208,9,2097,I1MAM4,3847.I1MAM4,0.7252308130264282
C00857,208,10,3037,K7M5A2,3847.K7M5A2,0.7096699476242065
C00857,208,11,3174,K7MPN5,3847.K7MPN5,0.7083724141120911
C00857,208,12,2879,K7LIJ3,3847.K7LIJ3,0.696681022644043
C00857,208,13,671,A0A0R4J338,3847.A0A0R4J338,0.688683271408081
C00857,208,14,2602,K7KAN4,3847.K7KAN4,0.6790338158607483
C00857,208,15,2277,I1MSY9,3847.I1MSY9,0.6785222291946411
C00857,208,16,1578,I1KVY3,3847.I1KVY3,0.6764624714851379
C00857,208,17,46,A0A0R0EM30,3847.A0A0R0EM30,0.6759095788002014
C00857,208,18,572,A0A0R0KKK6,3847.A0A0R0KKK6,0.6756550669670105
C00857,208,19,686,A0A0R4J4Q1,3847.A0A0R4J4Q1,0.6751399636268616
C00857,208,20,695,A0A0R4J5H8,3847.A0A0R4J5H8,0.6743773818016052
C00858,209,1,1058,I1JK97,3847.I1JK97,0.7275401949882507
C00858,209,2,2467,I1NC73,3847.I1NC73,0.7185102105140686
C00858,209,3,3412,Q9LKY4,3847.Q9LKY4,0.7171542048454285
C00858,209,4,1887,I1LRK5,3847.I1LRK5,0.7159289121627808
C00858,209,5,3259,K7N016,3847.K7N016,0.7151235342025757
C00858,209,6,853,C6TNL5,3847.C6TNL5,0.7141061425209045
C00858,209,7,3258,K7MZR6,3847.K7MZR6,0.7133781313896179
C00858,209,8,2271,I1MS93,3847.I1MS93,0.7131751179695129
C00858,209,9,2318,I1MWD6,3847.I1MWD6,0.7130013704299927
C00858,209,10,1149,I1JTZ3,3847.I1JTZ3,0.7126995921134949
C00858,209,11,2905,K7LMI9,3847.K7LMI9,0.7124297618865967
C00858,209,12,2886,K7LJR3,3847.K7LJR3,0.7122863531112671
C00858,209,13,733,A0A368UIA4,3847.A0A368UIA4,0.7122476696968079
C00858,209,14,2061,I1M791,3847.I1M791,0.7121765613555908
C00858,209,15,2809,K7L8E8,3847.K7L8E8,0.711988627910614
C00858,209,16,1470,I1KN33,3847.I1KN33,0.7115567326545715
C00858,209,17,1744,I1LBG8,3847.I1LBG8,0.7111850380897522
C00858,209,18,1054,I1JJV5,3847.I1JJV5,0.7111517786979675
C00858,209,19,1408,I1KIC2,3847.I1KIC2,0.7107599973678589
C00858,209,20,2558,K7K3L1,3847.K7K3L1,0.7105374336242676
C00954,210,1,2156,I1MFV2,3847.I1MFV2,0.5733610391616821
C00954,210,2,1058,I1JK97,3847.I1JK97,0.5695871710777283
C00954,210,3,562,A0A0R0KHS2,3847.A0A0R0KHS2,0.5683122277259827
C00954,210,4,1551,I1KTE1,3847.I1KTE1,0.5682491660118103
C00954,210,5,3205,K7MTY9,3847.K7MTY9,0.5673545598983765
C00954,210,6,2467,I1NC73,3847.I1NC73,0.5668129920959473
C00954,210,7,3149,K7MM15,3847.K7MM15,0.5655416250228882
C00954,210,8,993,I1JE21,3847.I1JE21,0.5646225214004517
C00954,210,9,1259,I1K4U7,3847.I1K4U7,0.5636131167411804
C00954,210,10,1791,I1LFN3,3847.I1LFN3,0.563341498374939
C00954,210,11,888,D4Q9Z5,3847.D4Q9Z5,0.5630748867988586
C00954,210,12,3207,K7MU28,3847.K7MU28,0.5629382133483887
C00954,210,13,1317,I1K9Q4,3847.I1K9Q4,0.5628819465637207
C00954,210,14,1698,I1L6S2,3847.I1L6S2,0.5628237724304199
C00954,210,15,895,I1J3X8,3847.I1J3X8,0.5627500414848328
C00954,210,16,3258,K7MZR6,3847.K7MZR6,0.5626529455184937
C00954,210,17,2684,K7KNQ7,3847.K7KNQ7,0.5624551773071289
C00954,210,18,2413,I1N6I1,3847.I1N6I1,0.5623471736907959
C00954,210,19,2279,I1MT93,3847.I1MT93,0.561837375164032
C00954,210,20,722,A0A368UHE2,3847.A0A368UHE2,0.5616411566734314
C00974,211,1,681,A0A0R4J4B4,3847.A0A0R4J4B4,0.8233798742294312
C00974,211,2,842,C6TIM5,3847.C6TIM5,0.8220646977424622
C00974,211,3,971,I1JCG8,3847.I1JCG8,0.8197820782661438
C00974,211,4,696,A0A0R4J5K2,3847.A0A0R4J5K2,0.8056085109710693
C00974,211,5,1934,I1LW34,3847.I1LW34,0.7896006107330322
C00974,211,6,814,C6T8Y4,3847.C6T8Y4,0.7788921594619751
C00974,211,7,3421,Q9SYR0,3847.Q9SYR0,0.7781672477722168
C00974,211,8,2098,I1MAM5,3847.I1MAM5,0.7521888017654419
C00974,211,9,2097,I1MAM4,3847.I1MAM4,0.740174412727356
C00974,211,10,3174,K7MPN5,3847.K7MPN5,0.7137207388877869
C00974,211,11,3037,K7M5A2,3847.K7M5A2,0.7026841044425964
C00974,211,12,1721,I1L905,3847.I1L905,0.6981697082519531
C00974,211,13,2879,K7LIJ3,3847.K7LIJ3,0.681459903717041
C00974,211,14,2350,I1N0Y1,3847.I1N0Y1,0.6684598326683044
C00974,211,15,2602,K7KAN4,3847.K7KAN4,0.6680718660354614
C00974,211,16,3263,K7N1N7,3847.K7N1N7,0.6561127305030823
C00974,211,17,3184,K7MQT5,3847.K7MQT5,0.6450435519218445
C00974,211,18,3365,Q2PMU3,3847.Q2PMU3,0.6435242295265198
C00974,211,19,2277,I1MSY9,3847.I1MSY9,0.6423532366752625
C00974,211,20,3364,Q2PMU2,3847.Q2PMU2,0.6351097822189331
C00996,212,1,681,A0A0R4J4B4,3847.A0A0R4J4B4,0.9375383853912354
C00996,212,2,842,C6TIM5,3847.C6TIM5,0.93682461977005
C00996,212,3,971,I1JCG8,3847.I1JCG8,0.9358120560646057
C00996,212,4,696,A0A0R4J5K2,3847.A0A0R4J5K2,0.9232687950134277
C00996,212,5,1934,I1LW34,3847.I1LW34,0.9147132039070129
C00996,212,6,3421,Q9SYR0,3847.Q9SYR0,0.8992295861244202
C00996,212,7,814,C6T8Y4,3847.C6T8Y4,0.8951426148414612
C00996,212,8,2098,I1MAM5,3847.I1MAM5,0.8796380162239075
C00996,212,9,2097,I1MAM4,3847.I1MAM4,0.8662142753601074
C00996,212,10,3174,K7MPN5,3847.K7MPN5,0.8158878684043884
C00996,212,11,1721,I1L905,3847.I1L905,0.8099727034568787
C00996,212,12,3037,K7M5A2,3847.K7M5A2,0.8070021271705627
C00996,212,13,2879,K7LIJ3,3847.K7LIJ3,0.7640544176101685
C00996,212,14,2602,K7KAN4,3847.K7KAN4,0.7481913566589355
C00996,212,15,2350,I1N0Y1,3847.I1N0Y1,0.7480446696281433
C00996,212,16,3263,K7N1N7,3847.K7N1N7,0.7290868759155273
C00996,212,17,3365,Q2PMU3,3847.Q2PMU3,0.7165733575820923
C00996,212,18,3184,K7MQT5,3847.K7MQT5,0.7064617276191711
C00996,212,19,3364,Q2PMU2,3847.Q2PMU2,0.7022345066070557
C00996,212,20,2277,I1MSY9,3847.I1MSY9,0.6948787569999695
C00999,213,1,681,A0A0R4J4B4,3847.A0A0R4J4B4,0.9436290264129639
C00999,213,2,842,C6TIM5,3847.C6TIM5,0.9430850744247437
C00999,213,3,971,I1JCG8,3847.I1JCG8,0.9420005083084106
C00999,213,4,696,A0A0R4J5K2,3847.A0A0R4J5K2,0.9303103089332581
C00999,213,5,1934,I1LW34,3847.I1LW34,0.9213642477989197
C00999,213,6,3421,Q9SYR0,3847.Q9SYR0,0.9079146981239319
C00999,213,7,814,C6T8Y4,3847.C6T8Y4,0.9016150236129761
C00999,213,8,2098,I1MAM5,3847.I1MAM5,0.888909637928009
C00999,213,9,2097,I1MAM4,3847.I1MAM4,0.8750858306884766
C00999,213,10,1721,I1L905,3847.I1L905,0.8209781646728516
C00999,213,11,3174,K7MPN5,3847.K7MPN5,0.8206527233123779
C00999,213,12,3037,K7M5A2,3847.K7M5A2,0.8131197094917297
C00999,213,13,2879,K7LIJ3,3847.K7LIJ3,0.7691124081611633
C00999,213,14,2602,K7KAN4,3847.K7KAN4,0.7515302300453186
C00999,213,15,2350,I1N0Y1,3847.I1N0Y1,0.7509604692459106
C00999,213,16,3263,K7N1N7,3847.K7N1N7,0.7396348714828491
C00999,213,17,3365,Q2PMU3,3847.Q2PMU3,0.7302400469779968
C00999,213,18,3364,Q2PMU2,3847.Q2PMU2,0.7180085778236389
C00999,213,19,3184,K7MQT5,3847.K7MQT5,0.7161685228347778
C00999,213,20,2277,I1MSY9,3847.I1MSY9,0.7044857740402222
C01004,214,1,842,C6TIM5,3847.C6TIM5,0.7818021178245544
C01004,214,2,681,A0A0R4J4B4,3847.A0A0R4J4B4,0.778293251991272
C01004,214,3,971,I1JCG8,3847.I1JCG8,0.7755637168884277
C01004,214,4,696,A0A0R4J5K2,3847.A0A0R4J5K2,0.7706204056739807
C01004,214,5,814,C6T8Y4,3847.C6T8Y4,0.748487114906311
C01004,214,6,3421,Q9SYR0,3847.Q9SYR0,0.7344475388526917
C01004,214,7,1934,I1LW34,3847.I1LW34,0.7242409586906433
C01004,214,8,2098,I1MAM5,3847.I1MAM5,0.6952518224716187
C01004,214,9,2097,I1MAM4,3847.I1MAM4,0.6880865693092346
C01004,214,10,3037,K7M5A2,3847.K7M5A2,0.6793222427368164
C01004,214,11,3174,K7MPN5,3847.K7MPN5,0.6781702637672424
C01004,214,12,2879,K7LIJ3,3847.K7LIJ3,0.6686139106750488
C01004,214,13,671,A0A0R4J338,3847.A0A0R4J338,0.6555598974227905
C01004,214,14,2602,K7KAN4,3847.K7KAN4,0.6533286571502686
C01004,214,15,572,A0A0R0KKK6,3847.A0A0R0KKK6,0.6468993425369263
C01004,214,16,2277,I1MSY9,3847.I1MSY9,0.6455176472663879
C01004,214,17,1578,I1KVY3,3847.I1KVY3,0.6434084177017212
C01004,214,18,46,A0A0R0EM30,3847.A0A0R0EM30,0.6425305604934692
C01004,214,19,695,A0A0R4J5H8,3847.A0A0R4J5H8,0.6419910192489624
C01004,214,20,846,C6TKA3,3847.C6TKA3,0.6385208964347839
C01054,215,1,681,A0A0R4J4B4,3847.A0A0R4J4B4,0.9336171746253967
C01054,215,2,971,I1JCG8,3847.I1JCG8,0.932801365852356
C01054,215,3,842,C6TIM5,3847.C6TIM5,0.9322159886360168
C01054,215,4,1934,I1LW34,3847.I1LW34,0.9262595176696777
C01054,215,5,696,A0A0R4J5K2,3847.A0A0R4J5K2,0.914890468120575
C01054,215,6,3421,Q9SYR0,3847.Q9SYR0,0.8983081579208374
C01054,215,7,2098,I1MAM5,3847.I1MAM5,0.8904619812965393
C01054,215,8,814,C6T8Y4,3847.C6T8Y4,0.8771052956581116
C01054,215,9,2097,I1MAM4,3847.I1MAM4,0.872976541519165
C01054,215,10,1721,I1L905,3847.I1L905,0.859725296497345
C01054,215,11,3174,K7MPN5,3847.K7MPN5,0.807666003704071
C01054,215,12,3037,K7M5A2,3847.K7M5A2,0.795916736125946
C01054,215,13,3263,K7N1N7,3847.K7N1N7,0.7958915829658508
C01054,215,14,2350,I1N0Y1,3847.I1N0Y1,0.7476228475570679
C01054,215,15,3365,Q2PMU3,3847.Q2PMU3,0.738128125667572
C01054,215,16,2879,K7LIJ3,3847.K7LIJ3,0.7356255650520325
C01054,215,17,547,A0A0R0KCM6,3847.A0A0R0KCM6,0.7252535223960876
C01054,215,18,3364,Q2PMU2,3847.Q2PMU2,0.7224297523498535
C01054,215,19,2602,K7KAN4,3847.K7KAN4,0.7183948159217834
C01054,215,20,3184,K7MQT5,3847.K7MQT5,0.7006039023399353
C01081,216,1,681,A0A0R4J4B4,3847.A0A0R4J4B4,0.8608552813529968
C01081,216,2,842,C6TIM5,3847.C6TIM5,0.858908474445343
C01081,216,3,971,I1JCG8,3847.I1JCG8,0.8582425117492676
C01081,216,4,696,A0A0R4J5K2,3847.A0A0R4J5K2,0.8430824279785156
C01081,216,5,1934,I1LW34,3847.I1LW34,0.8324386477470398
C01081,216,6,814,C6T8Y4,3847.C6T8Y4,0.8156076073646545
C01081,216,7,3421,Q9SYR0,3847.Q9SYR0,0.8146312832832336
C01081,216,8,2098,I1MAM5,3847.I1MAM5,0.7912898063659668
C01081,216,9,2097,I1MAM4,3847.I1MAM4,0.7786783576011658
C01081,216,10,3174,K7MPN5,3847.K7MPN5,0.7432900071144104
C01081,216,11,1721,I1L905,3847.I1L905,0.7403030395507812
C01081,216,12,3037,K7M5A2,3847.K7M5A2,0.736697793006897
C01081,216,13,2879,K7LIJ3,3847.K7LIJ3,0.7023835778236389
C01081,216,14,2350,I1N0Y1,3847.I1N0Y1,0.6972134113311768
C01081,216,15,3263,K7N1N7,3847.K7N1N7,0.694812536239624
C01081,216,16,2602,K7KAN4,3847.K7KAN4,0.6935083866119385
C01081,216,17,3184,K7MQT5,3847.K7MQT5,0.6669301986694336
C01081,216,18,3365,Q2PMU3,3847.Q2PMU3,0.6657720804214478
C01081,216,19,3364,Q2PMU2,3847.Q2PMU2,0.6549571752548218
C01081,216,20,2277,I1MSY9,3847.I1MSY9,0.6497631072998047
C01134,217,1,1058,I1JK97,3847.I1JK97,0.8497089743614197
C01134,217,2,2061,I1M791,3847.I1M791,0.8407610058784485
C01134,217,3,2533,I1NIT6,3847.I1NIT6,0.8401513695716858
C01134,217,4,1408,I1KIC2,3847.I1KIC2,0.839857816696167
C01134,217,5,1887,I1LRK5,3847.I1LRK5,0.8395015001296997
C01134,217,6,3412,Q9LKY4,3847.Q9LKY4,0.8387359976768494
C01134,217,7,1095,I1JP50,3847.I1JP50,0.8386298418045044
C01134,217,8,2467,I1NC73,3847.I1NC73,0.8377491235733032
C01134,217,9,3259,K7N016,3847.K7N016,0.83770751953125
C01134,217,10,3096,K7MES8,3847.K7MES8,0.8375082015991211
C01134,217,11,2318,I1MWD6,3847.I1MWD6,0.8374773859977722
C01134,217,12,278,A0A0R0H2F3,3847.A0A0R0H2F3,0.8373482823371887
C01134,217,13,2644,K7KGV1,3847.K7KGV1,0.8372887969017029
C01134,217,14,1194,I1JY21,3847.I1JY21,0.8367231488227844
C01134,217,15,3258,K7MZR6,3847.K7MZR6,0.8364109396934509
C01134,217,16,1470,I1KN33,3847.I1KN33,0.8363486528396606
C01134,217,17,853,C6TNL5,3847.C6TNL5,0.8363058567047119
C01134,217,18,1054,I1JJV5,3847.I1JJV5,0.8362767696380615
C01134,217,19,1149,I1JTZ3,3847.I1JTZ3,0.8360932469367981
C01134,217,20,2345,I1N0D5,3847.I1N0D5,0.8357329964637756
C01167,218,1,1058,I1JK97,3847.I1JK97,0.6714737415313721
C01167,218,2,2467,I1NC73,3847.I1NC73,0.6638358235359192
C01167,218,3,1408,I1KIC2,3847.I1KIC2,0.6579717397689819
C01167,218,4,1149,I1JTZ3,3847.I1JTZ3,0.6579596400260925
C01167,218,5,3258,K7MZR6,3847.K7MZR6,0.6572771668434143
C01167,218,6,1087,I1JNF9,3847.I1JNF9,0.6564577221870422
C01167,218,7,2271,I1MS93,3847.I1MS93,0.6554941534996033
C01167,218,8,1470,I1KN33,3847.I1KN33,0.6553962230682373
C01167,218,9,3412,Q9LKY4,3847.Q9LKY4,0.6550487279891968
C01167,218,10,2061,I1M791,3847.I1M791,0.6548298001289368
C01167,218,11,2886,K7LJR3,3847.K7LJR3,0.6541709899902344
C01167,218,12,1054,I1JJV5,3847.I1JJV5,0.6538955569267273
C01167,218,13,1744,I1LBG8,3847.I1LBG8,0.6535449028015137
C01167,218,14,2897,K7LKV4,3847.K7LKV4,0.6533414721488953
C01167,218,15,1887,I1LRK5,3847.I1LRK5,0.6530293822288513
C01167,218,16,2027,I1M3S3,3847.I1M3S3,0.6528699994087219
C01167,218,17,2064,I1M7D3,3847.I1M7D3,0.6528151631355286
C01167,218,18,853,C6TNL5,3847.C6TNL5,0.6526085734367371
C01167,218,19,1049,I1JJG5,3847.I1JJG5,0.6525311470031738
C01167,218,20,2905,K7LMI9,3847.K7LMI9,0.6524134278297424
C01172,219,1,842,C6TIM5,3847.C6TIM5,0.8217504024505615
C01172,219,2,681,A0A0R4J4B4,3847.A0A0R4J4B4,0.8168494701385498
C01172,219,3,971,I1JCG8,3847.I1JCG8,0.8144988417625427
C01172,219,4,696,A0A0R4J5K2,3847.A0A0R4J5K2,0.8057363629341125
C01172,219,5,814,C6T8Y4,3847.C6T8Y4,0.780788779258728
C01172,219,6,3421,Q9SYR0,3847.Q9SYR0,0.7685383558273315
C01172,219,7,1934,I1LW34,3847.I1LW34,0.7567103505134583
C01172,219,8,2098,I1MAM5,3847.I1MAM5,0.7276062369346619
C01172,219,9,2097,I1MAM4,3847.I1MAM4,0.7187861800193787
C01172,219,10,3174,K7MPN5,3847.K7MPN5,0.6948335766792297
C01172,219,11,3037,K7M5A2,3847.K7M5A2,0.6930622458457947
C01172,219,12,2879,K7LIJ3,3847.K7LIJ3,0.6784687042236328
C01172,219,13,2602,K7KAN4,3847.K7KAN4,0.6658486723899841
C01172,219,14,2277,I1MSY9,3847.I1MSY9,0.6557551026344299
C01172,219,15,671,A0A0R4J338,3847.A0A0R4J338,0.6463638544082642
C01172,219,16,1514,I1KQX3,3847.I1KQX3,0.6338133215904236
C01172,219,17,695,A0A0R4J5H8,3847.A0A0R4J5H8,0.6328137516975403
C01172,219,18,686,A0A0R4J4Q1,3847.A0A0R4J4Q1,0.6313709020614624
C01172,219,19,46,A0A0R0EM30,3847.A0A0R0EM30,0.630887508392334
C01172,219,20,1578,I1KVY3,3847.I1KVY3,0.6304774284362793
C01177,220,1,842,C6TIM5,3847.C6TIM5,0.7579114437103271
C01177,220,2,696,A0A0R4J5K2,3847.A0A0R4J5K2,0.748236894607544
C01177,220,3,971,I1JCG8,3847.I1JCG8,0.7439996600151062
C01177,220,4,681,A0A0R4J4B4,3847.A0A0R4J4B4,0.7438229322433472
C01177,220,5,814,C6T8Y4,3847.C6T8Y4,0.7289229035377502
C01177,220,6,3421,Q9SYR0,3847.Q9SYR0,0.6938769221305847
C01177,220,7,686,A0A0R4J4Q1,3847.A0A0R4J4Q1,0.6904478073120117
C01177,220,8,671,A0A0R4J338,3847.A0A0R4J338,0.6843447685241699
C01177,220,9,1318,I1K9R6,3847.I1K9R6,0.6788456439971924
C01177,220,10,46,A0A0R0EM30,3847.A0A0R0EM30,0.6780668497085571
C01177,220,11,1578,I1KVY3,3847.I1KVY3,0.6777272820472717
C01177,220,12,572,A0A0R0KKK6,3847.A0A0R0KKK6,0.6750432848930359
C01177,220,13,695,A0A0R4J5H8,3847.A0A0R4J5H8,0.6746395826339722
C01177,220,14,846,C6TKA3,3847.C6TKA3,0.6701990365982056
C01177,220,15,2277,I1MSY9,3847.I1MSY9,0.6672854423522949
C01177,220,16,694,A0A0R4J5H2,3847.A0A0R4J5H2,0.6634649634361267
C01177,220,17,2879,K7LIJ3,3847.K7LIJ3,0.6503970623016357
C01177,220,18,736,A0A368UIE7,3847.A0A368UIE7,0.6470551490783691
C01177,220,19,1442,I1KL62,3847.I1KL62,0.646176815032959
C01177,220,20,2819,K7L9U2,3847.K7L9U2,0.644734263420105
C01179,221,1,681,A0A0R4J4B4,3847.A0A0R4J4B4,0.9348506927490234
C01179,221,2,842,C6TIM5,3847.C6TIM5,0.934287965297699
C01179,221,3,971,I1JCG8,3847.I1JCG8,0.9337742924690247
C01179,221,4,1934,I1LW34,3847.I1LW34,0.9273540377616882
C01179,221,5,696,A0A0R4J5K2,3847.A0A0R4J5K2,0.9180647134780884
C01179,221,6,3421,Q9SYR0,3847.Q9SYR0,0.9018464684486389
C01179,221,7,2098,I1MAM5,3847.I1MAM5,0.8921443223953247
C01179,221,8,814,C6T8Y4,3847.C6T8Y4,0.8857458829879761
C01179,221,9,2097,I1MAM4,3847.I1MAM4,0.8762129545211792
C01179,221,10,1721,I1L905,3847.I1L905,0.8542516827583313
C01179,221,11,3174,K7MPN5,3847.K7MPN5,0.8161903619766235
C01179,221,12,3037,K7M5A2,3847.K7M5A2,0.8054131269454956
C01179,221,13,3263,K7N1N7,3847.K7N1N7,0.8004850745201111
C01179,221,14,2350,I1N0Y1,3847.I1N0Y1,0.7563881874084473
C01179,221,15,2879,K7LIJ3,3847.K7LIJ3,0.752046525478363
C01179,221,16,3365,Q2PMU3,3847.Q2PMU3,0.7436510324478149
C01179,221,17,2602,K7KAN4,3847.K7KAN4,0.7361794114112854
C01179,221,18,3364,Q2PMU2,3847.Q2PMU2,0.7290173768997192
C01179,221,19,547,A0A0R0KCM6,3847.A0A0R0KCM6,0.7245551943778992
C01179,221,20,3184,K7MQT5,3847.K7MQT5,0.7140406370162964
C01185,222,1,842,C6TIM5,3847.C6TIM5,0.7827746868133545
C01185,222,2,971,I1JCG8,3847.I1JCG8,0.7793182134628296
C01185,222,3,681,A0A0R4J4B4,3847.A0A0R4J4B4,0.7790716290473938
C01185,222,4,696,A0A0R4J5K2,3847.A0A0R4J5K2,0.7688456177711487
C01185,222,5,814,C6T8Y4,3847.C6T8Y4,0.7448854446411133
C01185,222,6,3421,Q9SYR0,3847.Q9SYR0,0.7410634756088257
C01185,222,7,1934,I1LW34,3847.I1LW34,0.7322630882263184
C01185,222,8,2098,I1MAM5,3847.I1MAM5,0.7007386684417725
C01185,222,9,2097,I1MAM4,3847.I1MAM4,0.6947108507156372
C01185,222,10,3174,K7MPN5,3847.K7MPN5,0.678840696811676
C01185,222,11,3037,K7M5A2,3847.K7M5A2,0.675937831401825
C01185,222,12,2879,K7LIJ3,3847.K7LIJ3,0.6614258289337158
C01185,222,13,2602,K7KAN4,3847.K7KAN4,0.6486685872077942
C01185,222,14,671,A0A0R4J338,3847.A0A0R4J338,0.6464874744415283
C01185,222,15,2277,I1MSY9,3847.I1MSY9,0.6414332985877991
C01185,222,16,695,A0A0R4J5H8,3847.A0A0R4J5H8,0.6330444812774658
C01185,222,17,1578,I1KVY3,3847.I1KVY3,0.6320232152938843
C01185,222,18,46,A0A0R0EM30,3847.A0A0R0EM30,0.6313138008117676
C01185,222,19,572,A0A0R0KKK6,3847.A0A0R0KKK6,0.6312260627746582
C01185,222,20,1318,I1K9R6,3847.I1K9R6,0.6298124194145203
C01194,223,1,1058,I1JK97,3847.I1JK97,0.8990694880485535
C01194,223,2,2061,I1M791,3847.I1M791,0.8949642181396484
C01194,223,3,1887,I1LRK5,3847.I1LRK5,0.8937819004058838
C01194,223,4,3412,Q9LKY4,3847.Q9LKY4,0.8929686546325684
C01194,223,5,2533,I1NIT6,3847.I1NIT6,0.8928943872451782
C01194,223,6,2467,I1NC73,3847.I1NC73,0.8927866220474243
C01194,223,7,3096,K7MES8,3847.K7MES8,0.892677366733551
C01194,223,8,2345,I1N0D5,3847.I1N0D5,0.892399787902832
C01194,223,9,278,A0A0R0H2F3,3847.A0A0R0H2F3,0.8921709656715393
C01194,223,10,3059,K7M8N2,3847.K7M8N2,0.891830325126648
C01194,223,11,1408,I1KIC2,3847.I1KIC2,0.8914124369621277
C01194,223,12,2558,K7K3L1,3847.K7K3L1,0.8910107612609863
C01194,223,13,3259,K7N016,3847.K7N016,0.8908510208129883
C01194,223,14,2318,I1MWD6,3847.I1MWD6,0.8907610177993774
C01194,223,15,1470,I1KN33,3847.I1KN33,0.8906844854354858
C01194,223,16,2903,K7LLZ3,3847.K7LLZ3,0.8905218243598938
C01194,223,17,2644,K7KGV1,3847.K7KGV1,0.8904877305030823
C01194,223,18,853,C6TNL5,3847.C6TNL5,0.8902275562286377
C01194,223,19,2027,I1M3S3,3847.I1M3S3,0.8901380300521851
C01194,223,20,1194,I1JY21,3847.I1JY21,0.8900492191314697
C01204,224,1,2156,I1MFV2,3847.I1MFV2,0.5718482136726379
C01204,224,2,1551,I1KTE1,3847.I1KTE1,0.569537341594696
C01204,224,3,562,A0A0R0KHS2,3847.A0A0R0KHS2,0.567879319190979
C01204,224,4,1058,I1JK97,3847.I1JK97,0.5649930834770203
C01204,224,5,3205,K7MTY9,3847.K7MTY9,0.5649114847183228
C01204,224,6,2467,I1NC73,3847.I1NC73,0.5647906064987183
C01204,224,7,3207,K7MU28,3847.K7MU28,0.5626533627510071
C01204,224,8,3149,K7MM15,3847.K7MM15,0.56167072057724
C01204,224,9,1259,I1K4U7,3847.I1K4U7,0.5614185333251953
C01204,224,10,1698,I1L6S2,3847.I1L6S2,0.5610330104827881
C01204,224,11,1791,I1LFN3,3847.I1LFN3,0.5608383417129517
C01204,224,12,2279,I1MT93,3847.I1MT93,0.5608253479003906
C01204,224,13,895,I1J3X8,3847.I1J3X8,0.5607367157936096
C01204,224,14,1841,I1LLE0,3847.I1LLE0,0.5605157613754272
C01204,224,15,993,I1JE21,3847.I1JE21,0.560482919216156
C01204,224,16,1153,I1JUE0,3847.I1JUE0,0.5602215528488159
C01204,224,17,1784,I1LEK0,3847.I1LEK0,0.560114860534668
C01204,224,18,1077,I1JMA7,3847.I1JMA7,0.5600480437278748
C01204,224,19,1317,I1K9Q4,3847.I1K9Q4,0.5600001811981201
C01204,224,20,2413,I1N6I1,3847.I1N6I1,0.5598374605178833
C01209,225,1,842,C6TIM5,3847.C6TIM5,0.6887558102607727
C01209,225,2,696,A0A0R4J5K2,3847.A0A0R4J5K2,0.6740674376487732
C01209,225,3,681,A0A0R4J4B4,3847.A0A0R4J4B4,0.6728028059005737
C01209,225,4,971,I1JCG8,3847.I1JCG8,0.6724324822425842
C01209,225,5,814,C6T8Y4,3847.C6T8Y4,0.6665488481521606
C01209,225,6,3421,Q9SYR0,3847.Q9SYR0,0.6373472809791565
C01209,225,7,686,A0A0R4J4Q1,3847.A0A0R4J4Q1,0.622126579284668
C01209,225,8,671,A0A0R4J338,3847.A0A0R4J338,0.6157834529876709
C01209,225,9,2277,I1MSY9,3847.I1MSY9,0.6139113306999207
C01209,225,10,1318,I1K9R6,3847.I1K9R6,0.6072375774383545
C01209,225,11,46,A0A0R0EM30,3847.A0A0R0EM30,0.6059536337852478
C01209,225,12,1578,I1KVY3,3847.I1KVY3,0.6058933734893799
C01209,225,13,695,A0A0R4J5H8,3847.A0A0R4J5H8,0.6045382022857666
C01209,225,14,694,A0A0R4J5H2,3847.A0A0R4J5H2,0.6007753610610962
C01209,225,15,572,A0A0R0KKK6,3847.A0A0R0KKK6,0.6000789999961853
C01209,225,16,846,C6TKA3,3847.C6TKA3,0.5988389253616333
C01209,225,17,2879,K7LIJ3,3847.K7LIJ3,0.59656822681427
C01209,225,18,1934,I1LW34,3847.I1LW34,0.5929327011108398
C01209,225,19,1442,I1KL62,3847.I1KL62,0.592510998249054
C01209,225,20,3037,K7M5A2,3847.K7M5A2,0.5901612639427185
C01235,226,1,310,A0A0R0HFU2,3847.A0A0R0HFU2,0.5209149718284607
C01235,226,2,1551,I1KTE1,3847.I1KTE1,0.519849956035614
C01235,226,3,296,A0A0R0HBG9,3847.A0A0R0HBG9,0.5193143486976624
C01235,226,4,1158,I1JUN7,3847.I1JUN7,0.5183559060096741
C01235,226,5,562,A0A0R0KHS2,3847.A0A0R0KHS2,0.518073558807373
C01235,226,6,3293,O81980,3847.O81980,0.5180486440658569
C01235,226,7,2711,K7KTX9,3847.K7KTX9,0.5175740718841553
C01235,226,8,3127,K7MJI4,3847.K7MJI4,0.516395092010498
C01235,226,9,128,A0A0R0FH08,3847.A0A0R0FH08,0.5160040855407715
C01235,226,10,2227,I1MNT3,3847.I1MNT3,0.5156860947608948
C01235,226,11,2156,I1MFV2,3847.I1MFV2,0.5156702995300293
C01235,226,12,3205,K7MTY9,3847.K7MTY9,0.5155702233314514
C01235,226,13,3114,K7MHK0,3847.K7MHK0,0.5148616433143616
C01235,226,14,506,A0A0R0JVB4,3847.A0A0R0JVB4,0.5148607492446899
C01235,226,15,2847,K7LDY3,3847.K7LDY3,0.51481693983078
C01235,226,16,1038,I1JID0,3847.I1JID0,0.5146881937980652
C01235,226,17,1270,I1K5A7,3847.I1K5A7,0.5146439075469971
C01235,226,18,409,A0A0R0IMB6,3847.A0A0R0IMB6,0.5146259665489197
C01235,226,19,993,I1JE21,3847.I1JE21,0.5141945481300354
C01235,226,20,235,A0A0R0GI21,3847.A0A0R0GI21,0.5140092372894287
C01245,227,1,1038,I1JID0,3847.I1JID0,0.5127944350242615
C01245,227,2,296,A0A0R0HBG9,3847.A0A0R0HBG9,0.5123158097267151
C01245,227,3,310,A0A0R0HFU2,3847.A0A0R0HFU2,0.5115830302238464
C01245,227,4,1158,I1JUN7,3847.I1JUN7,0.5104835629463196
C01245,227,5,3127,K7MJI4,3847.K7MJI4,0.5101093649864197
C01245,227,6,1831,I1LJH6,3847.I1LJH6,0.5100247263908386
C01245,227,7,235,A0A0R0GI21,3847.A0A0R0GI21,0.5087116360664368
C01245,227,8,3114,K7MHK0,3847.K7MHK0,0.5085724592208862
C01245,227,9,2711,K7KTX9,3847.K7KTX9,0.5085123777389526
C01245,227,10,654,A0A0R0LGF8,3847.A0A0R0LGF8,0.5083327889442444
C01245,227,11,1270,I1K5A7,3847.I1K5A7,0.5071342587471008
C01245,227,12,877,C6ZRU5,3847.C6ZRU5,0.5064725279808044
C01245,227,13,1214,I1JZZ2,3847.I1JZZ2,0.5064023733139038
C01245,227,14,1551,I1KTE1,3847.I1KTE1,0.5058484673500061
C01245,227,15,506,A0A0R0JVB4,3847.A0A0R0JVB4,0.5056699514389038
C01245,227,16,1718,I1L8R4,3847.I1L8R4,0.505618691444397
C01245,227,17,878,C6ZRV6,3847.C6ZRV6,0.5052376389503479
C01245,227,18,2847,K7LDY3,3847.K7LDY3,0.5052272081375122
C01245,227,19,1384,I1KFV4,3847.I1KFV4,0.5050278902053833
C01245,227,20,3293,O81980,3847.O81980,0.5048982501029968
C01271,228,1,842,C6TIM5,3847.C6TIM5,0.7718730568885803
C01271,228,2,696,A0A0R4J5K2,3847.A0A0R4J5K2,0.7652863264083862
C01271,228,3,681,A0A0R4J4B4,3847.A0A0R4J4B4,0.7650666236877441
C01271,228,4,971,I1JCG8,3847.I1JCG8,0.762891411781311
C01271,228,5,814,C6T8Y4,3847.C6T8Y4,0.7444022297859192
C01271,228,6,3421,Q9SYR0,3847.Q9SYR0,0.7215343713760376
C01271,228,7,671,A0A0R4J338,3847.A0A0R4J338,0.6916081309318542
C01271,228,8,572,A0A0R0KKK6,3847.A0A0R0KKK6,0.686028778553009
C01271,228,9,1934,I1LW34,3847.I1LW34,0.6859827041625977
C01271,228,10,46,A0A0R0EM30,3847.A0A0R0EM30,0.6841995120048523
C01271,228,11,686,A0A0R4J4Q1,3847.A0A0R4J4Q1,0.6840391159057617
C01271,228,12,1578,I1KVY3,3847.I1KVY3,0.6817649006843567
C01271,228,13,1318,I1K9R6,3847.I1K9R6,0.6817403435707092
C01271,228,14,695,A0A0R4J5H8,3847.A0A0R4J5H8,0.6789448261260986
C01271,228,15,846,C6TKA3,3847.C6TKA3,0.6760737299919128
C01271,228,16,3037,K7M5A2,3847.K7M5A2,0.6690250635147095
C01271,228,17,2879,K7LIJ3,3847.K7LIJ3,0.6689019799232483
C01271,228,18,694,A0A0R4J5H2,3847.A0A0R4J5H2,0.6673852205276489
C01271,228,19,2097,I1MAM4,3847.I1MAM4,0.6671411991119385
C01271,228,20,2098,I1MAM5,3847.I1MAM5,0.66695636510849
C01272,229,1,1058,I1JK97,3847.I1JK97,0.6237520575523376
C01272,229,2,2467,I1NC73,3847.I1NC73,0.6187124252319336
C01272,229,3,3258,K7MZR6,3847.K7MZR6,0.6126044392585754
C01272,229,4,1887,I1LRK5,3847.I1LRK5,0.612262487411499
C01272,229,5,3412,Q9LKY4,3847.Q9LKY4,0.6115214824676514
C01272,229,6,1408,I1KIC2,3847.I1KIC2,0.6114047765731812
C01272,229,7,1149,I1JTZ3,3847.I1JTZ3,0.6111694574356079
C01272,229,8,2809,K7L8E8,3847.K7L8E8,0.6109969615936279
C01272,229,9,2962,K7LV78,3847.K7LV78,0.6104920506477356
C01272,229,10,2271,I1MS93,3847.I1MS93,0.6102201342582703
C01272,229,11,1087,I1JNF9,3847.I1JNF9,0.609604001045227
C01272,229,12,3259,K7N016,3847.K7N016,0.6095365881919861
C01272,229,13,1744,I1LBG8,3847.I1LBG8,0.6094334125518799
C01272,229,14,2147,I1MF71,3847.I1MF71,0.6093718409538269
C01272,229,15,2886,K7LJR3,3847.K7LJR3,0.6089567542076111
C01272,229,16,853,C6TNL5,3847.C6TNL5,0.6087120771408081
C01272,229,17,2905,K7LMI9,3847.K7LMI9,0.6086727976799011
C01272,229,18,2869,K7LGQ9,3847.K7LGQ9,0.608391523361206
C01272,229,19,2061,I1M791,3847.I1M791,0.6083725690841675
C01272,229,20,1470,I1KN33,3847.I1KN33,0.6078919768333435
C01277,230,1,1058,I1JK97,3847.I1JK97,0.5885282158851624
C01277,230,2,2467,I1NC73,3847.I1NC73,0.5832598805427551
C01277,230,3,2156,I1MFV2,3847.I1MFV2,0.5832043290138245
C01277,230,4,1887,I1LRK5,3847.I1LRK5,0.5789845585823059
C01277,230,5,2061,I1M791,3847.I1M791,0.5788336396217346
C01277,230,6,3258,K7MZR6,3847.K7MZR6,0.5785201191902161
C01277,230,7,1408,I1KIC2,3847.I1KIC2,0.5783456563949585
C01277,230,8,3205,K7MTY9,3847.K7MTY9,0.5780012607574463
C01277,230,9,1087,I1JNF9,3847.I1JNF9,0.5774725675582886
C01277,230,10,2809,K7L8E8,3847.K7L8E8,0.5771189332008362
C01277,230,11,1551,I1KTE1,3847.I1KTE1,0.577054500579834
C01277,230,12,562,A0A0R0KHS2,3847.A0A0R0KHS2,0.5766835808753967
C01277,230,13,3259,K7N016,3847.K7N016,0.5764254927635193
C01277,230,14,1149,I1JTZ3,3847.I1JTZ3,0.5761472582817078
C01277,230,15,1744,I1LBG8,3847.I1LBG8,0.5760432481765747
C01277,230,16,1470,I1KN33,3847.I1KN33,0.5755393505096436
C01277,230,17,722,A0A368UHE2,3847.A0A368UHE2,0.5749355554580688
C01277,230,18,2962,K7LV78,3847.K7LV78,0.574489176273346
C01277,230,19,2147,I1MF71,3847.I1MF71,0.5742304921150208
C01277,230,20,2271,I1MS93,3847.I1MS93,0.5739046931266785
C01284,231,1,1058,I1JK97,3847.I1JK97,0.7301120758056641
C01284,231,2,1887,I1LRK5,3847.I1LRK5,0.7202108502388
C01284,231,3,2467,I1NC73,3847.I1NC73,0.7196044921875
C01284,231,4,3412,Q9LKY4,3847.Q9LKY4,0.717933714389801
C01284,231,5,3258,K7MZR6,3847.K7MZR6,0.7174954414367676
C01284,231,6,1408,I1KIC2,3847.I1KIC2,0.7168104648590088
C01284,231,7,1744,I1LBG8,3847.I1LBG8,0.7162596583366394
C01284,231,8,1149,I1JTZ3,3847.I1JTZ3,0.715999186038971
C01284,231,9,2061,I1M791,3847.I1M791,0.7158657908439636
C01284,231,10,853,C6TNL5,3847.C6TNL5,0.7157220840454102
C01284,231,11,2809,K7L8E8,3847.K7L8E8,0.7154932022094727
C01284,231,12,1470,I1KN33,3847.I1KN33,0.715273916721344
C01284,231,13,3259,K7N016,3847.K7N016,0.7150378823280334
C01284,231,14,2886,K7LJR3,3847.K7LJR3,0.7149341106414795
C01284,231,15,2345,I1N0D5,3847.I1N0D5,0.7144930362701416
C01284,231,16,2962,K7LV78,3847.K7LV78,0.7139835357666016
C01284,231,17,2897,K7LKV4,3847.K7LKV4,0.7139273881912231
C01284,231,18,1087,I1JNF9,3847.I1JNF9,0.713236391544342
C01284,231,19,2271,I1MS93,3847.I1MS93,0.7130584716796875
C01284,231,20,733,A0A368UIA4,3847.A0A368UIA4,0.712481677532196
C01290,232,1,1058,I1JK97,3847.I1JK97,0.7634009718894958
C01290,232,2,2061,I1M791,3847.I1M791,0.7548840045928955
C01290,232,3,2467,I1NC73,3847.I1NC73,0.7544599771499634
C01290,232,4,3412,Q9LKY4,3847.Q9LKY4,0.7540988922119141
C01290,232,5,3258,K7MZR6,3847.K7MZR6,0.7519723773002625
C01290,232,6,1408,I1KIC2,3847.I1KIC2,0.7519432306289673
C01290,232,7,1887,I1LRK5,3847.I1LRK5,0.7517831921577454
C01290,232,8,853,C6TNL5,3847.C6TNL5,0.7515938878059387
C01290,232,9,1470,I1KN33,3847.I1KN33,0.7514233589172363
C01290,232,10,2809,K7L8E8,3847.K7L8E8,0.7511532306671143
C01290,232,11,3096,K7MES8,3847.K7MES8,0.7503610849380493
C01290,232,12,1149,I1JTZ3,3847.I1JTZ3,0.7502617239952087
C01290,232,13,1744,I1LBG8,3847.I1LBG8,0.750065803527832
C01290,232,14,2345,I1N0D5,3847.I1N0D5,0.7499793767929077
C01290,232,15,2271,I1MS93,3847.I1MS93,0.7497771382331848
C01290,232,16,3259,K7N016,3847.K7N016,0.74937903881073
C01290,232,17,2897,K7LKV4,3847.K7LKV4,0.7485817670822144
C01290,232,18,3059,K7M8N2,3847.K7M8N2,0.7485336065292358
C01290,232,19,2433,I1N937,3847.I1N937,0.7484183311462402
C01290,232,20,1054,I1JJV5,3847.I1JJV5,0.7483333945274353
C01335,233,1,842,C6TIM5,3847.C6TIM5,0.7288886308670044
C01335,233,2,696,A0A0R4J5K2,3847.A0A0R4J5K2,0.7189136743545532
C01335,233,3,681,A0A0R4J4B4,3847.A0A0R4J4B4,0.7154181003570557
C01335,233,4,971,I1JCG8,3847.I1JCG8,0.7139747142791748
C01335,233,5,814,C6T8Y4,3847.C6T8Y4,0.6988316178321838
C01335,233,6,3421,Q9SYR0,3847.Q9SYR0,0.6688470840454102
C01335,233,7,686,A0A0R4J4Q1,3847.A0A0R4J4Q1,0.6471772789955139
C01335,233,8,2277,I1MSY9,3847.I1MSY9,0.6405159831047058
C01335,233,9,671,A0A0R4J338,3847.A0A0R4J338,0.6402749419212341
C01335,233,10,1318,I1K9R6,3847.I1K9R6,0.6376280784606934
C01335,233,11,46,A0A0R0EM30,3847.A0A0R0EM30,0.6353343725204468
C01335,233,12,572,A0A0R0KKK6,3847.A0A0R0KKK6,0.63445645570755
C01335,233,13,695,A0A0R4J5H8,3847.A0A0R4J5H8,0.633294939994812
C01335,233,14,1578,I1KVY3,3847.I1KVY3,0.6325701475143433
C01335,233,15,846,C6TKA3,3847.C6TKA3,0.625439465045929
C01335,233,16,1934,I1LW34,3847.I1LW34,0.6239086985588074
C01335,233,17,2879,K7LIJ3,3847.K7LIJ3,0.6226179599761963
C01335,233,18,3037,K7M5A2,3847.K7M5A2,0.6218578815460205
C01335,233,19,694,A0A0R4J5H2,3847.A0A0R4J5H2,0.617762565612793
C01335,233,20,2098,I1MAM5,3847.I1MAM5,0.6174279451370239
C01352,234,1,681,A0A0R4J4B4,3847.A0A0R4J4B4,0.6268189549446106
C01352,234,2,842,C6TIM5,3847.C6TIM5,0.6224116683006287
C01352,234,3,696,A0A0R4J5K2,3847.A0A0R4J5K2,0.6188291311264038
C01352,234,4,971,I1JCG8,3847.I1JCG8,0.618742823600769
C01352,234,5,814,C6T8Y4,3847.C6T8Y4,0.6138396859169006
C01352,234,6,3421,Q9SYR0,3847.Q9SYR0,0.5993565917015076
C01352,234,7,671,A0A0R4J338,3847.A0A0R4J338,0.5935651659965515
C01352,234,8,1934,I1LW34,3847.I1LW34,0.5929574370384216
C01352,234,9,572,A0A0R0KKK6,3847.A0A0R0KKK6,0.5904554128646851
C01352,234,10,3174,K7MPN5,3847.K7MPN5,0.5900170207023621
C01352,234,11,846,C6TKA3,3847.C6TKA3,0.5899421572685242
C01352,234,12,695,A0A0R4J5H8,3847.A0A0R4J5H8,0.5876068472862244
C01352,234,13,46,A0A0R0EM30,3847.A0A0R0EM30,0.5858309864997864
C01352,234,14,1578,I1KVY3,3847.I1KVY3,0.5853767395019531
C01352,234,15,686,A0A0R4J4Q1,3847.A0A0R4J4Q1,0.5851134657859802
C01352,234,16,3037,K7M5A2,3847.K7M5A2,0.5849581956863403
C01352,234,17,694,A0A0R4J5H2,3847.A0A0R4J5H2,0.5849089026451111
C01352,234,18,3347,Q2PMN4,3847.Q2PMN4,0.5846256017684937
C01352,234,19,2879,K7LIJ3,3847.K7LIJ3,0.5841622948646545
C01352,234,20,1318,I1K9R6,3847.I1K9R6,0.5836189389228821
C01419,235,1,681,A0A0R4J4B4,3847.A0A0R4J4B4,0.9080674052238464
C01419,235,2,971,I1JCG8,3847.I1JCG8,0.9060686230659485
C01419,235,3,842,C6TIM5,3847.C6TIM5,0.9044714570045471
C01419,235,4,1934,I1LW34,3847.I1LW34,0.8957117795944214
C01419,235,5,696,A0A0R4J5K2,3847.A0A0R4J5K2,0.8874105215072632
C01419,235,6,3421,Q9SYR0,3847.Q9SYR0,0.8697793483734131
C01419,235,7,2098,I1MAM5,3847.I1MAM5,0.8558472990989685
C01419,235,8,814,C6T8Y4,3847.C6T8Y4,0.8543523550033569
C01419,235,9,2097,I1MAM4,3847.I1MAM4,0.8400172591209412
C01419,235,10,1721,I1L905,3847.I1L905,0.826545774936676
C01419,235,11,3174,K7MPN5,3847.K7MPN5,0.7866542339324951
C01419,235,12,3263,K7N1N7,3847.K7N1N7,0.7859377861022949
C01419,235,13,3037,K7M5A2,3847.K7M5A2,0.7737954258918762
C01419,235,14,2350,I1N0Y1,3847.I1N0Y1,0.7317404747009277
C01419,235,15,2879,K7LIJ3,3847.K7LIJ3,0.7255698442459106
C01419,235,16,3365,Q2PMU3,3847.Q2PMU3,0.718883216381073
C01419,235,17,547,A0A0R0KCM6,3847.A0A0R0KCM6,0.7138394117355347
C01419,235,18,2602,K7KAN4,3847.K7KAN4,0.7092174291610718
C01419,235,19,3364,Q2PMU2,3847.Q2PMU2,0.7044784426689148
C01419,235,20,3184,K7MQT5,3847.K7MQT5,0.6914238333702087
C01528,236,1,681,A0A0R4J4B4,3847.A0A0R4J4B4,0.8830322027206421
C01528,236,2,971,I1JCG8,3847.I1JCG8,0.8822904229164124
C01528,236,3,842,C6TIM5,3847.C6TIM5,0.88102787733078
C01528,236,4,1934,I1LW34,3847.I1LW34,0.8653013110160828
C01528,236,5,696,A0A0R4J5K2,3847.A0A0R4J5K2,0.8640296459197998
C01528,236,6,3421,Q9SYR0,3847.Q9SYR0,0.8402248024940491
C01528,236,7,814,C6T8Y4,3847.C6T8Y4,0.8349176645278931
C01528,236,8,2098,I1MAM5,3847.I1MAM5,0.8211938738822937
C01528,236,9,2097,I1MAM4,3847.I1MAM4,0.8056666851043701
C01528,236,10,1721,I1L905,3847.I1L905,0.7926045656204224
C01528,236,11,3174,K7MPN5,3847.K7MPN5,0.7665579319000244
C01528,236,12,3037,K7M5A2,3847.K7M5A2,0.7571560144424438
C01528,236,13,3263,K7N1N7,3847.K7N1N7,0.7519260048866272
C01528,236,14,2879,K7LIJ3,3847.K7LIJ3,0.7166293263435364
C01528,236,15,2350,I1N0Y1,3847.I1N0Y1,0.7161975502967834
C01528,236,16,2602,K7KAN4,3847.K7KAN4,0.7021723985671997
C01528,236,17,3365,Q2PMU3,3847.Q2PMU3,0.7002111077308655
C01528,236,18,547,A0A0R0KCM6,3847.A0A0R0KCM6,0.6905098557472229
C01528,236,19,3364,Q2PMU2,3847.Q2PMU2,0.687882661819458
C01528,236,20,3184,K7MQT5,3847.K7MQT5,0.6840053200721741
C01595,237,1,842,C6TIM5,3847.C6TIM5,0.6415221095085144
C01595,237,2,681,A0A0R4J4B4,3847.A0A0R4J4B4,0.6402743458747864
C01595,237,3,971,I1JCG8,3847.I1JCG8,0.6396112442016602
C01595,237,4,696,A0A0R4J5K2,3847.A0A0R4J5K2,0.6353326439857483
C01595,237,5,814,C6T8Y4,3847.C6T8Y4,0.6318116784095764
C01595,237,6,3421,Q9SYR0,3847.Q9SYR0,0.6227428913116455
C01595,237,7,1934,I1LW34,3847.I1LW34,0.6165968179702759
C01595,237,8,3174,K7MPN5,3847.K7MPN5,0.6036803126335144
C01595,237,9,671,A0A0R4J338,3847.A0A0R4J338,0.6004035472869873
C01595,237,10,2098,I1MAM5,3847.I1MAM5,0.6000807285308838
C01595,237,11,2097,I1MAM4,3847.I1MAM4,0.5990351438522339
C01595,237,12,3037,K7M5A2,3847.K7M5A2,0.5978054404258728
C01595,237,13,572,A0A0R0KKK6,3847.A0A0R0KKK6,0.5959542393684387
C01595,237,14,2879,K7LIJ3,3847.K7LIJ3,0.5953847765922546
C01595,237,15,46,A0A0R0EM30,3847.A0A0R0EM30,0.5932413935661316
C01595,237,16,1578,I1KVY3,3847.I1KVY3,0.5929480195045471
C01595,237,17,695,A0A0R4J5H8,3847.A0A0R4J5H8,0.5927561521530151
C01595,237,18,2602,K7KAN4,3847.K7KAN4,0.5927421450614929
C01595,237,19,846,C6TKA3,3847.C6TKA3,0.5926393270492554
C01595,237,20,1318,I1K9R6,3847.I1K9R6,0.5915573239326477
C01617,238,1,681,A0A0R4J4B4,3847.A0A0R4J4B4,0.8045162558555603
C01617,238,2,842,C6TIM5,3847.C6TIM5,0.8040642738342285
C01617,238,3,971,I1JCG8,3847.I1JCG8,0.8030994534492493
C01617,238,4,1934,I1LW34,3847.I1LW34,0.7903427481651306
C01617,238,5,696,A0A0R4J5K2,3847.A0A0R4J5K2,0.7845965623855591
C01617,238,6,3421,Q9SYR0,3847.Q9SYR0,0.7696763873100281
C01617,238,7,814,C6T8Y4,3847.C6T8Y4,0.757922351360321
C01617,238,8,2098,I1MAM5,3847.I1MAM5,0.74602210521698
C01617,238,9,2097,I1MAM4,3847.I1MAM4,0.7323108911514282
C01617,238,10,1721,I1L905,3847.I1L905,0.7139660120010376
C01617,238,11,3174,K7MPN5,3847.K7MPN5,0.7016872763633728
C01617,238,12,3037,K7M5A2,3847.K7M5A2,0.6944209337234497
C01617,238,13,3263,K7N1N7,3847.K7N1N7,0.6766036748886108
C01617,238,14,2879,K7LIJ3,3847.K7LIJ3,0.6650987267494202
C01617,238,15,2350,I1N0Y1,3847.I1N0Y1,0.6624309420585632
C01617,238,16,3365,Q2PMU3,3847.Q2PMU3,0.6502928137779236
C01617,238,17,2602,K7KAN4,3847.K7KAN4,0.6496971845626831
C01617,238,18,3364,Q2PMU2,3847.Q2PMU2,0.6449978351593018
C01617,238,19,1604,I1KY39,3847.I1KY39,0.6448842883110046
C01617,238,20,3184,K7MQT5,3847.K7MQT5,0.6366817951202393
C01832,239,1,842,C6TIM5,3847.C6TIM5,0.6689778566360474
C01832,239,2,696,A0A0R4J5K2,3847.A0A0R4J5K2,0.6615193486213684
C01832,239,3,971,I1JCG8,3847.I1JCG8,0.6585572957992554
C01832,239,4,681,A0A0R4J4B4,3847.A0A0R4J4B4,0.6580213904380798
C01832,239,5,814,C6T8Y4,3847.C6T8Y4,0.6491636037826538
C01832,239,6,671,A0A0R4J338,3847.A0A0R4J338,0.623664140701294
C01832,239,7,3421,Q9SYR0,3847.Q9SYR0,0.6232682466506958
C01832,239,8,686,A0A0R4J4Q1,3847.A0A0R4J4Q1,0.620899498462677
C01832,239,9,572,A0A0R0KKK6,3847.A0A0R0KKK6,0.6178990602493286
C01832,239,10,1578,I1KVY3,3847.I1KVY3,0.616030216217041
C01832,239,11,695,A0A0R4J5H8,3847.A0A0R4J5H8,0.6160022020339966
C01832,239,12,1318,I1K9R6,3847.I1K9R6,0.6159122586250305
C01832,239,13,46,A0A0R0EM30,3847.A0A0R0EM30,0.6152017712593079
C01832,239,14,846,C6TKA3,3847.C6TKA3,0.6116881370544434
C01832,239,15,694,A0A0R4J5H2,3847.A0A0R4J5H2,0.609006941318512
C01832,239,16,2277,I1MSY9,3847.I1MSY9,0.6056152582168579
C01832,239,17,2879,K7LIJ3,3847.K7LIJ3,0.6008124351501465
C01832,239,18,3037,K7M5A2,3847.K7M5A2,0.5977222323417664
C01832,239,19,736,A0A368UIE7,3847.A0A368UIE7,0.5970786213874817
C01832,239,20,3174,K7MPN5,3847.K7MPN5,0.5962986946105957
C01944,240,1,842,C6TIM5,3847.C6TIM5,0.6629723906517029
C01944,240,2,696,A0A0R4J5K2,3847.A0A0R4J5K2,0.6569310426712036
C01944,240,3,971,I1JCG8,3847.I1JCG8,0.6558465361595154
C01944,240,4,681,A0A0R4J4B4,3847.A0A0R4J4B4,0.6542116403579712
C01944,240,5,814,C6T8Y4,3847.C6T8Y4,0.6483219861984253
C01944,240,6,3421,Q9SYR0,3847.Q9SYR0,0.6243883371353149
C01944,240,7,686,A0A0R4J4Q1,3847.A0A0R4J4Q1,0.6202362179756165
C01944,240,8,671,A0A0R4J338,3847.A0A0R4J338,0.6196259260177612
C01944,240,9,46,A0A0R0EM30,3847.A0A0R0EM30,0.6122583746910095
C01944,240,10,1578,I1KVY3,3847.I1KVY3,0.6102076172828674
C01944,240,11,1318,I1K9R6,3847.I1K9R6,0.6100860834121704
C01944,240,12,846,C6TKA3,3847.C6TKA3,0.6097263097763062
C01944,240,13,694,A0A0R4J5H2,3847.A0A0R4J5H2,0.6096841096878052
C01944,240,14,695,A0A0R4J5H8,3847.A0A0R4J5H8,0.6090437173843384
C01944,240,15,572,A0A0R0KKK6,3847.A0A0R0KKK6,0.6086338758468628
C01944,240,16,2277,I1MSY9,3847.I1MSY9,0.603336751461029
C01944,240,17,2879,K7LIJ3,3847.K7LIJ3,0.6017658114433289
C01944,240,18,1934,I1LW34,3847.I1LW34,0.6002539992332458
C01944,240,19,736,A0A368UIE7,3847.A0A368UIE7,0.5994559526443481
C01944,240,20,3174,K7MPN5,3847.K7MPN5,0.5982224345207214
C01977,241,1,842,C6TIM5,3847.C6TIM5,0.8202244639396667
C01977,241,2,681,A0A0R4J4B4,3847.A0A0R4J4B4,0.8149988651275635
C01977,241,3,971,I1JCG8,3847.I1JCG8,0.8135715126991272
C01977,241,4,696,A0A0R4J5K2,3847.A0A0R4J5K2,0.8049349784851074
C01977,241,5,814,C6T8Y4,3847.C6T8Y4,0.781074583530426
C01977,241,6,3421,Q9SYR0,3847.Q9SYR0,0.7734953165054321
C01977,241,7,1934,I1LW34,3847.I1LW34,0.7640484571456909
C01977,241,8,2098,I1MAM5,3847.I1MAM5,0.7312521934509277
C01977,241,9,2097,I1MAM4,3847.I1MAM4,0.7249079346656799
C01977,241,10,3174,K7MPN5,3847.K7MPN5,0.7052462100982666
C01977,241,11,3037,K7M5A2,3847.K7M5A2,0.6996276378631592
C01977,241,12,2879,K7LIJ3,3847.K7LIJ3,0.685367226600647
C01977,241,13,2602,K7KAN4,3847.K7KAN4,0.6758111119270325
C01977,241,14,671,A0A0R4J338,3847.A0A0R4J338,0.6690073609352112
C01977,241,15,2277,I1MSY9,3847.I1MSY9,0.66787189245224
C01977,241,16,46,A0A0R0EM30,3847.A0A0R0EM30,0.661780595779419
C01977,241,17,695,A0A0R4J5H8,3847.A0A0R4J5H8,0.6607670783996582
C01977,241,18,1578,I1KVY3,3847.I1KVY3,0.6581466197967529
C01977,241,19,1318,I1K9R6,3847.I1K9R6,0.6571826934814453
C01977,241,20,572,A0A0R0KKK6,3847.A0A0R0KKK6,0.6570675373077393
C02128,242,1,1058,I1JK97,3847.I1JK97,0.7640475630760193
C02128,242,2,1887,I1LRK5,3847.I1LRK5,0.7523030042648315
C02128,242,3,1470,I1KN33,3847.I1KN33,0.7520912885665894
C02128,242,4,3259,K7N016,3847.K7N016,0.7502733469009399
C02128,242,5,1408,I1KIC2,3847.I1KIC2,0.7498051524162292
C02128,242,6,3258,K7MZR6,3847.K7MZR6,0.7497829794883728
C02128,242,7,2809,K7L8E8,3847.K7L8E8,0.748718798160553
C02128,242,8,853,C6TNL5,3847.C6TNL5,0.7479430437088013
C02128,242,9,3412,Q9LKY4,3847.Q9LKY4,0.7477824687957764
C02128,242,10,2467,I1NC73,3847.I1NC73,0.7475252747535706
C02128,242,11,1744,I1LBG8,3847.I1LBG8,0.7470945715904236
C02128,242,12,733,A0A368UIA4,3847.A0A368UIA4,0.7469664216041565
C02128,242,13,1087,I1JNF9,3847.I1JNF9,0.7469256520271301
C02128,242,14,2271,I1MS93,3847.I1MS93,0.746471643447876
C02128,242,15,2318,I1MWD6,3847.I1MWD6,0.7464516758918762
C02128,242,16,2061,I1M791,3847.I1M791,0.7463831901550293
C02128,242,17,3096,K7MES8,3847.K7MES8,0.7459060549736023
C02128,242,18,2967,K7LVT0,3847.K7LVT0,0.745896577835083
C02128,242,19,2064,I1M7D3,3847.I1M7D3,0.7458140254020691
C02128,242,20,1149,I1JTZ3,3847.I1JTZ3,0.7456937432289124
C02139,243,1,842,C6TIM5,3847.C6TIM5,0.8515537977218628
C02139,243,2,971,I1JCG8,3847.I1JCG8,0.8514233231544495
C02139,243,3,681,A0A0R4J4B4,3847.A0A0R4J4B4,0.8514091968536377
C02139,243,4,1934,I1LW34,3847.I1LW34,0.837904155254364
C02139,243,5,696,A0A0R4J5K2,3847.A0A0R4J5K2,0.8300759196281433
C02139,243,6,3421,Q9SYR0,3847.Q9SYR0,0.8121761679649353
C02139,243,7,814,C6T8Y4,3847.C6T8Y4,0.7976056337356567
C02139,243,8,2098,I1MAM5,3847.I1MAM5,0.7936028242111206
C02139,243,9,2097,I1MAM4,3847.I1MAM4,0.7772902250289917
C02139,243,10,1721,I1L905,3847.I1L905,0.7489858269691467
C02139,243,11,3174,K7MPN5,3847.K7MPN5,0.7304478883743286
C02139,243,12,3037,K7M5A2,3847.K7M5A2,0.7195088267326355
C02139,243,13,3263,K7N1N7,3847.K7N1N7,0.6972601413726807
C02139,243,14,2350,I1N0Y1,3847.I1N0Y1,0.6847601532936096
C02139,243,15,2879,K7LIJ3,3847.K7LIJ3,0.6795341968536377
C02139,243,16,2602,K7KAN4,3847.K7KAN4,0.6686176657676697
C02139,243,17,3365,Q2PMU3,3847.Q2PMU3,0.6642318964004517
C02139,243,18,3184,K7MQT5,3847.K7MQT5,0.6519885063171387
C02139,243,19,3364,Q2PMU2,3847.Q2PMU2,0.6512691378593445
C02139,243,20,547,A0A0R0KCM6,3847.A0A0R0KCM6,0.6472508311271667
C02188,244,1,842,C6TIM5,3847.C6TIM5,0.7178058624267578
C02188,244,2,681,A0A0R4J4B4,3847.A0A0R4J4B4,0.7147049307823181
C02188,244,3,971,I1JCG8,3847.I1JCG8,0.71247798204422
C02188,244,4,696,A0A0R4J5K2,3847.A0A0R4J5K2,0.710029661655426
C02188,244,5,814,C6T8Y4,3847.C6T8Y4,0.6966924071311951
C02188,244,6,3421,Q9SYR0,3847.Q9SYR0,0.6747946739196777
C02188,244,7,1934,I1LW34,3847.I1LW34,0.653026819229126
C02188,244,8,671,A0A0R4J338,3847.A0A0R4J338,0.6475773453712463
C02188,244,9,686,A0A0R4J4Q1,3847.A0A0R4J4Q1,0.6395553350448608
C02188,244,10,1578,I1KVY3,3847.I1KVY3,0.6384234428405762
C02188,244,11,46,A0A0R0EM30,3847.A0A0R0EM30,0.638418972492218
C02188,244,12,846,C6TKA3,3847.C6TKA3,0.6378787159919739
C02188,244,13,3174,K7MPN5,3847.K7MPN5,0.6378596425056458
C02188,244,14,695,A0A0R4J5H8,3847.A0A0R4J5H8,0.6377724409103394
C02188,244,15,572,A0A0R0KKK6,3847.A0A0R0KKK6,0.636760413646698
C02188,244,16,3037,K7M5A2,3847.K7M5A2,0.6357020139694214
C02188,244,17,1318,I1K9R6,3847.I1K9R6,0.6356112360954285
C02188,244,18,2879,K7LIJ3,3847.K7LIJ3,0.635276198387146
C02188,244,19,2098,I1MAM5,3847.I1MAM5,0.6327694654464722
C02188,244,20,2097,I1MAM4,3847.I1MAM4,0.6325544118881226
C02325,245,1,1058,I1JK97,3847.I1JK97,0.8398647904396057
C02325,245,2,1887,I1LRK5,3847.I1LRK5,0.8325179219245911
C02325,245,3,3259,K7N016,3847.K7N016,0.831623375415802
C02325,245,4,1408,I1KIC2,3847.I1KIC2,0.8297691941261292
C02325,245,5,2061,I1M791,3847.I1M791,0.8295445442199707
C02325,245,6,278,A0A0R0H2F3,3847.A0A0R0H2F3,0.8291217684745789
C02325,245,7,3258,K7MZR6,3847.K7MZR6,0.8288240432739258
C02325,245,8,3096,K7MES8,3847.K7MES8,0.8287273049354553
C02325,245,9,3412,Q9LKY4,3847.Q9LKY4,0.8286440372467041
C02325,245,10,2467,I1NC73,3847.I1NC73,0.8284074664115906
C02325,245,11,1470,I1KN33,3847.I1KN33,0.8283932209014893
C02325,245,12,2318,I1MWD6,3847.I1MWD6,0.8283839225769043
C02325,245,13,1226,I1K117,3847.I1K117,0.8279886245727539
C02325,245,14,853,C6TNL5,3847.C6TNL5,0.8279101848602295
C02325,245,15,733,A0A368UIA4,3847.A0A368UIA4,0.8278812170028687
C02325,245,16,1149,I1JTZ3,3847.I1JTZ3,0.8276458382606506
C02325,245,17,2897,K7LKV4,3847.K7LKV4,0.827375590801239
C02325,245,18,1351,I1KBZ2,3847.I1KBZ2,0.827074408531189
C02325,245,19,1265,I1K4Z1,3847.I1K4Z1,0.8269839882850647
C02325,245,20,1054,I1JJV5,3847.I1JJV5,0.8269392848014832
C02495,246,1,681,A0A0R4J4B4,3847.A0A0R4J4B4,0.943702757358551
C02495,246,2,842,C6TIM5,3847.C6TIM5,0.9428555965423584
C02495,246,3,971,I1JCG8,3847.I1JCG8,0.9426414966583252
C02495,246,4,1934,I1LW34,3847.I1LW34,0.9329985976219177
C02495,246,5,696,A0A0R4J5K2,3847.A0A0R4J5K2,0.9284018874168396
C02495,246,6,3421,Q9SYR0,3847.Q9SYR0,0.9089311957359314
C02495,246,7,2098,I1MAM5,3847.I1MAM5,0.8983412981033325
C02495,246,8,814,C6T8Y4,3847.C6T8Y4,0.894731879234314
C02495,246,9,2097,I1MAM4,3847.I1MAM4,0.881418764591217
C02495,246,10,1721,I1L905,3847.I1L905,0.856788158416748
C02495,246,11,3174,K7MPN5,3847.K7MPN5,0.8219575881958008
C02495,246,12,3037,K7M5A2,3847.K7M5A2,0.8103299140930176
C02495,246,13,3263,K7N1N7,3847.K7N1N7,0.7930991649627686
C02495,246,14,2350,I1N0Y1,3847.I1N0Y1,0.7558646202087402
C02495,246,15,2879,K7LIJ3,3847.K7LIJ3,0.7547122836112976
C02495,246,16,3365,Q2PMU3,3847.Q2PMU3,0.737819492816925
C02495,246,17,2602,K7KAN4,3847.K7KAN4,0.7329639196395874
C02495,246,18,3364,Q2PMU2,3847.Q2PMU2,0.7227473258972168
C02495,246,19,547,A0A0R0KCM6,3847.A0A0R0KCM6,0.7197121977806091
C02495,246,20,3184,K7MQT5,3847.K7MQT5,0.7098875641822815
C02512,247,1,842,C6TIM5,3847.C6TIM5,0.9300538897514343
C02512,247,2,681,A0A0R4J4B4,3847.A0A0R4J4B4,0.9295899868011475
C02512,247,3,971,I1JCG8,3847.I1JCG8,0.9284390211105347
C02512,247,4,696,A0A0R4J5K2,3847.A0A0R4J5K2,0.9113781452178955
C02512,247,5,1934,I1LW34,3847.I1LW34,0.909357488155365
C02512,247,6,3421,Q9SYR0,3847.Q9SYR0,0.8931907415390015
C02512,247,7,814,C6T8Y4,3847.C6T8Y4,0.8821651339530945
C02512,247,8,2098,I1MAM5,3847.I1MAM5,0.8705037832260132
C02512,247,9,2097,I1MAM4,3847.I1MAM4,0.8529809713363647
C02512,247,10,1721,I1L905,3847.I1L905,0.8001495003700256
C02512,247,11,3174,K7MPN5,3847.K7MPN5,0.7983787059783936
C02512,247,12,3037,K7M5A2,3847.K7M5A2,0.7833353281021118
C02512,247,13,2879,K7LIJ3,3847.K7LIJ3,0.7336367964744568
C02512,247,14,2350,I1N0Y1,3847.I1N0Y1,0.7308172583580017
C02512,247,15,2602,K7KAN4,3847.K7KAN4,0.7215461134910583
C02512,247,16,3263,K7N1N7,3847.K7N1N7,0.7147409319877625
C02512,247,17,3365,Q2PMU3,3847.Q2PMU3,0.7054672241210938
C02512,247,18,3184,K7MQT5,3847.K7MQT5,0.6870911717414856
C02512,247,19,3364,Q2PMU2,3847.Q2PMU2,0.6847371459007263
C02512,247,20,3346,Q2PMN3,3847.Q2PMN3,0.6714242100715637
C02593,248,1,842,C6TIM5,3847.C6TIM5,0.6902907490730286
C02593,248,2,696,A0A0R4J5K2,3847.A0A0R4J5K2,0.6859772205352783
C02593,248,3,681,A0A0R4J4B4,3847.A0A0R4J4B4,0.6823247075080872
C02593,248,4,971,I1JCG8,3847.I1JCG8,0.6821366548538208
C02593,248,5,814,C6T8Y4,3847.C6T8Y4,0.6705916523933411
C02593,248,6,3421,Q9SYR0,3847.Q9SYR0,0.6416873335838318
C02593,248,7,671,A0A0R4J338,3847.A0A0R4J338,0.6355592012405396
C02593,248,8,686,A0A0R4J4Q1,3847.A0A0R4J4Q1,0.6339437961578369
C02593,248,9,1578,I1KVY3,3847.I1KVY3,0.6285886764526367
C02593,248,10,572,A0A0R0KKK6,3847.A0A0R0KKK6,0.6283189058303833
C02593,248,11,846,C6TKA3,3847.C6TKA3,0.6273892521858215
C02593,248,12,1318,I1K9R6,3847.I1K9R6,0.6273092031478882
C02593,248,13,46,A0A0R0EM30,3847.A0A0R0EM30,0.6272730231285095
C02593,248,14,695,A0A0R4J5H8,3847.A0A0R4J5H8,0.6254472732543945
C02593,248,15,694,A0A0R4J5H2,3847.A0A0R4J5H2,0.6212753057479858
C02593,248,16,2879,K7LIJ3,3847.K7LIJ3,0.6158791780471802
C02593,248,17,2277,I1MSY9,3847.I1MSY9,0.6156718134880066
C02593,248,18,3037,K7M5A2,3847.K7M5A2,0.6125339269638062
C02593,248,19,736,A0A368UIE7,3847.A0A368UIE7,0.6115766763687134
C02593,248,20,1934,I1LW34,3847.I1LW34,0.6109432578086853
C02666,249,1,842,C6TIM5,3847.C6TIM5,0.7795702815055847
C02666,249,2,681,A0A0R4J4B4,3847.A0A0R4J4B4,0.7759760618209839
C02666,249,3,971,I1JCG8,3847.I1JCG8,0.7736380100250244
C02666,249,4,696,A0A0R4J5K2,3847.A0A0R4J5K2,0.7671098709106445
C02666,249,5,814,C6T8Y4,3847.C6T8Y4,0.7460600137710571
C02666,249,6,3421,Q9SYR0,3847.Q9SYR0,0.727549135684967
C02666,249,7,1934,I1LW34,3847.I1LW34,0.7233226299285889
C02666,249,8,2098,I1MAM5,3847.I1MAM5,0.6980795860290527
C02666,249,9,2097,I1MAM4,3847.I1MAM4,0.6911022663116455
C02666,249,10,3037,K7M5A2,3847.K7M5A2,0.6697141528129578
C02666,249,11,3174,K7MPN5,3847.K7MPN5,0.6681373715400696
C02666,249,12,2879,K7LIJ3,3847.K7LIJ3,0.656162440776825
C02666,249,13,2602,K7KAN4,3847.K7KAN4,0.6440236568450928
C02666,249,14,2277,I1MSY9,3847.I1MSY9,0.6427150964736938
C02666,249,15,671,A0A0R4J338,3847.A0A0R4J338,0.6361361145973206
C02666,249,16,46,A0A0R0EM30,3847.A0A0R0EM30,0.6265350580215454
C02666,249,17,695,A0A0R4J5H8,3847.A0A0R4J5H8,0.6259034276008606
C02666,249,18,1318,I1K9R6,3847.I1K9R6,0.6257042288780212
C02666,249,19,1514,I1KQX3,3847.I1KQX3,0.6253725290298462
C02666,249,20,1442,I1KL62,3847.I1KL62,0.6241683959960938
C02743,250,1,842,C6TIM5,3847.C6TIM5,0.6385583281517029
C02743,250,2,696,A0A0R4J5K2,3847.A0A0R4J5K2,0.6346811652183533
C02743,250,3,681,A0A0R4J4B4,3847.A0A0R4J4B4,0.6326010823249817
C02743,250,4,971,I1JCG8,3847.I1JCG8,0.6325112581253052
C02743,250,5,814,C6T8Y4,3847.C6T8Y4,0.6301404237747192
C02743,250,6,3421,Q9SYR0,3847.Q9SYR0,0.6102820634841919
C02743,250,7,671,A0A0R4J338,3847.A0A0R4J338,0.6074649691581726
C02743,250,8,686,A0A0R4J4Q1,3847.A0A0R4J4Q1,0.6055987477302551
C02743,250,9,46,A0A0R0EM30,3847.A0A0R0EM30,0.6047377586364746
C02743,250,10,1318,I1K9R6,3847.I1K9R6,0.6006648540496826
C02743,250,11,572,A0A0R0KKK6,3847.A0A0R0KKK6,0.6006569266319275
C02743,250,12,1578,I1KVY3,3847.I1KVY3,0.6000322699546814
C02743,250,13,695,A0A0R4J5H8,3847.A0A0R4J5H8,0.5986239314079285
C02743,250,14,846,C6TKA3,3847.C6TKA3,0.5981329679489136
C02743,250,15,694,A0A0R4J5H2,3847.A0A0R4J5H2,0.5980326533317566
C02743,250,16,1934,I1LW34,3847.I1LW34,0.5975889563560486
C02743,250,17,2277,I1MSY9,3847.I1MSY9,0.5922877192497253
C02743,250,18,736,A0A368UIE7,3847.A0A368UIE7,0.5904312133789062
C02743,250,19,1442,I1KL62,3847.I1KL62,0.5883411765098572
C02743,250,20,2098,I1MAM5,3847.I1MAM5,0.5881786346435547
C02843,251,1,3347,Q2PMN4,3847.Q2PMN4,0.5903058648109436
C02843,251,2,671,A0A0R4J338,3847.A0A0R4J338,0.5873523354530334
C02843,251,3,694,A0A0R4J5H2,3847.A0A0R4J5H2,0.5864973068237305
C02843,251,4,3344,Q2PMM9,3847.Q2PMM9,0.5839490294456482
C02843,251,5,46,A0A0R0EM30,3847.A0A0R0EM30,0.5832620859146118
C02843,251,6,3296,P07506,3847.P07506,0.5828474760055542
C02843,251,7,686,A0A0R4J4Q1,3847.A0A0R4J4Q1,0.5827833414077759
C02843,251,8,1578,I1KVY3,3847.I1KVY3,0.5820604562759399
C02843,251,9,3298,P0CC63,3847.P0CC63,0.5818747878074646
C02843,251,10,695,A0A0R4J5H8,3847.A0A0R4J5H8,0.5817868113517761
C02843,251,11,846,C6TKA3,3847.C6TKA3,0.5817098021507263
C02843,251,12,3345,Q2PMN2,3847.Q2PMN2,0.5815826654434204
C02843,251,13,736,A0A368UIE7,3847.A0A368UIE7,0.5812370777130127
C02843,251,14,3351,Q2PMN8,3847.Q2PMN8,0.5805382132530212
C02843,251,15,572,A0A0R0KKK6,3847.A0A0R0KKK6,0.5799863338470459
C02843,251,16,161,A0A0R0FVX7,3847.A0A0R0FVX7,0.5799765586853027
C02843,251,17,1318,I1K9R6,3847.I1K9R6,0.5798251628875732
C02843,251,18,3350,Q2PMN7,3847.Q2PMN7,0.5797311663627625
C02843,251,19,3348,Q2PMN5,3847.Q2PMN5,0.5781043767929077
C02843,251,20,814,C6T8Y4,3847.C6T8Y4,0.5776772499084473
C02906,252,1,842,C6TIM5,3847.C6TIM5,0.8806428909301758
C02906,252,2,681,A0A0R4J4B4,3847.A0A0R4J4B4,0.8789836764335632
C02906,252,3,971,I1JCG8,3847.I1JCG8,0.8757431507110596
C02906,252,4,696,A0A0R4J5K2,3847.A0A0R4J5K2,0.8647669553756714
C02906,252,5,1934,I1LW34,3847.I1LW34,0.8386515378952026
C02906,252,6,814,C6T8Y4,3847.C6T8Y4,0.8366311192512512
C02906,252,7,3421,Q9SYR0,3847.Q9SYR0,0.8354058861732483
C02906,252,8,2098,I1MAM5,3847.I1MAM5,0.8007622361183167
C02906,252,9,2097,I1MAM4,3847.I1MAM4,0.7894573211669922
C02906,252,10,3174,K7MPN5,3847.K7MPN5,0.7528820037841797
C02906,252,11,3037,K7M5A2,3847.K7M5A2,0.7472601532936096
C02906,252,12,2879,K7LIJ3,3847.K7LIJ3,0.7220423221588135
C02906,252,13,2602,K7KAN4,3847.K7KAN4,0.7075627446174622
C02906,252,14,1721,I1L905,3847.I1L905,0.690763533115387
C02906,252,15,2277,I1MSY9,3847.I1MSY9,0.686862051486969
C02906,252,16,2350,I1N0Y1,3847.I1N0Y1,0.6836672425270081
C02906,252,17,671,A0A0R4J338,3847.A0A0R4J338,0.6760168671607971
C02906,252,18,3184,K7MQT5,3847.K7MQT5,0.6676243543624878
C02906,252,19,695,A0A0R4J5H8,3847.A0A0R4J5H8,0.6647220253944397
C02906,252,20,572,A0A0R0KKK6,3847.A0A0R0KKK6,0.6630545854568481
C03024,253,1,842,C6TIM5,3847.C6TIM5,0.9458127617835999
C03024,253,2,681,A0A0R4J4B4,3847.A0A0R4J4B4,0.9457034468650818
C03024,253,3,971,I1JCG8,3847.I1JCG8,0.9455839395523071
C03024,253,4,696,A0A0R4J5K2,3847.A0A0R4J5K2,0.9336250424385071
C03024,253,5,1934,I1LW34,3847.I1LW34,0.9233428835868835
C03024,253,6,3421,Q9SYR0,3847.Q9SYR0,0.9105145335197449
C03024,253,7,814,C6T8Y4,3847.C6T8Y4,0.9065082669258118
C03024,253,8,2098,I1MAM5,3847.I1MAM5,0.8905421495437622
C03024,253,9,2097,I1MAM4,3847.I1MAM4,0.87782883644104
C03024,253,10,3174,K7MPN5,3847.K7MPN5,0.8257948160171509
C03024,253,11,1721,I1L905,3847.I1L905,0.8216307759284973
C03024,253,12,3037,K7M5A2,3847.K7M5A2,0.8191849589347839
C03024,253,13,2879,K7LIJ3,3847.K7LIJ3,0.775231659412384
C03024,253,14,2602,K7KAN4,3847.K7KAN4,0.7566648125648499
C03024,253,15,2350,I1N0Y1,3847.I1N0Y1,0.7552647590637207
C03024,253,16,3263,K7N1N7,3847.K7N1N7,0.7433004975318909
C03024,253,17,3365,Q2PMU3,3847.Q2PMU3,0.7280994653701782
C03024,253,18,3184,K7MQT5,3847.K7MQT5,0.719001829624176
C03024,253,19,3364,Q2PMU2,3847.Q2PMU2,0.7159395217895508
C03024,253,20,2277,I1MSY9,3847.I1MSY9,0.7085465788841248
C03069,254,1,681,A0A0R4J4B4,3847.A0A0R4J4B4,0.9652462005615234
C03069,254,2,842,C6TIM5,3847.C6TIM5,0.9648321866989136
C03069,254,3,971,I1JCG8,3847.I1JCG8,0.964714765548706
C03069,254,4,1934,I1LW34,3847.I1LW34,0.9562976956367493
C03069,254,5,696,A0A0R4J5K2,3847.A0A0R4J5K2,0.9532235264778137
C03069,254,6,3421,Q9SYR0,3847.Q9SYR0,0.9385036826133728
C03069,254,7,2098,I1MAM5,3847.I1MAM5,0.9288058876991272
C03069,254,8,814,C6T8Y4,3847.C6T8Y4,0.9272868633270264
C03069,254,9,2097,I1MAM4,3847.I1MAM4,0.915044367313385
C03069,254,10,1721,I1L905,3847.I1L905,0.8890025615692139
C03069,254,11,3174,K7MPN5,3847.K7MPN5,0.8568031191825867
C03069,254,12,3037,K7M5A2,3847.K7M5A2,0.8445900082588196
C03069,254,13,3263,K7N1N7,3847.K7N1N7,0.8220936059951782
C03069,254,14,2350,I1N0Y1,3847.I1N0Y1,0.7891854643821716
C03069,254,15,2879,K7LIJ3,3847.K7LIJ3,0.7882744073867798
C03069,254,16,3365,Q2PMU3,3847.Q2PMU3,0.7733590602874756
C03069,254,17,2602,K7KAN4,3847.K7KAN4,0.7690645456314087
C03069,254,18,3364,Q2PMU2,3847.Q2PMU2,0.7548977732658386
C03069,254,19,547,A0A0R0KCM6,3847.A0A0R0KCM6,0.7467156648635864
C03069,254,20,3184,K7MQT5,3847.K7MQT5,0.7425974011421204
C03161,255,1,842,C6TIM5,3847.C6TIM5,0.9329867362976074
C03161,255,2,681,A0A0R4J4B4,3847.A0A0R4J4B4,0.9326115846633911
C03161,255,3,971,I1JCG8,3847.I1JCG8,0.9321870803833008
C03161,255,4,696,A0A0R4J5K2,3847.A0A0R4J5K2,0.9183865785598755
C03161,255,5,1934,I1LW34,3847.I1LW34,0.9133262038230896
C03161,255,6,3421,Q9SYR0,3847.Q9SYR0,0.894685685634613
C03161,255,7,814,C6T8Y4,3847.C6T8Y4,0.8867123126983643
C03161,255,8,2098,I1MAM5,3847.I1MAM5,0.8778396248817444
C03161,255,9,2097,I1MAM4,3847.I1MAM4,0.8632498383522034
C03161,255,10,1721,I1L905,3847.I1L905,0.8161464929580688
C03161,255,11,3174,K7MPN5,3847.K7MPN5,0.8078573346138
C03161,255,12,3037,K7M5A2,3847.K7M5A2,0.7975126504898071
C03161,255,13,2879,K7LIJ3,3847.K7LIJ3,0.7489979267120361
C03161,255,14,3263,K7N1N7,3847.K7N1N7,0.7409416437149048
C03161,255,15,2350,I1N0Y1,3847.I1N0Y1,0.7365579605102539
C03161,255,16,2602,K7KAN4,3847.K7KAN4,0.7360894680023193
C03161,255,17,3365,Q2PMU3,3847.Q2PMU3,0.7173349261283875
C03161,255,18,3364,Q2PMU2,3847.Q2PMU2,0.7025805711746216
C03161,255,19,3184,K7MQT5,3847.K7MQT5,0.7010627388954163
C03161,255,20,976,I1JCZ8,3847.I1JCZ8,0.6834715604782104
C03221,256,1,842,C6TIM5,3847.C6TIM5,0.9416412115097046
C03221,256,2,681,A0A0R4J4B4,3847.A0A0R4J4B4,0.940985381603241
C03221,256,3,971,I1JCG8,3847.I1JCG8,0.9400713443756104
C03221,256,4,696,A0A0R4J5K2,3847.A0A0R4J5K2,0.9267366528511047
C03221,256,5,1934,I1LW34,3847.I1LW34,0.9200892448425293
C03221,256,6,3421,Q9SYR0,3847.Q9SYR0,0.9049646854400635
C03221,256,7,814,C6T8Y4,3847.C6T8Y4,0.8988199830055237
C03221,256,8,2098,I1MAM5,3847.I1MAM5,0.8847877383232117
C03221,256,9,2097,I1MAM4,3847.I1MAM4,0.8681393265724182
C03221,256,10,3174,K7MPN5,3847.K7MPN5,0.8111395239830017
C03221,256,11,3037,K7M5A2,3847.K7M5A2,0.8029254674911499
C03221,256,12,1721,I1L905,3847.I1L905,0.7963709235191345
C03221,256,13,2879,K7LIJ3,3847.K7LIJ3,0.7540682554244995
C03221,256,14,2602,K7KAN4,3847.K7KAN4,0.7377378940582275
C03221,256,15,2350,I1N0Y1,3847.I1N0Y1,0.7306317090988159
C03221,256,16,3365,Q2PMU3,3847.Q2PMU3,0.7083437442779541
C03221,256,17,3184,K7MQT5,3847.K7MQT5,0.6983829140663147
C03221,256,18,3263,K7N1N7,3847.K7N1N7,0.6960910558700562
C03221,256,19,2277,I1MSY9,3847.I1MSY9,0.6935642957687378
C03221,256,20,3364,Q2PMU2,3847.Q2PMU2,0.691622257232666
C03692,257,1,1058,I1JK97,3847.I1JK97,0.825313925743103
C03692,257,2,1887,I1LRK5,3847.I1LRK5,0.8155805468559265
C03692,257,3,3412,Q9LKY4,3847.Q9LKY4,0.8145603537559509
C03692,257,4,3259,K7N016,3847.K7N016,0.8143854737281799
C03692,257,5,2809,K7L8E8,3847.K7L8E8,0.8143486380577087
C03692,257,6,1470,I1KN33,3847.I1KN33,0.8139744997024536
C03692,257,7,2467,I1NC73,3847.I1NC73,0.8134532570838928
C03692,257,8,1408,I1KIC2,3847.I1KIC2,0.8124957084655762
C03692,257,9,2345,I1N0D5,3847.I1N0D5,0.8124062418937683
C03692,257,10,278,A0A0R0H2F3,3847.A0A0R0H2F3,0.8123840689659119
C03692,257,11,3096,K7MES8,3847.K7MES8,0.8122268319129944
C03692,257,12,2061,I1M791,3847.I1M791,0.8122109174728394
C03692,257,13,853,C6TNL5,3847.C6TNL5,0.812067985534668
C03692,257,14,1149,I1JTZ3,3847.I1JTZ3,0.8120468258857727
C03692,257,15,2318,I1MWD6,3847.I1MWD6,0.8114871382713318
C03692,257,16,1744,I1LBG8,3847.I1LBG8,0.8111954927444458
C03692,257,17,3258,K7MZR6,3847.K7MZR6,0.8111019134521484
C03692,257,18,1054,I1JJV5,3847.I1JJV5,0.8108984231948853
C03692,257,19,2967,K7LVT0,3847.K7LVT0,0.8105366230010986
C03692,257,20,2271,I1MS93,3847.I1MS93,0.8105279803276062
C04079,258,1,1058,I1JK97,3847.I1JK97,0.7942790389060974
C04079,258,2,3412,Q9LKY4,3847.Q9LKY4,0.7859156131744385
C04079,258,3,3259,K7N016,3847.K7N016,0.7846589088439941
C04079,258,4,1887,I1LRK5,3847.I1LRK5,0.7830806970596313
C04079,258,5,278,A0A0R0H2F3,3847.A0A0R0H2F3,0.782820463180542
C04079,258,6,1470,I1KN33,3847.I1KN33,0.7827117443084717
C04079,258,7,3096,K7MES8,3847.K7MES8,0.7821821570396423
C04079,258,8,2467,I1NC73,3847.I1NC73,0.7816310524940491
C04079,258,9,1149,I1JTZ3,3847.I1JTZ3,0.7804943323135376
C04079,258,10,2027,I1M3S3,3847.I1M3S3,0.7804189920425415
C04079,258,11,2318,I1MWD6,3847.I1MWD6,0.7804153561592102
C04079,258,12,2522,I1NI89,3847.I1NI89,0.7804146409034729
C04079,258,13,2798,K7L6T7,3847.K7L6T7,0.7803078293800354
C04079,258,14,1357,I1KCA7,3847.I1KCA7,0.7802619338035583
C04079,258,15,853,C6TNL5,3847.C6TNL5,0.7801636457443237
C04079,258,16,3258,K7MZR6,3847.K7MZR6,0.7799978256225586
C04079,258,17,2271,I1MS93,3847.I1MS93,0.7799640893936157
C04079,258,18,1408,I1KIC2,3847.I1KIC2,0.7799209356307983
C04079,258,19,1744,I1LBG8,3847.I1LBG8,0.7797752022743225
C04079,258,20,886,D3G9M7,3847.D3G9M7,0.7795998454093933
C04121,259,1,842,C6TIM5,3847.C6TIM5,0.7750428318977356
C04121,259,2,681,A0A0R4J4B4,3847.A0A0R4J4B4,0.7669625282287598
C04121,259,3,971,I1JCG8,3847.I1JCG8,0.766383707523346
C04121,259,4,696,A0A0R4J5K2,3847.A0A0R4J5K2,0.7631544470787048
C04121,259,5,814,C6T8Y4,3847.C6T8Y4,0.7432001233100891
C04121,259,6,3421,Q9SYR0,3847.Q9SYR0,0.7219875454902649
C04121,259,7,1934,I1LW34,3847.I1LW34,0.6968404054641724
C04121,259,8,671,A0A0R4J338,3847.A0A0R4J338,0.6792230010032654
C04121,259,9,2098,I1MAM5,3847.I1MAM5,0.6736221313476562
C04121,259,10,2097,I1MAM4,3847.I1MAM4,0.6726447939872742
C04121,259,11,46,A0A0R0EM30,3847.A0A0R0EM30,0.6717668771743774
C04121,259,12,686,A0A0R4J4Q1,3847.A0A0R4J4Q1,0.6705794334411621
C04121,259,13,1318,I1K9R6,3847.I1K9R6,0.6703798770904541
C04121,259,14,695,A0A0R4J5H8,3847.A0A0R4J5H8,0.669700562953949
C04121,259,15,1578,I1KVY3,3847.I1KVY3,0.6686760783195496
C04121,259,16,572,A0A0R0KKK6,3847.A0A0R0KKK6,0.6683359742164612
C04121,259,17,3037,K7M5A2,3847.K7M5A2,0.667569637298584
C04121,259,18,3174,K7MPN5,3847.K7MPN5,0.6672884821891785
C04121,259,19,846,C6TKA3,3847.C6TKA3,0.6647248864173889
C04121,259,20,2879,K7LIJ3,3847.K7LIJ3,0.6628960967063904
C04145,260,1,842,C6TIM5,3847.C6TIM5,0.9097723960876465
C04145,260,2,681,A0A0R4J4B4,3847.A0A0R4J4B4,0.908556342124939
C04145,260,3,971,I1JCG8,3847.I1JCG8,0.9076632261276245
C04145,260,4,696,A0A0R4J5K2,3847.A0A0R4J5K2,0.8948123455047607
C04145,260,5,1934,I1LW34,3847.I1LW34,0.8796845078468323
C04145,260,6,3421,Q9SYR0,3847.Q9SYR0,0.8692901134490967
C04145,260,7,814,C6T8Y4,3847.C6T8Y4,0.8682393431663513
C04145,260,8,2098,I1MAM5,3847.I1MAM5,0.8421998620033264
C04145,260,9,2097,I1MAM4,3847.I1MAM4,0.8297969102859497
C04145,260,10,3174,K7MPN5,3847.K7MPN5,0.788750171661377
C04145,260,11,3037,K7M5A2,3847.K7M5A2,0.7798349261283875
C04145,260,12,1721,I1L905,3847.I1L905,0.7576008439064026
C04145,260,13,2879,K7LIJ3,3847.K7LIJ3,0.7448014616966248
C04145,260,14,2602,K7KAN4,3847.K7KAN4,0.7323859930038452
C04145,260,15,2350,I1N0Y1,3847.I1N0Y1,0.7189156413078308
C04145,260,16,2277,I1MSY9,3847.I1MSY9,0.6977208256721497
C04145,260,17,3184,K7MQT5,3847.K7MQT5,0.6956151723861694
C04145,260,18,3365,Q2PMU3,3847.Q2PMU3,0.6925733089447021
C04145,260,19,3263,K7N1N7,3847.K7N1N7,0.6915639042854309
C04145,260,20,976,I1JCZ8,3847.I1JCZ8,0.6831372380256653
C04549,261,1,1058,I1JK97,3847.I1JK97,0.5968694090843201
C04549,261,2,2467,I1NC73,3847.I1NC73,0.5871860384941101
C04549,261,3,3258,K7MZR6,3847.K7MZR6,0.5819780826568604
C04549,261,4,1408,I1KIC2,3847.I1KIC2,0.5815540552139282
C04549,261,5,1149,I1JTZ3,3847.I1JTZ3,0.5811195969581604
C04549,261,6,1887,I1LRK5,3847.I1LRK5,0.5808160901069641
C04549,261,7,1470,I1KN33,3847.I1KN33,0.5807571411132812
C04549,261,8,1744,I1LBG8,3847.I1LBG8,0.5806518793106079
C04549,261,9,2064,I1M7D3,3847.I1M7D3,0.5802373886108398
C04549,261,10,1049,I1JJG5,3847.I1JJG5,0.5801655650138855
C04549,261,11,1087,I1JNF9,3847.I1JNF9,0.580155074596405
C04549,261,12,853,C6TNL5,3847.C6TNL5,0.5800982117652893
C04549,261,13,3412,Q9LKY4,3847.Q9LKY4,0.5798686742782593
C04549,261,14,2886,K7LJR3,3847.K7LJR3,0.5796931982040405
C04549,261,15,2809,K7L8E8,3847.K7L8E8,0.5795724987983704
C04549,261,16,2758,K7L0T8,3847.K7L0T8,0.5790674090385437
C04549,261,17,2027,I1M3S3,3847.I1M3S3,0.5790189504623413
C04549,261,18,2147,I1MF71,3847.I1MF71,0.5789290070533752
C04549,261,19,733,A0A368UIA4,3847.A0A368UIA4,0.5786586403846741
C04549,261,20,2962,K7LV78,3847.K7LV78,0.5786455273628235
C04677,262,1,681,A0A0R4J4B4,3847.A0A0R4J4B4,0.9271388649940491
C04677,262,2,842,C6TIM5,3847.C6TIM5,0.9258827567100525
C04677,262,3,971,I1JCG8,3847.I1JCG8,0.9256707429885864
C04677,262,4,1934,I1LW34,3847.I1LW34,0.9148241281509399
C04677,262,5,696,A0A0R4J5K2,3847.A0A0R4J5K2,0.9090222120285034
C04677,262,6,3421,Q9SYR0,3847.Q9SYR0,0.8908822536468506
C04677,262,7,2098,I1MAM5,3847.I1MAM5,0.8779250383377075
C04677,262,8,814,C6T8Y4,3847.C6T8Y4,0.8756223917007446
C04677,262,9,2097,I1MAM4,3847.I1MAM4,0.8617297410964966
C04677,262,10,1721,I1L905,3847.I1L905,0.8351520299911499
C04677,262,11,3174,K7MPN5,3847.K7MPN5,0.8068640232086182
C04677,262,12,3037,K7M5A2,3847.K7M5A2,0.7919233441352844
C04677,262,13,3263,K7N1N7,3847.K7N1N7,0.7730239629745483
C04677,262,14,2350,I1N0Y1,3847.I1N0Y1,0.7460023164749146
C04677,262,15,2879,K7LIJ3,3847.K7LIJ3,0.7431986331939697
C04677,262,16,2602,K7KAN4,3847.K7KAN4,0.7257239818572998
C04677,262,17,3365,Q2PMU3,3847.Q2PMU3,0.7254815101623535
C04677,262,18,3364,Q2PMU2,3847.Q2PMU2,0.7094163298606873
C04677,262,19,547,A0A0R0KCM6,3847.A0A0R0KCM6,0.7062422037124634
C04677,262,20,3184,K7MQT5,3847.K7MQT5,0.6983741521835327
C04688,263,1,842,C6TIM5,3847.C6TIM5,0.7041558623313904
C04688,263,2,696,A0A0R4J5K2,3847.A0A0R4J5K2,0.697696328163147
C04688,263,3,681,A0A0R4J4B4,3847.A0A0R4J4B4,0.6973926424980164
C04688,263,4,971,I1JCG8,3847.I1JCG8,0.6971250772476196
C04688,263,5,814,C6T8Y4,3847.C6T8Y4,0.6845909357070923
C04688,263,6,3421,Q9SYR0,3847.Q9SYR0,0.6619957685470581
C04688,263,7,671,A0A0R4J338,3847.A0A0R4J338,0.6458667516708374
C04688,263,8,686,A0A0R4J4Q1,3847.A0A0R4J4Q1,0.6438295841217041
C04688,263,9,46,A0A0R0EM30,3847.A0A0R0EM30,0.6411510705947876
C04688,263,10,572,A0A0R0KKK6,3847.A0A0R0KKK6,0.6395124197006226
C04688,263,11,695,A0A0R4J5H8,3847.A0A0R4J5H8,0.6386122703552246
C04688,263,12,1318,I1K9R6,3847.I1K9R6,0.6384268403053284
C04688,263,13,1578,I1KVY3,3847.I1KVY3,0.6380040049552917
C04688,263,14,1934,I1LW34,3847.I1LW34,0.637424886226654
C04688,263,15,846,C6TKA3,3847.C6TKA3,0.636650800704956
C04688,263,16,694,A0A0R4J5H2,3847.A0A0R4J5H2,0.6318320631980896
C04688,263,17,2277,I1MSY9,3847.I1MSY9,0.6266141533851624
C04688,263,18,2879,K7LIJ3,3847.K7LIJ3,0.6261699795722961
C04688,263,19,2097,I1MAM4,3847.I1MAM4,0.6251816153526306
C04688,263,20,3037,K7M5A2,3847.K7M5A2,0.6247626543045044
C04756,264,1,681,A0A0R4J4B4,3847.A0A0R4J4B4,0.8762471079826355
C04756,264,2,842,C6TIM5,3847.C6TIM5,0.8749766945838928
C04756,264,3,971,I1JCG8,3847.I1JCG8,0.8748347759246826
C04756,264,4,1934,I1LW34,3847.I1LW34,0.8655376434326172
C04756,264,5,696,A0A0R4J5K2,3847.A0A0R4J5K2,0.8568140268325806
C04756,264,6,3421,Q9SYR0,3847.Q9SYR0,0.8375891447067261
C04756,264,7,814,C6T8Y4,3847.C6T8Y4,0.8283734917640686
C04756,264,8,2098,I1MAM5,3847.I1MAM5,0.8197519779205322
C04756,264,9,2097,I1MAM4,3847.I1MAM4,0.804097056388855
C04756,264,10,1721,I1L905,3847.I1L905,0.787197470664978
C04756,264,11,3174,K7MPN5,3847.K7MPN5,0.7600314617156982
C04756,264,12,3263,K7N1N7,3847.K7N1N7,0.7529681324958801
C04756,264,13,3037,K7M5A2,3847.K7M5A2,0.7499388456344604
C04756,264,14,2350,I1N0Y1,3847.I1N0Y1,0.7136263847351074
C04756,264,15,2879,K7LIJ3,3847.K7LIJ3,0.7087507247924805
C04756,264,16,2602,K7KAN4,3847.K7KAN4,0.6993039846420288
C04756,264,17,3365,Q2PMU3,3847.Q2PMU3,0.6975412368774414
C04756,264,18,3364,Q2PMU2,3847.Q2PMU2,0.6853616237640381
C04756,264,19,547,A0A0R0KCM6,3847.A0A0R0KCM6,0.6825993657112122
C04756,264,20,3184,K7MQT5,3847.K7MQT5,0.6818346977233887
C04874,265,1,842,C6TIM5,3847.C6TIM5,0.7023419141769409
C04874,265,2,696,A0A0R4J5K2,3847.A0A0R4J5K2,0.6913179755210876
C04874,265,3,971,I1JCG8,3847.I1JCG8,0.6905885934829712
C04874,265,4,681,A0A0R4J4B4,3847.A0A0R4J4B4,0.6850195527076721
C04874,265,5,814,C6T8Y4,3847.C6T8Y4,0.6754229068756104
C04874,265,6,686,A0A0R4J4Q1,3847.A0A0R4J4Q1,0.6502647399902344
C04874,265,7,3421,Q9SYR0,3847.Q9SYR0,0.6482765674591064
C04874,265,8,671,A0A0R4J338,3847.A0A0R4J338,0.6424798369407654
C04874,265,9,1318,I1K9R6,3847.I1K9R6,0.6369847059249878
C04874,265,10,46,A0A0R0EM30,3847.A0A0R0EM30,0.6344301700592041
C04874,265,11,1578,I1KVY3,3847.I1KVY3,0.6328838467597961
C04874,265,12,695,A0A0R4J5H8,3847.A0A0R4J5H8,0.632849931716919
C04874,265,13,572,A0A0R0KKK6,3847.A0A0R0KKK6,0.6288509964942932
C04874,265,14,2277,I1MSY9,3847.I1MSY9,0.6283906698226929
C04874,265,15,846,C6TKA3,3847.C6TKA3,0.6279926896095276
C04874,265,16,694,A0A0R4J5H2,3847.A0A0R4J5H2,0.6251303553581238
C04874,265,17,2879,K7LIJ3,3847.K7LIJ3,0.6155948638916016
C04874,265,18,1442,I1KL62,3847.I1KL62,0.6141455769538879
C04874,265,19,1514,I1KQX3,3847.I1KQX3,0.6131898164749146
C04874,265,20,3351,Q2PMN8,3847.Q2PMN8,0.610602617263794
C05167,266,1,681,A0A0R4J4B4,3847.A0A0R4J4B4,0.9027227759361267
C05167,266,2,971,I1JCG8,3847.I1JCG8,0.9000977873802185
C05167,266,3,842,C6TIM5,3847.C6TIM5,0.8993025422096252
C05167,266,4,1934,I1LW34,3847.I1LW34,0.8942626118659973
C05167,266,5,696,A0A0R4J5K2,3847.A0A0R4J5K2,0.880039632320404
C05167,266,6,3421,Q9SYR0,3847.Q9SYR0,0.8632517457008362
C05167,266,7,2098,I1MAM5,3847.I1MAM5,0.8530707359313965
C05167,266,8,814,C6T8Y4,3847.C6T8Y4,0.8474732637405396
C05167,266,9,2097,I1MAM4,3847.I1MAM4,0.8362300992012024
C05167,266,10,1721,I1L905,3847.I1L905,0.8318248987197876
C05167,266,11,3263,K7N1N7,3847.K7N1N7,0.7919952869415283
C05167,266,12,3174,K7MPN5,3847.K7MPN5,0.7831578254699707
C05167,266,13,3037,K7M5A2,3847.K7M5A2,0.7691952586174011
C05167,266,14,2350,I1N0Y1,3847.I1N0Y1,0.7349060773849487
C05167,266,15,3365,Q2PMU3,3847.Q2PMU3,0.721498966217041
C05167,266,16,2879,K7LIJ3,3847.K7LIJ3,0.7187498211860657
C05167,266,17,547,A0A0R0KCM6,3847.A0A0R0KCM6,0.7179988026618958
C05167,266,18,2602,K7KAN4,3847.K7KAN4,0.7099816203117371
C05167,266,19,3364,Q2PMU2,3847.Q2PMU2,0.7057557702064514
C05167,266,20,3184,K7MQT5,3847.K7MQT5,0.6930472254753113
C05198,267,1,681,A0A0R4J4B4,3847.A0A0R4J4B4,0.8690716624259949
C05198,267,2,971,I1JCG8,3847.I1JCG8,0.8667178153991699
C05198,267,3,842,C6TIM5,3847.C6TIM5,0.8638835549354553
C05198,267,4,1934,I1LW34,3847.I1LW34,0.8579499125480652
C05198,267,5,696,A0A0R4J5K2,3847.A0A0R4J5K2,0.8463540077209473
C05198,267,6,3421,Q9SYR0,3847.Q9SYR0,0.8245846629142761
C05198,267,7,814,C6T8Y4,3847.C6T8Y4,0.8174406886100769
C05198,267,8,2098,I1MAM5,3847.I1MAM5,0.8104453682899475
C05198,267,9,1721,I1L905,3847.I1L905,0.7973214387893677
C05198,267,10,2097,I1MAM4,3847.I1MAM4,0.7937008142471313
C05198,267,11,3263,K7N1N7,3847.K7N1N7,0.7628340125083923
C05198,267,12,3174,K7MPN5,3847.K7MPN5,0.7533257603645325
C05198,267,13,3037,K7M5A2,3847.K7M5A2,0.7418580651283264
C05198,267,14,2350,I1N0Y1,3847.I1N0Y1,0.7086698412895203
C05198,267,15,2879,K7LIJ3,3847.K7LIJ3,0.7004711031913757
C05198,267,16,547,A0A0R0KCM6,3847.A0A0R0KCM6,0.6992244124412537
C05198,267,17,3365,Q2PMU3,3847.Q2PMU3,0.6963048577308655
C05198,267,18,2602,K7KAN4,3847.K7KAN4,0.6859570145606995
C05198,267,19,3364,Q2PMU2,3847.Q2PMU2,0.6814948916435242
C05198,267,20,1604,I1KY39,3847.I1KY39,0.6752104759216309
C05223,268,1,842,C6TIM5,3847.C6TIM5,0.6513468027114868
C05223,268,2,696,A0A0R4J5K2,3847.A0A0R4J5K2,0.6442131996154785
C05223,268,3,681,A0A0R4J4B4,3847.A0A0R4J4B4,0.643694281578064
C05223,268,4,971,I1JCG8,3847.I1JCG8,0.6410730481147766
C05223,268,5,814,C6T8Y4,3847.C6T8Y4,0.6376827955245972
C05223,268,6,3421,Q9SYR0,3847.Q9SYR0,0.6171610355377197
C05223,268,7,686,A0A0R4J4Q1,3847.A0A0R4J4Q1,0.6142811179161072
C05223,268,8,671,A0A0R4J338,3847.A0A0R4J338,0.610649824142456
C05223,268,9,46,A0A0R0EM30,3847.A0A0R0EM30,0.6072546243667603
C05223,268,10,1318,I1K9R6,3847.I1K9R6,0.6031620502471924
C05223,268,11,695,A0A0R4J5H8,3847.A0A0R4J5H8,0.6022505760192871
C05223,268,12,1578,I1KVY3,3847.I1KVY3,0.6021092534065247
C05223,268,13,846,C6TKA3,3847.C6TKA3,0.6012250185012817
C05223,268,14,572,A0A0R0KKK6,3847.A0A0R0KKK6,0.6007347702980042
C05223,268,15,694,A0A0R4J5H2,3847.A0A0R4J5H2,0.5999606251716614
C05223,268,16,2879,K7LIJ3,3847.K7LIJ3,0.5990402698516846
C05223,268,17,2277,I1MSY9,3847.I1MSY9,0.5966171622276306
C05223,268,18,1934,I1LW34,3847.I1LW34,0.5957515835762024
C05223,268,19,1442,I1KL62,3847.I1KL62,0.594087541103363
C05223,268,20,2602,K7KAN4,3847.K7KAN4,0.5939323306083679
C05306,269,1,842,C6TIM5,3847.C6TIM5,0.9033381938934326
C05306,269,2,971,I1JCG8,3847.I1JCG8,0.902680516242981
C05306,269,3,681,A0A0R4J4B4,3847.A0A0R4J4B4,0.902302622795105
C05306,269,4,696,A0A0R4J5K2,3847.A0A0R4J5K2,0.8875887393951416
C05306,269,5,1934,I1LW34,3847.I1LW34,0.8710730075836182
C05306,269,6,3421,Q9SYR0,3847.Q9SYR0,0.8621861934661865
C05306,269,7,814,C6T8Y4,3847.C6T8Y4,0.8613001704216003
C05306,269,8,2098,I1MAM5,3847.I1MAM5,0.8322552442550659
C05306,269,9,2097,I1MAM4,3847.I1MAM4,0.8209125399589539
C05306,269,10,3174,K7MPN5,3847.K7MPN5,0.7760817408561707
C05306,269,11,3037,K7M5A2,3847.K7M5A2,0.7701063752174377
C05306,269,12,1721,I1L905,3847.I1L905,0.7579296231269836
C05306,269,13,2879,K7LIJ3,3847.K7LIJ3,0.7344464659690857
C05306,269,14,2602,K7KAN4,3847.K7KAN4,0.7224881052970886
C05306,269,15,2350,I1N0Y1,3847.I1N0Y1,0.714030385017395
C05306,269,16,3365,Q2PMU3,3847.Q2PMU3,0.6920925974845886
C05306,269,17,3263,K7N1N7,3847.K7N1N7,0.6916542053222656
C05306,269,18,3184,K7MQT5,3847.K7MQT5,0.685786783695221
C05306,269,19,2277,I1MSY9,3847.I1MSY9,0.6848397850990295
C05306,269,20,3364,Q2PMU2,3847.Q2PMU2,0.6825932860374451
C05335,270,1,842,C6TIM5,3847.C6TIM5,0.9085177779197693
C05335,270,2,681,A0A0R4J4B4,3847.A0A0R4J4B4,0.9073516726493835
C05335,270,3,971,I1JCG8,3847.I1JCG8,0.9055163860321045
C05335,270,4,696,A0A0R4J5K2,3847.A0A0R4J5K2,0.895276665687561
C05335,270,5,814,C6T8Y4,3847.C6T8Y4,0.8692066073417664
C05335,270,6,1934,I1LW34,3847.I1LW34,0.8654373288154602
C05335,270,7,3421,Q9SYR0,3847.Q9SYR0,0.8631361722946167
C05335,270,8,2098,I1MAM5,3847.I1MAM5,0.829569935798645
C05335,270,9,2097,I1MAM4,3847.I1MAM4,0.8195164203643799
C05335,270,10,3174,K7MPN5,3847.K7MPN5,0.7781135439872742
C05335,270,11,3037,K7M5A2,3847.K7M5A2,0.7747459411621094
C05335,270,12,2879,K7LIJ3,3847.K7LIJ3,0.7466205358505249
C05335,270,13,2602,K7KAN4,3847.K7KAN4,0.7308275103569031
C05335,270,14,1721,I1L905,3847.I1L905,0.7127581834793091
C05335,270,15,2277,I1MSY9,3847.I1MSY9,0.7080509662628174
C05335,270,16,2350,I1N0Y1,3847.I1N0Y1,0.7031679749488831
C05335,270,17,671,A0A0R4J338,3847.A0A0R4J338,0.694226861000061
C05335,270,18,3184,K7MQT5,3847.K7MQT5,0.682157039642334
C05335,270,19,1514,I1KQX3,3847.I1KQX3,0.6809954643249512
C05335,270,20,695,A0A0R4J5H8,3847.A0A0R4J5H8,0.6794273257255554
C05345,271,1,1058,I1JK97,3847.I1JK97,0.7270527482032776
C05345,271,2,2467,I1NC73,3847.I1NC73,0.7174068689346313
C05345,271,3,3259,K7N016,3847.K7N016,0.7170017957687378
C05345,271,4,3412,Q9LKY4,3847.Q9LKY4,0.7156277298927307
C05345,271,5,3258,K7MZR6,3847.K7MZR6,0.7153831720352173
C05345,271,6,1887,I1LRK5,3847.I1LRK5,0.7146627902984619
C05345,271,7,1470,I1KN33,3847.I1KN33,0.7143089771270752
C05345,271,8,2061,I1M791,3847.I1M791,0.7136852741241455
C05345,271,9,2271,I1MS93,3847.I1MS93,0.7131358981132507
C05345,271,10,2809,K7L8E8,3847.K7L8E8,0.7127556800842285
C05345,271,11,1408,I1KIC2,3847.I1KIC2,0.712604820728302
C05345,271,12,3096,K7MES8,3847.K7MES8,0.7120898365974426
C05345,271,13,1744,I1LBG8,3847.I1LBG8,0.7120402455329895
C05345,271,14,853,C6TNL5,3847.C6TNL5,0.7118473649024963
C05345,271,15,733,A0A368UIA4,3847.A0A368UIA4,0.7112570405006409
C05345,271,16,278,A0A0R0H2F3,3847.A0A0R0H2F3,0.7111902832984924
C05345,271,17,2905,K7LMI9,3847.K7LMI9,0.7111080288887024
C05345,271,18,2050,I1M647,3847.I1M647,0.711028516292572
C05345,271,19,3057,K7M872,3847.K7M872,0.7109982371330261
C05345,271,20,2886,K7LJR3,3847.K7LJR3,0.7108644247055054
C05378,272,1,1058,I1JK97,3847.I1JK97,0.7492555379867554
C05378,272,2,3258,K7MZR6,3847.K7MZR6,0.7387299537658691
C05378,272,3,2467,I1NC73,3847.I1NC73,0.7386361956596375
C05378,272,4,3259,K7N016,3847.K7N016,0.7378595471382141
C05378,272,5,2061,I1M791,3847.I1M791,0.7370034456253052
C05378,272,6,2271,I1MS93,3847.I1MS93,0.7357698082923889
C05378,272,7,1408,I1KIC2,3847.I1KIC2,0.735700786113739
C05378,272,8,1887,I1LRK5,3847.I1LRK5,0.7352672815322876
C05378,272,9,3412,Q9LKY4,3847.Q9LKY4,0.735159695148468
C05378,272,10,1470,I1KN33,3847.I1KN33,0.7351319789886475
C05378,272,11,1054,I1JJV5,3847.I1JJV5,0.7349464297294617
C05378,272,12,2905,K7LMI9,3847.K7LMI9,0.7339787483215332
C05378,272,13,2318,I1MWD6,3847.I1MWD6,0.7337102293968201
C05378,272,14,1149,I1JTZ3,3847.I1JTZ3,0.7333799600601196
C05378,272,15,1744,I1LBG8,3847.I1LBG8,0.7330459356307983
C05378,272,16,2886,K7LJR3,3847.K7LJR3,0.733007550239563
C05378,272,17,733,A0A368UIA4,3847.A0A368UIA4,0.7329045534133911
C05378,272,18,1087,I1JNF9,3847.I1JNF9,0.732807457447052
C05378,272,19,2809,K7L8E8,3847.K7L8E8,0.7327548265457153
C05378,272,20,2785,K7L4M7,3847.K7L4M7,0.7321793437004089
C05382,273,1,1058,I1JK97,3847.I1JK97,0.7862852215766907
C05382,273,2,1887,I1LRK5,3847.I1LRK5,0.7758494019508362
C05382,273,3,2467,I1NC73,3847.I1NC73,0.7749373316764832
C05382,273,4,3259,K7N016,3847.K7N016,0.7743929028511047
C05382,273,5,1408,I1KIC2,3847.I1KIC2,0.7738285064697266
C05382,273,6,3258,K7MZR6,3847.K7MZR6,0.7736943960189819
C05382,273,7,1149,I1JTZ3,3847.I1JTZ3,0.7731694579124451
C05382,273,8,2061,I1M791,3847.I1M791,0.7724985480308533
C05382,273,9,3412,Q9LKY4,3847.Q9LKY4,0.7723491191864014
C05382,273,10,853,C6TNL5,3847.C6TNL5,0.7719246745109558
C05382,273,11,1470,I1KN33,3847.I1KN33,0.7712973952293396
C05382,273,12,1744,I1LBG8,3847.I1LBG8,0.7712010145187378
C05382,273,13,2897,K7LKV4,3847.K7LKV4,0.7708417177200317
C05382,273,14,2886,K7LJR3,3847.K7LJR3,0.770362913608551
C05382,273,15,733,A0A368UIA4,3847.A0A368UIA4,0.7697658538818359
C05382,273,16,3096,K7MES8,3847.K7MES8,0.7697277069091797
C05382,273,17,1226,I1K117,3847.I1K117,0.7692803740501404
C05382,273,18,2809,K7L8E8,3847.K7L8E8,0.7692727446556091
C05382,273,19,2318,I1MWD6,3847.I1MWD6,0.7687374949455261
C05382,273,20,886,D3G9M7,3847.D3G9M7,0.7685996294021606
C05422,274,1,842,C6TIM5,3847.C6TIM5,0.850845217704773
C05422,274,2,681,A0A0R4J4B4,3847.A0A0R4J4B4,0.8485852479934692
C05422,274,3,971,I1JCG8,3847.I1JCG8,0.845748245716095
C05422,274,4,696,A0A0R4J5K2,3847.A0A0R4J5K2,0.8329829573631287
C05422,274,5,1934,I1LW34,3847.I1LW34,0.8158921599388123
C05422,274,6,3421,Q9SYR0,3847.Q9SYR0,0.8067153692245483
C05422,274,7,814,C6T8Y4,3847.C6T8Y4,0.8016349077224731
C05422,274,8,2098,I1MAM5,3847.I1MAM5,0.7754597067832947
C05422,274,9,2097,I1MAM4,3847.I1MAM4,0.7608872056007385
C05422,274,10,3174,K7MPN5,3847.K7MPN5,0.7269230484962463
C05422,274,11,3037,K7M5A2,3847.K7M5A2,0.7217868566513062
C05422,274,12,2879,K7LIJ3,3847.K7LIJ3,0.6942576766014099
C05422,274,13,2602,K7KAN4,3847.K7KAN4,0.6775189638137817
C05422,274,14,1721,I1L905,3847.I1L905,0.6768786907196045
C05422,274,15,2350,I1N0Y1,3847.I1N0Y1,0.6616978645324707
C05422,274,16,2277,I1MSY9,3847.I1MSY9,0.6553802490234375
C05422,274,17,3184,K7MQT5,3847.K7MQT5,0.6421926617622375
C05422,274,18,976,I1JCZ8,3847.I1JCZ8,0.6368675827980042
C05422,274,19,3365,Q2PMU3,3847.Q2PMU3,0.6359993815422058
C05422,274,20,671,A0A0R4J338,3847.A0A0R4J338,0.6314327716827393
C05427,275,1,842,C6TIM5,3847.C6TIM5,0.8988818526268005
C05427,275,2,681,A0A0R4J4B4,3847.A0A0R4J4B4,0.898149847984314
C05427,275,3,971,I1JCG8,3847.I1JCG8,0.8964382410049438
C05427,275,4,696,A0A0R4J5K2,3847.A0A0R4J5K2,0.8823595643043518
C05427,275,5,1934,I1LW34,3847.I1LW34,0.8631572127342224
C05427,275,6,3421,Q9SYR0,3847.Q9SYR0,0.8525299429893494
C05427,275,7,814,C6T8Y4,3847.C6T8Y4,0.8484853506088257
C05427,275,8,2098,I1MAM5,3847.I1MAM5,0.8259907960891724
C05427,275,9,2097,I1MAM4,3847.I1MAM4,0.8112722635269165
C05427,275,10,3174,K7MPN5,3847.K7MPN5,0.7634205222129822
C05427,275,11,3037,K7M5A2,3847.K7M5A2,0.7571033239364624
C05427,275,12,1721,I1L905,3847.I1L905,0.7439225912094116
C05427,275,13,2879,K7LIJ3,3847.K7LIJ3,0.7172026634216309
C05427,275,14,2602,K7KAN4,3847.K7KAN4,0.7015002965927124
C05427,275,15,2350,I1N0Y1,3847.I1N0Y1,0.6978967189788818
C05427,275,16,3365,Q2PMU3,3847.Q2PMU3,0.6694374084472656
C05427,275,17,3184,K7MQT5,3847.K7MQT5,0.6649684906005859
C05427,275,18,2277,I1MSY9,3847.I1MSY9,0.6649495959281921
C05427,275,19,3263,K7N1N7,3847.K7N1N7,0.6643387675285339
C05427,275,20,3364,Q2PMU2,3847.Q2PMU2,0.6589704155921936
C05432,276,1,681,A0A0R4J4B4,3847.A0A0R4J4B4,0.9390712380409241
C05432,276,2,971,I1JCG8,3847.I1JCG8,0.9382873773574829
C05432,276,3,842,C6TIM5,3847.C6TIM5,0.9380068182945251
C05432,276,4,1934,I1LW34,3847.I1LW34,0.9300660490989685
C05432,276,5,696,A0A0R4J5K2,3847.A0A0R4J5K2,0.9237927198410034
C05432,276,6,3421,Q9SYR0,3847.Q9SYR0,0.9045397043228149
C05432,276,7,2098,I1MAM5,3847.I1MAM5,0.8957357406616211
C05432,276,8,814,C6T8Y4,3847.C6T8Y4,0.8928593397140503
C05432,276,9,2097,I1MAM4,3847.I1MAM4,0.8800624012947083
C05432,276,10,1721,I1L905,3847.I1L905,0.8630056977272034
C05432,276,11,3174,K7MPN5,3847.K7MPN5,0.8255523443222046
C05432,276,12,3263,K7N1N7,3847.K7N1N7,0.8148594498634338
C05432,276,13,3037,K7M5A2,3847.K7M5A2,0.8138775825500488
C05432,276,14,2350,I1N0Y1,3847.I1N0Y1,0.7630741596221924
C05432,276,15,2879,K7LIJ3,3847.K7LIJ3,0.7624925971031189
C05432,276,16,3365,Q2PMU3,3847.Q2PMU3,0.7501463890075684
C05432,276,17,2602,K7KAN4,3847.K7KAN4,0.7440115213394165
C05432,276,18,547,A0A0R0KCM6,3847.A0A0R0KCM6,0.7371538281440735
C05432,276,19,3364,Q2PMU2,3847.Q2PMU2,0.7348369359970093
C05432,276,20,3184,K7MQT5,3847.K7MQT5,0.7191911339759827
C05544,277,1,842,C6TIM5,3847.C6TIM5,0.8102617263793945
C05544,277,2,681,A0A0R4J4B4,3847.A0A0R4J4B4,0.8083896040916443
C05544,277,3,971,I1JCG8,3847.I1JCG8,0.806210458278656
C05544,277,4,696,A0A0R4J5K2,3847.A0A0R4J5K2,0.7966436743736267
C05544,277,5,814,C6T8Y4,3847.C6T8Y4,0.7694770693778992
C05544,277,6,3421,Q9SYR0,3847.Q9SYR0,0.7610077857971191
C05544,277,7,1934,I1LW34,3847.I1LW34,0.7596418261528015
C05544,277,8,2098,I1MAM5,3847.I1MAM5,0.7280839681625366
C05544,277,9,2097,I1MAM4,3847.I1MAM4,0.7203320264816284
C05544,277,10,3174,K7MPN5,3847.K7MPN5,0.6957753300666809
C05544,277,11,3037,K7M5A2,3847.K7M5A2,0.6925044655799866
C05544,277,12,2879,K7LIJ3,3847.K7LIJ3,0.6752905249595642
C05544,277,13,2602,K7KAN4,3847.K7KAN4,0.6617194414138794
C05544,277,14,2277,I1MSY9,3847.I1MSY9,0.6471240520477295
C05544,277,15,671,A0A0R4J338,3847.A0A0R4J338,0.6468096375465393
C05544,277,16,1721,I1L905,3847.I1L905,0.6433941721916199
C05544,277,17,2350,I1N0Y1,3847.I1N0Y1,0.6416913866996765
C05544,277,18,695,A0A0R4J5H8,3847.A0A0R4J5H8,0.6361749768257141
C05544,277,19,846,C6TKA3,3847.C6TKA3,0.6348860859870911
C05544,277,20,46,A0A0R0EM30,3847.A0A0R0EM30,0.6339492797851562
C05545,278,1,842,C6TIM5,3847.C6TIM5,0.7974795699119568
C05545,278,2,681,A0A0R4J4B4,3847.A0A0R4J4B4,0.7939178943634033
C05545,278,3,971,I1JCG8,3847.I1JCG8,0.7930821776390076
C05545,278,4,696,A0A0R4J5K2,3847.A0A0R4J5K2,0.7811368107795715
C05545,278,5,1934,I1LW34,3847.I1LW34,0.7586565613746643
C05545,278,6,814,C6T8Y4,3847.C6T8Y4,0.7560626864433289
C05545,278,7,3421,Q9SYR0,3847.Q9SYR0,0.754321813583374
C05545,278,8,2098,I1MAM5,3847.I1MAM5,0.7255080342292786
C05545,278,9,2097,I1MAM4,3847.I1MAM4,0.7152724266052246
C05545,278,10,3174,K7MPN5,3847.K7MPN5,0.6858676075935364
C05545,278,11,3037,K7M5A2,3847.K7M5A2,0.679465651512146
C05545,278,12,2879,K7LIJ3,3847.K7LIJ3,0.6607816219329834
C05545,278,13,2602,K7KAN4,3847.K7KAN4,0.6530908346176147
C05545,278,14,1721,I1L905,3847.I1L905,0.644056499004364
C05545,278,15,2350,I1N0Y1,3847.I1N0Y1,0.6386421322822571
C05545,278,16,2277,I1MSY9,3847.I1MSY9,0.6334366798400879
C05545,278,17,671,A0A0R4J338,3847.A0A0R4J338,0.6250755190849304
C05545,278,18,3184,K7MQT5,3847.K7MQT5,0.6226405501365662
C05545,278,19,976,I1JCZ8,3847.I1JCZ8,0.6153604388237
C05545,278,20,1514,I1KQX3,3847.I1KQX3,0.6141655445098877
C05546,279,1,842,C6TIM5,3847.C6TIM5,0.856486976146698
C05546,279,2,681,A0A0R4J4B4,3847.A0A0R4J4B4,0.8535596132278442
C05546,279,3,971,I1JCG8,3847.I1JCG8,0.8523282408714294
C05546,279,4,696,A0A0R4J5K2,3847.A0A0R4J5K2,0.8422366380691528
C05546,279,5,814,C6T8Y4,3847.C6T8Y4,0.8160959482192993
C05546,279,6,3421,Q9SYR0,3847.Q9SYR0,0.8023906946182251
C05546,279,7,1934,I1LW34,3847.I1LW34,0.7935926914215088
C05546,279,8,2098,I1MAM5,3847.I1MAM5,0.7620126008987427
C05546,279,9,2097,I1MAM4,3847.I1MAM4,0.7537161111831665
C05546,279,10,3174,K7MPN5,3847.K7MPN5,0.7258526086807251
C05546,279,11,3037,K7M5A2,3847.K7M5A2,0.7240463495254517
C05546,279,12,2879,K7LIJ3,3847.K7LIJ3,0.7070870995521545
C05546,279,13,2602,K7KAN4,3847.K7KAN4,0.6897557377815247
C05546,279,14,671,A0A0R4J338,3847.A0A0R4J338,0.6795480251312256
C05546,279,15,2277,I1MSY9,3847.I1MSY9,0.6784558892250061
C05546,279,16,695,A0A0R4J5H8,3847.A0A0R4J5H8,0.6640391945838928
C05546,279,17,46,A0A0R0EM30,3847.A0A0R0EM30,0.6637887954711914
C05546,279,18,1578,I1KVY3,3847.I1KVY3,0.6622313857078552
C05546,279,19,846,C6TKA3,3847.C6TKA3,0.6618180274963379
C05546,279,20,572,A0A0R0KKK6,3847.A0A0R0KKK6,0.6606137156486511
C05610,280,1,842,C6TIM5,3847.C6TIM5,0.84490966796875
C05610,280,2,681,A0A0R4J4B4,3847.A0A0R4J4B4,0.8378463983535767
C05610,280,3,971,I1JCG8,3847.I1JCG8,0.8370918035507202
C05610,280,4,696,A0A0R4J5K2,3847.A0A0R4J5K2,0.8307371139526367
C05610,280,5,814,C6T8Y4,3847.C6T8Y4,0.8036110401153564
C05610,280,6,3421,Q9SYR0,3847.Q9SYR0,0.7895560264587402
C05610,280,7,1934,I1LW34,3847.I1LW34,0.7704989910125732
C05610,280,8,2098,I1MAM5,3847.I1MAM5,0.7415577173233032
C05610,280,9,2097,I1MAM4,3847.I1MAM4,0.7341043949127197
C05610,280,10,3174,K7MPN5,3847.K7MPN5,0.7102729082107544
C05610,280,11,3037,K7M5A2,3847.K7M5A2,0.7092342376708984
C05610,280,12,2879,K7LIJ3,3847.K7LIJ3,0.6957105398178101
C05610,280,13,671,A0A0R4J338,3847.A0A0R4J338,0.6820675134658813
C05610,280,14,2277,I1MSY9,3847.I1MSY9,0.681643009185791
C05610,280,15,2602,K7KAN4,3847.K7KAN4,0.6810987591743469
C05610,280,16,695,A0A0R4J5H8,3847.A0A0R4J5H8,0.6724666953086853
C05610,280,17,46,A0A0R0EM30,3847.A0A0R0EM30,0.6714362502098083
C05610,280,18,1578,I1KVY3,3847.I1KVY3,0.670806348323822
C05610,280,19,686,A0A0R4J4Q1,3847.A0A0R4J4Q1,0.6686705350875854
C05610,280,20,1318,I1K9R6,3847.I1K9R6,0.6685980558395386
C05631,281,1,842,C6TIM5,3847.C6TIM5,0.8350369930267334
C05631,281,2,681,A0A0R4J4B4,3847.A0A0R4J4B4,0.8334755301475525
C05631,281,3,971,I1JCG8,3847.I1JCG8,0.8314312696456909
C05631,281,4,696,A0A0R4J5K2,3847.A0A0R4J5K2,0.819026529788971
C05631,281,5,814,C6T8Y4,3847.C6T8Y4,0.7924306392669678
C05631,281,6,1934,I1LW34,3847.I1LW34,0.7905341982841492
C05631,281,7,3421,Q9SYR0,3847.Q9SYR0,0.7875512838363647
C05631,281,8,2098,I1MAM5,3847.I1MAM5,0.7538062930107117
C05631,281,9,2097,I1MAM4,3847.I1MAM4,0.7448645830154419
C05631,281,10,3174,K7MPN5,3847.K7MPN5,0.7133699059486389
C05631,281,11,3037,K7M5A2,3847.K7M5A2,0.7065723538398743
C05631,281,12,2879,K7LIJ3,3847.K7LIJ3,0.6829179525375366
C05631,281,13,2602,K7KAN4,3847.K7KAN4,0.6755979657173157
C05631,281,14,1721,I1L905,3847.I1L905,0.6575530767440796
C05631,281,15,2350,I1N0Y1,3847.I1N0Y1,0.6558226943016052
C05631,281,16,2277,I1MSY9,3847.I1MSY9,0.6509942412376404
C05631,281,17,671,A0A0R4J338,3847.A0A0R4J338,0.6450807452201843
C05631,281,18,3184,K7MQT5,3847.K7MQT5,0.6354964375495911
C05631,281,19,1514,I1KQX3,3847.I1KQX3,0.6321671605110168
C05631,281,20,46,A0A0R0EM30,3847.A0A0R0EM30,0.6316663026809692
C05665,282,1,842,C6TIM5,3847.C6TIM5,0.8428733944892883
C05665,282,2,971,I1JCG8,3847.I1JCG8,0.8343366384506226
C05665,282,3,681,A0A0R4J4B4,3847.A0A0R4J4B4,0.8338519930839539
C05665,282,4,696,A0A0R4J5K2,3847.A0A0R4J5K2,0.8264646530151367
C05665,282,5,814,C6T8Y4,3847.C6T8Y4,0.7996654510498047
C05665,282,6,3421,Q9SYR0,3847.Q9SYR0,0.7878201603889465
C05665,282,7,1934,I1LW34,3847.I1LW34,0.7654765248298645
C05665,282,8,2098,I1MAM5,3847.I1MAM5,0.7386031150817871
C05665,282,9,2097,I1MAM4,3847.I1MAM4,0.731301486492157
C05665,282,10,3174,K7MPN5,3847.K7MPN5,0.7069231271743774
C05665,282,11,3037,K7M5A2,3847.K7M5A2,0.7059757113456726
C05665,282,12,2879,K7LIJ3,3847.K7LIJ3,0.6912476420402527
C05665,282,13,2602,K7KAN4,3847.K7KAN4,0.6827186942100525
C05665,282,14,2277,I1MSY9,3847.I1MSY9,0.6803038716316223
C05665,282,15,671,A0A0R4J338,3847.A0A0R4J338,0.6760414838790894
C05665,282,16,686,A0A0R4J4Q1,3847.A0A0R4J4Q1,0.6652684211730957
C05665,282,17,695,A0A0R4J5H8,3847.A0A0R4J5H8,0.6648491621017456
C05665,282,18,1318,I1K9R6,3847.I1K9R6,0.663327157497406
C05665,282,19,46,A0A0R0EM30,3847.A0A0R0EM30,0.6632453203201294
C05665,282,20,1578,I1KVY3,3847.I1KVY3,0.6618596911430359
C05752,283,1,842,C6TIM5,3847.C6TIM5,0.7316348552703857
C05752,283,2,696,A0A0R4J5K2,3847.A0A0R4J5K2,0.7276686429977417
C05752,283,3,681,A0A0R4J4B4,3847.A0A0R4J4B4,0.7265310883522034
C05752,283,4,971,I1JCG8,3847.I1JCG8,0.7255998253822327
C05752,283,5,814,C6T8Y4,3847.C6T8Y4,0.714009702205658
C05752,283,6,3421,Q9SYR0,3847.Q9SYR0,0.6838183403015137
C05752,283,7,671,A0A0R4J338,3847.A0A0R4J338,0.6759592294692993
C05752,283,8,686,A0A0R4J4Q1,3847.A0A0R4J4Q1,0.6724773645401001
C05752,283,9,46,A0A0R0EM30,3847.A0A0R0EM30,0.66719651222229
C05752,283,10,572,A0A0R0KKK6,3847.A0A0R0KKK6,0.6660515069961548
C05752,283,11,1578,I1KVY3,3847.I1KVY3,0.6657232046127319
C05752,283,12,1318,I1K9R6,3847.I1K9R6,0.6646038293838501
C05752,283,13,695,A0A0R4J5H8,3847.A0A0R4J5H8,0.6617315411567688
C05752,283,14,846,C6TKA3,3847.C6TKA3,0.6612972021102905
C05752,283,15,694,A0A0R4J5H2,3847.A0A0R4J5H2,0.6592177748680115
C05752,283,16,1934,I1LW34,3847.I1LW34,0.6532111167907715
C05752,283,17,736,A0A368UIE7,3847.A0A368UIE7,0.651037335395813
C05752,283,18,2277,I1MSY9,3847.I1MSY9,0.6487228274345398
C05752,283,19,2879,K7LIJ3,3847.K7LIJ3,0.6472280621528625
C05752,283,20,3174,K7MPN5,3847.K7MPN5,0.6459760665893555
C05755,284,1,842,C6TIM5,3847.C6TIM5,0.7760003209114075
C05755,284,2,696,A0A0R4J5K2,3847.A0A0R4J5K2,0.7667527794837952
C05755,284,3,681,A0A0R4J4B4,3847.A0A0R4J4B4,0.7667238116264343
C05755,284,4,971,I1JCG8,3847.I1JCG8,0.7658323049545288
C05755,284,5,814,C6T8Y4,3847.C6T8Y4,0.7520434856414795
C05755,284,6,3421,Q9SYR0,3847.Q9SYR0,0.7205766439437866
C05755,284,7,671,A0A0R4J338,3847.A0A0R4J338,0.7028359770774841
C05755,284,8,686,A0A0R4J4Q1,3847.A0A0R4J4Q1,0.6990803480148315
C05755,284,9,46,A0A0R0EM30,3847.A0A0R0EM30,0.6962990760803223
C05755,284,10,572,A0A0R0KKK6,3847.A0A0R0KKK6,0.693170428276062
C05755,284,11,1578,I1KVY3,3847.I1KVY3,0.691834568977356
C05755,284,12,1318,I1K9R6,3847.I1K9R6,0.6893804669380188
C05755,284,13,695,A0A0R4J5H8,3847.A0A0R4J5H8,0.6884698271751404
C05755,284,14,846,C6TKA3,3847.C6TKA3,0.6852646470069885
C05755,284,15,694,A0A0R4J5H2,3847.A0A0R4J5H2,0.6806343793869019
C05755,284,16,1934,I1LW34,3847.I1LW34,0.6773227453231812
C05755,284,17,2277,I1MSY9,3847.I1MSY9,0.6728560328483582
C05755,284,18,736,A0A368UIE7,3847.A0A368UIE7,0.6683918833732605
C05755,284,19,2879,K7LIJ3,3847.K7LIJ3,0.6652820706367493
C05755,284,20,3037,K7M5A2,3847.K7M5A2,0.6644535660743713
C05761,285,1,671,A0A0R4J338,3847.A0A0R4J338,0.6018020510673523
C05761,285,2,3347,Q2PMN4,3847.Q2PMN4,0.5991841554641724
C05761,285,3,842,C6TIM5,3847.C6TIM5,0.5967966914176941
C05761,285,4,572,A0A0R0KKK6,3847.A0A0R0KKK6,0.5964336395263672
C05761,285,5,1318,I1K9R6,3847.I1K9R6,0.5962348580360413
C05761,285,6,46,A0A0R0EM30,3847.A0A0R0EM30,0.5958699584007263
C05761,285,7,694,A0A0R4J5H2,3847.A0A0R4J5H2,0.5946277976036072
C05761,285,8,695,A0A0R4J5H8,3847.A0A0R4J5H8,0.5944296717643738
C05761,285,9,686,A0A0R4J4Q1,3847.A0A0R4J4Q1,0.5941624641418457
C05761,285,10,1578,I1KVY3,3847.I1KVY3,0.5932586789131165
C05761,285,11,814,C6T8Y4,3847.C6T8Y4,0.5914379954338074
C05761,285,12,3345,Q2PMN2,3847.Q2PMN2,0.5911134481430054
C05761,285,13,846,C6TKA3,3847.C6TKA3,0.5904844999313354
C05761,285,14,971,I1JCG8,3847.I1JCG8,0.590395450592041
C05761,285,15,736,A0A368UIE7,3847.A0A368UIE7,0.5900007486343384
C05761,285,16,696,A0A0R4J5K2,3847.A0A0R4J5K2,0.589923620223999
C05761,285,17,681,A0A0R4J4B4,3847.A0A0R4J4B4,0.5896955728530884
C05761,285,18,3296,P07506,3847.P07506,0.5892014503479004
C05761,285,19,3298,P0CC63,3847.P0CC63,0.5883060097694397
C05761,285,20,3311,P31174,3847.P31174,0.5862768888473511
C05764,286,1,842,C6TIM5,3847.C6TIM5,0.6340644359588623
C05764,286,2,814,C6T8Y4,3847.C6T8Y4,0.6311818957328796
C05764,286,3,696,A0A0R4J5K2,3847.A0A0R4J5K2,0.6304277777671814
C05764,286,4,681,A0A0R4J4B4,3847.A0A0R4J4B4,0.6264496445655823
C05764,286,5,971,I1JCG8,3847.I1JCG8,0.6262210011482239
C05764,286,6,671,A0A0R4J338,3847.A0A0R4J338,0.6151301264762878
C05764,286,7,686,A0A0R4J4Q1,3847.A0A0R4J4Q1,0.613154947757721
C05764,286,8,694,A0A0R4J5H2,3847.A0A0R4J5H2,0.6125841736793518
C05764,286,9,1578,I1KVY3,3847.I1KVY3,0.6117476224899292
C05764,286,10,695,A0A0R4J5H8,3847.A0A0R4J5H8,0.6096958518028259
C05764,286,11,846,C6TKA3,3847.C6TKA3,0.6089823842048645
C05764,286,12,572,A0A0R0KKK6,3847.A0A0R0KKK6,0.6088395118713379
C05764,286,13,46,A0A0R0EM30,3847.A0A0R0EM30,0.6084047555923462
C05764,286,14,1318,I1K9R6,3847.I1K9R6,0.6083662509918213
C05764,286,15,3347,Q2PMN4,3847.Q2PMN4,0.6081960201263428
C05764,286,16,3421,Q9SYR0,3847.Q9SYR0,0.6064162254333496
C05764,286,17,736,A0A368UIE7,3847.A0A368UIE7,0.6012237668037415
C05764,286,18,1442,I1KL62,3847.I1KL62,0.598993718624115
C05764,286,19,3345,Q2PMN2,3847.Q2PMN2,0.5985316038131714
C05764,286,20,3351,Q2PMN8,3847.Q2PMN8,0.5977053642272949
C05921,287,1,842,C6TIM5,3847.C6TIM5,0.9103381037712097
C05921,287,2,681,A0A0R4J4B4,3847.A0A0R4J4B4,0.906589686870575
C05921,287,3,971,I1JCG8,3847.I1JCG8,0.906267523765564
C05921,287,4,696,A0A0R4J5K2,3847.A0A0R4J5K2,0.8950227499008179
C05921,287,5,1934,I1LW34,3847.I1LW34,0.867374062538147
C05921,287,6,814,C6T8Y4,3847.C6T8Y4,0.8662458658218384
C05921,287,7,3421,Q9SYR0,3847.Q9SYR0,0.8622595071792603
C05921,287,8,2098,I1MAM5,3847.I1MAM5,0.8332754373550415
C05921,287,9,2097,I1MAM4,3847.I1MAM4,0.8193132281303406
C05921,287,10,3174,K7MPN5,3847.K7MPN5,0.7777299880981445
C05921,287,11,3037,K7M5A2,3847.K7M5A2,0.7708653211593628
C05921,287,12,2879,K7LIJ3,3847.K7LIJ3,0.742474377155304
C05921,287,13,2602,K7KAN4,3847.K7KAN4,0.7268317341804504
C05921,287,14,1721,I1L905,3847.I1L905,0.7115417718887329
C05921,287,15,2277,I1MSY9,3847.I1MSY9,0.7021450996398926
C05921,287,16,2350,I1N0Y1,3847.I1N0Y1,0.6990035772323608
C05921,287,17,3184,K7MQT5,3847.K7MQT5,0.6747649312019348
C05921,287,18,671,A0A0R4J338,3847.A0A0R4J338,0.6742061376571655
C05921,287,19,1514,I1KQX3,3847.I1KQX3,0.6704362630844116
C05921,287,20,976,I1JCZ8,3847.I1JCZ8,0.6670080423355103
C06037,288,1,1058,I1JK97,3847.I1JK97,0.7039267420768738
C06037,288,2,2467,I1NC73,3847.I1NC73,0.6924734115600586
C06037,288,3,1408,I1KIC2,3847.I1KIC2,0.6921311020851135
C06037,288,4,1887,I1LRK5,3847.I1LRK5,0.6904165744781494
C06037,288,5,3258,K7MZR6,3847.K7MZR6,0.6903203129768372
C06037,288,6,2061,I1M791,3847.I1M791,0.6903058290481567
C06037,288,7,3259,K7N016,3847.K7N016,0.6887261867523193
C06037,288,8,1149,I1JTZ3,3847.I1JTZ3,0.6879658102989197
C06037,288,9,3412,Q9LKY4,3847.Q9LKY4,0.6879284977912903
C06037,288,10,1744,I1LBG8,3847.I1LBG8,0.6874857544898987
C06037,288,11,2905,K7LMI9,3847.K7LMI9,0.6872372031211853
C06037,288,12,3096,K7MES8,3847.K7MES8,0.6871078610420227
C06037,288,13,2271,I1MS93,3847.I1MS93,0.686913788318634
C06037,288,14,2897,K7LKV4,3847.K7LKV4,0.6867050528526306
C06037,288,15,1470,I1KN33,3847.I1KN33,0.6862555742263794
C06037,288,16,2809,K7L8E8,3847.K7L8E8,0.6861757040023804
C06037,288,17,2886,K7LJR3,3847.K7LJR3,0.6861572861671448
C06037,288,18,1087,I1JNF9,3847.I1JNF9,0.686104416847229
C06037,288,19,1054,I1JJV5,3847.I1JJV5,0.6853025555610657
C06037,288,20,2962,K7LV78,3847.K7LV78,0.6852997541427612
C06249,289,1,842,C6TIM5,3847.C6TIM5,0.9340230822563171
C06249,289,2,971,I1JCG8,3847.I1JCG8,0.9316089749336243
C06249,289,3,681,A0A0R4J4B4,3847.A0A0R4J4B4,0.9315394759178162
C06249,289,4,696,A0A0R4J5K2,3847.A0A0R4J5K2,0.9220455288887024
C06249,289,5,814,C6T8Y4,3847.C6T8Y4,0.8962741494178772
C06249,289,6,3421,Q9SYR0,3847.Q9SYR0,0.8917778134346008
C06249,289,7,1934,I1LW34,3847.I1LW34,0.8908127546310425
C06249,289,8,2098,I1MAM5,3847.I1MAM5,0.8576805591583252
C06249,289,9,2097,I1MAM4,3847.I1MAM4,0.8469387292861938
C06249,289,10,3174,K7MPN5,3847.K7MPN5,0.8082401156425476
C06249,289,11,3037,K7M5A2,3847.K7M5A2,0.8034488558769226
C06249,289,12,2879,K7LIJ3,3847.K7LIJ3,0.774285614490509
C06249,289,13,2602,K7KAN4,3847.K7KAN4,0.7572442293167114
C06249,289,14,2277,I1MSY9,3847.I1MSY9,0.7290951013565063
C06249,289,15,2350,I1N0Y1,3847.I1N0Y1,0.7203009128570557
C06249,289,16,1721,I1L905,3847.I1L905,0.7158583998680115
C06249,289,17,671,A0A0R4J338,3847.A0A0R4J338,0.7115981578826904
C06249,289,18,1514,I1KQX3,3847.I1KQX3,0.6980501413345337
C06249,289,19,3184,K7MQT5,3847.K7MQT5,0.6915772557258606
C06249,289,20,46,A0A0R0EM30,3847.A0A0R0EM30,0.6906323432922363
C06250,290,1,842,C6TIM5,3847.C6TIM5,0.9180669188499451
C06250,290,2,681,A0A0R4J4B4,3847.A0A0R4J4B4,0.9169384837150574
C06250,290,3,971,I1JCG8,3847.I1JCG8,0.9156714677810669
C06250,290,4,696,A0A0R4J5K2,3847.A0A0R4J5K2,0.9022749662399292
C06250,290,5,1934,I1LW34,3847.I1LW34,0.8938602209091187
C06250,290,6,3421,Q9SYR0,3847.Q9SYR0,0.8761168122291565
C06250,290,7,814,C6T8Y4,3847.C6T8Y4,0.866502046585083
C06250,290,8,2098,I1MAM5,3847.I1MAM5,0.8582375049591064
C06250,290,9,2097,I1MAM4,3847.I1MAM4,0.8418442010879517
C06250,290,10,3174,K7MPN5,3847.K7MPN5,0.7897664904594421
C06250,290,11,1721,I1L905,3847.I1L905,0.7870456576347351
C06250,290,12,3037,K7M5A2,3847.K7M5A2,0.7800249457359314
C06250,290,13,2879,K7LIJ3,3847.K7LIJ3,0.7378038167953491
C06250,290,14,2350,I1N0Y1,3847.I1N0Y1,0.7215005159378052
C06250,290,15,2602,K7KAN4,3847.K7KAN4,0.719340980052948
C06250,290,16,3263,K7N1N7,3847.K7N1N7,0.7074198126792908
C06250,290,17,3365,Q2PMU3,3847.Q2PMU3,0.695401668548584
C06250,290,18,3364,Q2PMU2,3847.Q2PMU2,0.6827277541160583
C06250,290,19,3184,K7MQT5,3847.K7MQT5,0.6821143627166748
C06250,290,20,2277,I1MSY9,3847.I1MSY9,0.670070230960846
C06427,291,1,842,C6TIM5,3847.C6TIM5,0.6176835894584656
C06427,291,2,681,A0A0R4J4B4,3847.A0A0R4J4B4,0.6129631400108337
C06427,291,3,814,C6T8Y4,3847.C6T8Y4,0.6120860576629639
C06427,291,4,971,I1JCG8,3847.I1JCG8,0.611413300037384
C06427,291,5,696,A0A0R4J5K2,3847.A0A0R4J5K2,0.6103976964950562
C06427,291,6,3421,Q9SYR0,3847.Q9SYR0,0.5953019261360168
C06427,291,7,1934,I1LW34,3847.I1LW34,0.5898139476776123
C06427,291,8,671,A0A0R4J338,3847.A0A0R4J338,0.5859834551811218
C06427,291,9,1578,I1KVY3,3847.I1KVY3,0.5838667750358582
C06427,291,10,846,C6TKA3,3847.C6TKA3,0.582798957824707
C06427,291,11,3174,K7MPN5,3847.K7MPN5,0.5806654095649719
C06427,291,12,46,A0A0R0EM30,3847.A0A0R0EM30,0.5806041955947876
C06427,291,13,694,A0A0R4J5H2,3847.A0A0R4J5H2,0.5804936289787292
C06427,291,14,686,A0A0R4J4Q1,3847.A0A0R4J4Q1,0.5799535512924194
C06427,291,15,695,A0A0R4J5H8,3847.A0A0R4J5H8,0.5794383883476257
C06427,291,16,1318,I1K9R6,3847.I1K9R6,0.5792441964149475
C06427,291,17,572,A0A0R0KKK6,3847.A0A0R0KKK6,0.5786615610122681
C06427,291,18,2098,I1MAM5,3847.I1MAM5,0.5768545269966125
C06427,291,19,2277,I1MSY9,3847.I1MSY9,0.5753235220909119
C06427,291,20,736,A0A368UIE7,3847.A0A368UIE7,0.5747254490852356
C06563,292,1,1058,I1JK97,3847.I1JK97,0.6329662203788757
C06563,292,2,2467,I1NC73,3847.I1NC73,0.6237749457359314
C06563,292,3,2809,K7L8E8,3847.K7L8E8,0.6214437484741211
C06563,292,4,3258,K7MZR6,3847.K7MZR6,0.62119060754776
C06563,292,5,853,C6TNL5,3847.C6TNL5,0.6188181042671204
C06563,292,6,3412,Q9LKY4,3847.Q9LKY4,0.6182790994644165
C06563,292,7,1054,I1JJV5,3847.I1JJV5,0.617165207862854
C06563,292,8,1470,I1KN33,3847.I1KN33,0.6170315742492676
C06563,292,9,1149,I1JTZ3,3847.I1JTZ3,0.6168054938316345
C06563,292,10,1408,I1KIC2,3847.I1KIC2,0.6167241334915161
C06563,292,11,3259,K7N016,3847.K7N016,0.6166660189628601
C06563,292,12,1887,I1LRK5,3847.I1LRK5,0.6166015863418579
C06563,292,13,2061,I1M791,3847.I1M791,0.6162172555923462
C06563,292,14,2271,I1MS93,3847.I1MS93,0.6159639358520508
C06563,292,15,2886,K7LJR3,3847.K7LJR3,0.615866482257843
C06563,292,16,1744,I1LBG8,3847.I1LBG8,0.6157128810882568
C06563,292,17,2798,K7L6T7,3847.K7L6T7,0.6154506206512451
C06563,292,18,733,A0A368UIA4,3847.A0A368UIA4,0.6152414679527283
C06563,292,19,2318,I1MWD6,3847.I1MWD6,0.6147337555885315
C06563,292,20,2962,K7LV78,3847.K7LV78,0.6143910884857178
C09762,293,1,681,A0A0R4J4B4,3847.A0A0R4J4B4,0.9158859848976135
C09762,293,2,842,C6TIM5,3847.C6TIM5,0.9154624938964844
C09762,293,3,971,I1JCG8,3847.I1JCG8,0.9137255549430847
C09762,293,4,696,A0A0R4J5K2,3847.A0A0R4J5K2,0.902197003364563
C09762,293,5,1934,I1LW34,3847.I1LW34,0.8785681128501892
C09762,293,6,3421,Q9SYR0,3847.Q9SYR0,0.8743237257003784
C09762,293,7,814,C6T8Y4,3847.C6T8Y4,0.8742098212242126
C09762,293,8,2098,I1MAM5,3847.I1MAM5,0.8423912525177002
C09762,293,9,2097,I1MAM4,3847.I1MAM4,0.8309794664382935
C09762,293,10,3174,K7MPN5,3847.K7MPN5,0.788968026638031
C09762,293,11,3037,K7M5A2,3847.K7M5A2,0.7820194363594055
C09762,293,12,2879,K7LIJ3,3847.K7LIJ3,0.7514681816101074
C09762,293,13,1721,I1L905,3847.I1L905,0.7354269027709961
C09762,293,14,2602,K7KAN4,3847.K7KAN4,0.7351288795471191
C09762,293,15,2350,I1N0Y1,3847.I1N0Y1,0.7170774340629578
C09762,293,16,2277,I1MSY9,3847.I1MSY9,0.7028207778930664
C09762,293,17,3184,K7MQT5,3847.K7MQT5,0.6875126361846924
C09762,293,18,671,A0A0R4J338,3847.A0A0R4J338,0.6825907826423645
C09762,293,19,3365,Q2PMU3,3847.Q2PMU3,0.6809930205345154
C09762,293,20,976,I1JCZ8,3847.I1JCZ8,0.676362156867981
C10208,294,1,1058,I1JK97,3847.I1JK97,0.7154433131217957
C10208,294,2,1149,I1JTZ3,3847.I1JTZ3,0.7033634185791016
C10208,294,3,2467,I1NC73,3847.I1NC73,0.7030332684516907
C10208,294,4,1470,I1KN33,3847.I1KN33,0.7024124264717102
C10208,294,5,1408,I1KIC2,3847.I1KIC2,0.7006362676620483
C10208,294,6,2318,I1MWD6,3847.I1MWD6,0.6999434232711792
C10208,294,7,853,C6TNL5,3847.C6TNL5,0.6995342969894409
C10208,294,8,3412,Q9LKY4,3847.Q9LKY4,0.6994004845619202
C10208,294,9,3258,K7MZR6,3847.K7MZR6,0.6993473172187805
C10208,294,10,2809,K7L8E8,3847.K7L8E8,0.6989635825157166
C10208,294,11,3259,K7N016,3847.K7N016,0.6985008716583252
C10208,294,12,2061,I1M791,3847.I1M791,0.6975747346878052
C10208,294,13,1744,I1LBG8,3847.I1LBG8,0.697323203086853
C10208,294,14,1087,I1JNF9,3847.I1JNF9,0.6967315077781677
C10208,294,15,2271,I1MS93,3847.I1MS93,0.6966732740402222
C10208,294,16,1054,I1JJV5,3847.I1JJV5,0.6965140104293823
C10208,294,17,1887,I1LRK5,3847.I1LRK5,0.6964985132217407
C10208,294,18,2798,K7L6T7,3847.K7L6T7,0.6964354515075684
C10208,294,19,2644,K7KGV1,3847.K7KGV1,0.6958277225494385
C10208,294,20,2147,I1MF71,3847.I1MF71,0.6955530047416687
C10216,295,1,1058,I1JK97,3847.I1JK97,0.7731775045394897
C10216,295,2,1887,I1LRK5,3847.I1LRK5,0.7664005160331726
C10216,295,3,2467,I1NC73,3847.I1NC73,0.765789806842804
C10216,295,4,3412,Q9LKY4,3847.Q9LKY4,0.7646128535270691
C10216,295,5,3259,K7N016,3847.K7N016,0.7638640403747559
C10216,295,6,278,A0A0R0H2F3,3847.A0A0R0H2F3,0.7631428241729736
C10216,295,7,3059,K7M8N2,3847.K7M8N2,0.7618336081504822
C10216,295,8,2318,I1MWD6,3847.I1MWD6,0.7617818713188171
C10216,295,9,853,C6TNL5,3847.C6TNL5,0.760775625705719
C10216,295,10,2809,K7L8E8,3847.K7L8E8,0.7607528567314148
C10216,295,11,3096,K7MES8,3847.K7MES8,0.7606548070907593
C10216,295,12,2558,K7K3L1,3847.K7K3L1,0.7606476545333862
C10216,295,13,2905,K7LMI9,3847.K7LMI9,0.7606397867202759
C10216,295,14,2061,I1M791,3847.I1M791,0.7604092955589294
C10216,295,15,1054,I1JJV5,3847.I1JJV5,0.7603242993354797
C10216,295,16,1149,I1JTZ3,3847.I1JTZ3,0.7595195770263672
C10216,295,17,2271,I1MS93,3847.I1MS93,0.758873462677002
C10216,295,18,2644,K7KGV1,3847.K7KGV1,0.7584211230278015
C10216,295,19,2468,I1NC81,3847.I1NC81,0.7583392858505249
C10216,295,20,2027,I1M3S3,3847.I1M3S3,0.7582041025161743
C12126,296,1,671,A0A0R4J338,3847.A0A0R4J338,0.6234445571899414
C12126,296,2,842,C6TIM5,3847.C6TIM5,0.6215534210205078
C12126,296,3,814,C6T8Y4,3847.C6T8Y4,0.6181038618087769
C12126,296,4,686,A0A0R4J4Q1,3847.A0A0R4J4Q1,0.617844820022583
C12126,296,5,46,A0A0R0EM30,3847.A0A0R0EM30,0.6164183616638184
C12126,296,6,696,A0A0R4J5K2,3847.A0A0R4J5K2,0.616407573223114
C12126,296,7,1318,I1K9R6,3847.I1K9R6,0.6136083006858826
C12126,296,8,572,A0A0R0KKK6,3847.A0A0R0KKK6,0.6124327778816223
C12126,296,9,971,I1JCG8,3847.I1JCG8,0.6124061942100525
C12126,296,10,694,A0A0R4J5H2,3847.A0A0R4J5H2,0.6122137308120728
C12126,296,11,681,A0A0R4J4B4,3847.A0A0R4J4B4,0.6110224723815918
C12126,296,12,1578,I1KVY3,3847.I1KVY3,0.6102738380432129
C12126,296,13,695,A0A0R4J5H8,3847.A0A0R4J5H8,0.6097302436828613
C12126,296,14,3347,Q2PMN4,3847.Q2PMN4,0.6053099632263184
C12126,296,15,3345,Q2PMN2,3847.Q2PMN2,0.6049351692199707
C12126,296,16,846,C6TKA3,3847.C6TKA3,0.6045131683349609
C12126,296,17,2819,K7L9U2,3847.K7L9U2,0.604492723941803
C12126,296,18,3311,P31174,3847.P31174,0.6037196516990662
C12126,296,19,3296,P07506,3847.P07506,0.6024341583251953
C12126,296,20,3312,P31175,3847.P31175,0.6020217537879944
C12145,297,1,842,C6TIM5,3847.C6TIM5,0.78415447473526
C12145,297,2,681,A0A0R4J4B4,3847.A0A0R4J4B4,0.7734791040420532
C12145,297,3,971,I1JCG8,3847.I1JCG8,0.7713074088096619
C12145,297,4,696,A0A0R4J5K2,3847.A0A0R4J5K2,0.7711688876152039
C12145,297,5,814,C6T8Y4,3847.C6T8Y4,0.7527803182601929
C12145,297,6,3421,Q9SYR0,3847.Q9SYR0,0.7290464043617249
C12145,297,7,671,A0A0R4J338,3847.A0A0R4J338,0.692555844783783
C12145,297,8,686,A0A0R4J4Q1,3847.A0A0R4J4Q1,0.6908349394798279
C12145,297,9,46,A0A0R0EM30,3847.A0A0R0EM30,0.6820515394210815
C12145,297,10,1578,I1KVY3,3847.I1KVY3,0.6807017922401428
C12145,297,11,1318,I1K9R6,3847.I1K9R6,0.6797255873680115
C12145,297,12,572,A0A0R0KKK6,3847.A0A0R0KKK6,0.6788879632949829
C12145,297,13,695,A0A0R4J5H8,3847.A0A0R4J5H8,0.6784977912902832
C12145,297,14,1934,I1LW34,3847.I1LW34,0.6759002804756165
C12145,297,15,846,C6TKA3,3847.C6TKA3,0.6731671690940857
C12145,297,16,2277,I1MSY9,3847.I1MSY9,0.6718056797981262
C12145,297,17,2879,K7LIJ3,3847.K7LIJ3,0.6681734919548035
C12145,297,18,694,A0A0R4J5H2,3847.A0A0R4J5H2,0.6661372184753418
C12145,297,19,3037,K7M5A2,3847.K7M5A2,0.663958728313446
C12145,297,20,3174,K7MPN5,3847.K7MPN5,0.6594333052635193
C14818,298,1,681,A0A0R4J4B4,3847.A0A0R4J4B4,0.9291203618049622
C14818,298,2,842,C6TIM5,3847.C6TIM5,0.9276469349861145
C14818,298,3,971,I1JCG8,3847.I1JCG8,0.9273919463157654
C14818,298,4,696,A0A0R4J5K2,3847.A0A0R4J5K2,0.9142658114433289
C14818,298,5,1934,I1LW34,3847.I1LW34,0.9103557467460632
C14818,298,6,3421,Q9SYR0,3847.Q9SYR0,0.8946070671081543
C14818,298,7,814,C6T8Y4,3847.C6T8Y4,0.8824337720870972
C14818,298,8,2098,I1MAM5,3847.I1MAM5,0.8745510578155518
C14818,298,9,2097,I1MAM4,3847.I1MAM4,0.8596661686897278
C14818,298,10,3174,K7MPN5,3847.K7MPN5,0.8108346462249756
C14818,298,11,1721,I1L905,3847.I1L905,0.8034014701843262
C14818,298,12,3037,K7M5A2,3847.K7M5A2,0.8001595139503479
C14818,298,13,2879,K7LIJ3,3847.K7LIJ3,0.7540010213851929
C14818,298,14,2602,K7KAN4,3847.K7KAN4,0.7376783490180969
C14818,298,15,2350,I1N0Y1,3847.I1N0Y1,0.7367866635322571
C14818,298,16,3263,K7N1N7,3847.K7N1N7,0.7305583953857422
C14818,298,17,3365,Q2PMU3,3847.Q2PMU3,0.7124717235565186
C14818,298,18,3364,Q2PMU2,3847.Q2PMU2,0.6995304226875305
C14818,298,19,3184,K7MQT5,3847.K7MQT5,0.6963512301445007
C14818,298,20,976,I1JCZ8,3847.I1JCZ8,0.6827595233917236
C15602,299,1,842,C6TIM5,3847.C6TIM5,0.9289276003837585
C15602,299,2,681,A0A0R4J4B4,3847.A0A0R4J4B4,0.9260193109512329
C15602,299,3,971,I1JCG8,3847.I1JCG8,0.9243602156639099
C15602,299,4,696,A0A0R4J5K2,3847.A0A0R4J5K2,0.9166543483734131
C15602,299,5,814,C6T8Y4,3847.C6T8Y4,0.8936575651168823
C15602,299,6,3421,Q9SYR0,3847.Q9SYR0,0.8834150433540344
C15602,299,7,1934,I1LW34,3847.I1LW34,0.8778840899467468
C15602,299,8,2098,I1MAM5,3847.I1MAM5,0.8426963090896606
C15602,299,9,2097,I1MAM4,3847.I1MAM4,0.8329554200172424
C15602,299,10,3037,K7M5A2,3847.K7M5A2,0.7970516681671143
C15602,299,11,3174,K7MPN5,3847.K7MPN5,0.7965930104255676
C15602,299,12,2879,K7LIJ3,3847.K7LIJ3,0.7693450450897217
C15602,299,13,2602,K7KAN4,3847.K7KAN4,0.7529196739196777
C15602,299,14,2277,I1MSY9,3847.I1MSY9,0.7417271137237549
C15602,299,15,671,A0A0R4J338,3847.A0A0R4J338,0.7369915843009949
C15602,299,16,46,A0A0R0EM30,3847.A0A0R0EM30,0.7214385867118835
C15602,299,17,695,A0A0R4J5H8,3847.A0A0R4J5H8,0.7210626602172852
C15602,299,18,1578,I1KVY3,3847.I1KVY3,0.7193860411643982
C15602,299,19,572,A0A0R0KKK6,3847.A0A0R0KKK6,0.7159525156021118
C15602,299,20,1318,I1K9R6,3847.I1K9R6,0.7149466872215271
C15603,300,1,842,C6TIM5,3847.C6TIM5,0.9008605480194092
C15603,300,2,681,A0A0R4J4B4,3847.A0A0R4J4B4,0.8967252969741821
C15603,300,3,971,I1JCG8,3847.I1JCG8,0.8960562348365784
C15603,300,4,696,A0A0R4J5K2,3847.A0A0R4J5K2,0.8848155736923218
C15603,300,5,814,C6T8Y4,3847.C6T8Y4,0.856484055519104
C15603,300,6,3421,Q9SYR0,3847.Q9SYR0,0.8519972562789917
C15603,300,7,1934,I1LW34,3847.I1LW34,0.8474346995353699
C15603,300,8,2098,I1MAM5,3847.I1MAM5,0.811455488204956
C15603,300,9,2097,I1MAM4,3847.I1MAM4,0.8015294075012207
C15603,300,10,3174,K7MPN5,3847.K7MPN5,0.761685311794281
C15603,300,11,3037,K7M5A2,3847.K7M5A2,0.7587105631828308
C15603,300,12,2879,K7LIJ3,3847.K7LIJ3,0.7329692840576172
C15603,300,13,2602,K7KAN4,3847.K7KAN4,0.7195270657539368
C15603,300,14,2277,I1MSY9,3847.I1MSY9,0.7026808261871338
C15603,300,15,2350,I1N0Y1,3847.I1N0Y1,0.6866212487220764
C15603,300,16,671,A0A0R4J338,3847.A0A0R4J338,0.6863487958908081
C15603,300,17,1514,I1KQX3,3847.I1KQX3,0.6752260327339172
C15603,300,18,695,A0A0R4J5H8,3847.A0A0R4J5H8,0.6721951961517334
C15603,300,19,1721,I1L905,3847.I1L905,0.6719072461128235
C15603,300,20,46,A0A0R0EM30,3847.A0A0R0EM30,0.6704738140106201
C15796,301,1,681,A0A0R4J4B4,3847.A0A0R4J4B4,0.9145084023475647
C15796,301,2,971,I1JCG8,3847.I1JCG8,0.9127926230430603
C15796,301,3,842,C6TIM5,3847.C6TIM5,0.9117860794067383
C15796,301,4,1934,I1LW34,3847.I1LW34,0.9081032872200012
C15796,301,5,696,A0A0R4J5K2,3847.A0A0R4J5K2,0.8937806487083435
C15796,301,6,3421,Q9SYR0,3847.Q9SYR0,0.8737518787384033
C15796,301,7,2098,I1MAM5,3847.I1MAM5,0.8698554635047913
C15796,301,8,814,C6T8Y4,3847.C6T8Y4,0.8578227758407593
C15796,301,9,2097,I1MAM4,3847.I1MAM4,0.8514655828475952
C15796,301,10,1721,I1L905,3847.I1L905,0.8500036597251892
C15796,301,11,3263,K7N1N7,3847.K7N1N7,0.8099290132522583
C15796,301,12,3174,K7MPN5,3847.K7MPN5,0.7919069528579712
C15796,301,13,3037,K7M5A2,3847.K7M5A2,0.7759349346160889
C15796,301,14,2350,I1N0Y1,3847.I1N0Y1,0.7392728328704834
C15796,301,15,3365,Q2PMU3,3847.Q2PMU3,0.733458399772644
C15796,301,16,547,A0A0R0KCM6,3847.A0A0R0KCM6,0.7329567074775696
C15796,301,17,2879,K7LIJ3,3847.K7LIJ3,0.7235680818557739
C15796,301,18,3364,Q2PMU2,3847.Q2PMU2,0.7171810269355774
C15796,301,19,2602,K7KAN4,3847.K7KAN4,0.7093111872673035
C15796,301,20,3346,Q2PMN3,3847.Q2PMN3,0.6970137357711792
C15972,302,1,842,C6TIM5,3847.C6TIM5,0.6880936622619629
C15972,302,2,681,A0A0R4J4B4,3847.A0A0R4J4B4,0.6815686225891113
C15972,302,3,971,I1JCG8,3847.I1JCG8,0.6812369227409363
C15972,302,4,696,A0A0R4J5K2,3847.A0A0R4J5K2,0.6809453368186951
C15972,302,5,814,C6T8Y4,3847.C6T8Y4,0.6706799268722534
C15972,302,6,3421,Q9SYR0,3847.Q9SYR0,0.6458883285522461
C15972,302,7,671,A0A0R4J338,3847.A0A0R4J338,0.6313818693161011
C15972,302,8,686,A0A0R4J4Q1,3847.A0A0R4J4Q1,0.6301994919776917
C15972,302,9,1578,I1KVY3,3847.I1KVY3,0.6250417232513428
C15972,302,10,46,A0A0R0EM30,3847.A0A0R0EM30,0.6247138977050781
C15972,302,11,1934,I1LW34,3847.I1LW34,0.6246705055236816
C15972,302,12,846,C6TKA3,3847.C6TKA3,0.6229377388954163
C15972,302,13,1318,I1K9R6,3847.I1K9R6,0.6225234270095825
C15972,302,14,695,A0A0R4J5H8,3847.A0A0R4J5H8,0.6224620342254639
C15972,302,15,572,A0A0R0KKK6,3847.A0A0R0KKK6,0.6210314035415649
C15972,302,16,694,A0A0R4J5H2,3847.A0A0R4J5H2,0.6193119287490845
C15972,302,17,2879,K7LIJ3,3847.K7LIJ3,0.6159923672676086
C15972,302,18,3037,K7M5A2,3847.K7M5A2,0.6149610280990601
C15972,302,19,2277,I1MSY9,3847.I1MSY9,0.6136429309844971
C15972,302,20,2097,I1MAM4,3847.I1MAM4,0.6131441593170166
C15973,303,1,842,C6TIM5,3847.C6TIM5,0.7451682090759277
C15973,303,2,681,A0A0R4J4B4,3847.A0A0R4J4B4,0.7376272678375244
C15973,303,3,971,I1JCG8,3847.I1JCG8,0.73564612865448
C15973,303,4,696,A0A0R4J5K2,3847.A0A0R4J5K2,0.73399817943573
C15973,303,5,814,C6T8Y4,3847.C6T8Y4,0.7191253900527954
C15973,303,6,3421,Q9SYR0,3847.Q9SYR0,0.701514720916748
C15973,303,7,1934,I1LW34,3847.I1LW34,0.6645041704177856
C15973,303,8,671,A0A0R4J338,3847.A0A0R4J338,0.6567234396934509
C15973,303,9,686,A0A0R4J4Q1,3847.A0A0R4J4Q1,0.6490764021873474
C15973,303,10,2098,I1MAM5,3847.I1MAM5,0.6471831202507019
C15973,303,11,2097,I1MAM4,3847.I1MAM4,0.6460188627243042
C15973,303,12,46,A0A0R0EM30,3847.A0A0R0EM30,0.6450082063674927
C15973,303,13,1578,I1KVY3,3847.I1KVY3,0.6438143849372864
C15973,303,14,2879,K7LIJ3,3847.K7LIJ3,0.6432362198829651
C15973,303,15,3174,K7MPN5,3847.K7MPN5,0.642738401889801
C15973,303,16,3037,K7M5A2,3847.K7M5A2,0.6427289843559265
C15973,303,17,695,A0A0R4J5H8,3847.A0A0R4J5H8,0.6407472491264343
C15973,303,18,846,C6TKA3,3847.C6TKA3,0.6395289897918701
C15973,303,19,1318,I1K9R6,3847.I1K9R6,0.6393691897392273
C15973,303,20,572,A0A0R0KKK6,3847.A0A0R0KKK6,0.6393213272094727
C16541,304,1,842,C6TIM5,3847.C6TIM5,0.8851808905601501
C16541,304,2,681,A0A0R4J4B4,3847.A0A0R4J4B4,0.8835616111755371
C16541,304,3,971,I1JCG8,3847.I1JCG8,0.8819896578788757
C16541,304,4,696,A0A0R4J5K2,3847.A0A0R4J5K2,0.8697082996368408
C16541,304,5,1934,I1LW34,3847.I1LW34,0.8448790311813354
C16541,304,6,814,C6T8Y4,3847.C6T8Y4,0.8394569754600525
C16541,304,7,3421,Q9SYR0,3847.Q9SYR0,0.8383998274803162
C16541,304,8,2098,I1MAM5,3847.I1MAM5,0.8087440729141235
C16541,304,9,2097,I1MAM4,3847.I1MAM4,0.7970988154411316
C16541,304,10,3174,K7MPN5,3847.K7MPN5,0.7531111240386963
C16541,304,11,3037,K7M5A2,3847.K7M5A2,0.7468400001525879
C16541,304,12,2879,K7LIJ3,3847.K7LIJ3,0.716542661190033
C16541,304,13,1721,I1L905,3847.I1L905,0.7128093838691711
C16541,304,14,2602,K7KAN4,3847.K7KAN4,0.7055190205574036
C16541,304,15,2350,I1N0Y1,3847.I1N0Y1,0.6872195601463318
C16541,304,16,2277,I1MSY9,3847.I1MSY9,0.6783925890922546
C16541,304,17,3184,K7MQT5,3847.K7MQT5,0.6664116978645325
C16541,304,18,3365,Q2PMU3,3847.Q2PMU3,0.6623873114585876
C16541,304,19,976,I1JCZ8,3847.I1JCZ8,0.6578278541564941
C16541,304,20,671,A0A0R4J338,3847.A0A0R4J338,0.6574547290802002
C19865,305,1,296,A0A0R0HBG9,3847.A0A0R0HBG9,0.515877902507782
C19865,305,2,1038,I1JID0,3847.I1JID0,0.5147258639335632
C19865,305,3,310,A0A0R0HFU2,3847.A0A0R0HFU2,0.513475775718689
C19865,305,4,3127,K7MJI4,3847.K7MJI4,0.513361930847168
C19865,305,5,1158,I1JUN7,3847.I1JUN7,0.5124639272689819
C19865,305,6,2847,K7LDY3,3847.K7LDY3,0.5113391876220703
C19865,305,7,3293,O81980,3847.O81980,0.5107487440109253
C19865,305,8,877,C6ZRU5,3847.C6ZRU5,0.5106853246688843
C19865,305,9,878,C6ZRV6,3847.C6ZRV6,0.5105303525924683
C19865,305,10,3114,K7MHK0,3847.K7MHK0,0.5103468894958496
C19865,305,11,1723,I1L932,3847.I1L932,0.509902834892273
C19865,305,12,300,A0A0R0HCY3,3847.A0A0R0HCY3,0.5098265409469604
C19865,305,13,1718,I1L8R4,3847.I1L8R4,0.5096669793128967
C19865,305,14,506,A0A0R0JVB4,3847.A0A0R0JVB4,0.5091087818145752
C19865,305,15,235,A0A0R0GI21,3847.A0A0R0GI21,0.5087655782699585
C19865,305,16,1831,I1LJH6,3847.I1LJH6,0.5085077881813049
C19865,305,17,654,A0A0R0LGF8,3847.A0A0R0LGF8,0.5082940459251404
C19865,305,18,948,I1JAE9,3847.I1JAE9,0.5075292587280273
C19865,305,19,2405,I1N5Z5,3847.I1N5Z5,0.5071271657943726
C19865,305,20,1025,I1JHF8,3847.I1JHF8,0.5070242285728455
