enzyme_idx,uniprot_id
0,A0A075W8S1
1,A0A0B5E2H5
2,A0A0B5E2M0
3,A0A0B5E8V1
4,A0A0B5EA67
5,A0A0B5EC24
6,A0A0B5EC52
7,A0A0G4DBR5
8,A0A0K2CSW0
9,A0A0K2CT67
10,A0A0K2CT73
11,A0A0K2CT95
12,A0A0K2CTA8
13,A0A0K2CTB0
14,A0A0K2CTB2
15,A0A0K2CTB3
16,A0A0K2CTB7
17,A0A0K2CTE4
18,A0A0K2CTE5
19,A0A0K2CTG7
20,A0A0K2CTP6
21,A0A0K2CTV0
22,A0A0R0BYR6
23,A0A0R0C5S4
24,A0A0R0C7N6
25,A0A0R0CFQ4
26,A0A0R0CRP7
27,A0A0R0D311
28,A0A0R0D606
29,A0A0R0DW58
30,A0A0R0DY39
31,A0A0R0DZ99
32,A0A0R0DZE5
33,A0A0R0E240
34,A0A0R0E2A0
35,A0A0R0E2D0
36,A0A0R0E2E6
37,A0A0R0E2F2
38,A0A0R0E2H8
39,A0A0R0E2J2
40,A0A0R0E2L7
41,A0A0R0E2N3
42,A0A0R0E2P3
43,A0A0R0E2P8
44,A0A0R0E2R0
45,A0A0R0E2R8
46,A0A0R0E2U1
47,A0A0R0E2V8
48,A0A0R0E2W3
49,A0A0R0E2W8
50,A0A0R0E2X8
51,A0A0R0E2Z1
52,A0A0R0E2Z5
53,A0A0R0E307
54,A0A0R0E313
55,A0A0R0E332
56,A0A0R0E333
57,A0A0R0E335
58,A0A0R0E366
59,A0A0R0E389
60,A0A0R0E3A2
61,A0A0R0E3D7
62,A0A0R0E3E6
63,A0A0R0E3G0
64,A0A0R0E3H1
65,A0A0R0E3I5
66,A0A0R0E3J7
67,A0A0R0E3K4
68,A0A0R0E3K7
69,A0A0R0E3L4
70,A0A0R0E3M0
71,A0A0R0E3N4
72,A0A0R0E3P3
73,A0A0R0E3Q7
74,A0A0R0E3Q8
75,A0A0R0E3S1
76,A0A0R0E3S3
77,A0A0R0E3S4
78,A0A0R0E3S8
79,A0A0R0E3T5
80,A0A0R0E3T9
81,A0A0R0E3U2
82,A0A0R0E3U7
83,A0A0R0E3V6
84,A0A0R0E3W6
85,A0A0R0E3X1
86,A0A0R0E3Y8
87,A0A0R0E3Z8
88,A0A0R0E400
89,A0A0R0E413
90,A0A0R0E422
91,A0A0R0E431
92,A0A0R0E438
93,A0A0R0E463
94,A0A0R0E480
95,A0A0R0E484
96,A0A0R0E4A2
97,A0A0R0E4B1
98,A0A0R0E4L0
99,A0A0R0E4M0
100,A0A0R0E4M8
101,A0A0R0E4N9
102,A0A0R0E4P5
103,A0A0R0E4Q8
104,A0A0R0E4R3
105,A0A0R0E4S3
106,A0A0R0E4Y2
107,A0A0R0E4Z5
108,A0A0R0E512
109,A0A0R0E535
110,A0A0R0E548
111,A0A0R0E563
112,A0A0R0E568
113,A0A0R0E5C1
114,A0A0R0E5D0
115,A0A0R0E5F5
116,A0A0R0E5G3
117,A0A0R0E5I3
118,A0A0R0E5I8
119,A0A0R0E5J0
120,A0A0R0E5K4
121,A0A0R0E5L4
122,A0A0R0E5L7
123,A0A0R0E5N2
124,A0A0R0E5N3
125,A0A0R0E5R2
126,A0A0R0E5R9
127,A0A0R0E5W6
128,A0A0R0E5W9
129,A0A0R0E5Y4
130,A0A0R0E600
131,A0A0R0E613
132,A0A0R0E615
133,A0A0R0E616
134,A0A0R0E619
135,A0A0R0E652
136,A0A0R0E695
137,A0A0R0E696
138,A0A0R0E6F5
139,A0A0R0E6F7
140,A0A0R0E6H1
141,A0A0R0E6H2
142,A0A0R0E6I2
143,A0A0R0E6K0
144,A0A0R0E6K5
145,A0A0R0E6K9
146,A0A0R0E6M1
147,A0A0R0E6M2
148,A0A0R0E6M4
149,A0A0R0E6P1
150,A0A0R0E6P2
151,A0A0R0E6P7
152,A0A0R0E6Q6
153,A0A0R0E6Q8
154,A0A0R0E6R3
155,A0A0R0E6S3
156,A0A0R0E6S4
157,A0A0R0E6S7
158,A0A0R0E6T9
159,A0A0R0E6U0
160,A0A0R0E6U1
161,A0A0R0E6W9
162,A0A0R0E6X3
163,A0A0R0E6Y1
164,A0A0R0E6Z1
165,A0A0R0E6Z3
166,A0A0R0E710
167,A0A0R0E713
168,A0A0R0E717
169,A0A0R0E723
170,A0A0R0E731
171,A0A0R0E734
172,A0A0R0E737
173,A0A0R0E743
174,A0A0R0E753
175,A0A0R0E764
176,A0A0R0E790
177,A0A0R0E791
178,A0A0R0E7A5
179,A0A0R0E7B9
180,A0A0R0E7C0
181,A0A0R0E7C2
182,A0A0R0E7C3
183,A0A0R0E7C4
184,A0A0R0E7F4
185,A0A0R0E7H3
186,A0A0R0E7J2
187,A0A0R0E7J3
188,A0A0R0E7L1
189,A0A0R0E7L3
190,A0A0R0E7L6
191,A0A0R0E7M6
192,A0A0R0E7N6
193,A0A0R0E7N9
194,A0A0R0E7P7
195,A0A0R0E7P8
196,A0A0R0E7Q2
197,A0A0R0E7R5
198,A0A0R0E7R6
199,A0A0R0E7S3
200,A0A0R0E7S8
201,A0A0R0E7T4
202,A0A0R0E7V0
203,A0A0R0E7V1
204,A0A0R0E7V4
205,A0A0R0E7W1
206,A0A0R0E7W2
207,A0A0R0E7W4
208,A0A0R0E7X6
209,A0A0R0E7Y9
210,A0A0R0E7Z5
211,A0A0R0E807
212,A0A0R0E818
213,A0A0R0E828
214,A0A0R0E835
215,A0A0R0E836
216,A0A0R0E840
217,A0A0R0E846
218,A0A0R0E851
219,A0A0R0E874
220,A0A0R0E881
221,A0A0R0E882
222,A0A0R0E896
223,A0A0R0E897
224,A0A0R0E898
225,A0A0R0E8A2
226,A0A0R0E8C5
227,A0A0R0E8D0
228,A0A0R0E8D7
229,A0A0R0E8F0
230,A0A0R0E8F7
231,A0A0R0E8G3
232,A0A0R0E8H3
233,A0A0R0E8H5
234,A0A0R0E8I1
235,A0A0R0E8I8
236,A0A0R0E8J0
237,A0A0R0E8J6
238,A0A0R0E8J9
239,A0A0R0E8K1
240,A0A0R0E8L7
241,A0A0R0E8L8
242,A0A0R0E8M9
243,A0A0R0E8N5
244,A0A0R0E8P2
245,A0A0R0E8P4
246,A0A0R0E8P6
247,A0A0R0E8Q1
248,A0A0R0E8R0
249,A0A0R0E8R7
250,A0A0R0E8S7
251,A0A0R0E8T4
252,A0A0R0E8U1
253,A0A0R0E8W6
254,A0A0R0E8X8
255,A0A0R0E8Y0
256,A0A0R0E8Y5
257,A0A0R0E8Z6
258,A0A0R0E901
259,A0A0R0E902
260,A0A0R0E907
261,A0A0R0E928
262,A0A0R0E934
263,A0A0R0E944
264,A0A0R0E953
265,A0A0R0E960
266,A0A0R0E967
267,A0A0R0E971
268,A0A0R0E973
269,A0A0R0E977
270,A0A0R0E984
271,A0A0R0E9A5
272,A0A0R0E9B1
273,A0A0R0E9B2
274,A0A0R0E9C6
275,A0A0R0E9D1
276,A0A0R0E9D4
277,A0A0R0E9D6
278,A0A0R0E9D9
279,A0A0R0E9E0
280,A0A0R0E9F4
281,A0A0R0E9F6
282,A0A0R0E9F7
283,A0A0R0E9I8
284,A0A0R0E9J2
285,A0A0R0E9J3
286,A0A0R0E9K7
287,A0A0R0E9M0
288,A0A0R0E9N6
289,A0A0R0E9N9
290,A0A0R0E9R6
291,A0A0R0E9W9
292,A0A0R0E9Y9
293,A0A0R0E9Z6
294,A0A0R0EA21
295,A0A0R0EA29
296,A0A0R0EA35
297,A0A0R0EA46
298,A0A0R0EA49
299,A0A0R0EA51
300,A0A0R0EA75
301,A0A0R0EA94
302,A0A0R0EAE4
303,A0A0R0EAF3
304,A0A0R0EAF6
305,A0A0R0EAG2
306,A0A0R0EAG7
307,A0A0R0EAH2
308,A0A0R0EAH3
309,A0A0R0EAH8
310,A0A0R0EAH9
311,A0A0R0EAK0
312,A0A0R0EAL4
313,A0A0R0EAL6
314,A0A0R0EAN5
315,A0A0R0EAN9
316,A0A0R0EAS2
317,A0A0R0EAT4
318,A0A0R0EAT7
319,A0A0R0EAU6
320,A0A0R0EAV9
321,A0A0R0EAW5
322,A0A0R0EAX1
323,A0A0R0EAY1
324,A0A0R0EAY3
325,A0A0R0EAY8
326,A0A0R0EAZ4
327,A0A0R0EAZ9
328,A0A0R0EB01
329,A0A0R0EB09
330,A0A0R0EB14
331,A0A0R0EB22
332,A0A0R0EB29
333,A0A0R0EB40
334,A0A0R0EB47
335,A0A0R0EB51
336,A0A0R0EB56
337,A0A0R0EB75
338,A0A0R0EB93
339,A0A0R0EB96
340,A0A0R0EBB0
341,A0A0R0EBB3
342,A0A0R0EBB6
343,A0A0R0EBB8
344,A0A0R0EBC0
345,A0A0R0EBC4
346,A0A0R0EBC6
347,A0A0R0EBD2
348,A0A0R0EBE6
349,A0A0R0EBF0
350,A0A0R0EBF5
351,A0A0R0EBH7
352,A0A0R0EBJ2
353,A0A0R0EBJ7
354,A0A0R0EBJ8
355,A0A0R0EBP2
356,A0A0R0EBR1
357,A0A0R0EBS2
358,A0A0R0EBT4
359,A0A0R0EBT5
360,A0A0R0EBT8
361,A0A0R0EBW3
362,A0A0R0EBW6
363,A0A0R0EBY7
364,A0A0R0EBY8
365,A0A0R0EBZ4
366,A0A0R0EC15
367,A0A0R0EC23
368,A0A0R0EC25
369,A0A0R0EC29
370,A0A0R0EC38
371,A0A0R0EC54
372,A0A0R0EC68
373,A0A0R0EC77
374,A0A0R0EC78
375,A0A0R0EC79
376,A0A0R0EC91
377,A0A0R0ECB4
378,A0A0R0ECB6
379,A0A0R0ECD0
380,A0A0R0ECE5
381,A0A0R0ECE8
382,A0A0R0ECG6
383,A0A0R0ECG7
384,A0A0R0ECK1
385,A0A0R0ECK4
386,A0A0R0ECK5
387,A0A0R0ECN2
388,A0A0R0ECN7
389,A0A0R0ECP7
390,A0A0R0ECQ3
391,A0A0R0ECR9
392,A0A0R0ECS1
393,A0A0R0ECS7
394,A0A0R0ECU3
395,A0A0R0ECY4
396,A0A0R0ED13
397,A0A0R0ED38
398,A0A0R0ED41
399,A0A0R0ED56
400,A0A0R0ED85
401,A0A0R0ED87
402,A0A0R0EDA0
403,A0A0R0EDA6
404,A0A0R0EDA7
405,A0A0R0EDB8
406,A0A0R0EDD1
407,A0A0R0EDE6
408,A0A0R0EDF6
409,A0A0R0EDG0
410,A0A0R0EDG9
411,A0A0R0EDH2
412,A0A0R0EDH9
413,A0A0R0EDI1
414,A0A0R0EDJ6
415,A0A0R0EDK2
416,A0A0R0EDM9
417,A0A0R0EDN1
418,A0A0R0EDN2
419,A0A0R0EDQ0
420,A0A0R0EDQ8
421,A0A0R0EDR0
422,A0A0R0EDR5
423,A0A0R0EDS9
424,A0A0R0EDU7
425,A0A0R0EDV5
426,A0A0R0EDW2
427,A0A0R0EDX8
428,A0A0R0EDY2
429,A0A0R0EDY8
430,A0A0R0EDZ4
431,A0A0R0EDZ9
432,A0A0R0EE04
433,A0A0R0EE10
434,A0A0R0EE19
435,A0A0R0EE32
436,A0A0R0EE44
437,A0A0R0EE48
438,A0A0R0EE49
439,A0A0R0EE52
440,A0A0R0EE57
441,A0A0R0EE58
442,A0A0R0EE61
443,A0A0R0EE63
444,A0A0R0EE82
445,A0A0R0EE86
446,A0A0R0EE89
447,A0A0R0EE91
448,A0A0R0EE96
449,A0A0R0EEA9
450,A0A0R0EEB2
451,A0A0R0EEB9
452,A0A0R0EEC4
453,A0A0R0EED6
454,A0A0R0EEE4
455,A0A0R0EEF0
456,A0A0R0EEF3
457,A0A0R0EEF4
458,A0A0R0EEF6
459,A0A0R0EEG0
460,A0A0R0EEG7
461,A0A0R0EEG8
462,A0A0R0EEH0
463,A0A0R0EEH2
464,A0A0R0EEI0
465,A0A0R0EEI8
466,A0A0R0EEI9
467,A0A0R0EEJ3
468,A0A0R0EEJ5
469,A0A0R0EEK6
470,A0A0R0EEK8
471,A0A0R0EEL1
472,A0A0R0EEL9
473,A0A0R0EEM1
474,A0A0R0EEM2
475,A0A0R0EEP0
476,A0A0R0EEP3
477,A0A0R0EEQ8
478,A0A0R0EET6
479,A0A0R0EEU4
480,A0A0R0EEU8
481,A0A0R0EEU9
482,A0A0R0EEV0
483,A0A0R0EEV4
484,A0A0R0EEV6
485,A0A0R0EEW3
486,A0A0R0EEW7
487,A0A0R0EEX3
488,A0A0R0EEX5
489,A0A0R0EEY4
490,A0A0R0EF07
491,A0A0R0EF11
492,A0A0R0EF14
493,A0A0R0EF16
494,A0A0R0EF19
495,A0A0R0EF26
496,A0A0R0EF28
497,A0A0R0EF30
498,A0A0R0EF43
499,A0A0R0EF48
500,A0A0R0EF54
501,A0A0R0EF60
502,A0A0R0EF63
503,A0A0R0EF73
504,A0A0R0EF98
505,A0A0R0EFB5
506,A0A0R0EFC2
507,A0A0R0EFC5
508,A0A0R0EFE0
509,A0A0R0EFE2
510,A0A0R0EFF0
511,A0A0R0EFF2
512,A0A0R0EFG2
513,A0A0R0EFI1
514,A0A0R0EFI5
515,A0A0R0EFJ9
516,A0A0R0EFK7
517,A0A0R0EFK8
518,A0A0R0EFL7
519,A0A0R0EFM3
520,A0A0R0EFN4
521,A0A0R0EFQ6
522,A0A0R0EFS3
523,A0A0R0EFT0
524,A0A0R0EFT2
525,A0A0R0EFU3
526,A0A0R0EFV6
527,A0A0R0EFW2
528,A0A0R0EFX0
529,A0A0R0EG06
530,A0A0R0EG17
531,A0A0R0EG27
532,A0A0R0EG35
533,A0A0R0EG42
534,A0A0R0EG52
535,A0A0R0EG62
536,A0A0R0EG63
537,A0A0R0EG64
538,A0A0R0EG68
539,A0A0R0EG78
540,A0A0R0EG80
541,A0A0R0EG92
542,A0A0R0EG98
543,A0A0R0EGA1
544,A0A0R0EGA4
545,A0A0R0EGA8
546,A0A0R0EGB1
547,A0A0R0EGB3
548,A0A0R0EGB7
549,A0A0R0EGC5
550,A0A0R0EGD1
551,A0A0R0EGD6
552,A0A0R0EGD7
553,A0A0R0EGE1
554,A0A0R0EGE3
555,A0A0R0EGG1
556,A0A0R0EGG7
557,A0A0R0EGH5
558,A0A0R0EGI2
559,A0A0R0EGI8
560,A0A0R0EGI9
561,A0A0R0EGJ7
562,A0A0R0EGJ9
563,A0A0R0EGK4
564,A0A0R0EGK7
565,A0A0R0EGK9
566,A0A0R0EGL3
567,A0A0R0EGM2
568,A0A0R0EGM3
569,A0A0R0EGM5
570,A0A0R0EGN5
571,A0A0R0EGP0
572,A0A0R0EGP3
573,A0A0R0EGQ1
574,A0A0R0EGQ2
575,A0A0R0EGQ4
576,A0A0R0EGR0
577,A0A0R0EGR7
578,A0A0R0EGR8
579,A0A0R0EGS3
580,A0A0R0EGS9
581,A0A0R0EGT6
582,A0A0R0EGU1
583,A0A0R0EGU5
584,A0A0R0EGV0
585,A0A0R0EGV3
586,A0A0R0EGV7
587,A0A0R0EGW1
588,A0A0R0EGX2
589,A0A0R0EGX3
590,A0A0R0EGX4
591,A0A0R0EGX7
592,A0A0R0EGY5
593,A0A0R0EGY8
594,A0A0R0EGZ2
595,A0A0R0EGZ4
596,A0A0R0EGZ5
597,A0A0R0EH02
598,A0A0R0EH04
599,A0A0R0EH11
600,A0A0R0EH14
601,A0A0R0EH16
602,A0A0R0EH17
603,A0A0R0EH27
604,A0A0R0EH31
605,A0A0R0EH32
606,A0A0R0EH40
607,A0A0R0EH44
608,A0A0R0EH49
609,A0A0R0EH51
610,A0A0R0EH62
611,A0A0R0EH68
612,A0A0R0EH71
613,A0A0R0EH76
614,A0A0R0EH83
615,A0A0R0EH92
616,A0A0R0EHA7
617,A0A0R0EHB5
618,A0A0R0EHB6
619,A0A0R0EHB7
620,A0A0R0EHC1
621,A0A0R0EHE8
622,A0A0R0EHF2
623,A0A0R0EHG2
624,A0A0R0EHG3
625,A0A0R0EHG4
626,A0A0R0EHG9
627,A0A0R0EHH1
628,A0A0R0EHH6
629,A0A0R0EHH7
630,A0A0R0EHI7
631,A0A0R0EHK2
632,A0A0R0EHK8
633,A0A0R0EHL0
634,A0A0R0EHL2
635,A0A0R0EHM3
636,A0A0R0EHM4
637,A0A0R0EHN9
638,A0A0R0EHQ5
639,A0A0R0EHQ8
640,A0A0R0EHR2
641,A0A0R0EHR3
642,A0A0R0EHR5
643,A0A0R0EHR6
644,A0A0R0EHS0
645,A0A0R0EHS1
646,A0A0R0EHS3
647,A0A0R0EHS4
648,A0A0R0EHS8
649,A0A0R0EHS9
650,A0A0R0EHT3
651,A0A0R0EHT4
652,A0A0R0EHT7
653,A0A0R0EHU0
654,A0A0R0EHU8
655,A0A0R0EHV3
656,A0A0R0EHV5
657,A0A0R0EHV8
658,A0A0R0EHV9
659,A0A0R0EHX1
660,A0A0R0EHX2
661,A0A0R0EHX6
662,A0A0R0EHX7
663,A0A0R0EHY0
664,A0A0R0EHY2
665,A0A0R0EHY4
666,A0A0R0EHZ1
667,A0A0R0EHZ2
668,A0A0R0EHZ5
669,A0A0R0EHZ9
670,A0A0R0EI01
671,A0A0R0EI08
672,A0A0R0EI13
673,A0A0R0EI16
674,A0A0R0EI21
675,A0A0R0EI23
676,A0A0R0EI26
677,A0A0R0EI27
678,A0A0R0EI28
679,A0A0R0EI31
680,A0A0R0EI32
681,A0A0R0EI42
682,A0A0R0EI44
683,A0A0R0EI45
684,A0A0R0EI48
685,A0A0R0EI50
686,A0A0R0EI54
687,A0A0R0EI55
688,A0A0R0EI62
689,A0A0R0EI63
690,A0A0R0EI64
691,A0A0R0EI72
692,A0A0R0EI74
693,A0A0R0EI77
694,A0A0R0EI88
695,A0A0R0EI89
696,A0A0R0EI99
697,A0A0R0EIA5
698,A0A0R0EIB7
699,A0A0R0EIB9
700,A0A0R0EID7
701,A0A0R0EIE0
702,A0A0R0EIE1
703,A0A0R0EIE5
704,A0A0R0EIE9
705,A0A0R0EIF0
706,A0A0R0EIF3
707,A0A0R0EIF6
708,A0A0R0EIF9
709,A0A0R0EIG0
710,A0A0R0EIG5
711,A0A0R0EIG9
712,A0A0R0EIH0
713,A0A0R0EIH4
714,A0A0R0EIH9
715,A0A0R0EII3
716,A0A0R0EII6
717,A0A0R0EII9
718,A0A0R0EIJ1
719,A0A0R0EIJ3
720,A0A0R0EIJ5
721,A0A0R0EIJ7
722,A0A0R0EIK4
723,A0A0R0EIK7
724,A0A0R0EIK8
725,A0A0R0EIL1
726,A0A0R0EIL6
727,A0A0R0EIL9
728,A0A0R0EIM6
729,A0A0R0EIM7
730,A0A0R0EIM8
731,A0A0R0EIM9
732,A0A0R0EIN0
733,A0A0R0EIN7
734,A0A0R0EIP0
735,A0A0R0EIP5
736,A0A0R0EIP9
737,A0A0R0EIR6
738,A0A0R0EIS1
739,A0A0R0EIU3
740,A0A0R0EIU7
741,A0A0R0EIU8
742,A0A0R0EIV1
743,A0A0R0EIV3
744,A0A0R0EIV4
745,A0A0R0EIV6
746,A0A0R0EIW4
747,A0A0R0EIX3
748,A0A0R0EIX6
749,A0A0R0EIY1
750,A0A0R0EIY4
751,A0A0R0EIY5
752,A0A0R0EIY6
753,A0A0R0EIY9
754,A0A0R0EIZ0
755,A0A0R0EIZ5
756,A0A0R0EIZ7
757,A0A0R0EIZ8
758,A0A0R0EJ01
759,A0A0R0EJ04
760,A0A0R0EJ05
761,A0A0R0EJ11
762,A0A0R0EJ12
763,A0A0R0EJ14
764,A0A0R0EJ16
765,A0A0R0EJ18
766,A0A0R0EJ23
767,A0A0R0EJ26
768,A0A0R0EJ46
769,A0A0R0EJ50
770,A0A0R0EJ51
771,A0A0R0EJ52
772,A0A0R0EJ58
773,A0A0R0EJ60
774,A0A0R0EJ62
775,A0A0R0EJ63
776,A0A0R0EJ67
777,A0A0R0EJ70
778,A0A0R0EJ72
779,A0A0R0EJ77
780,A0A0R0EJ78
781,A0A0R0EJ89
782,A0A0R0EJ90
783,A0A0R0EJ93
784,A0A0R0EJ99
785,A0A0R0EJA0
786,A0A0R0EJA2
787,A0A0R0EJA6
788,A0A0R0EJA7
789,A0A0R0EJB4
790,A0A0R0EJC6
791,A0A0R0EJD4
792,A0A0R0EJD6
793,A0A0R0EJE2
794,A0A0R0EJE8
795,A0A0R0EJF1
796,A0A0R0EJF3
797,A0A0R0EJF5
798,A0A0R0EJF8
799,A0A0R0EJG4
800,A0A0R0EJG8
801,A0A0R0EJG9
802,A0A0R0EJH0
803,A0A0R0EJH2
804,A0A0R0EJH6
805,A0A0R0EJI5
806,A0A0R0EJJ7
807,A0A0R0EJK4
808,A0A0R0EJK5
809,A0A0R0EJK6
810,A0A0R0EJL2
811,A0A0R0EJM4
812,A0A0R0EJM6
813,A0A0R0EJN2
814,A0A0R0EJN3
815,A0A0R0EJN4
816,A0A0R0EJN7
817,A0A0R0EJP4
818,A0A0R0EJP5
819,A0A0R0EJQ2
820,A0A0R0EJQ9
821,A0A0R0EJR0
822,A0A0R0EJR7
823,A0A0R0EJS1
824,A0A0R0EJS2
825,A0A0R0EJS3
826,A0A0R0EJT1
827,A0A0R0EJT3
828,A0A0R0EJT4
829,A0A0R0EJT5
830,A0A0R0EJT8
831,A0A0R0EJU5
832,A0A0R0EJU6
833,A0A0R0EJV2
834,A0A0R0EJV8
835,A0A0R0EJW0
836,A0A0R0EJW2
837,A0A0R0EJW6
838,A0A0R0EJX5
839,A0A0R0EJY0
840,A0A0R0EJZ2
841,A0A0R0EJZ5
842,A0A0R0EJZ6
843,A0A0R0EJZ8
844,A0A0R0EK02
845,A0A0R0EK04
846,A0A0R0EK05
847,A0A0R0EK09
848,A0A0R0EK26
849,A0A0R0EK33
850,A0A0R0EK34
851,A0A0R0EK56
852,A0A0R0EK57
853,A0A0R0EK59
854,A0A0R0EK63
855,A0A0R0EK65
856,A0A0R0EK66
857,A0A0R0EK69
858,A0A0R0EK73
859,A0A0R0EK74
860,A0A0R0EK75
861,A0A0R0EK78
862,A0A0R0EK87
863,A0A0R0EK95
864,A0A0R0EKA2
865,A0A0R0EKA4
866,A0A0R0EKA6
867,A0A0R0EKA9
868,A0A0R0EKB4
869,A0A0R0EKB5
870,A0A0R0EKB7
871,A0A0R0EKB9
872,A0A0R0EKC2
873,A0A0R0EKD2
874,A0A0R0EKD8
875,A0A0R0EKE2
876,A0A0R0EKE3
877,A0A0R0EKE6
878,A0A0R0EKE8
879,A0A0R0EKF0
880,A0A0R0EKF1
881,A0A0R0EKG2
882,A0A0R0EKG7
883,A0A0R0EKH4
884,A0A0R0EKH7
885,A0A0R0EKH9
886,A0A0R0EKI3
887,A0A0R0EKI7
888,A0A0R0EKK3
889,A0A0R0EKK4
890,A0A0R0EKK9
891,A0A0R0EKL3
892,A0A0R0EKL4
893,A0A0R0EKL5
894,A0A0R0EKL9
895,A0A0R0EKM0
896,A0A0R0EKM5
897,A0A0R0EKM7
898,A0A0R0EKN2
899,A0A0R0EKN9
900,A0A0R0EKQ0
901,A0A0R0EKR1
902,A0A0R0EKR5
903,A0A0R0EKR7
904,A0A0R0EKS1
905,A0A0R0EKS6
906,A0A0R0EKT4
907,A0A0R0EKT5
908,A0A0R0EKT6
909,A0A0R0EKT8
910,A0A0R0EKU2
911,A0A0R0EKU3
912,A0A0R0EKU6
913,A0A0R0EKV9
914,A0A0R0EKW1
915,A0A0R0EKW8
916,A0A0R0EKX4
917,A0A0R0EKY0
918,A0A0R0EKZ1
919,A0A0R0EKZ7
920,A0A0R0EL15
921,A0A0R0EL18
922,A0A0R0EL25
923,A0A0R0EL27
924,A0A0R0EL31
925,A0A0R0EL41
926,A0A0R0EL44
927,A0A0R0EL47
928,A0A0R0EL64
929,A0A0R0EL68
930,A0A0R0EL70
931,A0A0R0EL79
932,A0A0R0EL90
933,A0A0R0EL96
934,A0A0R0EL97
935,A0A0R0EL99
936,A0A0R0ELD1
937,A0A0R0ELD9
938,A0A0R0ELE0
939,A0A0R0ELE3
940,A0A0R0ELE4
941,A0A0R0ELF0
942,A0A0R0ELF6
943,A0A0R0ELG8
944,A0A0R0ELH1
945,A0A0R0ELH8
946,A0A0R0ELK1
947,A0A0R0ELM0
948,A0A0R0ELN4
949,A0A0R0ELP2
950,A0A0R0ELP3
951,A0A0R0ELP6
952,A0A0R0ELP8
953,A0A0R0ELQ9
954,A0A0R0ELR0
955,A0A0R0ELR4
956,A0A0R0ELR6
957,A0A0R0ELR9
958,A0A0R0ELS5
959,A0A0R0ELT0
960,A0A0R0ELT1
961,A0A0R0ELT5
962,A0A0R0ELV1
963,A0A0R0ELW6
964,A0A0R0ELX3
965,A0A0R0ELZ5
966,A0A0R0ELZ6
967,A0A0R0ELZ8
968,A0A0R0EM00
969,A0A0R0EM04
970,A0A0R0EM05
971,A0A0R0EM07
972,A0A0R0EM30
973,A0A0R0EM35
974,A0A0R0EM36
975,A0A0R0EM41
976,A0A0R0EM45
977,A0A0R0EM47
978,A0A0R0EM53
979,A0A0R0EM71
980,A0A0R0EM74
981,A0A0R0EM90
982,A0A0R0EMA8
983,A0A0R0EMB9
984,A0A0R0EMC0
985,A0A0R0EMD7
986,A0A0R0EMD9
987,A0A0R0EME4
988,A0A0R0EME6
989,A0A0R0EMF3
990,A0A0R0EMF9
991,A0A0R0EMG3
992,A0A0R0EMG6
993,A0A0R0EMH1
994,A0A0R0EMI4
995,A0A0R0EMJ3
996,A0A0R0EMJ8
997,A0A0R0EMK6
998,A0A0R0EML4
999,A0A0R0EML8
1000,A0A0R0EMM6
1001,A0A0R0EMN2
1002,A0A0R0EMN5
1003,A0A0R0EMN7
1004,A0A0R0EMP2
1005,A0A0R0EMP9
1006,A0A0R0EMQ2
1007,A0A0R0EMR0
1008,A0A0R0EMS0
1009,A0A0R0EMU9
1010,A0A0R0EMV8
1011,A0A0R0EMX6
1012,A0A0R0EMY1
1013,A0A0R0EMY8
1014,A0A0R0EMZ6
1015,A0A0R0EN07
1016,A0A0R0EN12
1017,A0A0R0EN15
1018,A0A0R0EN16
1019,A0A0R0EN19
1020,A0A0R0EN22
1021,A0A0R0EN78
1022,A0A0R0EN86
1023,A0A0R0EN87
1024,A0A0R0ENA0
1025,A0A0R0ENA1
1026,A0A0R0ENA7
1027,A0A0R0ENB2
1028,A0A0R0ENB3
1029,A0A0R0ENC6
1030,A0A0R0END2
1031,A0A0R0ENE0
1032,A0A0R0ENE8
1033,A0A0R0ENF6
1034,A0A0R0ENG6
1035,A0A0R0ENH2
1036,A0A0R0ENH4
1037,A0A0R0ENI2
1038,A0A0R0ENI7
1039,A0A0R0ENJ3
1040,A0A0R0ENK3
1041,A0A0R0ENK9
1042,A0A0R0ENL8
1043,A0A0R0ENM1
1044,A0A0R0ENQ2
1045,A0A0R0ENQ8
1046,A0A0R0ENQ9
1047,A0A0R0ENT6
1048,A0A0R0ENU1
1049,A0A0R0ENU4
1050,A0A0R0ENU8
1051,A0A0R0ENV1
1052,A0A0R0ENV4
1053,A0A0R0ENW6
1054,A0A0R0ENX4
1055,A0A0R0ENX6
1056,A0A0R0ENX8
1057,A0A0R0ENZ7
1058,A0A0R0EP03
1059,A0A0R0EP12
1060,A0A0R0EP22
1061,A0A0R0EP30
1062,A0A0R0EP41
1063,A0A0R0EP65
1064,A0A0R0EP66
1065,A0A0R0EP76
1066,A0A0R0EP83
1067,A0A0R0EP99
1068,A0A0R0EPA1
1069,A0A0R0EPA9
1070,A0A0R0EPC0
1071,A0A0R0EPD6
1072,A0A0R0EPF4
1073,A0A0R0EPG0
1074,A0A0R0EPG3
1075,A0A0R0EPH1
1076,A0A0R0EPH6
1077,A0A0R0EPH8
1078,A0A0R0EPJ0
1079,A0A0R0EPJ2
1080,A0A0R0EPL2
1081,A0A0R0EPP8
1082,A0A0R0EPR8
1083,A0A0R0EPR9
1084,A0A0R0EPU2
1085,A0A0R0EPU4
1086,A0A0R0EPV0
1087,A0A0R0EPV2
1088,A0A0R0EPV3
1089,A0A0R0EPV5
1090,A0A0R0EPV6
1091,A0A0R0EPW8
1092,A0A0R0EPX0
1093,A0A0R0EPX7
1094,A0A0R0EPX8
1095,A0A0R0EPY2
1096,A0A0R0EPY9
1097,A0A0R0EPZ0
1098,A0A0R0EQ03
1099,A0A0R0EQ05
1100,A0A0R0EQ18
1101,A0A0R0EQ27
1102,A0A0R0EQ32
1103,A0A0R0EQ44
1104,A0A0R0EQ45
1105,A0A0R0EQ48
1106,A0A0R0EQ52
1107,A0A0R0EQ57
1108,A0A0R0EQ70
1109,A0A0R0EQ77
1110,A0A0R0EQ84
1111,A0A0R0EQ91
1112,A0A0R0EQA6
1113,A0A0R0EQA9
1114,A0A0R0EQB1
1115,A0A0R0EQB4
1116,A0A0R0EQB9
1117,A0A0R0EQC8
1118,A0A0R0EQD0
1119,A0A0R0EQD3
1120,A0A0R0EQD7
1121,A0A0R0EQD9
1122,A0A0R0EQE5
1123,A0A0R0EQF9
1124,A0A0R0EQG0
1125,A0A0R0EQG6
1126,A0A0R0EQI1
1127,A0A0R0EQI8
1128,A0A0R0EQK9
1129,A0A0R0EQL9
1130,A0A0R0EQM1
1131,A0A0R0EQP0
1132,A0A0R0EQP6
1133,A0A0R0EQP8
1134,A0A0R0EQQ2
1135,A0A0R0EQR9
1136,A0A0R0EQT8
1137,A0A0R0EQU0
1138,A0A0R0EQU1
1139,A0A0R0EQV7
1140,A0A0R0EQV9
1141,A0A0R0EQY1
1142,A0A0R0EQZ7
1143,A0A0R0ER00
1144,A0A0R0ER06
1145,A0A0R0ER14
1146,A0A0R0ER15
1147,A0A0R0ER23
1148,A0A0R0ER29
1149,A0A0R0ER32
1150,A0A0R0ER35
1151,A0A0R0ER38
1152,A0A0R0ER42
1153,A0A0R0ER47
1154,A0A0R0ER52
1155,A0A0R0ER63
1156,A0A0R0ER65
1157,A0A0R0ER79
1158,A0A0R0ER94
1159,A0A0R0ER99
1160,A0A0R0ERA8
1161,A0A0R0ERC7
1162,A0A0R0ERD0
1163,A0A0R0ERF2
1164,A0A0R0ERF4
1165,A0A0R0ERF9
1166,A0A0R0ERG3
1167,A0A0R0ERG6
1168,A0A0R0ERG8
1169,A0A0R0ERI3
1170,A0A0R0ERJ1
1171,A0A0R0ERJ9
1172,A0A0R0ERK3
1173,A0A0R0ERL2
1174,A0A0R0ERM2
1175,A0A0R0ERN0
1176,A0A0R0ERN7
1177,A0A0R0ERP3
1178,A0A0R0ERP5
1179,A0A0R0ERP7
1180,A0A0R0ERQ1
1181,A0A0R0ERQ3
1182,A0A0R0ERQ4
1183,A0A0R0ERR0
1184,A0A0R0ERR6
1185,A0A0R0ERS6
1186,A0A0R0ERU1
1187,A0A0R0ERU2
1188,A0A0R0ERU4
1189,A0A0R0ERV5
1190,A0A0R0ERW6
1191,A0A0R0ERX5
1192,A0A0R0ERX9
1193,A0A0R0ERY0
1194,A0A0R0ES21
1195,A0A0R0ES24
1196,A0A0R0ES31
1197,A0A0R0ES33
1198,A0A0R0ES34
1199,A0A0R0ES35
1200,A0A0R0ES37
1201,A0A0R0ES41
1202,A0A0R0ES49
1203,A0A0R0ES62
1204,A0A0R0ES83
1205,A0A0R0ES85
1206,A0A0R0ES86
1207,A0A0R0ES97
1208,A0A0R0ESA1
1209,A0A0R0ESA5
1210,A0A0R0ESB2
1211,A0A0R0ESB5
1212,A0A0R0ESC4
1213,A0A0R0ESC6
1214,A0A0R0ESD1
1215,A0A0R0ESD6
1216,A0A0R0ESE5
1217,A0A0R0ESF4
1218,A0A0R0ESF6
1219,A0A0R0ESH7
1220,A0A0R0ESI3
1221,A0A0R0ESI4
1222,A0A0R0ESJ6
1223,A0A0R0ESK5
1224,A0A0R0ESL0
1225,A0A0R0ESL6
1226,A0A0R0ESM2
1227,A0A0R0ESN5
1228,A0A0R0ESN7
1229,A0A0R0ESN9
1230,A0A0R0ESP1
1231,A0A0R0ESQ9
1232,A0A0R0ESR6
1233,A0A0R0ESS5
1234,A0A0R0EST5
1235,A0A0R0ESU2
1236,A0A0R0ESV0
1237,A0A0R0ESV3
1238,A0A0R0ESV4
1239,A0A0R0ESV8
1240,A0A0R0ESW5
1241,A0A0R0ESX6
1242,A0A0R0ESX9
1243,A0A0R0ESZ7
1244,A0A0R0ESZ8
1245,A0A0R0ESZ9
1246,A0A0R0ET13
1247,A0A0R0ET15
1248,A0A0R0ET16
1249,A0A0R0ET30
1250,A0A0R0ET54
1251,A0A0R0ET67
1252,A0A0R0ET80
1253,A0A0R0ET93
1254,A0A0R0ETA3
1255,A0A0R0ETA5
1256,A0A0R0ETA8
1257,A0A0R0ETB5
1258,A0A0R0ETB8
1259,A0A0R0ETC4
1260,A0A0R0ETD9
1261,A0A0R0ETE0
1262,A0A0R0ETE6
1263,A0A0R0ETF3
1264,A0A0R0ETF9
1265,A0A0R0ETG1
1266,A0A0R0ETG3
1267,A0A0R0ETG6
1268,A0A0R0ETH2
1269,A0A0R0ETI0
1270,A0A0R0ETI2
1271,A0A0R0ETJ2
1272,A0A0R0ETJ6
1273,A0A0R0ETK5
1274,A0A0R0ETL8
1275,A0A0R0ETN6
1276,A0A0R0ETN8
1277,A0A0R0ETP0
1278,A0A0R0ETP1
1279,A0A0R0ETP4
1280,A0A0R0ETP7
1281,A0A0R0ETQ1
1282,A0A0R0ETQ4
1283,A0A0R0ETR3
1284,A0A0R0ETR5
1285,A0A0R0ETR9
1286,A0A0R0ETS3
1287,A0A0R0ETS7
1288,A0A0R0ETT1
1289,A0A0R0ETU0
1290,A0A0R0ETU3
1291,A0A0R0ETU4
1292,A0A0R0ETU7
1293,A0A0R0ETU8
1294,A0A0R0ETV1
1295,A0A0R0ETV2
1296,A0A0R0ETV8
1297,A0A0R0ETW1
1298,A0A0R0ETW9
1299,A0A0R0ETX2
1300,A0A0R0ETY9
1301,A0A0R0ETZ3
1302,A0A0R0EU02
1303,A0A0R0EU03
1304,A0A0R0EU05
1305,A0A0R0EU07
1306,A0A0R0EU10
1307,A0A0R0EU19
1308,A0A0R0EU20
1309,A0A0R0EU26
1310,A0A0R0EU31
1311,A0A0R0EU38
1312,A0A0R0EU45
1313,A0A0R0EU57
1314,A0A0R0EU62
1315,A0A0R0EU63
1316,A0A0R0EU64
1317,A0A0R0EU68
1318,A0A0R0EU70
1319,A0A0R0EU75
1320,A0A0R0EU77
1321,A0A0R0EUA1
1322,A0A0R0EUA2
1323,A0A0R0EUA9
1324,A0A0R0EUB5
1325,A0A0R0EUC4
1326,A0A0R0EUD3
1327,A0A0R0EUE2
1328,A0A0R0EUE4
1329,A0A0R0EUE7
1330,A0A0R0EUE8
1331,A0A0R0EUF7
1332,A0A0R0EUF9
1333,A0A0R0EUG7
1334,A0A0R0EUH1
1335,A0A0R0EUH6
1336,A0A0R0EUI5
1337,A0A0R0EUJ0
1338,A0A0R0EUJ3
1339,A0A0R0EUJ6
1340,A0A0R0EUJ8
1341,A0A0R0EUK1
1342,A0A0R0EUK2
1343,A0A0R0EUK3
1344,A0A0R0EUK4
1345,A0A0R0EUK5
1346,A0A0R0EUK8
1347,A0A0R0EUL0
1348,A0A0R0EUL7
1349,A0A0R0EUL8
1350,A0A0R0EUM2
1351,A0A0R0EUM3
1352,A0A0R0EUM4
1353,A0A0R0EUN1
1354,A0A0R0EUN2
1355,A0A0R0EUN8
1356,A0A0R0EUP5
1357,A0A0R0EUP7
1358,A0A0R0EUR3
1359,A0A0R0EUS4
1360,A0A0R0EUT5
1361,A0A0R0EUU1
1362,A0A0R0EUU7
1363,A0A0R0EUU8
1364,A0A0R0EUV5
1365,A0A0R0EUW0
1366,A0A0R0EUW4
1367,A0A0R0EUW5
1368,A0A0R0EUW9
1369,A0A0R0EUX1
1370,A0A0R0EUX7
1371,A0A0R0EUY3
1372,A0A0R0EUY8
1373,A0A0R0EUZ0
1374,A0A0R0EUZ8
1375,A0A0R0EV02
1376,A0A0R0EV19
1377,A0A0R0EV26
1378,A0A0R0EV33
1379,A0A0R0EV42
1380,A0A0R0EV49
1381,A0A0R0EV52
1382,A0A0R0EV55
1383,A0A0R0EV59
1384,A0A0R0EV61
1385,A0A0R0EV62
1386,A0A0R0EV63
1387,A0A0R0EV67
1388,A0A0R0EV79
1389,A0A0R0EV89
1390,A0A0R0EV93
1391,A0A0R0EV96
1392,A0A0R0EV99
1393,A0A0R0EVA1
1394,A0A0R0EVA4
1395,A0A0R0EVC5
1396,A0A0R0EVD4
1397,A0A0R0EVE0
1398,A0A0R0EVE1
1399,A0A0R0EVE7
1400,A0A0R0EVF1
1401,A0A0R0EVF2
1402,A0A0R0EVF6
1403,A0A0R0EVG5
1404,A0A0R0EVG7
1405,A0A0R0EVG8
1406,A0A0R0EVH2
1407,A0A0R0EVH8
1408,A0A0R0EVH9
1409,A0A0R0EVI2
1410,A0A0R0EVI5
1411,A0A0R0EVI7
1412,A0A0R0EVJ9
1413,A0A0R0EVK5
1414,A0A0R0EVK7
1415,A0A0R0EVK8
1416,A0A0R0EVL3
1417,A0A0R0EVL7
1418,A0A0R0EVL8
1419,A0A0R0EVM0
1420,A0A0R0EVM4
1421,A0A0R0EVM5
1422,A0A0R0EVM7
1423,A0A0R0EVM9
1424,A0A0R0EVN8
1425,A0A0R0EVP0
1426,A0A0R0EVP4
1427,A0A0R0EVP9
1428,A0A0R0EVQ4
1429,A0A0R0EVR0
1430,A0A0R0EVR8
1431,A0A0R0EVS6
1432,A0A0R0EVS7
1433,A0A0R0EVS8
1434,A0A0R0EVT1
1435,A0A0R0EVT6
1436,A0A0R0EVU4
1437,A0A0R0EVU9
1438,A0A0R0EVV1
1439,A0A0R0EVV3
1440,A0A0R0EVX5
1441,A0A0R0EVY6
1442,A0A0R0EVY7
1443,A0A0R0EVY9
1444,A0A0R0EVZ0
1445,A0A0R0EVZ7
1446,A0A0R0EW08
1447,A0A0R0EW12
1448,A0A0R0EW24
1449,A0A0R0EW29
1450,A0A0R0EW30
1451,A0A0R0EW32
1452,A0A0R0EW34
1453,A0A0R0EW47
1454,A0A0R0EW48
1455,A0A0R0EW53
1456,A0A0R0EW54
1457,A0A0R0EW56
1458,A0A0R0EW71
1459,A0A0R0EW76
1460,A0A0R0EW78
1461,A0A0R0EW82
1462,A0A0R0EW91
1463,A0A0R0EW95
1464,A0A0R0EW97
1465,A0A0R0EWA3
1466,A0A0R0EWA4
1467,A0A0R0EWA6
1468,A0A0R0EWA7
1469,A0A0R0EWB4
1470,A0A0R0EWB7
1471,A0A0R0EWC1
1472,A0A0R0EWC3
1473,A0A0R0EWC8
1474,A0A0R0EWD3
1475,A0A0R0EWE8
1476,A0A0R0EWF1
1477,A0A0R0EWF4
1478,A0A0R0EWF6
1479,A0A0R0EWG0
1480,A0A0R0EWG1
1481,A0A0R0EWG4
1482,A0A0R0EWH1
1483,A0A0R0EWH5
1484,A0A0R0EWH8
1485,A0A0R0EWK2
1486,A0A0R0EWK7
1487,A0A0R0EWK8
1488,A0A0R0EWL8
1489,A0A0R0EWM9
1490,A0A0R0EWN0
1491,A0A0R0EWN2
1492,A0A0R0EWP2
1493,A0A0R0EWP3
1494,A0A0R0EWQ9
1495,A0A0R0EWR2
1496,A0A0R0EWS5
1497,A0A0R0EWT2
1498,A0A0R0EWT5
1499,A0A0R0EWT8
1500,A0A0R0EWX1
1501,A0A0R0EWX2
1502,A0A0R0EWX6
1503,A0A0R0EWX9
1504,A0A0R0EWY2
1505,A0A0R0EWZ5
1506,A0A0R0EWZ7
1507,A0A0R0EX04
1508,A0A0R0EX11
1509,A0A0R0EX12
1510,A0A0R0EX16
1511,A0A0R0EX17
1512,A0A0R0EX18
1513,A0A0R0EX21
1514,A0A0R0EX26
1515,A0A0R0EX31
1516,A0A0R0EX33
1517,A0A0R0EX41
1518,A0A0R0EX43
1519,A0A0R0EX55
1520,A0A0R0EX56
1521,A0A0R0EX60
1522,A0A0R0EX61
1523,A0A0R0EX62
1524,A0A0R0EX69
1525,A0A0R0EX85
1526,A0A0R0EX89
1527,A0A0R0EX91
1528,A0A0R0EXB5
1529,A0A0R0EXB6
1530,A0A0R0EXD2
1531,A0A0R0EXE0
1532,A0A0R0EXG8
1533,A0A0R0EXH6
1534,A0A0R0EXJ4
1535,A0A0R0EXK4
1536,A0A0R0EXM7
1537,A0A0R0EXN2
1538,A0A0R0EXP2
1539,A0A0R0EXQ1
1540,A0A0R0EXR2
1541,A0A0R0EXR8
1542,A0A0R0EXS7
1543,A0A0R0EXT5
1544,A0A0R0EXV7
1545,A0A0R0EXW4
1546,A0A0R0EXW5
1547,A0A0R0EXW6
1548,A0A0R0EXX0
1549,A0A0R0EXX1
1550,A0A0R0EXX2
1551,A0A0R0EXY0
1552,A0A0R0EXY6
1553,A0A0R0EXZ2
1554,A0A0R0EXZ3
1555,A0A0R0EXZ4
1556,A0A0R0EY00
1557,A0A0R0EY02
1558,A0A0R0EY07
1559,A0A0R0EY12
1560,A0A0R0EY18
1561,A0A0R0EY21
1562,A0A0R0EY29
1563,A0A0R0EY30
1564,A0A0R0EY34
1565,A0A0R0EY38
1566,A0A0R0EY41
1567,A0A0R0EY43
1568,A0A0R0EY51
1569,A0A0R0EY56
1570,A0A0R0EY57
1571,A0A0R0EY60
1572,A0A0R0EY62
1573,A0A0R0EY64
1574,A0A0R0EY71
1575,A0A0R0EY78
1576,A0A0R0EY84
1577,A0A0R0EY92
1578,A0A0R0EY99
1579,A0A0R0EYA1
1580,A0A0R0EYA5
1581,A0A0R0EYA9
1582,A0A0R0EYB0
1583,A0A0R0EYB2
1584,A0A0R0EYC2
1585,A0A0R0EYD4
1586,A0A0R0EYF5
1587,A0A0R0EYH1
1588,A0A0R0EYH5
1589,A0A0R0EYH6
1590,A0A0R0EYI1
1591,A0A0R0EYI5
1592,A0A0R0EYJ1
1593,A0A0R0EYK0
1594,A0A0R0EYK2
1595,A0A0R0EYL1
1596,A0A0R0EYL4
1597,A0A0R0EYL9
1598,A0A0R0EYM1
1599,A0A0R0EYM4
1600,A0A0R0EYM5
1601,A0A0R0EYN3
1602,A0A0R0EYN7
1603,A0A0R0EYN9
1604,A0A0R0EYP5
1605,A0A0R0EYP7
1606,A0A0R0EYP8
1607,A0A0R0EYQ8
1608,A0A0R0EYR1
1609,A0A0R0EYR3
1610,A0A0R0EYS0
1611,A0A0R0EYS5
1612,A0A0R0EYS6
1613,A0A0R0EYS8
1614,A0A0R0EYT3
1615,A0A0R0EYT5
1616,A0A0R0EYT8
1617,A0A0R0EYU5
1618,A0A0R0EYU6
1619,A0A0R0EYU7
1620,A0A0R0EYV3
1621,A0A0R0EYV9
1622,A0A0R0EYW2
1623,A0A0R0EYW3
1624,A0A0R0EYW7
1625,A0A0R0EYW9
1626,A0A0R0EYX0
1627,A0A0R0EYX9
1628,A0A0R0EYY1
1629,A0A0R0EYY2
1630,A0A0R0EYZ3
1631,A0A0R0EYZ6
1632,A0A0R0EYZ8
1633,A0A0R0EZ04
1634,A0A0R0EZ13
1635,A0A0R0EZ17
1636,A0A0R0EZ18
1637,A0A0R0EZ21
1638,A0A0R0EZ27
1639,A0A0R0EZ30
1640,A0A0R0EZ32
1641,A0A0R0EZ39
1642,A0A0R0EZ50
1643,A0A0R0EZ53
1644,A0A0R0EZ61
1645,A0A0R0EZ62
1646,A0A0R0EZ64
1647,A0A0R0EZ65
1648,A0A0R0EZ81
1649,A0A0R0EZ82
1650,A0A0R0EZ84
1651,A0A0R0EZ86
1652,A0A0R0EZ89
1653,A0A0R0EZ91
1654,A0A0R0EZ98
1655,A0A0R0EZA9
1656,A0A0R0EZC2
1657,A0A0R0EZC4
1658,A0A0R0EZD1
1659,A0A0R0EZD3
1660,A0A0R0EZD9
1661,A0A0R0EZE0
1662,A0A0R0EZE2
1663,A0A0R0EZE5
1664,A0A0R0EZE7
1665,A0A0R0EZE8
1666,A0A0R0EZF0
1667,A0A0R0EZF3
1668,A0A0R0EZF6
1669,A0A0R0EZG6
1670,A0A0R0EZH3
1671,A0A0R0EZH4
1672,A0A0R0EZH8
1673,A0A0R0EZI8
1674,A0A0R0EZJ5
1675,A0A0R0EZK7
1676,A0A0R0EZL7
1677,A0A0R0EZP3
1678,A0A0R0EZQ1
1679,A0A0R0EZR2
1680,A0A0R0EZS1
1681,A0A0R0EZS5
1682,A0A0R0EZT0
1683,A0A0R0EZT1
1684,A0A0R0EZT2
1685,A0A0R0EZT3
1686,A0A0R0EZU3
1687,A0A0R0EZU8
1688,A0A0R0EZV4
1689,A0A0R0EZV5
1690,A0A0R0EZX4
1691,A0A0R0EZZ6
1692,A0A0R0F002
1693,A0A0R0F016
1694,A0A0R0F023
1695,A0A0R0F025
1696,A0A0R0F029
1697,A0A0R0F038
1698,A0A0R0F039
1699,A0A0R0F047
1700,A0A0R0F054
1701,A0A0R0F065
1702,A0A0R0F067
1703,A0A0R0F068
1704,A0A0R0F077
1705,A0A0R0F078
1706,A0A0R0F079
1707,A0A0R0F081
1708,A0A0R0F092
1709,A0A0R0F0A2
1710,A0A0R0F0B2
1711,A0A0R0F0B4
1712,A0A0R0F0C0
1713,A0A0R0F0D8
1714,A0A0R0F0E0
1715,A0A0R0F0E1
1716,A0A0R0F0E4
1717,A0A0R0F0E8
1718,A0A0R0F0G8
1719,A0A0R0F0H4
1720,A0A0R0F0H9
1721,A0A0R0F0I2
1722,A0A0R0F0I4
1723,A0A0R0F0I5
1724,A0A0R0F0J5
1725,A0A0R0F0J8
1726,A0A0R0F0K0
1727,A0A0R0F0K6
1728,A0A0R0F0K7
1729,A0A0R0F0L5
1730,A0A0R0F0L9
1731,A0A0R0F0M2
1732,A0A0R0F0M8
1733,A0A0R0F0N0
1734,A0A0R0F0N6
1735,A0A0R0F0P3
1736,A0A0R0F0P6
1737,A0A0R0F0P8
1738,A0A0R0F0P9
1739,A0A0R0F0Q0
1740,A0A0R0F0Q5
1741,A0A0R0F0Q8
1742,A0A0R0F0R4
1743,A0A0R0F0R8
1744,A0A0R0F0S9
1745,A0A0R0F0T5
1746,A0A0R0F0T6
1747,A0A0R0F0T7
1748,A0A0R0F0U3
1749,A0A0R0F0U7
1750,A0A0R0F0W4
1751,A0A0R0F0W7
1752,A0A0R0F0W9
1753,A0A0R0F0X2
1754,A0A0R0F0X5
1755,A0A0R0F0Y3
1756,A0A0R0F0Y9
1757,A0A0R0F101
1758,A0A0R0F105
1759,A0A0R0F106
1760,A0A0R0F127
1761,A0A0R0F128
1762,A0A0R0F135
1763,A0A0R0F137
1764,A0A0R0F139
1765,A0A0R0F147
1766,A0A0R0F150
1767,A0A0R0F156
1768,A0A0R0F159
1769,A0A0R0F161
1770,A0A0R0F164
1771,A0A0R0F167
1772,A0A0R0F173
1773,A0A0R0F179
1774,A0A0R0F180
1775,A0A0R0F190
1776,A0A0R0F193
1777,A0A0R0F194
1778,A0A0R0F195
1779,A0A0R0F1A4
1780,A0A0R0F1A6
1781,A0A0R0F1B8
1782,A0A0R0F1C6
1783,A0A0R0F1D4
1784,A0A0R0F1D5
1785,A0A0R0F1D6
1786,A0A0R0F1E1
1787,A0A0R0F1E4
1788,A0A0R0F1E7
1789,A0A0R0F1F1
1790,A0A0R0F1F5
1791,A0A0R0F1G0
1792,A0A0R0F1G5
1793,A0A0R0F1H8
1794,A0A0R0F1H9
1795,A0A0R0F1I4
1796,A0A0R0F1I6
1797,A0A0R0F1J8
1798,A0A0R0F1K2
1799,A0A0R0F1L5
1800,A0A0R0F1L8
1801,A0A0R0F1M3
1802,A0A0R0F1M4
1803,A0A0R0F1M7
1804,A0A0R0F1N7
1805,A0A0R0F1P0
1806,A0A0R0F1P7
1807,A0A0R0F1Q1
1808,A0A0R0F1Q2
1809,A0A0R0F1Q5
1810,A0A0R0F1R2
1811,A0A0R0F1R3
1812,A0A0R0F1R8
1813,A0A0R0F1S1
1814,A0A0R0F1S2
1815,A0A0R0F1S7
1816,A0A0R0F1T0
1817,A0A0R0F1T1
1818,A0A0R0F1T7
1819,A0A0R0F1T9
1820,A0A0R0F1U0
1821,A0A0R0F1U1
1822,A0A0R0F1U3
1823,A0A0R0F1V1
1824,A0A0R0F1W4
1825,A0A0R0F1W9
1826,A0A0R0F1X5
1827,A0A0R0F1Y3
1828,A0A0R0F1Y5
1829,A0A0R0F1Y6
1830,A0A0R0F1Z4
1831,A0A0R0F1Z5
1832,A0A0R0F1Z7
1833,A0A0R0F1Z8
1834,A0A0R0F200
1835,A0A0R0F201
1836,A0A0R0F211
1837,A0A0R0F214
1838,A0A0R0F233
1839,A0A0R0F237
1840,A0A0R0F240
1841,A0A0R0F241
1842,A0A0R0F243
1843,A0A0R0F250
1844,A0A0R0F256
1845,A0A0R0F259
1846,A0A0R0F269
1847,A0A0R0F283
1848,A0A0R0F284
1849,A0A0R0F288
1850,A0A0R0F290
1851,A0A0R0F299
1852,A0A0R0F2A2
1853,A0A0R0F2A7
1854,A0A0R0F2C2
1855,A0A0R0F2D6
1856,A0A0R0F2D8
1857,A0A0R0F2D9
1858,A0A0R0F2E0
1859,A0A0R0F2E2
1860,A0A0R0F2E8
1861,A0A0R0F2F5
1862,A0A0R0F2G3
1863,A0A0R0F2G6
1864,A0A0R0F2G7
1865,A0A0R0F2G9
1866,A0A0R0F2H9
1867,A0A0R0F2I4
1868,A0A0R0F2I9
1869,A0A0R0F2J1
1870,A0A0R0F2K7
1871,A0A0R0F2L4
1872,A0A0R0F2M9
1873,A0A0R0F2N0
1874,A0A0R0F2P0
1875,A0A0R0F2P1
1876,A0A0R0F2P4
1877,A0A0R0F2Q5
1878,A0A0R0F2R8
1879,A0A0R0F2S3
1880,A0A0R0F2T4
1881,A0A0R0F2U2
1882,A0A0R0F2U5
1883,A0A0R0F2U9
1884,A0A0R0F2V1
1885,A0A0R0F2V5
1886,A0A0R0F2V7
1887,A0A0R0F2W0
1888,A0A0R0F2W8
1889,A0A0R0F2Y8
1890,A0A0R0F2Z4
1891,A0A0R0F314
1892,A0A0R0F325
1893,A0A0R0F327
1894,A0A0R0F331
1895,A0A0R0F335
1896,A0A0R0F347
1897,A0A0R0F351
1898,A0A0R0F358
1899,A0A0R0F360
1900,A0A0R0F368
1901,A0A0R0F370
1902,A0A0R0F381
1903,A0A0R0F382
1904,A0A0R0F388
1905,A0A0R0F392
1906,A0A0R0F394
1907,A0A0R0F397
1908,A0A0R0F3A2
1909,A0A0R0F3B5
1910,A0A0R0F3C0
1911,A0A0R0F3C6
1912,A0A0R0F3C8
1913,A0A0R0F3D3
1914,A0A0R0F3D5
1915,A0A0R0F3E0
1916,A0A0R0F3E9
1917,A0A0R0F3F2
1918,A0A0R0F3F5
1919,A0A0R0F3F7
1920,A0A0R0F3G4
1921,A0A0R0F3G5
1922,A0A0R0F3H3
1923,A0A0R0F3H6
1924,A0A0R0F3I6
1925,A0A0R0F3J1
1926,A0A0R0F3J7
1927,A0A0R0F3K2
1928,A0A0R0F3K4
1929,A0A0R0F3L3
1930,A0A0R0F3M2
1931,A0A0R0F3M4
1932,A0A0R0F3N4
1933,A0A0R0F3N9
1934,A0A0R0F3P0
1935,A0A0R0F3R1
1936,A0A0R0F3R7
1937,A0A0R0F3R8
1938,A0A0R0F3T1
1939,A0A0R0F3U4
1940,A0A0R0F3U9
1941,A0A0R0F3V9
1942,A0A0R0F3X4
1943,A0A0R0F3X6
1944,A0A0R0F3X7
1945,A0A0R0F403
1946,A0A0R0F406
1947,A0A0R0F407
1948,A0A0R0F423
1949,A0A0R0F425
1950,A0A0R0F430
1951,A0A0R0F432
1952,A0A0R0F441
1953,A0A0R0F446
1954,A0A0R0F448
1955,A0A0R0F461
1956,A0A0R0F465
1957,A0A0R0F470
1958,A0A0R0F485
1959,A0A0R0F492
1960,A0A0R0F493
1961,A0A0R0F4A1
1962,A0A0R0F4C4
1963,A0A0R0F4D1
1964,A0A0R0F4D3
1965,A0A0R0F4D4
1966,A0A0R0F4E2
1967,A0A0R0F4E8
1968,A0A0R0F4F3
1969,A0A0R0F4H3
1970,A0A0R0F4I5
1971,A0A0R0F4I7
1972,A0A0R0F4I8
1973,A0A0R0F4K0
1974,A0A0R0F4K8
1975,A0A0R0F4L3
1976,A0A0R0F4L4
1977,A0A0R0F4M5
1978,A0A0R0F4N2
1979,A0A0R0F4N3
1980,A0A0R0F4P2
1981,A0A0R0F4P6
1982,A0A0R0F4Q3
1983,A0A0R0F4Q7
1984,A0A0R0F4Q9
1985,A0A0R0F4R7
1986,A0A0R0F4T2
1987,A0A0R0F4T6
1988,A0A0R0F4U2
1989,A0A0R0F4U7
1990,A0A0R0F4V0
1991,A0A0R0F4W4
1992,A0A0R0F4W5
1993,A0A0R0F4W6
1994,A0A0R0F4Y2
1995,A0A0R0F4Z2
1996,A0A0R0F4Z3
1997,A0A0R0F4Z5
1998,A0A0R0F511
1999,A0A0R0F519
2000,A0A0R0F523
2001,A0A0R0F529
2002,A0A0R0F530
2003,A0A0R0F536
2004,A0A0R0F541
2005,A0A0R0F547
2006,A0A0R0F562
2007,A0A0R0F581
2008,A0A0R0F582
2009,A0A0R0F591
2010,A0A0R0F594
2011,A0A0R0F5A9
2012,A0A0R0F5B0
2013,A0A0R0F5B5
2014,A0A0R0F5C3
2015,A0A0R0F5F7
2016,A0A0R0F5G2
2017,A0A0R0F5H7
2018,A0A0R0F5H8
2019,A0A0R0F5I2
2020,A0A0R0F5I7
2021,A0A0R0F5I9
2022,A0A0R0F5J2
2023,A0A0R0F5J4
2024,A0A0R0F5J7
2025,A0A0R0F5K1
2026,A0A0R0F5K2
2027,A0A0R0F5L1
2028,A0A0R0F5L5
2029,A0A0R0F5L7
2030,A0A0R0F5P3
2031,A0A0R0F5P6
2032,A0A0R0F5Q2
2033,A0A0R0F5R6
2034,A0A0R0F5S2
2035,A0A0R0F5S6
2036,A0A0R0F5T2
2037,A0A0R0F5T5
2038,A0A0R0F5U2
2039,A0A0R0F5U7
2040,A0A0R0F5V1
2041,A0A0R0F5W1
2042,A0A0R0F5X7
2043,A0A0R0F5Y6
2044,A0A0R0F5Y7
2045,A0A0R0F5Z1
2046,A0A0R0F600
2047,A0A0R0F608
2048,A0A0R0F611
2049,A0A0R0F636
2050,A0A0R0F660
2051,A0A0R0F675
2052,A0A0R0F689
2053,A0A0R0F695
2054,A0A0R0F6B2
2055,A0A0R0F6C6
2056,A0A0R0F6D0
2057,A0A0R0F6D4
2058,A0A0R0F6D6
2059,A0A0R0F6E4
2060,A0A0R0F6E6
2061,A0A0R0F6E9
2062,A0A0R0F6G2
2063,A0A0R0F6G3
2064,A0A0R0F6H1
2065,A0A0R0F6H3
2066,A0A0R0F6H8
2067,A0A0R0F6I9
2068,A0A0R0F6L5
2069,A0A0R0F6L8
2070,A0A0R0F6M1
2071,A0A0R0F6M3
2072,A0A0R0F6M5
2073,A0A0R0F6M6
2074,A0A0R0F6M9
2075,A0A0R0F6N4
2076,A0A0R0F6N9
2077,A0A0R0F6P0
2078,A0A0R0F6P2
2079,A0A0R0F6Q1
2080,A0A0R0F6R4
2081,A0A0R0F6R7
2082,A0A0R0F6S0
2083,A0A0R0F6S1
2084,A0A0R0F6S5
2085,A0A0R0F6T0
2086,A0A0R0F6T6
2087,A0A0R0F6U1
2088,A0A0R0F6W3
2089,A0A0R0F6W4
2090,A0A0R0F6Y7
2091,A0A0R0F710
2092,A0A0R0F715
2093,A0A0R0F719
2094,A0A0R0F723
2095,A0A0R0F726
2096,A0A0R0F728
2097,A0A0R0F740
2098,A0A0R0F741
2099,A0A0R0F747
2100,A0A0R0F749
2101,A0A0R0F750
2102,A0A0R0F752
2103,A0A0R0F758
2104,A0A0R0F759
2105,A0A0R0F765
2106,A0A0R0F768
2107,A0A0R0F783
2108,A0A0R0F793
2109,A0A0R0F7A2
2110,A0A0R0F7A3
2111,A0A0R0F7B1
2112,A0A0R0F7B8
2113,A0A0R0F7B9
2114,A0A0R0F7C1
2115,A0A0R0F7C8
2116,A0A0R0F7E7
2117,A0A0R0F7E8
2118,A0A0R0F7F5
2119,A0A0R0F7G3
2120,A0A0R0F7H4
2121,A0A0R0F7I1
2122,A0A0R0F7I2
2123,A0A0R0F7I4
2124,A0A0R0F7I8
2125,A0A0R0F7J1
2126,A0A0R0F7J8
2127,A0A0R0F7J9
2128,A0A0R0F7L1
2129,A0A0R0F7L3
2130,A0A0R0F7L7
2131,A0A0R0F7L9
2132,A0A0R0F7M5
2133,A0A0R0F7N4
2134,A0A0R0F7N8
2135,A0A0R0F7N9
2136,A0A0R0F7P7
2137,A0A0R0F7P8
2138,A0A0R0F7Q0
2139,A0A0R0F7Q1
2140,A0A0R0F7Q8
2141,A0A0R0F7R0
2142,A0A0R0F7R1
2143,A0A0R0F7R2
2144,A0A0R0F7R9
2145,A0A0R0F7S2
2146,A0A0R0F7T6
2147,A0A0R0F7U3
2148,A0A0R0F7U7
2149,A0A0R0F7V0
2150,A0A0R0F7V7
2151,A0A0R0F7W2
2152,A0A0R0F7W6
2153,A0A0R0F7X2
2154,A0A0R0F7Y8
2155,A0A0R0F7Z1
2156,A0A0R0F802
2157,A0A0R0F805
2158,A0A0R0F808
2159,A0A0R0F812
2160,A0A0R0F820
2161,A0A0R0F837
2162,A0A0R0F845
2163,A0A0R0F849
2164,A0A0R0F852
2165,A0A0R0F859
2166,A0A0R0F862
2167,A0A0R0F868
2168,A0A0R0F8A0
2169,A0A0R0F8A6
2170,A0A0R0F8A7
2171,A0A0R0F8B3
2172,A0A0R0F8B5
2173,A0A0R0F8C2
2174,A0A0R0F8D2
2175,A0A0R0F8D6
2176,A0A0R0F8D9
2177,A0A0R0F8E2
2178,A0A0R0F8E4
2179,A0A0R0F8E8
2180,A0A0R0F8F2
2181,A0A0R0F8G9
2182,A0A0R0F8H1
2183,A0A0R0F8I1
2184,A0A0R0F8I5
2185,A0A0R0F8J4
2186,A0A0R0F8K1
2187,A0A0R0F8K4
2188,A0A0R0F8K6
2189,A0A0R0F8L3
2190,A0A0R0F8L7
2191,A0A0R0F8M0
2192,A0A0R0F8M2
2193,A0A0R0F8M7
2194,A0A0R0F8M9
2195,A0A0R0F8N1
2196,A0A0R0F8P6
2197,A0A0R0F8P9
2198,A0A0R0F8Q7
2199,A0A0R0F8R7
2200,A0A0R0F8R8
2201,A0A0R0F8R9
2202,A0A0R0F8S0
2203,A0A0R0F8S1
2204,A0A0R0F8S5
2205,A0A0R0F8S8
2206,A0A0R0F8T3
2207,A0A0R0F8T7
2208,A0A0R0F8U3
2209,A0A0R0F8U4
2210,A0A0R0F8V1
2211,A0A0R0F8V4
2212,A0A0R0F8V9
2213,A0A0R0F8W4
2214,A0A0R0F8W5
2215,A0A0R0F8W6
2216,A0A0R0F8W9
2217,A0A0R0F8X5
2218,A0A0R0F8Y2
2219,A0A0R0F8Z1
2220,A0A0R0F903
2221,A0A0R0F904
2222,A0A0R0F905
2223,A0A0R0F906
2224,A0A0R0F908
2225,A0A0R0F929
2226,A0A0R0F930
2227,A0A0R0F936
2228,A0A0R0F940
2229,A0A0R0F941
2230,A0A0R0F950
2231,A0A0R0F952
2232,A0A0R0F953
2233,A0A0R0F958
2234,A0A0R0F962
2235,A0A0R0F963
2236,A0A0R0F972
2237,A0A0R0F973
2238,A0A0R0F977
2239,A0A0R0F987
2240,A0A0R0F988
2241,A0A0R0F996
2242,A0A0R0F9A1
2243,A0A0R0F9B2
2244,A0A0R0F9B7
2245,A0A0R0F9B8
2246,A0A0R0F9B9
2247,A0A0R0F9C5
2248,A0A0R0F9C8
2249,A0A0R0F9D0
2250,A0A0R0F9D6
2251,A0A0R0F9E1
2252,A0A0R0F9G1
2253,A0A0R0F9G4
2254,A0A0R0F9G6
2255,A0A0R0F9G8
2256,A0A0R0F9H0
2257,A0A0R0F9H9
2258,A0A0R0F9I6
2259,A0A0R0F9J4
2260,A0A0R0F9J9
2261,A0A0R0F9K6
2262,A0A0R0F9K7
2263,A0A0R0F9M4
2264,A0A0R0F9M8
2265,A0A0R0F9N3
2266,A0A0R0F9N6
2267,A0A0R0F9N8
2268,A0A0R0F9Q0
2269,A0A0R0F9Q1
2270,A0A0R0F9Q7
2271,A0A0R0F9Q8
2272,A0A0R0F9S1
2273,A0A0R0F9S3
2274,A0A0R0F9S4
2275,A0A0R0F9S7
2276,A0A0R0F9T9
2277,A0A0R0F9U0
2278,A0A0R0F9U2
2279,A0A0R0F9U8
2280,A0A0R0F9Y4
2281,A0A0R0F9Y8
2282,A0A0R0F9Y9
2283,A0A0R0F9Z6
2284,A0A0R0F9Z9
2285,A0A0R0FA00
2286,A0A0R0FA11
2287,A0A0R0FA21
2288,A0A0R0FA40
2289,A0A0R0FA48
2290,A0A0R0FA54
2291,A0A0R0FA57
2292,A0A0R0FA59
2293,A0A0R0FA61
2294,A0A0R0FA73
2295,A0A0R0FA75
2296,A0A0R0FA81
2297,A0A0R0FA82
2298,A0A0R0FA90
2299,A0A0R0FA97
2300,A0A0R0FAA7
2301,A0A0R0FAA9
2302,A0A0R0FAB5
2303,A0A0R0FAB7
2304,A0A0R0FAC4
2305,A0A0R0FAD1
2306,A0A0R0FAD6
2307,A0A0R0FAD8
2308,A0A0R0FAD9
2309,A0A0R0FAE2
2310,A0A0R0FAE3
2311,A0A0R0FAE4
2312,A0A0R0FAE6
2313,A0A0R0FAE7
2314,A0A0R0FAE9
2315,A0A0R0FAF2
2316,A0A0R0FAG8
2317,A0A0R0FAH5
2318,A0A0R0FAH7
2319,A0A0R0FAI0
2320,A0A0R0FAJ6
2321,A0A0R0FAJ8
2322,A0A0R0FAK2
2323,A0A0R0FAL2
2324,A0A0R0FAL6
2325,A0A0R0FAM5
2326,A0A0R0FAM7
2327,A0A0R0FAM9
2328,A0A0R0FAP4
2329,A0A0R0FAP5
2330,A0A0R0FAQ2
2331,A0A0R0FAQ3
2332,A0A0R0FAQ8
2333,A0A0R0FAR0
2334,A0A0R0FAR7
2335,A0A0R0FAS1
2336,A0A0R0FAS3
2337,A0A0R0FAU2
2338,A0A0R0FAU9
2339,A0A0R0FAV2
2340,A0A0R0FAV9
2341,A0A0R0FAW1
2342,A0A0R0FAW3
2343,A0A0R0FAW6
2344,A0A0R0FAX0
2345,A0A0R0FAX6
2346,A0A0R0FAY8
2347,A0A0R0FAZ6
2348,A0A0R0FB00
2349,A0A0R0FB02
2350,A0A0R0FB06
2351,A0A0R0FB11
2352,A0A0R0FB18
2353,A0A0R0FB20
2354,A0A0R0FB22
2355,A0A0R0FB23
2356,A0A0R0FB25
2357,A0A0R0FB29
2358,A0A0R0FB30
2359,A0A0R0FB37
2360,A0A0R0FB38
2361,A0A0R0FB43
2362,A0A0R0FB49
2363,A0A0R0FB51
2364,A0A0R0FB53
2365,A0A0R0FB56
2366,A0A0R0FB65
2367,A0A0R0FB71
2368,A0A0R0FB75
2369,A0A0R0FB78
2370,A0A0R0FB96
2371,A0A0R0FBB7
2372,A0A0R0FBB8
2373,A0A0R0FBC1
2374,A0A0R0FBD0
2375,A0A0R0FBD3
2376,A0A0R0FBD6
2377,A0A0R0FBE4
2378,A0A0R0FBE5
2379,A0A0R0FBF9
2380,A0A0R0FBH2
2381,A0A0R0FBH9
2382,A0A0R0FBI3
2383,A0A0R0FBI5
2384,A0A0R0FBI9
2385,A0A0R0FBK3
2386,A0A0R0FBK8
2387,A0A0R0FBL3
2388,A0A0R0FBM0
2389,A0A0R0FBM4
2390,A0A0R0FBM5
2391,A0A0R0FBM6
2392,A0A0R0FBM8
2393,A0A0R0FBP0
2394,A0A0R0FBQ3
2395,A0A0R0FBQ7
2396,A0A0R0FBQ8
2397,A0A0R0FBR9
2398,A0A0R0FBT0
2399,A0A0R0FBT2
2400,A0A0R0FBT8
2401,A0A0R0FBT9
2402,A0A0R0FBU0
2403,A0A0R0FBU4
2404,A0A0R0FBU8
2405,A0A0R0FBW3
2406,A0A0R0FBW6
2407,A0A0R0FBX3
2408,A0A0R0FBX5
2409,A0A0R0FBX6
2410,A0A0R0FBY9
2411,A0A0R0FBZ4
2412,A0A0R0FBZ7
2413,A0A0R0FC01
2414,A0A0R0FC09
2415,A0A0R0FC11
2416,A0A0R0FC20
2417,A0A0R0FC25
2418,A0A0R0FC26
2419,A0A0R0FC28
2420,A0A0R0FC38
2421,A0A0R0FC40
2422,A0A0R0FC49
2423,A0A0R0FC57
2424,A0A0R0FC80
2425,A0A0R0FC81
2426,A0A0R0FC89
2427,A0A0R0FC90
2428,A0A0R0FC91
2429,A0A0R0FC93
2430,A0A0R0FC94
2431,A0A0R0FCA9
2432,A0A0R0FCC1
2433,A0A0R0FCC2
2434,A0A0R0FCD2
2435,A0A0R0FCE9
2436,A0A0R0FCF3
2437,A0A0R0FCG6
2438,A0A0R0FCG9
2439,A0A0R0FCI4
2440,A0A0R0FCI9
2441,A0A0R0FCJ0
2442,A0A0R0FCJ1
2443,A0A0R0FCK2
2444,A0A0R0FCK6
2445,A0A0R0FCL0
2446,A0A0R0FCL1
2447,A0A0R0FCM7
2448,A0A0R0FCN2
2449,A0A0R0FCN5
2450,A0A0R0FCP5
2451,A0A0R0FCP8
2452,A0A0R0FCQ7
2453,A0A0R0FCR3
2454,A0A0R0FCR4
2455,A0A0R0FCR5
2456,A0A0R0FCS4
2457,A0A0R0FCT0
2458,A0A0R0FCT4
2459,A0A0R0FCT6
2460,A0A0R0FCU0
2461,A0A0R0FCU3
2462,A0A0R0FCV1
2463,A0A0R0FCV8
2464,A0A0R0FCX3
2465,A0A0R0FCX9
2466,A0A0R0FD00
2467,A0A0R0FD10
2468,A0A0R0FD14
2469,A0A0R0FD17
2470,A0A0R0FD21
2471,A0A0R0FD25
2472,A0A0R0FD34
2473,A0A0R0FD37
2474,A0A0R0FD46
2475,A0A0R0FD57
2476,A0A0R0FD58
2477,A0A0R0FD62
2478,A0A0R0FD64
2479,A0A0R0FD66
2480,A0A0R0FD78
2481,A0A0R0FD82
2482,A0A0R0FD96
2483,A0A0R0FD98
2484,A0A0R0FDB3
2485,A0A0R0FDB4
2486,A0A0R0FDB8
2487,A0A0R0FDC0
2488,A0A0R0FDC1
2489,A0A0R0FDC5
2490,A0A0R0FDC6
2491,A0A0R0FDC9
2492,A0A0R0FDD0
2493,A0A0R0FDD8
2494,A0A0R0FDE0
2495,A0A0R0FDF3
2496,A0A0R0FDG2
2497,A0A0R0FDG4
2498,A0A0R0FDG8
2499,A0A0R0FDI4
2500,A0A0R0FDM5
2501,A0A0R0FDP9
2502,A0A0R0FDQ1
2503,A0A0R0FDQ3
2504,A0A0R0FDQ7
2505,A0A0R0FDR5
2506,A0A0R0FDT6
2507,A0A0R0FDV0
2508,A0A0R0FDV1
2509,A0A0R0FDV5
2510,A0A0R0FDV7
2511,A0A0R0FDV8
2512,A0A0R0FDX7
2513,A0A0R0FDZ2
2514,A0A0R0FDZ3
2515,A0A0R0FE08
2516,A0A0R0FE12
2517,A0A0R0FE13
2518,A0A0R0FE18
2519,A0A0R0FE21
2520,A0A0R0FE22
2521,A0A0R0FE30
2522,A0A0R0FE32
2523,A0A0R0FE33
2524,A0A0R0FE37
2525,A0A0R0FE38
2526,A0A0R0FE39
2527,A0A0R0FE42
2528,A0A0R0FE45
2529,A0A0R0FE46
2530,A0A0R0FE47
2531,A0A0R0FE54
2532,A0A0R0FE56
2533,A0A0R0FE63
2534,A0A0R0FE69
2535,A0A0R0FE79
2536,A0A0R0FE96
2537,A0A0R0FE97
2538,A0A0R0FEA0
2539,A0A0R0FEA7
2540,A0A0R0FEB3
2541,A0A0R0FEB6
2542,A0A0R0FEC1
2543,A0A0R0FEC7
2544,A0A0R0FEC8
2545,A0A0R0FED2
2546,A0A0R0FED8
2547,A0A0R0FED9
2548,A0A0R0FEE3
2549,A0A0R0FEE5
2550,A0A0R0FEF0
2551,A0A0R0FEF1
2552,A0A0R0FEF8
2553,A0A0R0FEG3
2554,A0A0R0FEG6
2555,A0A0R0FEH7
2556,A0A0R0FEH9
2557,A0A0R0FEI0
2558,A0A0R0FEI2
2559,A0A0R0FEJ2
2560,A0A0R0FEJ4
2561,A0A0R0FEJ5
2562,A0A0R0FEJ7
2563,A0A0R0FEK6
2564,A0A0R0FEK9
2565,A0A0R0FEL0
2566,A0A0R0FEL3
2567,A0A0R0FEL6
2568,A0A0R0FEM7
2569,A0A0R0FEM8
2570,A0A0R0FEN1
2571,A0A0R0FEN3
2572,A0A0R0FEN6
2573,A0A0R0FEN8
2574,A0A0R0FEN9
2575,A0A0R0FEP1
2576,A0A0R0FEP8
2577,A0A0R0FEQ4
2578,A0A0R0FEQ9
2579,A0A0R0FER5
2580,A0A0R0FER8
2581,A0A0R0FES6
2582,A0A0R0FEU0
2583,A0A0R0FEU1
2584,A0A0R0FEU6
2585,A0A0R0FEU8
2586,A0A0R0FEV0
2587,A0A0R0FEV3
2588,A0A0R0FEV9
2589,A0A0R0FEW2
2590,A0A0R0FEW8
2591,A0A0R0FEX0
2592,A0A0R0FEX1
2593,A0A0R0FEX8
2594,A0A0R0FEY3
2595,A0A0R0FEY4
2596,A0A0R0FEZ7
2597,A0A0R0FF14
2598,A0A0R0FF17
2599,A0A0R0FF23
2600,A0A0R0FF24
2601,A0A0R0FF28
2602,A0A0R0FF31
2603,A0A0R0FF32
2604,A0A0R0FF44
2605,A0A0R0FF49
2606,A0A0R0FF54
2607,A0A0R0FF63
2608,A0A0R0FF65
2609,A0A0R0FF68
2610,A0A0R0FF69
2611,A0A0R0FF82
2612,A0A0R0FF89
2613,A0A0R0FF98
2614,A0A0R0FFA0
2615,A0A0R0FFA1
2616,A0A0R0FFB1
2617,A0A0R0FFC2
2618,A0A0R0FFC5
2619,A0A0R0FFC7
2620,A0A0R0FFD8
2621,A0A0R0FFE3
2622,A0A0R0FFE6
2623,A0A0R0FFE9
2624,A0A0R0FFF1
2625,A0A0R0FFF4
2626,A0A0R0FFG3
2627,A0A0R0FFG6
2628,A0A0R0FFG8
2629,A0A0R0FFG9
2630,A0A0R0FFH7
2631,A0A0R0FFI0
2632,A0A0R0FFI7
2633,A0A0R0FFI9
2634,A0A0R0FFJ1
2635,A0A0R0FFJ9
2636,A0A0R0FFK3
2637,A0A0R0FFL2
2638,A0A0R0FFL6
2639,A0A0R0FFL7
2640,A0A0R0FFL9
2641,A0A0R0FFN1
2642,A0A0R0FFP5
2643,A0A0R0FFQ3
2644,A0A0R0FFQ5
2645,A0A0R0FFQ9
2646,A0A0R0FFR2
2647,A0A0R0FFR3
2648,A0A0R0FFS4
2649,A0A0R0FFS8
2650,A0A0R0FFT0
2651,A0A0R0FFT1
2652,A0A0R0FFU6
2653,A0A0R0FFV2
2654,A0A0R0FFV6
2655,A0A0R0FFW0
2656,A0A0R0FFW6
2657,A0A0R0FFW9
2658,A0A0R0FFX1
2659,A0A0R0FFY1
2660,A0A0R0FFY5
2661,A0A0R0FFY6
2662,A0A0R0FFZ5
2663,A0A0R0FG14
2664,A0A0R0FG26
2665,A0A0R0FG30
2666,A0A0R0FG38
2667,A0A0R0FG53
2668,A0A0R0FG64
2669,A0A0R0FG69
2670,A0A0R0FG70
2671,A0A0R0FG75
2672,A0A0R0FG76
2673,A0A0R0FG77
2674,A0A0R0FG78
2675,A0A0R0FG80
2676,A0A0R0FG88
2677,A0A0R0FG91
2678,A0A0R0FG92
2679,A0A0R0FG96
2680,A0A0R0FG97
2681,A0A0R0FG98
2682,A0A0R0FGA3
2683,A0A0R0FGA5
2684,A0A0R0FGB5
2685,A0A0R0FGB8
2686,A0A0R0FGC1
2687,A0A0R0FGD6
2688,A0A0R0FGE9
2689,A0A0R0FGF4
2690,A0A0R0FGG1
2691,A0A0R0FGG5
2692,A0A0R0FGG9
2693,A0A0R0FGH9
2694,A0A0R0FGI1
2695,A0A0R0FGJ1
2696,A0A0R0FGJ2
2697,A0A0R0FGJ5
2698,A0A0R0FGN6
2699,A0A0R0FGP6
2700,A0A0R0FGQ1
2701,A0A0R0FGQ5
2702,A0A0R0FGR2
2703,A0A0R0FGS7
2704,A0A0R0FGT9
2705,A0A0R0FGW2
2706,A0A0R0FGW8
2707,A0A0R0FGW9
2708,A0A0R0FGY2
2709,A0A0R0FGZ0
2710,A0A0R0FGZ1
2711,A0A0R0FGZ5
2712,A0A0R0FH00
2713,A0A0R0FH06
2714,A0A0R0FH08
2715,A0A0R0FH28
2716,A0A0R0FH43
2717,A0A0R0FH46
2718,A0A0R0FH68
2719,A0A0R0FH74
2720,A0A0R0FH81
2721,A0A0R0FHA0
2722,A0A0R0FHA5
2723,A0A0R0FHA6
2724,A0A0R0FHB6
2725,A0A0R0FHB8
2726,A0A0R0FHC2
2727,A0A0R0FHC7
2728,A0A0R0FHD2
2729,A0A0R0FHD8
2730,A0A0R0FHE0
2731,A0A0R0FHE5
2732,A0A0R0FHG0
2733,A0A0R0FHH7
2734,A0A0R0FHH8
2735,A0A0R0FHI5
2736,A0A0R0FHK0
2737,A0A0R0FHK7
2738,A0A0R0FHL6
2739,A0A0R0FHN4
2740,A0A0R0FHN7
2741,A0A0R0FHN8
2742,A0A0R0FHQ3
2743,A0A0R0FHR3
2744,A0A0R0FHS7
2745,A0A0R0FHT5
2746,A0A0R0FHU2
2747,A0A0R0FHV0
2748,A0A0R0FHV1
2749,A0A0R0FHV7
2750,A0A0R0FHW6
2751,A0A0R0FHW7
2752,A0A0R0FHX0
2753,A0A0R0FHX4
2754,A0A0R0FHZ4
2755,A0A0R0FHZ5
2756,A0A0R0FHZ8
2757,A0A0R0FI03
2758,A0A0R0FI10
2759,A0A0R0FI12
2760,A0A0R0FI26
2761,A0A0R0FI43
2762,A0A0R0FI48
2763,A0A0R0FI60
2764,A0A0R0FI75
2765,A0A0R0FI80
2766,A0A0R0FI96
2767,A0A0R0FIA4
2768,A0A0R0FIA7
2769,A0A0R0FIA9
2770,A0A0R0FIB0
2771,A0A0R0FIB6
2772,A0A0R0FIB7
2773,A0A0R0FIC1
2774,A0A0R0FIC6
2775,A0A0R0FIC8
2776,A0A0R0FID6
2777,A0A0R0FIF1
2778,A0A0R0FIF5
2779,A0A0R0FIF7
2780,A0A0R0FIH0
2781,A0A0R0FIH2
2782,A0A0R0FII4
2783,A0A0R0FII7
2784,A0A0R0FIJ6
2785,A0A0R0FIK0
2786,A0A0R0FIL1
2787,A0A0R0FIL2
2788,A0A0R0FIL5
2789,A0A0R0FIM1
2790,A0A0R0FIM3
2791,A0A0R0FIM4
2792,A0A0R0FIM6
2793,A0A0R0FIM7
2794,A0A0R0FIN9
2795,A0A0R0FIP1
2796,A0A0R0FIP9
2797,A0A0R0FIQ2
2798,A0A0R0FIR6
2799,A0A0R0FIS1
2800,A0A0R0FIS4
2801,A0A0R0FIT7
2802,A0A0R0FIU5
2803,A0A0R0FIU8
2804,A0A0R0FIV1
2805,A0A0R0FIW3
2806,A0A0R0FIW9
2807,A0A0R0FIX7
2808,A0A0R0FIY0
2809,A0A0R0FJ02
2810,A0A0R0FJ06
2811,A0A0R0FJ10
2812,A0A0R0FJ17
2813,A0A0R0FJ21
2814,A0A0R0FJ27
2815,A0A0R0FJ31
2816,A0A0R0FJ45
2817,A0A0R0FJ54
2818,A0A0R0FJ58
2819,A0A0R0FJ61
2820,A0A0R0FJ72
2821,A0A0R0FJ73
2822,A0A0R0FJ74
2823,A0A0R0FJ76
2824,A0A0R0FJ80
2825,A0A0R0FJ81
2826,A0A0R0FJ83
2827,A0A0R0FJ84
2828,A0A0R0FJ89
2829,A0A0R0FJ92
2830,A0A0R0FJD6
2831,A0A0R0FJE2
2832,A0A0R0FJE4
2833,A0A0R0FJF0
2834,A0A0R0FJF3
2835,A0A0R0FJF4
2836,A0A0R0FJG9
2837,A0A0R0FJI2
2838,A0A0R0FJI5
2839,A0A0R0FJJ2
2840,A0A0R0FJJ3
2841,A0A0R0FJJ5
2842,A0A0R0FJJ9
2843,A0A0R0FJK1
2844,A0A0R0FJK7
2845,A0A0R0FJL7
2846,A0A0R0FJM9
2847,A0A0R0FJN3
2848,A0A0R0FJN7
2849,A0A0R0FJP6
2850,A0A0R0FJQ1
2851,A0A0R0FJQ7
2852,A0A0R0FJR0
2853,A0A0R0FJS7
2854,A0A0R0FJS9
2855,A0A0R0FJU6
2856,A0A0R0FJU9
2857,A0A0R0FJV6
2858,A0A0R0FJW7
2859,A0A0R0FJZ1
2860,A0A0R0FK09
2861,A0A0R0FK13
2862,A0A0R0FK15
2863,A0A0R0FK18
2864,A0A0R0FK40
2865,A0A0R0FK41
2866,A0A0R0FK42
2867,A0A0R0FK61
2868,A0A0R0FK69
2869,A0A0R0FK71
2870,A0A0R0FK72
2871,A0A0R0FK84
2872,A0A0R0FK88
2873,A0A0R0FKB1
2874,A0A0R0FKB2
2875,A0A0R0FKB4
2876,A0A0R0FKD0
2877,A0A0R0FKD6
2878,A0A0R0FKE3
2879,A0A0R0FKE7
2880,A0A0R0FKF0
2881,A0A0R0FKG3
2882,A0A0R0FKI8
2883,A0A0R0FKJ2
2884,A0A0R0FKK8
2885,A0A0R0FKK9
2886,A0A0R0FKN8
2887,A0A0R0FKP0
2888,A0A0R0FKQ1
2889,A0A0R0FKQ2
2890,A0A0R0FKQ7
2891,A0A0R0FKT2
2892,A0A0R0FKU0
2893,A0A0R0FKV4
2894,A0A0R0FKV8
2895,A0A0R0FKW3
2896,A0A0R0FKW9
2897,A0A0R0FKY9
2898,A0A0R0FKZ1
2899,A0A0R0FKZ4
2900,A0A0R0FKZ6
2901,A0A0R0FKZ9
2902,A0A0R0FL02
2903,A0A0R0FL09
2904,A0A0R0FL35
2905,A0A0R0FL39
2906,A0A0R0FL47
2907,A0A0R0FL56
2908,A0A0R0FL58
2909,A0A0R0FL69
2910,A0A0R0FL85
2911,A0A0R0FL86
2912,A0A0R0FL96
2913,A0A0R0FL97
2914,A0A0R0FLA2
2915,A0A0R0FLB0
2916,A0A0R0FLB4
2917,A0A0R0FLC1
2918,A0A0R0FLD2
2919,A0A0R0FLE0
2920,A0A0R0FLF0
2921,A0A0R0FLG0
2922,A0A0R0FLG8
2923,A0A0R0FLH1
2924,A0A0R0FLI0
2925,A0A0R0FLI1
2926,A0A0R0FLI5
2927,A0A0R0FLI6
2928,A0A0R0FLJ5
2929,A0A0R0FLJ8
2930,A0A0R0FLL2
2931,A0A0R0FLL7
2932,A0A0R0FLM4
2933,A0A0R0FLM6
2934,A0A0R0FLN9
2935,A0A0R0FLQ1
2936,A0A0R0FLQ7
2937,A0A0R0FLR3
2938,A0A0R0FLR7
2939,A0A0R0FLR8
2940,A0A0R0FLS1
2941,A0A0R0FLT4
2942,A0A0R0FLU8
2943,A0A0R0FLV6
2944,A0A0R0FLV7
2945,A0A0R0FLW0
2946,A0A0R0FLW1
2947,A0A0R0FLX3
2948,A0A0R0FM05
2949,A0A0R0FM07
2950,A0A0R0FM08
2951,A0A0R0FM10
2952,A0A0R0FM15
2953,A0A0R0FM20
2954,A0A0R0FM21
2955,A0A0R0FM26
2956,A0A0R0FM29
2957,A0A0R0FM36
2958,A0A0R0FM37
2959,A0A0R0FM45
2960,A0A0R0FM47
2961,A0A0R0FM58
2962,A0A0R0FM59
2963,A0A0R0FM65
2964,A0A0R0FM71
2965,A0A0R0FM72
2966,A0A0R0FM74
2967,A0A0R0FM78
2968,A0A0R0FM79
2969,A0A0R0FM84
2970,A0A0R0FM88
2971,A0A0R0FM89
2972,A0A0R0FM91
2973,A0A0R0FM95
2974,A0A0R0FM96
2975,A0A0R0FM97
2976,A0A0R0FMA3
2977,A0A0R0FMA7
2978,A0A0R0FMC0
2979,A0A0R0FMC5
2980,A0A0R0FMD1
2981,A0A0R0FMD4
2982,A0A0R0FMD8
2983,A0A0R0FME2
2984,A0A0R0FME7
2985,A0A0R0FME9
2986,A0A0R0FMF0
2987,A0A0R0FMF5
2988,A0A0R0FMF6
2989,A0A0R0FMF9
2990,A0A0R0FMG1
2991,A0A0R0FMG9
2992,A0A0R0FMH2
2993,A0A0R0FMH4
2994,A0A0R0FMI7
2995,A0A0R0FMJ0
2996,A0A0R0FMJ7
2997,A0A0R0FMK7
2998,A0A0R0FML0
2999,A0A0R0FML8
3000,A0A0R0FMM6
3001,A0A0R0FMN0
3002,A0A0R0FMN3
3003,A0A0R0FMP8
3004,A0A0R0FMR6
3005,A0A0R0FMS0
3006,A0A0R0FMS4
3007,A0A0R0FMS5
3008,A0A0R0FMT2
3009,A0A0R0FMT8
3010,A0A0R0FMT9
3011,A0A0R0FMU0
3012,A0A0R0FMU5
3013,A0A0R0FMV7
3014,A0A0R0FMV8
3015,A0A0R0FMW4
3016,A0A0R0FMW9
3017,A0A0R0FMX4
3018,A0A0R0FMX8
3019,A0A0R0FMY8
3020,A0A0R0FMZ3
3021,A0A0R0FN05
3022,A0A0R0FN09
3023,A0A0R0FN16
3024,A0A0R0FN30
3025,A0A0R0FN32
3026,A0A0R0FN33
3027,A0A0R0FN35
3028,A0A0R0FN48
3029,A0A0R0FN55
3030,A0A0R0FN56
3031,A0A0R0FN57
3032,A0A0R0FN65
3033,A0A0R0FN67
3034,A0A0R0FN73
3035,A0A0R0FN75
3036,A0A0R0FN77
3037,A0A0R0FN82
3038,A0A0R0FN84
3039,A0A0R0FN86
3040,A0A0R0FN87
3041,A0A0R0FN90
3042,A0A0R0FNA1
3043,A0A0R0FNA7
3044,A0A0R0FNB1
3045,A0A0R0FNB2
3046,A0A0R0FNB3
3047,A0A0R0FNB4
3048,A0A0R0FNB7
3049,A0A0R0FNC4
3050,A0A0R0FND0
3051,A0A0R0FND9
3052,A0A0R0FNE7
3053,A0A0R0FNF0
3054,A0A0R0FNF9
3055,A0A0R0FNH1
3056,A0A0R0FNH9
3057,A0A0R0FNI5
3058,A0A0R0FNK0
3059,A0A0R0FNL3
3060,A0A0R0FNL7
3061,A0A0R0FNM1
3062,A0A0R0FNM4
3063,A0A0R0FNN3
3064,A0A0R0FNN4
3065,A0A0R0FNQ0
3066,A0A0R0FNS1
3067,A0A0R0FNS2
3068,A0A0R0FNS5
3069,A0A0R0FNS7
3070,A0A0R0FNS8
3071,A0A0R0FNS9
3072,A0A0R0FNT6
3073,A0A0R0FNV2
3074,A0A0R0FNV4
3075,A0A0R0FNV5
3076,A0A0R0FNV7
3077,A0A0R0FNW3
3078,A0A0R0FNW4
3079,A0A0R0FNW5
3080,A0A0R0FNW6
3081,A0A0R0FNW8
3082,A0A0R0FNX1
3083,A0A0R0FNX2
3084,A0A0R0FNX7
3085,A0A0R0FNX9
3086,A0A0R0FNY3
3087,A0A0R0FNY5
3088,A0A0R0FNZ1
3089,A0A0R0FNZ3
3090,A0A0R0FNZ5
3091,A0A0R0FP00
3092,A0A0R0FP02
3093,A0A0R0FP03
3094,A0A0R0FP05
3095,A0A0R0FP12
3096,A0A0R0FP22
3097,A0A0R0FP39
3098,A0A0R0FP41
3099,A0A0R0FP46
3100,A0A0R0FP47
3101,A0A0R0FP69
3102,A0A0R0FP70
3103,A0A0R0FP77
3104,A0A0R0FP82
3105,A0A0R0FP86
3106,A0A0R0FP88
3107,A0A0R0FP93
3108,A0A0R0FP94
3109,A0A0R0FP98
3110,A0A0R0FPA4
3111,A0A0R0FPA9
3112,A0A0R0FPB0
3113,A0A0R0FPB1
3114,A0A0R0FPB3
3115,A0A0R0FPC2
3116,A0A0R0FPC3
3117,A0A0R0FPC6
3118,A0A0R0FPC8
3119,A0A0R0FPD3
3120,A0A0R0FPD6
3121,A0A0R0FPE9
3122,A0A0R0FPF6
3123,A0A0R0FPF7
3124,A0A0R0FPG2
3125,A0A0R0FPH0
3126,A0A0R0FPH3
3127,A0A0R0FPH9
3128,A0A0R0FPJ5
3129,A0A0R0FPL9
3130,A0A0R0FPM1
3131,A0A0R0FPM7
3132,A0A0R0FPM9
3133,A0A0R0FPN2
3134,A0A0R0FPN3
3135,A0A0R0FPN7
3136,A0A0R0FPN9
3137,A0A0R0FPP1
3138,A0A0R0FPP7
3139,A0A0R0FPQ1
3140,A0A0R0FPQ8
3141,A0A0R0FPS8
3142,A0A0R0FPT4
3143,A0A0R0FPT7
3144,A0A0R0FPU0
3145,A0A0R0FPU1
3146,A0A0R0FPU3
3147,A0A0R0FPU4
3148,A0A0R0FPV2
3149,A0A0R0FPV5
3150,A0A0R0FPV7
3151,A0A0R0FPW2
3152,A0A0R0FPW7
3153,A0A0R0FPX0
3154,A0A0R0FPX2
3155,A0A0R0FPX4
3156,A0A0R0FPY0
3157,A0A0R0FPY2
3158,A0A0R0FPY3
3159,A0A0R0FPY4
3160,A0A0R0FPY9
3161,A0A0R0FPZ4
3162,A0A0R0FPZ6
3163,A0A0R0FQ01
3164,A0A0R0FQ07
3165,A0A0R0FQ08
3166,A0A0R0FQ10
3167,A0A0R0FQ13
3168,A0A0R0FQ14
3169,A0A0R0FQ15
3170,A0A0R0FQ18
3171,A0A0R0FQ34
3172,A0A0R0FQ38
3173,A0A0R0FQ41
3174,A0A0R0FQ46
3175,A0A0R0FQ54
3176,A0A0R0FQ61
3177,A0A0R0FQ65
3178,A0A0R0FQ76
3179,A0A0R0FQ88
3180,A0A0R0FQA0
3181,A0A0R0FQA4
3182,A0A0R0FQA7
3183,A0A0R0FQB9
3184,A0A0R0FQC6
3185,A0A0R0FQC8
3186,A0A0R0FQD0
3187,A0A0R0FQD5
3188,A0A0R0FQD6
3189,A0A0R0FQD7
3190,A0A0R0FQE0
3191,A0A0R0FQE3
3192,A0A0R0FQE4
3193,A0A0R0FQG1
3194,A0A0R0FQG3
3195,A0A0R0FQG7
3196,A0A0R0FQG9
3197,A0A0R0FQH1
3198,A0A0R0FQH2
3199,A0A0R0FQH9
3200,A0A0R0FQJ8
3201,A0A0R0FQK5
3202,A0A0R0FQK7
3203,A0A0R0FQL6
3204,A0A0R0FQL7
3205,A0A0R0FQM2
3206,A0A0R0FQM7
3207,A0A0R0FQN0
3208,A0A0R0FQN2
3209,A0A0R0FQP5
3210,A0A0R0FQP9
3211,A0A0R0FQQ4
3212,A0A0R0FQR1
3213,A0A0R0FQR5
3214,A0A0R0FQS7
3215,A0A0R0FQT4
3216,A0A0R0FQT7
3217,A0A0R0FQU3
3218,A0A0R0FQU8
3219,A0A0R0FQV9
3220,A0A0R0FQW2
3221,A0A0R0FQW3
3222,A0A0R0FQW5
3223,A0A0R0FQW7
3224,A0A0R0FQX0
3225,A0A0R0FQX1
3226,A0A0R0FQX9
3227,A0A0R0FQY0
3228,A0A0R0FQY7
3229,A0A0R0FQY8
3230,A0A0R0FQZ3
3231,A0A0R0FQZ5
3232,A0A0R0FR01
3233,A0A0R0FR12
3234,A0A0R0FR26
3235,A0A0R0FR32
3236,A0A0R0FR33
3237,A0A0R0FR47
3238,A0A0R0FR52
3239,A0A0R0FR57
3240,A0A0R0FR61
3241,A0A0R0FR63
3242,A0A0R0FR64
3243,A0A0R0FR66
3244,A0A0R0FR88
3245,A0A0R0FR97
3246,A0A0R0FRB8
3247,A0A0R0FRC7
3248,A0A0R0FRC8
3249,A0A0R0FRD0
3250,A0A0R0FRD2
3251,A0A0R0FRE1
3252,A0A0R0FRE3
3253,A0A0R0FRF4
3254,A0A0R0FRF8
3255,A0A0R0FRG0
3256,A0A0R0FRH0
3257,A0A0R0FRH4
3258,A0A0R0FRH5
3259,A0A0R0FRL1
3260,A0A0R0FRL8
3261,A0A0R0FRM1
3262,A0A0R0FRM6
3263,A0A0R0FRM9
3264,A0A0R0FRN7
3265,A0A0R0FRP0
3266,A0A0R0FRQ4
3267,A0A0R0FRQ8
3268,A0A0R0FRR2
3269,A0A0R0FRR3
3270,A0A0R0FRS0
3271,A0A0R0FRU8
3272,A0A0R0FRV6
3273,A0A0R0FRV8
3274,A0A0R0FRX0
3275,A0A0R0FRY7
3276,A0A0R0FRZ2
3277,A0A0R0FRZ5
3278,A0A0R0FS01
3279,A0A0R0FS03
3280,A0A0R0FS15
3281,A0A0R0FS17
3282,A0A0R0FS37
3283,A0A0R0FS47
3284,A0A0R0FS60
3285,A0A0R0FS63
3286,A0A0R0FS66
3287,A0A0R0FS69
3288,A0A0R0FS75
3289,A0A0R0FS76
3290,A0A0R0FS78
3291,A0A0R0FS80
3292,A0A0R0FS88
3293,A0A0R0FS89
3294,A0A0R0FS91
3295,A0A0R0FS92
3296,A0A0R0FS93
3297,A0A0R0FS98
3298,A0A0R0FSA0
3299,A0A0R0FSA5
3300,A0A0R0FSA8
3301,A0A0R0FSA9
3302,A0A0R0FSB0
3303,A0A0R0FSB1
3304,A0A0R0FSB3
3305,A0A0R0FSB4
3306,A0A0R0FSB5
3307,A0A0R0FSB9
3308,A0A0R0FSC6
3309,A0A0R0FSC7
3310,A0A0R0FSD3
3311,A0A0R0FSD4
3312,A0A0R0FSD7
3313,A0A0R0FSE1
3314,A0A0R0FSE2
3315,A0A0R0FSE4
3316,A0A0R0FSE5
3317,A0A0R0FSE6
3318,A0A0R0FSE7
3319,A0A0R0FSE9
3320,A0A0R0FSF3
3321,A0A0R0FSF4
3322,A0A0R0FSF5
3323,A0A0R0FSF9
3324,A0A0R0FSG4
3325,A0A0R0FSG6
3326,A0A0R0FSH3
3327,A0A0R0FSH9
3328,A0A0R0FSI0
3329,A0A0R0FSJ5
3330,A0A0R0FSJ6
3331,A0A0R0FSK2
3332,A0A0R0FSL3
3333,A0A0R0FSL9
3334,A0A0R0FSM1
3335,A0A0R0FSN3
3336,A0A0R0FSN4
3337,A0A0R0FSP4
3338,A0A0R0FSP6
3339,A0A0R0FSP9
3340,A0A0R0FSQ6
3341,A0A0R0FSQ9
3342,A0A0R0FSS2
3343,A0A0R0FSS4
3344,A0A0R0FSS7
3345,A0A0R0FSU4
3346,A0A0R0FSU5
3347,A0A0R0FSV1
3348,A0A0R0FSV2
3349,A0A0R0FSV4
3350,A0A0R0FSW0
3351,A0A0R0FSW3
3352,A0A0R0FSW9
3353,A0A0R0FSX4
3354,A0A0R0FSX5
3355,A0A0R0FSY2
3356,A0A0R0FSY5
3357,A0A0R0FT02
3358,A0A0R0FT04
3359,A0A0R0FT06
3360,A0A0R0FT14
3361,A0A0R0FT16
3362,A0A0R0FT17
3363,A0A0R0FT36
3364,A0A0R0FT41
3365,A0A0R0FT42
3366,A0A0R0FT50
3367,A0A0R0FT59
3368,A0A0R0FT60
3369,A0A0R0FT79
3370,A0A0R0FT88
3371,A0A0R0FTB1
3372,A0A0R0FTB3
3373,A0A0R0FTB6
3374,A0A0R0FTC3
3375,A0A0R0FTD5
3376,A0A0R0FTD8
3377,A0A0R0FTE6
3378,A0A0R0FTF0
3379,A0A0R0FTF9
3380,A0A0R0FTG2
3381,A0A0R0FTG3
3382,A0A0R0FTG7
3383,A0A0R0FTH1
3384,A0A0R0FTH7
3385,A0A0R0FTI3
3386,A0A0R0FTI5
3387,A0A0R0FTJ2
3388,A0A0R0FTK8
3389,A0A0R0FTK9
3390,A0A0R0FTM6
3391,A0A0R0FTM8
3392,A0A0R0FTN0
3393,A0A0R0FTP1
3394,A0A0R0FTP5
3395,A0A0R0FTP6
3396,A0A0R0FTP7
3397,A0A0R0FTP8
3398,A0A0R0FTQ7
3399,A0A0R0FTR2
3400,A0A0R0FTR5
3401,A0A0R0FTR7
3402,A0A0R0FTU6
3403,A0A0R0FTV1
3404,A0A0R0FTV8
3405,A0A0R0FTX1
3406,A0A0R0FTX8
3407,A0A0R0FTY7
3408,A0A0R0FTZ3
3409,A0A0R0FTZ9
3410,A0A0R0FU05
3411,A0A0R0FU10
3412,A0A0R0FU29
3413,A0A0R0FU35
3414,A0A0R0FU36
3415,A0A0R0FU42
3416,A0A0R0FU46
3417,A0A0R0FU55
3418,A0A0R0FU59
3419,A0A0R0FU83
3420,A0A0R0FU91
3421,A0A0R0FU94
3422,A0A0R0FU99
3423,A0A0R0FUA1
3424,A0A0R0FUC5
3425,A0A0R0FUD2
3426,A0A0R0FUD8
3427,A0A0R0FUG3
3428,A0A0R0FUH2
3429,A0A0R0FUH9
3430,A0A0R0FUI6
3431,A0A0R0FUI7
3432,A0A0R0FUK3
3433,A0A0R0FUL1
3434,A0A0R0FUL7
3435,A0A0R0FUN2
3436,A0A0R0FUN5
3437,A0A0R0FUP5
3438,A0A0R0FUP7
3439,A0A0R0FUR9
3440,A0A0R0FUS0
3441,A0A0R0FUS8
3442,A0A0R0FUT0
3443,A0A0R0FUU5
3444,A0A0R0FUV1
3445,A0A0R0FUV4
3446,A0A0R0FUX3
3447,A0A0R0FUX9
3448,A0A0R0FUY8
3449,A0A0R0FV10
3450,A0A0R0FV18
3451,A0A0R0FV25
3452,A0A0R0FV26
3453,A0A0R0FV32
3454,A0A0R0FV47
3455,A0A0R0FV53
3456,A0A0R0FV61
3457,A0A0R0FV74
3458,A0A0R0FV75
3459,A0A0R0FV76
3460,A0A0R0FV77
3461,A0A0R0FV78
3462,A0A0R0FV84
3463,A0A0R0FV85
3464,A0A0R0FVB2
3465,A0A0R0FVB4
3466,A0A0R0FVB8
3467,A0A0R0FVD0
3468,A0A0R0FVD4
3469,A0A0R0FVE5
3470,A0A0R0FVF1
3471,A0A0R0FVF6
3472,A0A0R0FVF9
3473,A0A0R0FVG1
3474,A0A0R0FVK4
3475,A0A0R0FVL3
3476,A0A0R0FVM2
3477,A0A0R0FVM5
3478,A0A0R0FVN0
3479,A0A0R0FVN7
3480,A0A0R0FVP1
3481,A0A0R0FVP3
3482,A0A0R0FVP8
3483,A0A0R0FVQ0
3484,A0A0R0FVQ2
3485,A0A0R0FVQ7
3486,A0A0R0FVR9
3487,A0A0R0FVS5
3488,A0A0R0FVT3
3489,A0A0R0FVT7
3490,A0A0R0FVV6
3491,A0A0R0FVX1
3492,A0A0R0FVX5
3493,A0A0R0FVX7
3494,A0A0R0FVZ3
3495,A0A0R0FVZ4
3496,A0A0R0FW01
3497,A0A0R0FW02
3498,A0A0R0FW09
3499,A0A0R0FW12
3500,A0A0R0FW22
3501,A0A0R0FW25
3502,A0A0R0FW27
3503,A0A0R0FW29
3504,A0A0R0FW30
3505,A0A0R0FW37
3506,A0A0R0FW40
3507,A0A0R0FW44
3508,A0A0R0FW49
3509,A0A0R0FW54
3510,A0A0R0FW55
3511,A0A0R0FW66
3512,A0A0R0FW71
3513,A0A0R0FW73
3514,A0A0R0FW75
3515,A0A0R0FW78
3516,A0A0R0FW81
3517,A0A0R0FW90
3518,A0A0R0FW91
3519,A0A0R0FW96
3520,A0A0R0FWA1
3521,A0A0R0FWA3
3522,A0A0R0FWA7
3523,A0A0R0FWC0
3524,A0A0R0FWC3
3525,A0A0R0FWC8
3526,A0A0R0FWD1
3527,A0A0R0FWD3
3528,A0A0R0FWE1
3529,A0A0R0FWE4
3530,A0A0R0FWE9
3531,A0A0R0FWF4
3532,A0A0R0FWG3
3533,A0A0R0FWH0
3534,A0A0R0FWH5
3535,A0A0R0FWI8
3536,A0A0R0FWJ2
3537,A0A0R0FWJ6
3538,A0A0R0FWJ8
3539,A0A0R0FWK1
3540,A0A0R0FWL3
3541,A0A0R0FWL8
3542,A0A0R0FWM1
3543,A0A0R0FWM3
3544,A0A0R0FWM5
3545,A0A0R0FWM6
3546,A0A0R0FWM7
3547,A0A0R0FWN4
3548,A0A0R0FWN6
3549,A0A0R0FWP2
3550,A0A0R0FWP3
3551,A0A0R0FWQ0
3552,A0A0R0FWQ1
3553,A0A0R0FWR0
3554,A0A0R0FWR2
3555,A0A0R0FWR5
3556,A0A0R0FWS3
3557,A0A0R0FWS8
3558,A0A0R0FWT6
3559,A0A0R0FWT8
3560,A0A0R0FWU3
3561,A0A0R0FWU4
3562,A0A0R0FWU9
3563,A0A0R0FWV1
3564,A0A0R0FWV5
3565,A0A0R0FWV9
3566,A0A0R0FWW7
3567,A0A0R0FWY1
3568,A0A0R0FWY3
3569,A0A0R0FWY4
3570,A0A0R0FWY9
3571,A0A0R0FWZ0
3572,A0A0R0FX16
3573,A0A0R0FX22
3574,A0A0R0FX23
3575,A0A0R0FX43
3576,A0A0R0FX46
3577,A0A0R0FX48
3578,A0A0R0FX51
3579,A0A0R0FX52
3580,A0A0R0FX59
3581,A0A0R0FX63
3582,A0A0R0FX70
3583,A0A0R0FX72
3584,A0A0R0FX75
3585,A0A0R0FX78
3586,A0A0R0FX96
3587,A0A0R0FX98
3588,A0A0R0FXA4
3589,A0A0R0FXA5
3590,A0A0R0FXA6
3591,A0A0R0FXB0
3592,A0A0R0FXC0
3593,A0A0R0FXC3
3594,A0A0R0FXD4
3595,A0A0R0FXE6
3596,A0A0R0FXE9
3597,A0A0R0FXG9
3598,A0A0R0FXH5
3599,A0A0R0FXI1
3600,A0A0R0FXI5
3601,A0A0R0FXJ1
3602,A0A0R0FXJ4
3603,A0A0R0FXJ5
3604,A0A0R0FXK3
3605,A0A0R0FXK9
3606,A0A0R0FXL8
3607,A0A0R0FXL9
3608,A0A0R0FXM4
3609,A0A0R0FXP5
3610,A0A0R0FXP8
3611,A0A0R0FXQ4
3612,A0A0R0FXQ9
3613,A0A0R0FXR7
3614,A0A0R0FXR9
3615,A0A0R0FXS1
3616,A0A0R0FXS4
3617,A0A0R0FXS8
3618,A0A0R0FXT8
3619,A0A0R0FXU5
3620,A0A0R0FXV0
3621,A0A0R0FXW2
3622,A0A0R0FXW5
3623,A0A0R0FXW6
3624,A0A0R0FXW8
3625,A0A0R0FXX0
3626,A0A0R0FXX4
3627,A0A0R0FXX7
3628,A0A0R0FXX8
3629,A0A0R0FXY0
3630,A0A0R0FXY5
3631,A0A0R0FXY8
3632,A0A0R0FXZ1
3633,A0A0R0FXZ2
3634,A0A0R0FXZ5
3635,A0A0R0FXZ8
3636,A0A0R0FY16
3637,A0A0R0FY25
3638,A0A0R0FY28
3639,A0A0R0FY29
3640,A0A0R0FY37
3641,A0A0R0FY39
3642,A0A0R0FY47
3643,A0A0R0FY49
3644,A0A0R0FY50
3645,A0A0R0FY51
3646,A0A0R0FY60
3647,A0A0R0FY66
3648,A0A0R0FY71
3649,A0A0R0FY73
3650,A0A0R0FY87
3651,A0A0R0FY89
3652,A0A0R0FY91
3653,A0A0R0FY92
3654,A0A0R0FY95
3655,A0A0R0FY96
3656,A0A0R0FYA3
3657,A0A0R0FYA9
3658,A0A0R0FYC3
3659,A0A0R0FYD0
3660,A0A0R0FYF6
3661,A0A0R0FYG0
3662,A0A0R0FYG1
3663,A0A0R0FYG5
3664,A0A0R0FYH2
3665,A0A0R0FYH5
3666,A0A0R0FYI1
3667,A0A0R0FYI9
3668,A0A0R0FYJ1
3669,A0A0R0FYJ2
3670,A0A0R0FYJ3
3671,A0A0R0FYJ4
3672,A0A0R0FYK1
3673,A0A0R0FYK8
3674,A0A0R0FYK9
3675,A0A0R0FYL4
3676,A0A0R0FYN2
3677,A0A0R0FYN3
3678,A0A0R0FYN5
3679,A0A0R0FYN8
3680,A0A0R0FYP0
3681,A0A0R0FYP1
3682,A0A0R0FYP2
3683,A0A0R0FYQ0
3684,A0A0R0FYQ1
3685,A0A0R0FYQ4
3686,A0A0R0FYR2
3687,A0A0R0FYR4
3688,A0A0R0FYS5
3689,A0A0R0FYS8
3690,A0A0R0FYT3
3691,A0A0R0FYU0
3692,A0A0R0FYU2
3693,A0A0R0FYU7
3694,A0A0R0FYV5
3695,A0A0R0FYV8
3696,A0A0R0FYW5
3697,A0A0R0FYW6
3698,A0A0R0FYX7
3699,A0A0R0FYZ7
3700,A0A0R0FYZ8
3701,A0A0R0FYZ9
3702,A0A0R0FZ03
3703,A0A0R0FZ04
3704,A0A0R0FZ08
3705,A0A0R0FZ12
3706,A0A0R0FZ13
3707,A0A0R0FZ16
3708,A0A0R0FZ20
3709,A0A0R0FZ23
3710,A0A0R0FZ26
3711,A0A0R0FZ27
3712,A0A0R0FZ28
3713,A0A0R0FZ34
3714,A0A0R0FZ41
3715,A0A0R0FZ47
3716,A0A0R0FZ54
3717,A0A0R0FZ58
3718,A0A0R0FZ59
3719,A0A0R0FZ67
3720,A0A0R0FZ71
3721,A0A0R0FZ77
3722,A0A0R0FZ83
3723,A0A0R0FZ89
3724,A0A0R0FZA3
3725,A0A0R0FZB3
3726,A0A0R0FZB7
3727,A0A0R0FZC0
3728,A0A0R0FZD3
3729,A0A0R0FZD6
3730,A0A0R0FZD7
3731,A0A0R0FZD8
3732,A0A0R0FZE5
3733,A0A0R0FZE7
3734,A0A0R0FZG2
3735,A0A0R0FZG8
3736,A0A0R0FZH2
3737,A0A0R0FZH3
3738,A0A0R0FZI0
3739,A0A0R0FZI3
3740,A0A0R0FZI4
3741,A0A0R0FZJ2
3742,A0A0R0FZJ4
3743,A0A0R0FZJ8
3744,A0A0R0FZK4
3745,A0A0R0FZK5
3746,A0A0R0FZK8
3747,A0A0R0FZK9
3748,A0A0R0FZL0
3749,A0A0R0FZL1
3750,A0A0R0FZL3
3751,A0A0R0FZM3
3752,A0A0R0FZM4
3753,A0A0R0FZQ3
3754,A0A0R0FZQ5
3755,A0A0R0FZQ7
3756,A0A0R0FZR0
3757,A0A0R0FZS0
3758,A0A0R0FZS5
3759,A0A0R0FZS7
3760,A0A0R0FZT1
3761,A0A0R0FZT8
3762,A0A0R0FZU0
3763,A0A0R0FZV0
3764,A0A0R0FZV5
3765,A0A0R0FZV7
3766,A0A0R0FZX5
3767,A0A0R0FZY1
3768,A0A0R0FZY8
3769,A0A0R0FZY9
3770,A0A0R0FZZ0
3771,A0A0R0FZZ8
3772,A0A0R0FZZ9
3773,A0A0R0G002
3774,A0A0R0G008
3775,A0A0R0G011
3776,A0A0R0G014
3777,A0A0R0G027
3778,A0A0R0G028
3779,A0A0R0G038
3780,A0A0R0G050
3781,A0A0R0G051
3782,A0A0R0G057
3783,A0A0R0G058
3784,A0A0R0G071
3785,A0A0R0G072
3786,A0A0R0G075
3787,A0A0R0G083
3788,A0A0R0G089
3789,A0A0R0G097
3790,A0A0R0G099
3791,A0A0R0G0A3
3792,A0A0R0G0A6
3793,A0A0R0G0B2
3794,A0A0R0G0B5
3795,A0A0R0G0B7
3796,A0A0R0G0B8
3797,A0A0R0G0C5
3798,A0A0R0G0C9
3799,A0A0R0G0D0
3800,A0A0R0G0D9
3801,A0A0R0G0F4
3802,A0A0R0G0G3
3803,A0A0R0G0G8
3804,A0A0R0G0H2
3805,A0A0R0G0H4
3806,A0A0R0G0H7
3807,A0A0R0G0H8
3808,A0A0R0G0I5
3809,A0A0R0G0J0
3810,A0A0R0G0J8
3811,A0A0R0G0J9
3812,A0A0R0G0K3
3813,A0A0R0G0L0
3814,A0A0R0G0L3
3815,A0A0R0G0L4
3816,A0A0R0G0M0
3817,A0A0R0G0M2
3818,A0A0R0G0M9
3819,A0A0R0G0N5
3820,A0A0R0G0N7
3821,A0A0R0G0N8
3822,A0A0R0G0P1
3823,A0A0R0G0Q0
3824,A0A0R0G0Q1
3825,A0A0R0G0Q4
3826,A0A0R0G0Q7
3827,A0A0R0G0S2
3828,A0A0R0G0S5
3829,A0A0R0G0S9
3830,A0A0R0G0T0
3831,A0A0R0G0T9
3832,A0A0R0G0U3
3833,A0A0R0G0V2
3834,A0A0R0G0V6
3835,A0A0R0G0V7
3836,A0A0R0G0V9
3837,A0A0R0G0X3
3838,A0A0R0G0X4
3839,A0A0R0G0X7
3840,A0A0R0G0X8
3841,A0A0R0G0Z4
3842,A0A0R0G114
3843,A0A0R0G119
3844,A0A0R0G124
3845,A0A0R0G126
3846,A0A0R0G127
3847,A0A0R0G137
3848,A0A0R0G143
3849,A0A0R0G147
3850,A0A0R0G149
3851,A0A0R0G154
3852,A0A0R0G158
3853,A0A0R0G161
3854,A0A0R0G164
3855,A0A0R0G169
3856,A0A0R0G172
3857,A0A0R0G173
3858,A0A0R0G174
3859,A0A0R0G176
3860,A0A0R0G182
3861,A0A0R0G186
3862,A0A0R0G188
3863,A0A0R0G189
3864,A0A0R0G194
3865,A0A0R0G196
3866,A0A0R0G197
3867,A0A0R0G198
3868,A0A0R0G1A3
3869,A0A0R0G1B6
3870,A0A0R0G1C0
3871,A0A0R0G1D2
3872,A0A0R0G1E2
3873,A0A0R0G1E3
3874,A0A0R0G1E9
3875,A0A0R0G1F3
3876,A0A0R0G1F4
3877,A0A0R0G1H5
3878,A0A0R0G1I5
3879,A0A0R0G1I9
3880,A0A0R0G1J4
3881,A0A0R0G1J6
3882,A0A0R0G1J8
3883,A0A0R0G1M5
3884,A0A0R0G1N4
3885,A0A0R0G1P4
3886,A0A0R0G1P5
3887,A0A0R0G1P9
3888,A0A0R0G1Q1
3889,A0A0R0G1Q4
3890,A0A0R0G1R0
3891,A0A0R0G1R8
3892,A0A0R0G1S2
3893,A0A0R0G1T6
3894,A0A0R0G1U5
3895,A0A0R0G1U8
3896,A0A0R0G1V0
3897,A0A0R0G1V1
3898,A0A0R0G1W5
3899,A0A0R0G1W6
3900,A0A0R0G1X4
3901,A0A0R0G1X5
3902,A0A0R0G1Y0
3903,A0A0R0G1Y1
3904,A0A0R0G1Y5
3905,A0A0R0G1Y7
3906,A0A0R0G1Z0
3907,A0A0R0G1Z8
3908,A0A0R0G202
3909,A0A0R0G203
3910,A0A0R0G205
3911,A0A0R0G206
3912,A0A0R0G217
3913,A0A0R0G226
3914,A0A0R0G230
3915,A0A0R0G239
3916,A0A0R0G251
3917,A0A0R0G271
3918,A0A0R0G272
3919,A0A0R0G275
3920,A0A0R0G279
3921,A0A0R0G283
3922,A0A0R0G291
3923,A0A0R0G2A6
3924,A0A0R0G2A8
3925,A0A0R0G2B9
3926,A0A0R0G2C0
3927,A0A0R0G2C1
3928,A0A0R0G2D8
3929,A0A0R0G2E4
3930,A0A0R0G2E9
3931,A0A0R0G2F4
3932,A0A0R0G2F8
3933,A0A0R0G2G4
3934,A0A0R0G2G7
3935,A0A0R0G2I8
3936,A0A0R0G2I9
3937,A0A0R0G2J5
3938,A0A0R0G2K1
3939,A0A0R0G2K2
3940,A0A0R0G2K3
3941,A0A0R0G2K6
3942,A0A0R0G2L7
3943,A0A0R0G2M3
3944,A0A0R0G2N0
3945,A0A0R0G2P5
3946,A0A0R0G2Q4
3947,A0A0R0G2R3
3948,A0A0R0G2S0
3949,A0A0R0G2S7
3950,A0A0R0G2S8
3951,A0A0R0G2T3
3952,A0A0R0G2T5
3953,A0A0R0G2U3
3954,A0A0R0G2V0
3955,A0A0R0G2V1
3956,A0A0R0G2V6
3957,A0A0R0G2V9
3958,A0A0R0G2W9
3959,A0A0R0G2X3
3960,A0A0R0G2Y1
3961,A0A0R0G2Y5
3962,A0A0R0G2Y7
3963,A0A0R0G2Z3
3964,A0A0R0G2Z5
3965,A0A0R0G2Z7
3966,A0A0R0G2Z8
3967,A0A0R0G313
3968,A0A0R0G316
3969,A0A0R0G317
3970,A0A0R0G321
3971,A0A0R0G326
3972,A0A0R0G330
3973,A0A0R0G337
3974,A0A0R0G341
3975,A0A0R0G342
3976,A0A0R0G344
3977,A0A0R0G348
3978,A0A0R0G349
3979,A0A0R0G360
3980,A0A0R0G365
3981,A0A0R0G374
3982,A0A0R0G379
3983,A0A0R0G382
3984,A0A0R0G388
3985,A0A0R0G393
3986,A0A0R0G396
3987,A0A0R0G399
3988,A0A0R0G3A0
3989,A0A0R0G3A5
3990,A0A0R0G3A6
3991,A0A0R0G3B8
3992,A0A0R0G3C2
3993,A0A0R0G3C9
3994,A0A0R0G3D2
3995,A0A0R0G3D4
3996,A0A0R0G3E0
3997,A0A0R0G3E1
3998,A0A0R0G3E8
3999,A0A0R0G3F0
4000,A0A0R0G3F2
4001,A0A0R0G3G4
4002,A0A0R0G3H9
4003,A0A0R0G3I0
4004,A0A0R0G3I8
4005,A0A0R0G3J2
4006,A0A0R0G3J3
4007,A0A0R0G3K3
4008,A0A0R0G3K6
4009,A0A0R0G3K7
4010,A0A0R0G3K8
4011,A0A0R0G3L6
4012,A0A0R0G3L8
4013,A0A0R0G3L9
4014,A0A0R0G3M0
4015,A0A0R0G3M2
4016,A0A0R0G3M6
4017,A0A0R0G3N1
4018,A0A0R0G3N2
4019,A0A0R0G3N8
4020,A0A0R0G3P0
4021,A0A0R0G3P1
4022,A0A0R0G3P7
4023,A0A0R0G3Q1
4024,A0A0R0G3Q3
4025,A0A0R0G3Q4
4026,A0A0R0G3Q6
4027,A0A0R0G3Q8
4028,A0A0R0G3R0
4029,A0A0R0G3R1
4030,A0A0R0G3R5
4031,A0A0R0G3R6
4032,A0A0R0G3R9
4033,A0A0R0G3S3
4034,A0A0R0G3S8
4035,A0A0R0G3T0
4036,A0A0R0G3T3
4037,A0A0R0G3T6
4038,A0A0R0G3U0
4039,A0A0R0G3U8
4040,A0A0R0G3V2
4041,A0A0R0G3W0
4042,A0A0R0G3W1
4043,A0A0R0G3W2
4044,A0A0R0G3W4
4045,A0A0R0G3X0
4046,A0A0R0G3X1
4047,A0A0R0G3X2
4048,A0A0R0G3X8
4049,A0A0R0G3Y5
4050,A0A0R0G3Z3
4051,A0A0R0G3Z6
4052,A0A0R0G401
4053,A0A0R0G408
4054,A0A0R0G412
4055,A0A0R0G415
4056,A0A0R0G427
4057,A0A0R0G429
4058,A0A0R0G431
4059,A0A0R0G440
4060,A0A0R0G441
4061,A0A0R0G446
4062,A0A0R0G453
4063,A0A0R0G463
4064,A0A0R0G477
4065,A0A0R0G483
4066,A0A0R0G486
4067,A0A0R0G488
4068,A0A0R0G495
4069,A0A0R0G499
4070,A0A0R0G4A3
4071,A0A0R0G4A6
4072,A0A0R0G4A7
4073,A0A0R0G4A9
4074,A0A0R0G4B3
4075,A0A0R0G4C4
4076,A0A0R0G4D2
4077,A0A0R0G4D4
4078,A0A0R0G4D6
4079,A0A0R0G4E6
4080,A0A0R0G4F9
4081,A0A0R0G4G2
4082,A0A0R0G4H1
4083,A0A0R0G4H7
4084,A0A0R0G4H8
4085,A0A0R0G4J1
4086,A0A0R0G4J5
4087,A0A0R0G4J9
4088,A0A0R0G4K6
4089,A0A0R0G4L0
4090,A0A0R0G4L2
4091,A0A0R0G4L3
4092,A0A0R0G4Q5
4093,A0A0R0G4R1
4094,A0A0R0G4R8
4095,A0A0R0G4S1
4096,A0A0R0G4S4
4097,A0A0R0G4T3
4098,A0A0R0G4T4
4099,A0A0R0G4T6
4100,A0A0R0G4T7
4101,A0A0R0G4T9
4102,A0A0R0G4U2
4103,A0A0R0G4U7
4104,A0A0R0G4V4
4105,A0A0R0G4V6
4106,A0A0R0G4W2
4107,A0A0R0G4W6
4108,A0A0R0G4W8
4109,A0A0R0G4W9
4110,A0A0R0G4X0
4111,A0A0R0G4Y4
4112,A0A0R0G504
4113,A0A0R0G507
4114,A0A0R0G511
4115,A0A0R0G512
4116,A0A0R0G513
4117,A0A0R0G523
4118,A0A0R0G527
4119,A0A0R0G532
4120,A0A0R0G540
4121,A0A0R0G541
4122,A0A0R0G543
4123,A0A0R0G544
4124,A0A0R0G546
4125,A0A0R0G550
4126,A0A0R0G554
4127,A0A0R0G556
4128,A0A0R0G565
4129,A0A0R0G572
4130,A0A0R0G578
4131,A0A0R0G583
4132,A0A0R0G587
4133,A0A0R0G592
4134,A0A0R0G596
4135,A0A0R0G598
4136,A0A0R0G599
4137,A0A0R0G5A6
4138,A0A0R0G5A7
4139,A0A0R0G5A8
4140,A0A0R0G5B5
4141,A0A0R0G5C4
4142,A0A0R0G5D2
4143,A0A0R0G5D7
4144,A0A0R0G5E9
4145,A0A0R0G5F0
4146,A0A0R0G5F6
4147,A0A0R0G5G0
4148,A0A0R0G5G3
4149,A0A0R0G5G5
4150,A0A0R0G5H0
4151,A0A0R0G5H1
4152,A0A0R0G5H4
4153,A0A0R0G5H5
4154,A0A0R0G5I0
4155,A0A0R0G5J1
4156,A0A0R0G5K1
4157,A0A0R0G5K4
4158,A0A0R0G5K6
4159,A0A0R0G5L9
4160,A0A0R0G5M5
4161,A0A0R0G5N0
4162,A0A0R0G5P0
4163,A0A0R0G5P2
4164,A0A0R0G5P4
4165,A0A0R0G5P9
4166,A0A0R0G5Q4
4167,A0A0R0G5Q6
4168,A0A0R0G5R2
4169,A0A0R0G5S0
4170,A0A0R0G5T4
4171,A0A0R0G5V6
4172,A0A0R0G5W5
4173,A0A0R0G5X5
4174,A0A0R0G5X7
4175,A0A0R0G5Y0
4176,A0A0R0G5Z0
4177,A0A0R0G5Z4
4178,A0A0R0G606
4179,A0A0R0G607
4180,A0A0R0G608
4181,A0A0R0G610
4182,A0A0R0G612
4183,A0A0R0G615
4184,A0A0R0G616
4185,A0A0R0G622
4186,A0A0R0G625
4187,A0A0R0G631
4188,A0A0R0G645
4189,A0A0R0G650
4190,A0A0R0G655
4191,A0A0R0G671
4192,A0A0R0G676
4193,A0A0R0G677
4194,A0A0R0G681
4195,A0A0R0G689
4196,A0A0R0G697
4197,A0A0R0G6A6
4198,A0A0R0G6B8
4199,A0A0R0G6C4
4200,A0A0R0G6E1
4201,A0A0R0G6E3
4202,A0A0R0G6E5
4203,A0A0R0G6E6
4204,A0A0R0G6F4
4205,A0A0R0G6F7
4206,A0A0R0G6H2
4207,A0A0R0G6I0
4208,A0A0R0G6I7
4209,A0A0R0G6K5
4210,A0A0R0G6M7
4211,A0A0R0G6N0
4212,A0A0R0G6N2
4213,A0A0R0G6N6
4214,A0A0R0G6N9
4215,A0A0R0G6P0
4216,A0A0R0G6P2
4217,A0A0R0G6P4
4218,A0A0R0G6P7
4219,A0A0R0G6P9
4220,A0A0R0G6Q0
4221,A0A0R0G6Q3
4222,A0A0R0G6Q5
4223,A0A0R0G6R1
4224,A0A0R0G6S5
4225,A0A0R0G6S6
4226,A0A0R0G6T1
4227,A0A0R0G6T3
4228,A0A0R0G6U3
4229,A0A0R0G6U9
4230,A0A0R0G6V5
4231,A0A0R0G6V6
4232,A0A0R0G6W7
4233,A0A0R0G6Z2
4234,A0A0R0G6Z4
4235,A0A0R0G6Z9
4236,A0A0R0G700
4237,A0A0R0G701
4238,A0A0R0G709
4239,A0A0R0G719
4240,A0A0R0G721
4241,A0A0R0G729
4242,A0A0R0G732
4243,A0A0R0G738
4244,A0A0R0G739
4245,A0A0R0G750
4246,A0A0R0G752
4247,A0A0R0G755
4248,A0A0R0G760
4249,A0A0R0G762
4250,A0A0R0G766
4251,A0A0R0G769
4252,A0A0R0G775
4253,A0A0R0G789
4254,A0A0R0G797
4255,A0A0R0G7A2
4256,A0A0R0G7B5
4257,A0A0R0G7B7
4258,A0A0R0G7C6
4259,A0A0R0G7D3
4260,A0A0R0G7E0
4261,A0A0R0G7G3
4262,A0A0R0G7H1
4263,A0A0R0G7H4
4264,A0A0R0G7H5
4265,A0A0R0G7I0
4266,A0A0R0G7I9
4267,A0A0R0G7K6
4268,A0A0R0G7K9
4269,A0A0R0G7L8
4270,A0A0R0G7M4
4271,A0A0R0G7N3
4272,A0A0R0G7N8
4273,A0A0R0G7Q0
4274,A0A0R0G7Q1
4275,A0A0R0G7Q4
4276,A0A0R0G7R4
4277,A0A0R0G7R5
4278,A0A0R0G7R8
4279,A0A0R0G7S7
4280,A0A0R0G7T5
4281,A0A0R0G7U3
4282,A0A0R0G7V6
4283,A0A0R0G7V8
4284,A0A0R0G7V9
4285,A0A0R0G7X3
4286,A0A0R0G7Y4
4287,A0A0R0G809
4288,A0A0R0G815
4289,A0A0R0G822
4290,A0A0R0G834
4291,A0A0R0G840
4292,A0A0R0G844
4293,A0A0R0G845
4294,A0A0R0G850
4295,A0A0R0G851
4296,A0A0R0G861
4297,A0A0R0G863
4298,A0A0R0G871
4299,A0A0R0G885
4300,A0A0R0G896
4301,A0A0R0G8A2
4302,A0A0R0G8A4
4303,A0A0R0G8B1
4304,A0A0R0G8B9
4305,A0A0R0G8C6
4306,A0A0R0G8D0
4307,A0A0R0G8E5
4308,A0A0R0G8F0
4309,A0A0R0G8H3
4310,A0A0R0G8H7
4311,A0A0R0G8I6
4312,A0A0R0G8J2
4313,A0A0R0G8J5
4314,A0A0R0G8L0
4315,A0A0R0G8L7
4316,A0A0R0G8M1
4317,A0A0R0G8N1
4318,A0A0R0G8P3
4319,A0A0R0G8P7
4320,A0A0R0G8Q4
4321,A0A0R0G8R2
4322,A0A0R0G8R3
4323,A0A0R0G8S1
4324,A0A0R0G8S2
4325,A0A0R0G8S3
4326,A0A0R0G8S7
4327,A0A0R0G8T3
4328,A0A0R0G8U2
4329,A0A0R0G8U3
4330,A0A0R0G8V1
4331,A0A0R0G8V2
4332,A0A0R0G8W2
4333,A0A0R0G8W4
4334,A0A0R0G8X1
4335,A0A0R0G8X6
4336,A0A0R0G8Y4
4337,A0A0R0G8Y7
4338,A0A0R0G8Z1
4339,A0A0R0G8Z2
4340,A0A0R0G8Z7
4341,A0A0R0G8Z9
4342,A0A0R0G913
4343,A0A0R0G914
4344,A0A0R0G921
4345,A0A0R0G923
4346,A0A0R0G934
4347,A0A0R0G940
4348,A0A0R0G943
4349,A0A0R0G944
4350,A0A0R0G947
4351,A0A0R0G949
4352,A0A0R0G952
4353,A0A0R0G957
4354,A0A0R0G966
4355,A0A0R0G967
4356,A0A0R0G973
4357,A0A0R0G974
4358,A0A0R0G982
4359,A0A0R0G989
4360,A0A0R0G990
4361,A0A0R0G991
4362,A0A0R0G992
4363,A0A0R0G9A5
4364,A0A0R0G9B0
4365,A0A0R0G9B3
4366,A0A0R0G9B6
4367,A0A0R0G9C3
4368,A0A0R0G9C9
4369,A0A0R0G9E4
4370,A0A0R0G9E9
4371,A0A0R0G9G2
4372,A0A0R0G9G6
4373,A0A0R0G9G7
4374,A0A0R0G9G9
4375,A0A0R0G9H4
4376,A0A0R0G9I0
4377,A0A0R0G9I4
4378,A0A0R0G9I6
4379,A0A0R0G9J8
4380,A0A0R0G9K6
4381,A0A0R0G9L0
4382,A0A0R0G9L1
4383,A0A0R0G9L3
4384,A0A0R0G9M2
4385,A0A0R0G9N0
4386,A0A0R0G9N2
4387,A0A0R0G9N3
4388,A0A0R0G9N5
4389,A0A0R0G9N6
4390,A0A0R0G9N7
4391,A0A0R0G9P0
4392,A0A0R0G9P8
4393,A0A0R0G9Q5
4394,A0A0R0G9Q7
4395,A0A0R0G9R1
4396,A0A0R0G9R2
4397,A0A0R0G9S6
4398,A0A0R0G9U0
4399,A0A0R0G9U2
4400,A0A0R0G9U3
4401,A0A0R0G9U5
4402,A0A0R0G9U6
4403,A0A0R0G9V5
4404,A0A0R0G9X6
4405,A0A0R0G9X8
4406,A0A0R0G9Y3
4407,A0A0R0G9Z5
4408,A0A0R0G9Z6
4409,A0A0R0G9Z9
4410,A0A0R0GA14
4411,A0A0R0GA16
4412,A0A0R0GA18
4413,A0A0R0GA24
4414,A0A0R0GA32
4415,A0A0R0GA40
4416,A0A0R0GA65
4417,A0A0R0GA69
4418,A0A0R0GA73
4419,A0A0R0GA79
4420,A0A0R0GA81
4421,A0A0R0GA84
4422,A0A0R0GA86
4423,A0A0R0GA88
4424,A0A0R0GA89
4425,A0A0R0GA92
4426,A0A0R0GA97
4427,A0A0R0GAA1
4428,A0A0R0GAA6
4429,A0A0R0GAA7
4430,A0A0R0GAA9
4431,A0A0R0GAB1
4432,A0A0R0GAB8
4433,A0A0R0GAC0
4434,A0A0R0GAC1
4435,A0A0R0GAD1
4436,A0A0R0GAD5
4437,A0A0R0GAE0
4438,A0A0R0GAF7
4439,A0A0R0GAF9
4440,A0A0R0GAG0
4441,A0A0R0GAG1
4442,A0A0R0GAG4
4443,A0A0R0GAG6
4444,A0A0R0GAG7
4445,A0A0R0GAG9
4446,A0A0R0GAI4
4447,A0A0R0GAI6
4448,A0A0R0GAJ3
4449,A0A0R0GAK0
4450,A0A0R0GAK2
4451,A0A0R0GAK6
4452,A0A0R0GAK7
4453,A0A0R0GAK8
4454,A0A0R0GAL5
4455,A0A0R0GAM2
4456,A0A0R0GAP4
4457,A0A0R0GAP6
4458,A0A0R0GAP8
4459,A0A0R0GAQ0
4460,A0A0R0GAQ3
4461,A0A0R0GAQ8
4462,A0A0R0GAR3
4463,A0A0R0GAR5
4464,A0A0R0GAS6
4465,A0A0R0GAU8
4466,A0A0R0GAV8
4467,A0A0R0GAW4
4468,A0A0R0GAW6
4469,A0A0R0GAX6
4470,A0A0R0GAY5
4471,A0A0R0GAZ7
4472,A0A0R0GB16
4473,A0A0R0GB21
4474,A0A0R0GB23
4475,A0A0R0GB26
4476,A0A0R0GB30
4477,A0A0R0GB38
4478,A0A0R0GB44
4479,A0A0R0GB65
4480,A0A0R0GB69
4481,A0A0R0GB70
4482,A0A0R0GB73
4483,A0A0R0GB80
4484,A0A0R0GB89
4485,A0A0R0GBA6
4486,A0A0R0GBB6
4487,A0A0R0GBC0
4488,A0A0R0GBC3
4489,A0A0R0GBC5
4490,A0A0R0GBC9
4491,A0A0R0GBD2
4492,A0A0R0GBD6
4493,A0A0R0GBE0
4494,A0A0R0GBE4
4495,A0A0R0GBE9
4496,A0A0R0GBF7
4497,A0A0R0GBG2
4498,A0A0R0GBH3
4499,A0A0R0GBH5
4500,A0A0R0GBI0
4501,A0A0R0GBI4
4502,A0A0R0GBI8
4503,A0A0R0GBI9
4504,A0A0R0GBJ1
4505,A0A0R0GBJ6
4506,A0A0R0GBJ9
4507,A0A0R0GBK3
4508,A0A0R0GBK4
4509,A0A0R0GBK9
4510,A0A0R0GBL0
4511,A0A0R0GBL1
4512,A0A0R0GBL2
4513,A0A0R0GBL4
4514,A0A0R0GBL5
4515,A0A0R0GBL6
4516,A0A0R0GBL8
4517,A0A0R0GBM1
4518,A0A0R0GBM9
4519,A0A0R0GBN0
4520,A0A0R0GBN2
4521,A0A0R0GBN8
4522,A0A0R0GBP6
4523,A0A0R0GBQ2
4524,A0A0R0GBQ5
4525,A0A0R0GBR6
4526,A0A0R0GBR8
4527,A0A0R0GBS0
4528,A0A0R0GBS6
4529,A0A0R0GBS9
4530,A0A0R0GBT7
4531,A0A0R0GBU0
4532,A0A0R0GBU8
4533,A0A0R0GBU9
4534,A0A0R0GBV1
4535,A0A0R0GBV4
4536,A0A0R0GBV5
4537,A0A0R0GBV7
4538,A0A0R0GBW2
4539,A0A0R0GBW4
4540,A0A0R0GBX8
4541,A0A0R0GBY6
4542,A0A0R0GBZ6
4543,A0A0R0GC01
4544,A0A0R0GC04
4545,A0A0R0GC05
4546,A0A0R0GC06
4547,A0A0R0GC11
4548,A0A0R0GC20
4549,A0A0R0GC27
4550,A0A0R0GC31
4551,A0A0R0GC33
4552,A0A0R0GC40
4553,A0A0R0GC42
4554,A0A0R0GC44
4555,A0A0R0GC63
4556,A0A0R0GC68
4557,A0A0R0GC70
4558,A0A0R0GC71
4559,A0A0R0GC72
4560,A0A0R0GC76
4561,A0A0R0GC79
4562,A0A0R0GC80
4563,A0A0R0GC86
4564,A0A0R0GC87
4565,A0A0R0GC88
4566,A0A0R0GC95
4567,A0A0R0GC97
4568,A0A0R0GCA5
4569,A0A0R0GCB3
4570,A0A0R0GCB5
4571,A0A0R0GCB6
4572,A0A0R0GCB9
4573,A0A0R0GCC4
4574,A0A0R0GCC5
4575,A0A0R0GCC6
4576,A0A0R0GCD0
4577,A0A0R0GCD2
4578,A0A0R0GCD5
4579,A0A0R0GCD8
4580,A0A0R0GCD9
4581,A0A0R0GCE0
4582,A0A0R0GCE6
4583,A0A0R0GCE7
4584,A0A0R0GCF5
4585,A0A0R0GCG0
4586,A0A0R0GCG2
4587,A0A0R0GCH4
4588,A0A0R0GCH5
4589,A0A0R0GCH6
4590,A0A0R0GCI2
4591,A0A0R0GCI8
4592,A0A0R0GCJ0
4593,A0A0R0GCK5
4594,A0A0R0GCK7
4595,A0A0R0GCL0
4596,A0A0R0GCL3
4597,A0A0R0GCL7
4598,A0A0R0GCM0
4599,A0A0R0GCM1
4600,A0A0R0GCM6
4601,A0A0R0GCM7
4602,A0A0R0GCN6
4603,A0A0R0GCN7
4604,A0A0R0GCN8
4605,A0A0R0GCP0
4606,A0A0R0GCP6
4607,A0A0R0GCP9
4608,A0A0R0GCQ1
4609,A0A0R0GCQ3
4610,A0A0R0GCQ5
4611,A0A0R0GCR2
4612,A0A0R0GCR3
4613,A0A0R0GCR6
4614,A0A0R0GCS1
4615,A0A0R0GCS2
4616,A0A0R0GCS9
4617,A0A0R0GCU0
4618,A0A0R0GCU1
4619,A0A0R0GCU2
4620,A0A0R0GCV5
4621,A0A0R0GCV9
4622,A0A0R0GCW7
4623,A0A0R0GCX0
4624,A0A0R0GCX6
4625,A0A0R0GCX7
4626,A0A0R0GCY3
4627,A0A0R0GCY6
4628,A0A0R0GCY8
4629,A0A0R0GCZ7
4630,A0A0R0GCZ8
4631,A0A0R0GD08
4632,A0A0R0GD10
4633,A0A0R0GD12
4634,A0A0R0GD13
4635,A0A0R0GD15
4636,A0A0R0GD16
4637,A0A0R0GD17
4638,A0A0R0GD18
4639,A0A0R0GD22
4640,A0A0R0GD24
4641,A0A0R0GD25
4642,A0A0R0GD26
4643,A0A0R0GD38
4644,A0A0R0GD43
4645,A0A0R0GD57
4646,A0A0R0GD65
4647,A0A0R0GD75
4648,A0A0R0GD89
4649,A0A0R0GD96
4650,A0A0R0GDB1
4651,A0A0R0GDB3
4652,A0A0R0GDB7
4653,A0A0R0GDB9
4654,A0A0R0GDC0
4655,A0A0R0GDC2
4656,A0A0R0GDC4
4657,A0A0R0GDC6
4658,A0A0R0GDC9
4659,A0A0R0GDD2
4660,A0A0R0GDE1
4661,A0A0R0GDE4
4662,A0A0R0GDE8
4663,A0A0R0GDF0
4664,A0A0R0GDF4
4665,A0A0R0GDG3
4666,A0A0R0GDG8
4667,A0A0R0GDG9
4668,A0A0R0GDH2
4669,A0A0R0GDH5
4670,A0A0R0GDI6
4671,A0A0R0GDI7
4672,A0A0R0GDI8
4673,A0A0R0GDJ6
4674,A0A0R0GDJ8
4675,A0A0R0GDK3
4676,A0A0R0GDK4
4677,A0A0R0GDK5
4678,A0A0R0GDK6
4679,A0A0R0GDK9
4680,A0A0R0GDL3
4681,A0A0R0GDL5
4682,A0A0R0GDL9
4683,A0A0R0GDM1
4684,A0A0R0GDM5
4685,A0A0R0GDM8
4686,A0A0R0GDM9
4687,A0A0R0GDN0
4688,A0A0R0GDN2
4689,A0A0R0GDN4
4690,A0A0R0GDN5
4691,A0A0R0GDN8
4692,A0A0R0GDP3
4693,A0A0R0GDP4
4694,A0A0R0GDQ0
4695,A0A0R0GDQ7
4696,A0A0R0GDQ8
4697,A0A0R0GDR6
4698,A0A0R0GDS2
4699,A0A0R0GDS7
4700,A0A0R0GDT5
4701,A0A0R0GDU0
4702,A0A0R0GDU1
4703,A0A0R0GDU3
4704,A0A0R0GDU5
4705,A0A0R0GDU9
4706,A0A0R0GDV7
4707,A0A0R0GDW5
4708,A0A0R0GDW6
4709,A0A0R0GDW7
4710,A0A0R0GDW8
4711,A0A0R0GDX0
4712,A0A0R0GDX2
4713,A0A0R0GDX5
4714,A0A0R0GDX6
4715,A0A0R0GDY6
4716,A0A0R0GDY9
4717,A0A0R0GDZ3
4718,A0A0R0GDZ4
4719,A0A0R0GDZ7
4720,A0A0R0GE09
4721,A0A0R0GE13
4722,A0A0R0GE20
4723,A0A0R0GE22
4724,A0A0R0GE25
4725,A0A0R0GE27
4726,A0A0R0GE34
4727,A0A0R0GE42
4728,A0A0R0GE45
4729,A0A0R0GE46
4730,A0A0R0GE49
4731,A0A0R0GE50
4732,A0A0R0GE56
4733,A0A0R0GE62
4734,A0A0R0GE63
4735,A0A0R0GE64
4736,A0A0R0GE70
4737,A0A0R0GE71
4738,A0A0R0GE84
4739,A0A0R0GE88
4740,A0A0R0GE91
4741,A0A0R0GE95
4742,A0A0R0GEA6
4743,A0A0R0GEA8
4744,A0A0R0GEB7
4745,A0A0R0GEC0
4746,A0A0R0GEC3
4747,A0A0R0GED1
4748,A0A0R0GED2
4749,A0A0R0GEE9
4750,A0A0R0GEF4
4751,A0A0R0GEF7
4752,A0A0R0GEF9
4753,A0A0R0GEG1
4754,A0A0R0GEG6
4755,A0A0R0GEG7
4756,A0A0R0GEH1
4757,A0A0R0GEH3
4758,A0A0R0GEI0
4759,A0A0R0GEJ1
4760,A0A0R0GEJ6
4761,A0A0R0GEJ9
4762,A0A0R0GEL4
4763,A0A0R0GEL6
4764,A0A0R0GEM5
4765,A0A0R0GEM8
4766,A0A0R0GEN3
4767,A0A0R0GEN7
4768,A0A0R0GEP2
4769,A0A0R0GEQ6
4770,A0A0R0GER2
4771,A0A0R0GER4
4772,A0A0R0GES0
4773,A0A0R0GES2
4774,A0A0R0GES3
4775,A0A0R0GES9
4776,A0A0R0GET2
4777,A0A0R0GET6
4778,A0A0R0GET9
4779,A0A0R0GEU1
4780,A0A0R0GEU3
4781,A0A0R0GEU4
4782,A0A0R0GEU8
4783,A0A0R0GEU9
4784,A0A0R0GEV4
4785,A0A0R0GEV9
4786,A0A0R0GEW3
4787,A0A0R0GEW8
4788,A0A0R0GEW9
4789,A0A0R0GEX4
4790,A0A0R0GEX6
4791,A0A0R0GEX7
4792,A0A0R0GEY7
4793,A0A0R0GEZ0
4794,A0A0R0GEZ6
4795,A0A0R0GF05
4796,A0A0R0GF09
4797,A0A0R0GF11
4798,A0A0R0GF16
4799,A0A0R0GF21
4800,A0A0R0GF22
4801,A0A0R0GF25
4802,A0A0R0GF51
4803,A0A0R0GF66
4804,A0A0R0GF69
4805,A0A0R0GF78
4806,A0A0R0GF94
4807,A0A0R0GF95
4808,A0A0R0GF96
4809,A0A0R0GF97
4810,A0A0R0GFA3
4811,A0A0R0GFA8
4812,A0A0R0GFB1
4813,A0A0R0GFB2
4814,A0A0R0GFB4
4815,A0A0R0GFC2
4816,A0A0R0GFD3
4817,A0A0R0GFD5
4818,A0A0R0GFE5
4819,A0A0R0GFF0
4820,A0A0R0GFF5
4821,A0A0R0GFF9
4822,A0A0R0GFG0
4823,A0A0R0GFG3
4824,A0A0R0GFG8
4825,A0A0R0GFH2
4826,A0A0R0GFH3
4827,A0A0R0GFH8
4828,A0A0R0GFI3
4829,A0A0R0GFI4
4830,A0A0R0GFI8
4831,A0A0R0GFJ3
4832,A0A0R0GFK8
4833,A0A0R0GFL0
4834,A0A0R0GFL3
4835,A0A0R0GFL9
4836,A0A0R0GFM4
4837,A0A0R0GFM5
4838,A0A0R0GFM6
4839,A0A0R0GFM7
4840,A0A0R0GFN5
4841,A0A0R0GFN9
4842,A0A0R0GFP1
4843,A0A0R0GFQ5
4844,A0A0R0GFQ7
4845,A0A0R0GFQ8
4846,A0A0R0GFR4
4847,A0A0R0GFR8
4848,A0A0R0GFS7
4849,A0A0R0GFS8
4850,A0A0R0GFT1
4851,A0A0R0GFT4
4852,A0A0R0GFT7
4853,A0A0R0GFU0
4854,A0A0R0GFU6
4855,A0A0R0GFU7
4856,A0A0R0GFU8
4857,A0A0R0GFU9
4858,A0A0R0GFV3
4859,A0A0R0GFV8
4860,A0A0R0GFW3
4861,A0A0R0GFW6
4862,A0A0R0GFX1
4863,A0A0R0GFY3
4864,A0A0R0GFZ9
4865,A0A0R0GG01
4866,A0A0R0GG02
4867,A0A0R0GG04
4868,A0A0R0GG06
4869,A0A0R0GG16
4870,A0A0R0GG26
4871,A0A0R0GG41
4872,A0A0R0GG46
4873,A0A0R0GG49
4874,A0A0R0GG52
4875,A0A0R0GG54
4876,A0A0R0GG64
4877,A0A0R0GG92
4878,A0A0R0GG96
4879,A0A0R0GGB3
4880,A0A0R0GGC7
4881,A0A0R0GGE2
4882,A0A0R0GGE3
4883,A0A0R0GGF2
4884,A0A0R0GGF4
4885,A0A0R0GGF9
4886,A0A0R0GGG0
4887,A0A0R0GGG3
4888,A0A0R0GGG5
4889,A0A0R0GGH8
4890,A0A0R0GGH9
4891,A0A0R0GGK9
4892,A0A0R0GGM8
4893,A0A0R0GGN0
4894,A0A0R0GGN1
4895,A0A0R0GGN5
4896,A0A0R0GGN6
4897,A0A0R0GGN8
4898,A0A0R0GGP3
4899,A0A0R0GGP4
4900,A0A0R0GGP5
4901,A0A0R0GGQ8
4902,A0A0R0GGR5
4903,A0A0R0GGR8
4904,A0A0R0GGS5
4905,A0A0R0GGS6
4906,A0A0R0GGU7
4907,A0A0R0GGV0
4908,A0A0R0GGV2
4909,A0A0R0GGV4
4910,A0A0R0GGV5
4911,A0A0R0GGV6
4912,A0A0R0GGW2
4913,A0A0R0GGW4
4914,A0A0R0GGW8
4915,A0A0R0GGW9
4916,A0A0R0GGY0
4917,A0A0R0GGY3
4918,A0A0R0GGY5
4919,A0A0R0GGZ1
4920,A0A0R0GGZ5
4921,A0A0R0GGZ8
4922,A0A0R0GH00
4923,A0A0R0GH08
4924,A0A0R0GH09
4925,A0A0R0GH10
4926,A0A0R0GH11
4927,A0A0R0GH15
4928,A0A0R0GH19
4929,A0A0R0GH21
4930,A0A0R0GH31
4931,A0A0R0GH34
4932,A0A0R0GH36
4933,A0A0R0GH37
4934,A0A0R0GH40
4935,A0A0R0GH42
4936,A0A0R0GH45
4937,A0A0R0GH48
4938,A0A0R0GH50
4939,A0A0R0GH56
4940,A0A0R0GH58
4941,A0A0R0GH61
4942,A0A0R0GH62
4943,A0A0R0GH67
4944,A0A0R0GH68
4945,A0A0R0GH69
4946,A0A0R0GH70
4947,A0A0R0GH74
4948,A0A0R0GH75
4949,A0A0R0GH76
4950,A0A0R0GH78
4951,A0A0R0GH87
4952,A0A0R0GH91
4953,A0A0R0GH92
4954,A0A0R0GH95
4955,A0A0R0GHA3
4956,A0A0R0GHB3
4957,A0A0R0GHB5
4958,A0A0R0GHB6
4959,A0A0R0GHB7
4960,A0A0R0GHB9
4961,A0A0R0GHC0
4962,A0A0R0GHC1
4963,A0A0R0GHC4
4964,A0A0R0GHD3
4965,A0A0R0GHD5
4966,A0A0R0GHD6
4967,A0A0R0GHE1
4968,A0A0R0GHE5
4969,A0A0R0GHF0
4970,A0A0R0GHF8
4971,A0A0R0GHG3
4972,A0A0R0GHG7
4973,A0A0R0GHH2
4974,A0A0R0GHH4
4975,A0A0R0GHH6
4976,A0A0R0GHH7
4977,A0A0R0GHI5
4978,A0A0R0GHI9
4979,A0A0R0GHJ7
4980,A0A0R0GHJ8
4981,A0A0R0GHK4
4982,A0A0R0GHK7
4983,A0A0R0GHL1
4984,A0A0R0GHL3
4985,A0A0R0GHL6
4986,A0A0R0GHL8
4987,A0A0R0GHM0
4988,A0A0R0GHM5
4989,A0A0R0GHM8
4990,A0A0R0GHN1
4991,A0A0R0GHN2
4992,A0A0R0GHN3
4993,A0A0R0GHN8
4994,A0A0R0GHN9
4995,A0A0R0GHP2
4996,A0A0R0GHP6
4997,A0A0R0GHQ0
4998,A0A0R0GHQ3
4999,A0A0R0GHQ7
5000,A0A0R0GHR6
5001,A0A0R0GHR8
5002,A0A0R0GHS3
5003,A0A0R0GHS6
5004,A0A0R0GHT3
5005,A0A0R0GHT9
5006,A0A0R0GHW8
5007,A0A0R0GHX4
5008,A0A0R0GHX9
5009,A0A0R0GI06
5010,A0A0R0GI20
5011,A0A0R0GI21
5012,A0A0R0GI27
5013,A0A0R0GI28
5014,A0A0R0GI30
5015,A0A0R0GI31
5016,A0A0R0GI38
5017,A0A0R0GI46
5018,A0A0R0GI57
5019,A0A0R0GI58
5020,A0A0R0GI63
5021,A0A0R0GI64
5022,A0A0R0GI68
5023,A0A0R0GI69
5024,A0A0R0GI71
5025,A0A0R0GI77
5026,A0A0R0GI78
5027,A0A0R0GI81
5028,A0A0R0GI82
5029,A0A0R0GI83
5030,A0A0R0GI87
5031,A0A0R0GI97
5032,A0A0R0GI98
5033,A0A0R0GI99
5034,A0A0R0GIA7
5035,A0A0R0GIB2
5036,A0A0R0GIB8
5037,A0A0R0GIC0
5038,A0A0R0GIC1
5039,A0A0R0GIC3
5040,A0A0R0GIC4
5041,A0A0R0GIC5
5042,A0A0R0GIC7
5043,A0A0R0GIF3
5044,A0A0R0GIF6
5045,A0A0R0GIF7
5046,A0A0R0GIG2
5047,A0A0R0GIG3
5048,A0A0R0GIG5
5049,A0A0R0GIG8
5050,A0A0R0GIH6
5051,A0A0R0GIH8
5052,A0A0R0GIH9
5053,A0A0R0GII5
5054,A0A0R0GII9
5055,A0A0R0GIJ9
5056,A0A0R0GIK0
5057,A0A0R0GIK3
5058,A0A0R0GIK5
5059,A0A0R0GIK6
5060,A0A0R0GIK8
5061,A0A0R0GIL0
5062,A0A0R0GIL4
5063,A0A0R0GIL6
5064,A0A0R0GIM7
5065,A0A0R0GIP0
5066,A0A0R0GIP9
5067,A0A0R0GIQ0
5068,A0A0R0GIQ3
5069,A0A0R0GIQ4
5070,A0A0R0GIQ7
5071,A0A0R0GIR3
5072,A0A0R0GIS2
5073,A0A0R0GIS5
5074,A0A0R0GIS8
5075,A0A0R0GIS9
5076,A0A0R0GIT9
5077,A0A0R0GIU4
5078,A0A0R0GIU7
5079,A0A0R0GIU8
5080,A0A0R0GIU9
5081,A0A0R0GIV2
5082,A0A0R0GIX6
5083,A0A0R0GIY4
5084,A0A0R0GIY5
5085,A0A0R0GIY8
5086,A0A0R0GIZ1
5087,A0A0R0GIZ5
5088,A0A0R0GIZ7
5089,A0A0R0GIZ8
5090,A0A0R0GIZ9
5091,A0A0R0GJ00
5092,A0A0R0GJ12
5093,A0A0R0GJ19
5094,A0A0R0GJ22
5095,A0A0R0GJ23
5096,A0A0R0GJ24
5097,A0A0R0GJ28
5098,A0A0R0GJ33
5099,A0A0R0GJ52
5100,A0A0R0GJ59
5101,A0A0R0GJ65
5102,A0A0R0GJ73
5103,A0A0R0GJ77
5104,A0A0R0GJ82
5105,A0A0R0GJ85
5106,A0A0R0GJ93
5107,A0A0R0GJ96
5108,A0A0R0GJ99
5109,A0A0R0GJA3
5110,A0A0R0GJA6
5111,A0A0R0GJA7
5112,A0A0R0GJA9
5113,A0A0R0GJB2
5114,A0A0R0GJB3
5115,A0A0R0GJB8
5116,A0A0R0GJD1
5117,A0A0R0GJD8
5118,A0A0R0GJF2
5119,A0A0R0GJF4
5120,A0A0R0GJF5
5121,A0A0R0GJG2
5122,A0A0R0GJG3
5123,A0A0R0GJG6
5124,A0A0R0GJI1
5125,A0A0R0GJI7
5126,A0A0R0GJI9
5127,A0A0R0GJJ0
5128,A0A0R0GJJ1
5129,A0A0R0GJJ8
5130,A0A0R0GJK4
5131,A0A0R0GJK6
5132,A0A0R0GJK7
5133,A0A0R0GJK8
5134,A0A0R0GJL2
5135,A0A0R0GJM5
5136,A0A0R0GJN2
5137,A0A0R0GJN5
5138,A0A0R0GJP4
5139,A0A0R0GJP9
5140,A0A0R0GJQ0
5141,A0A0R0GJR0
5142,A0A0R0GJR1
5143,A0A0R0GJR2
5144,A0A0R0GJR3
5145,A0A0R0GJS0
5146,A0A0R0GJS7
5147,A0A0R0GJT2
5148,A0A0R0GJT4
5149,A0A0R0GJT8
5150,A0A0R0GJU4
5151,A0A0R0GJU6
5152,A0A0R0GJU9
5153,A0A0R0GJV0
5154,A0A0R0GJV2
5155,A0A0R0GJV3
5156,A0A0R0GJV8
5157,A0A0R0GJX0
5158,A0A0R0GJX5
5159,A0A0R0GJY0
5160,A0A0R0GJZ2
5161,A0A0R0GJZ3
5162,A0A0R0GJZ6
5163,A0A0R0GJZ8
5164,A0A0R0GK00
5165,A0A0R0GK03
5166,A0A0R0GK14
5167,A0A0R0GK31
5168,A0A0R0GK53
5169,A0A0R0GK56
5170,A0A0R0GK63
5171,A0A0R0GK71
5172,A0A0R0GK75
5173,A0A0R0GK79
5174,A0A0R0GK94
5175,A0A0R0GK96
5176,A0A0R0GK99
5177,A0A0R0GKA3
5178,A0A0R0GKA7
5179,A0A0R0GKB3
5180,A0A0R0GKB7
5181,A0A0R0GKC9
5182,A0A0R0GKD7
5183,A0A0R0GKE4
5184,A0A0R0GKF0
5185,A0A0R0GKF6
5186,A0A0R0GKF7
5187,A0A0R0GKG0
5188,A0A0R0GKG8
5189,A0A0R0GKJ5
5190,A0A0R0GKK6
5191,A0A0R0GKL0
5192,A0A0R0GKL1
5193,A0A0R0GKM0
5194,A0A0R0GKM3
5195,A0A0R0GKM7
5196,A0A0R0GKN0
5197,A0A0R0GKN1
5198,A0A0R0GKN8
5199,A0A0R0GKR0
5200,A0A0R0GKR5
5201,A0A0R0GKR9
5202,A0A0R0GKS1
5203,A0A0R0GKS6
5204,A0A0R0GKU5
5205,A0A0R0GKV0
5206,A0A0R0GKV1
5207,A0A0R0GKV5
5208,A0A0R0GKV9
5209,A0A0R0GKW4
5210,A0A0R0GKW6
5211,A0A0R0GKX1
5212,A0A0R0GKX2
5213,A0A0R0GKX3
5214,A0A0R0GKX4
5215,A0A0R0GKX7
5216,A0A0R0GKX8
5217,A0A0R0GKY5
5218,A0A0R0GKY8
5219,A0A0R0GKZ3
5220,A0A0R0GL21
5221,A0A0R0GL37
5222,A0A0R0GL38
5223,A0A0R0GL47
5224,A0A0R0GL54
5225,A0A0R0GL56
5226,A0A0R0GL59
5227,A0A0R0GL62
5228,A0A0R0GL63
5229,A0A0R0GL66
5230,A0A0R0GL67
5231,A0A0R0GL68
5232,A0A0R0GL69
5233,A0A0R0GL90
5234,A0A0R0GL93
5235,A0A0R0GL97
5236,A0A0R0GL98
5237,A0A0R0GLA3
5238,A0A0R0GLB5
5239,A0A0R0GLB6
5240,A0A0R0GLC2
5241,A0A0R0GLC6
5242,A0A0R0GLD0
5243,A0A0R0GLD4
5244,A0A0R0GLE4
5245,A0A0R0GLF8
5246,A0A0R0GLG3
5247,A0A0R0GLG8
5248,A0A0R0GLH9
5249,A0A0R0GLI8
5250,A0A0R0GLI9
5251,A0A0R0GLK9
5252,A0A0R0GLL3
5253,A0A0R0GLL5
5254,A0A0R0GLL7
5255,A0A0R0GLM2
5256,A0A0R0GLN1
5257,A0A0R0GLN2
5258,A0A0R0GLN6
5259,A0A0R0GLN9
5260,A0A0R0GLP4
5261,A0A0R0GLQ0
5262,A0A0R0GLQ1
5263,A0A0R0GLR1
5264,A0A0R0GLS0
5265,A0A0R0GLS9
5266,A0A0R0GLU8
5267,A0A0R0GLU9
5268,A0A0R0GLV3
5269,A0A0R0GLW1
5270,A0A0R0GLW2
5271,A0A0R0GLW5
5272,A0A0R0GLW7
5273,A0A0R0GLX2
5274,A0A0R0GLX8
5275,A0A0R0GLY7
5276,A0A0R0GLZ3
5277,A0A0R0GLZ5
5278,A0A0R0GM16
5279,A0A0R0GM27
5280,A0A0R0GM40
5281,A0A0R0GM42
5282,A0A0R0GM43
5283,A0A0R0GM47
5284,A0A0R0GM52
5285,A0A0R0GM55
5286,A0A0R0GM56
5287,A0A0R0GM75
5288,A0A0R0GM76
5289,A0A0R0GM78
5290,A0A0R0GMA4
5291,A0A0R0GMB8
5292,A0A0R0GMB9
5293,A0A0R0GMC5
5294,A0A0R0GMD1
5295,A0A0R0GMD3
5296,A0A0R0GMD9
5297,A0A0R0GME6
5298,A0A0R0GME7
5299,A0A0R0GMF6
5300,A0A0R0GMG2
5301,A0A0R0GMH5
5302,A0A0R0GMI8
5303,A0A0R0GMK7
5304,A0A0R0GML1
5305,A0A0R0GML3
5306,A0A0R0GML7
5307,A0A0R0GMM3
5308,A0A0R0GMM9
5309,A0A0R0GMN2
5310,A0A0R0GMP0
5311,A0A0R0GMP4
5312,A0A0R0GMP7
5313,A0A0R0GMQ0
5314,A0A0R0GMR8
5315,A0A0R0GMS7
5316,A0A0R0GMV1
5317,A0A0R0GMW3
5318,A0A0R0GMW9
5319,A0A0R0GMX4
5320,A0A0R0GMX8
5321,A0A0R0GMX9
5322,A0A0R0GMZ4
5323,A0A0R0GMZ5
5324,A0A0R0GMZ7
5325,A0A0R0GMZ8
5326,A0A0R0GN02
5327,A0A0R0GN03
5328,A0A0R0GN31
5329,A0A0R0GN34
5330,A0A0R0GN37
5331,A0A0R0GN46
5332,A0A0R0GN49
5333,A0A0R0GN50
5334,A0A0R0GN54
5335,A0A0R0GN63
5336,A0A0R0GN69
5337,A0A0R0GNA8
5338,A0A0R0GNB9
5339,A0A0R0GNC4
5340,A0A0R0GNC7
5341,A0A0R0GND9
5342,A0A0R0GNF3
5343,A0A0R0GNF5
5344,A0A0R0GNG3
5345,A0A0R0GNH6
5346,A0A0R0GNI3
5347,A0A0R0GNK3
5348,A0A0R0GNL3
5349,A0A0R0GNL4
5350,A0A0R0GNM0
5351,A0A0R0GNM3
5352,A0A0R0GNM9
5353,A0A0R0GNN3
5354,A0A0R0GNN8
5355,A0A0R0GNP1
5356,A0A0R0GNP2
5357,A0A0R0GNP7
5358,A0A0R0GNR8
5359,A0A0R0GNT2
5360,A0A0R0GNT7
5361,A0A0R0GNT9
5362,A0A0R0GNV0
5363,A0A0R0GNV1
5364,A0A0R0GNX2
5365,A0A0R0GNX7
5366,A0A0R0GNX9
5367,A0A0R0GNY2
5368,A0A0R0GNY7
5369,A0A0R0GNY9
5370,A0A0R0GNZ7
5371,A0A0R0GP02
5372,A0A0R0GP03
5373,A0A0R0GP04
5374,A0A0R0GP05
5375,A0A0R0GP07
5376,A0A0R0GP08
5377,A0A0R0GP18
5378,A0A0R0GP21
5379,A0A0R0GP25
5380,A0A0R0GP30
5381,A0A0R0GP42
5382,A0A0R0GP45
5383,A0A0R0GP46
5384,A0A0R0GP54
5385,A0A0R0GP69
5386,A0A0R0GP73
5387,A0A0R0GP91
5388,A0A0R0GP97
5389,A0A0R0GPA2
5390,A0A0R0GPA5
5391,A0A0R0GPA8
5392,A0A0R0GPA9
5393,A0A0R0GPC6
5394,A0A0R0GPD7
5395,A0A0R0GPD9
5396,A0A0R0GPE3
5397,A0A0R0GPE4
5398,A0A0R0GPF1
5399,A0A0R0GPF7
5400,A0A0R0GPF9
5401,A0A0R0GPG6
5402,A0A0R0GPG7
5403,A0A0R0GPH1
5404,A0A0R0GPH9
5405,A0A0R0GPI0
5406,A0A0R0GPI1
5407,A0A0R0GPI9
5408,A0A0R0GPJ1
5409,A0A0R0GPJ5
5410,A0A0R0GPK3
5411,A0A0R0GPL7
5412,A0A0R0GPM7
5413,A0A0R0GPP3
5414,A0A0R0GPP7
5415,A0A0R0GPQ8
5416,A0A0R0GPR2
5417,A0A0R0GPR4
5418,A0A0R0GPR6
5419,A0A0R0GPR8
5420,A0A0R0GPS2
5421,A0A0R0GPT0
5422,A0A0R0GPT1
5423,A0A0R0GPT5
5424,A0A0R0GPT7
5425,A0A0R0GPT9
5426,A0A0R0GPV3
5427,A0A0R0GPV5
5428,A0A0R0GPW5
5429,A0A0R0GPW6
5430,A0A0R0GPX6
5431,A0A0R0GPY8
5432,A0A0R0GPZ3
5433,A0A0R0GPZ9
5434,A0A0R0GQ01
5435,A0A0R0GQ05
5436,A0A0R0GQ06
5437,A0A0R0GQ12
5438,A0A0R0GQ23
5439,A0A0R0GQ24
5440,A0A0R0GQ26
5441,A0A0R0GQ31
5442,A0A0R0GQ33
5443,A0A0R0GQ42
5444,A0A0R0GQ44
5445,A0A0R0GQ63
5446,A0A0R0GQ66
5447,A0A0R0GQ74
5448,A0A0R0GQ75
5449,A0A0R0GQ91
5450,A0A0R0GQA3
5451,A0A0R0GQA5
5452,A0A0R0GQB4
5453,A0A0R0GQB8
5454,A0A0R0GQD2
5455,A0A0R0GQD7
5456,A0A0R0GQE3
5457,A0A0R0GQE4
5458,A0A0R0GQE5
5459,A0A0R0GQE7
5460,A0A0R0GQF6
5461,A0A0R0GQF7
5462,A0A0R0GQG0
5463,A0A0R0GQG6
5464,A0A0R0GQH2
5465,A0A0R0GQI2
5466,A0A0R0GQI4
5467,A0A0R0GQK0
5468,A0A0R0GQL4
5469,A0A0R0GQL6
5470,A0A0R0GQL8
5471,A0A0R0GQM1
5472,A0A0R0GQM7
5473,A0A0R0GQN1
5474,A0A0R0GQN2
5475,A0A0R0GQN4
5476,A0A0R0GQP2
5477,A0A0R0GQQ5
5478,A0A0R0GQQ9
5479,A0A0R0GQS4
5480,A0A0R0GQS6
5481,A0A0R0GQS9
5482,A0A0R0GQT8
5483,A0A0R0GQU5
5484,A0A0R0GQU9
5485,A0A0R0GQV0
5486,A0A0R0GQV2
5487,A0A0R0GQV9
5488,A0A0R0GQW4
5489,A0A0R0GQW5
5490,A0A0R0GQW8
5491,A0A0R0GQX3
5492,A0A0R0GQX5
5493,A0A0R0GQX9
5494,A0A0R0GQY1
5495,A0A0R0GQZ5
5496,A0A0R0GR01
5497,A0A0R0GR07
5498,A0A0R0GR08
5499,A0A0R0GR12
5500,A0A0R0GR14
5501,A0A0R0GR22
5502,A0A0R0GR24
5503,A0A0R0GR31
5504,A0A0R0GR38
5505,A0A0R0GR39
5506,A0A0R0GR40
5507,A0A0R0GR48
5508,A0A0R0GR61
5509,A0A0R0GR69
5510,A0A0R0GR93
5511,A0A0R0GRA0
5512,A0A0R0GRA4
5513,A0A0R0GRA5
5514,A0A0R0GRA7
5515,A0A0R0GRA8
5516,A0A0R0GRA9
5517,A0A0R0GRB4
5518,A0A0R0GRB5
5519,A0A0R0GRB6
5520,A0A0R0GRC2
5521,A0A0R0GRC9
5522,A0A0R0GRD0
5523,A0A0R0GRD6
5524,A0A0R0GRE8
5525,A0A0R0GRE9
5526,A0A0R0GRF4
5527,A0A0R0GRF8
5528,A0A0R0GRG7
5529,A0A0R0GRG8
5530,A0A0R0GRH4
5531,A0A0R0GRI6
5532,A0A0R0GRJ1
5533,A0A0R0GRJ6
5534,A0A0R0GRJ8
5535,A0A0R0GRJ9
5536,A0A0R0GRK7
5537,A0A0R0GRL1
5538,A0A0R0GRL4
5539,A0A0R0GRL5
5540,A0A0R0GRL8
5541,A0A0R0GRM1
5542,A0A0R0GRN0
5543,A0A0R0GRP1
5544,A0A0R0GRP6
5545,A0A0R0GRP9
5546,A0A0R0GRQ7
5547,A0A0R0GRR3
5548,A0A0R0GRR4
5549,A0A0R0GRR9
5550,A0A0R0GRS7
5551,A0A0R0GRT1
5552,A0A0R0GRT5
5553,A0A0R0GRT9
5554,A0A0R0GRU1
5555,A0A0R0GRU2
5556,A0A0R0GRV4
5557,A0A0R0GRW0
5558,A0A0R0GRW1
5559,A0A0R0GRW2
5560,A0A0R0GRX0
5561,A0A0R0GRX3
5562,A0A0R0GRX8
5563,A0A0R0GRY4
5564,A0A0R0GRY6
5565,A0A0R0GRZ2
5566,A0A0R0GRZ3
5567,A0A0R0GS00
5568,A0A0R0GS02
5569,A0A0R0GS06
5570,A0A0R0GS12
5571,A0A0R0GS15
5572,A0A0R0GS22
5573,A0A0R0GS25
5574,A0A0R0GS27
5575,A0A0R0GS37
5576,A0A0R0GS41
5577,A0A0R0GS42
5578,A0A0R0GS45
5579,A0A0R0GS48
5580,A0A0R0GS60
5581,A0A0R0GS83
5582,A0A0R0GS90
5583,A0A0R0GSC0
5584,A0A0R0GSC4
5585,A0A0R0GSC8
5586,A0A0R0GSE4
5587,A0A0R0GSE8
5588,A0A0R0GSF7
5589,A0A0R0GSI2
5590,A0A0R0GSK6
5591,A0A0R0GSK8
5592,A0A0R0GSL6
5593,A0A0R0GSM7
5594,A0A0R0GSN8
5595,A0A0R0GSP2
5596,A0A0R0GSP5
5597,A0A0R0GSR4
5598,A0A0R0GSR6
5599,A0A0R0GSS4
5600,A0A0R0GSS7
5601,A0A0R0GST5
5602,A0A0R0GST8
5603,A0A0R0GSW1
5604,A0A0R0GSW3
5605,A0A0R0GSW4
5606,A0A0R0GSY9
5607,A0A0R0GSZ0
5608,A0A0R0GSZ2
5609,A0A0R0GSZ4
5610,A0A0R0GT07
5611,A0A0R0GT10
5612,A0A0R0GT27
5613,A0A0R0GT36
5614,A0A0R0GT40
5615,A0A0R0GT44
5616,A0A0R0GT57
5617,A0A0R0GT60
5618,A0A0R0GT63
5619,A0A0R0GT64
5620,A0A0R0GT69
5621,A0A0R0GT71
5622,A0A0R0GT97
5623,A0A0R0GTB3
5624,A0A0R0GTB6
5625,A0A0R0GTE4
5626,A0A0R0GTF6
5627,A0A0R0GTG5
5628,A0A0R0GTG6
5629,A0A0R0GTI1
5630,A0A0R0GTI2
5631,A0A0R0GTI5
5632,A0A0R0GTJ7
5633,A0A0R0GTK0
5634,A0A0R0GTK5
5635,A0A0R0GTM6
5636,A0A0R0GTN3
5637,A0A0R0GTQ7
5638,A0A0R0GTR1
5639,A0A0R0GTS2
5640,A0A0R0GTT6
5641,A0A0R0GTU4
5642,A0A0R0GTU5
5643,A0A0R0GTV4
5644,A0A0R0GTW2
5645,A0A0R0GTW7
5646,A0A0R0GTW8
5647,A0A0R0GTX8
5648,A0A0R0GTX9
5649,A0A0R0GTY3
5650,A0A0R0GTY9
5651,A0A0R0GU04
5652,A0A0R0GU09
5653,A0A0R0GU15
5654,A0A0R0GU16
5655,A0A0R0GU41
5656,A0A0R0GU42
5657,A0A0R0GU47
5658,A0A0R0GU51
5659,A0A0R0GU63
5660,A0A0R0GU64
5661,A0A0R0GU81
5662,A0A0R0GU86
5663,A0A0R0GU87
5664,A0A0R0GU88
5665,A0A0R0GUA0
5666,A0A0R0GUB5
5667,A0A0R0GUC5
5668,A0A0R0GUC7
5669,A0A0R0GUE0
5670,A0A0R0GUE1
5671,A0A0R0GUE5
5672,A0A0R0GUE9
5673,A0A0R0GUF9
5674,A0A0R0GUG6
5675,A0A0R0GUG7
5676,A0A0R0GUH4
5677,A0A0R0GUH8
5678,A0A0R0GUI4
5679,A0A0R0GUI6
5680,A0A0R0GUI7
5681,A0A0R0GUJ0
5682,A0A0R0GUJ1
5683,A0A0R0GUJ9
5684,A0A0R0GUK0
5685,A0A0R0GUK8
5686,A0A0R0GUL1
5687,A0A0R0GUL3
5688,A0A0R0GUL7
5689,A0A0R0GUM7
5690,A0A0R0GUN4
5691,A0A0R0GUP4
5692,A0A0R0GUP5
5693,A0A0R0GUP7
5694,A0A0R0GUP8
5695,A0A0R0GUP9
5696,A0A0R0GUQ0
5697,A0A0R0GUQ3
5698,A0A0R0GUQ8
5699,A0A0R0GUR9
5700,A0A0R0GUS5
5701,A0A0R0GUT5
5702,A0A0R0GUU3
5703,A0A0R0GUU5
5704,A0A0R0GUU6
5705,A0A0R0GUU9
5706,A0A0R0GUV6
5707,A0A0R0GUW0
5708,A0A0R0GUW2
5709,A0A0R0GUW4
5710,A0A0R0GUW7
5711,A0A0R0GUX4
5712,A0A0R0GUZ0
5713,A0A0R0GUZ3
5714,A0A0R0GV05
5715,A0A0R0GV15
5716,A0A0R0GV25
5717,A0A0R0GV44
5718,A0A0R0GV45
5719,A0A0R0GV55
5720,A0A0R0GV60
5721,A0A0R0GV71
5722,A0A0R0GV74
5723,A0A0R0GV83
5724,A0A0R0GV88
5725,A0A0R0GV93
5726,A0A0R0GV98
5727,A0A0R0GVA0
5728,A0A0R0GVB0
5729,A0A0R0GVB3
5730,A0A0R0GVB6
5731,A0A0R0GVC1
5732,A0A0R0GVC3
5733,A0A0R0GVC5
5734,A0A0R0GVD3
5735,A0A0R0GVD4
5736,A0A0R0GVE7
5737,A0A0R0GVF0
5738,A0A0R0GVF2
5739,A0A0R0GVF3
5740,A0A0R0GVF8
5741,A0A0R0GVG4
5742,A0A0R0GVI2
5743,A0A0R0GVI9
5744,A0A0R0GVJ3
5745,A0A0R0GVJ8
5746,A0A0R0GVK8
5747,A0A0R0GVL9
5748,A0A0R0GVM5
5749,A0A0R0GVN7
5750,A0A0R0GVQ6
5751,A0A0R0GVR1
5752,A0A0R0GVS1
5753,A0A0R0GVT2
5754,A0A0R0GVT5
5755,A0A0R0GVU3
5756,A0A0R0GVV5
5757,A0A0R0GVW1
5758,A0A0R0GVW8
5759,A0A0R0GVZ2
5760,A0A0R0GVZ8
5761,A0A0R0GW00
5762,A0A0R0GW01
5763,A0A0R0GW05
5764,A0A0R0GW06
5765,A0A0R0GW17
5766,A0A0R0GW28
5767,A0A0R0GW30
5768,A0A0R0GW40
5769,A0A0R0GW49
5770,A0A0R0GW50
5771,A0A0R0GW72
5772,A0A0R0GW73
5773,A0A0R0GW76
5774,A0A0R0GW77
5775,A0A0R0GW83
5776,A0A0R0GW87
5777,A0A0R0GW88
5778,A0A0R0GW89
5779,A0A0R0GW96
5780,A0A0R0GWA8
5781,A0A0R0GWB3
5782,A0A0R0GWB4
5783,A0A0R0GWC6
5784,A0A0R0GWD9
5785,A0A0R0GWE2
5786,A0A0R0GWE9
5787,A0A0R0GWF1
5788,A0A0R0GWH6
5789,A0A0R0GWI1
5790,A0A0R0GWJ1
5791,A0A0R0GWL6
5792,A0A0R0GWM0
5793,A0A0R0GWM1
5794,A0A0R0GWM2
5795,A0A0R0GWP4
5796,A0A0R0GWQ7
5797,A0A0R0GWQ9
5798,A0A0R0GWR4
5799,A0A0R0GWT1
5800,A0A0R0GWT3
5801,A0A0R0GWT9
5802,A0A0R0GWU1
5803,A0A0R0GWU7
5804,A0A0R0GWU9
5805,A0A0R0GWV0
5806,A0A0R0GWV8
5807,A0A0R0GWV9
5808,A0A0R0GWW0
5809,A0A0R0GWX3
5810,A0A0R0GWZ9
5811,A0A0R0GX00
5812,A0A0R0GX14
5813,A0A0R0GX16
5814,A0A0R0GX42
5815,A0A0R0GX49
5816,A0A0R0GX50
5817,A0A0R0GX63
5818,A0A0R0GX73
5819,A0A0R0GX78
5820,A0A0R0GX85
5821,A0A0R0GX90
5822,A0A0R0GXB1
5823,A0A0R0GXB3
5824,A0A0R0GXC2
5825,A0A0R0GXD9
5826,A0A0R0GXE7
5827,A0A0R0GXF0
5828,A0A0R0GXF1
5829,A0A0R0GXG4
5830,A0A0R0GXI0
5831,A0A0R0GXI8
5832,A0A0R0GXK5
5833,A0A0R0GXL3
5834,A0A0R0GXM7
5835,A0A0R0GXN0
5836,A0A0R0GXN6
5837,A0A0R0GXP0
5838,A0A0R0GXP2
5839,A0A0R0GXQ1
5840,A0A0R0GXQ3
5841,A0A0R0GXQ9
5842,A0A0R0GXS5
5843,A0A0R0GXV7
5844,A0A0R0GXV8
5845,A0A0R0GXW8
5846,A0A0R0GXY0
5847,A0A0R0GXY7
5848,A0A0R0GXY9
5849,A0A0R0GY14
5850,A0A0R0GY18
5851,A0A0R0GY28
5852,A0A0R0GY30
5853,A0A0R0GY42
5854,A0A0R0GY58
5855,A0A0R0GY62
5856,A0A0R0GY68
5857,A0A0R0GY69
5858,A0A0R0GY74
5859,A0A0R0GY75
5860,A0A0R0GY88
5861,A0A0R0GY98
5862,A0A0R0GYA5
5863,A0A0R0GYB1
5864,A0A0R0GYB2
5865,A0A0R0GYB4
5866,A0A0R0GYC5
5867,A0A0R0GYC9
5868,A0A0R0GYD6
5869,A0A0R0GYD9
5870,A0A0R0GYE0
5871,A0A0R0GYF4
5872,A0A0R0GYG1
5873,A0A0R0GYH9
5874,A0A0R0GYI7
5875,A0A0R0GYI9
5876,A0A0R0GYK2
5877,A0A0R0GYL3
5878,A0A0R0GYN5
5879,A0A0R0GYQ0
5880,A0A0R0GYR6
5881,A0A0R0GYR7
5882,A0A0R0GYR8
5883,A0A0R0GYS0
5884,A0A0R0GYS7
5885,A0A0R0GYV0
5886,A0A0R0GYW3
5887,A0A0R0GYX0
5888,A0A0R0GYX2
5889,A0A0R0GYX9
5890,A0A0R0GYY1
5891,A0A0R0GYY6
5892,A0A0R0GYZ0
5893,A0A0R0GYZ1
5894,A0A0R0GYZ9
5895,A0A0R0GZ02
5896,A0A0R0GZ08
5897,A0A0R0GZ16
5898,A0A0R0GZ23
5899,A0A0R0GZ28
5900,A0A0R0GZ30
5901,A0A0R0GZ36
5902,A0A0R0GZ51
5903,A0A0R0GZ52
5904,A0A0R0GZ65
5905,A0A0R0GZ87
5906,A0A0R0GZA3
5907,A0A0R0GZA9
5908,A0A0R0GZD4
5909,A0A0R0GZF0
5910,A0A0R0GZF1
5911,A0A0R0GZF7
5912,A0A0R0GZG5
5913,A0A0R0GZH5
5914,A0A0R0GZH6
5915,A0A0R0GZH7
5916,A0A0R0GZH8
5917,A0A0R0GZI2
5918,A0A0R0GZI4
5919,A0A0R0GZK6
5920,A0A0R0GZL3
5921,A0A0R0GZL9
5922,A0A0R0GZM4
5923,A0A0R0GZM9
5924,A0A0R0GZP5
5925,A0A0R0GZR9
5926,A0A0R0GZS0
5927,A0A0R0GZS9
5928,A0A0R0GZU5
5929,A0A0R0GZU6
5930,A0A0R0GZV3
5931,A0A0R0GZZ6
5932,A0A0R0H004
5933,A0A0R0H006
5934,A0A0R0H028
5935,A0A0R0H030
5936,A0A0R0H031
5937,A0A0R0H032
5938,A0A0R0H033
5939,A0A0R0H043
5940,A0A0R0H044
5941,A0A0R0H054
5942,A0A0R0H064
5943,A0A0R0H078
5944,A0A0R0H082
5945,A0A0R0H093
5946,A0A0R0H094
5947,A0A0R0H0A7
5948,A0A0R0H0C1
5949,A0A0R0H0F0
5950,A0A0R0H0F3
5951,A0A0R0H0G2
5952,A0A0R0H0H2
5953,A0A0R0H0H4
5954,A0A0R0H0I1
5955,A0A0R0H0J6
5956,A0A0R0H0J9
5957,A0A0R0H0L0
5958,A0A0R0H0L7
5959,A0A0R0H0M2
5960,A0A0R0H0M7
5961,A0A0R0H0P2
5962,A0A0R0H0Q1
5963,A0A0R0H0R3
5964,A0A0R0H0T7
5965,A0A0R0H0U1
5966,A0A0R0H0V0
5967,A0A0R0H0V4
5968,A0A0R0H0V5
5969,A0A0R0H0V7
5970,A0A0R0H0W6
5971,A0A0R0H0X2
5972,A0A0R0H0X9
5973,A0A0R0H0Y0
5974,A0A0R0H0Y3
5975,A0A0R0H0Z6
5976,A0A0R0H114
5977,A0A0R0H116
5978,A0A0R0H122
5979,A0A0R0H124
5980,A0A0R0H125
5981,A0A0R0H127
5982,A0A0R0H128
5983,A0A0R0H131
5984,A0A0R0H137
5985,A0A0R0H139
5986,A0A0R0H141
5987,A0A0R0H157
5988,A0A0R0H159
5989,A0A0R0H162
5990,A0A0R0H169
5991,A0A0R0H1B6
5992,A0A0R0H1C4
5993,A0A0R0H1C5
5994,A0A0R0H1C7
5995,A0A0R0H1D5
5996,A0A0R0H1G4
5997,A0A0R0H1G5
5998,A0A0R0H1H8
5999,A0A0R0H1J7
6000,A0A0R0H1K0
6001,A0A0R0H1K1
6002,A0A0R0H1L2
6003,A0A0R0H1N0
6004,A0A0R0H1Q3
6005,A0A0R0H1R6
6006,A0A0R0H1T1
6007,A0A0R0H1U3
6008,A0A0R0H1U4
6009,A0A0R0H1W3
6010,A0A0R0H1X9
6011,A0A0R0H1Z0
6012,A0A0R0H209
6013,A0A0R0H221
6014,A0A0R0H228
6015,A0A0R0H240
6016,A0A0R0H259
6017,A0A0R0H261
6018,A0A0R0H263
6019,A0A0R0H264
6020,A0A0R0H266
6021,A0A0R0H268
6022,A0A0R0H270
6023,A0A0R0H271
6024,A0A0R0H273
6025,A0A0R0H291
6026,A0A0R0H296
6027,A0A0R0H2A4
6028,A0A0R0H2B2
6029,A0A0R0H2C6
6030,A0A0R0H2C7
6031,A0A0R0H2C9
6032,A0A0R0H2D0
6033,A0A0R0H2D9
6034,A0A0R0H2E1
6035,A0A0R0H2E3
6036,A0A0R0H2E8
6037,A0A0R0H2F3
6038,A0A0R0H2F4
6039,A0A0R0H2F6
6040,A0A0R0H2H1
6041,A0A0R0H2H7
6042,A0A0R0H2I0
6043,A0A0R0H2I5
6044,A0A0R0H2J9
6045,A0A0R0H2K6
6046,A0A0R0H2K8
6047,A0A0R0H2N3
6048,A0A0R0H2Q4
6049,A0A0R0H2R3
6050,A0A0R0H2R5
6051,A0A0R0H2S3
6052,A0A0R0H2S5
6053,A0A0R0H2T2
6054,A0A0R0H2T8
6055,A0A0R0H2U0
6056,A0A0R0H2V0
6057,A0A0R0H2V7
6058,A0A0R0H2W2
6059,A0A0R0H2W7
6060,A0A0R0H2Y3
6061,A0A0R0H2Y8
6062,A0A0R0H2Z3
6063,A0A0R0H2Z4
6064,A0A0R0H301
6065,A0A0R0H309
6066,A0A0R0H312
6067,A0A0R0H313
6068,A0A0R0H320
6069,A0A0R0H350
6070,A0A0R0H359
6071,A0A0R0H361
6072,A0A0R0H363
6073,A0A0R0H377
6074,A0A0R0H385
6075,A0A0R0H3C1
6076,A0A0R0H3D0
6077,A0A0R0H3D7
6078,A0A0R0H3F3
6079,A0A0R0H3F4
6080,A0A0R0H3G1
6081,A0A0R0H3H1
6082,A0A0R0H3H7
6083,A0A0R0H3H8
6084,A0A0R0H3I0
6085,A0A0R0H3J2
6086,A0A0R0H3J4
6087,A0A0R0H3J5
6088,A0A0R0H3K4
6089,A0A0R0H3L6
6090,A0A0R0H3L7
6091,A0A0R0H3L9
6092,A0A0R0H3M4
6093,A0A0R0H3M6
6094,A0A0R0H3N4
6095,A0A0R0H3N5
6096,A0A0R0H3N9
6097,A0A0R0H3P0
6098,A0A0R0H3P3
6099,A0A0R0H3Q1
6100,A0A0R0H3Q6
6101,A0A0R0H3R0
6102,A0A0R0H3R9
6103,A0A0R0H3S6
6104,A0A0R0H3S8
6105,A0A0R0H3T1
6106,A0A0R0H3T7
6107,A0A0R0H3U1
6108,A0A0R0H3V6
6109,A0A0R0H3V7
6110,A0A0R0H3V8
6111,A0A0R0H3W2
6112,A0A0R0H3W4
6113,A0A0R0H3W5
6114,A0A0R0H3W8
6115,A0A0R0H3X6
6116,A0A0R0H3X7
6117,A0A0R0H3Z1
6118,A0A0R0H3Z5
6119,A0A0R0H3Z6
6120,A0A0R0H401
6121,A0A0R0H407
6122,A0A0R0H421
6123,A0A0R0H441
6124,A0A0R0H445
6125,A0A0R0H449
6126,A0A0R0H450
6127,A0A0R0H454
6128,A0A0R0H455
6129,A0A0R0H460
6130,A0A0R0H478
6131,A0A0R0H479
6132,A0A0R0H491
6133,A0A0R0H495
6134,A0A0R0H4B3
6135,A0A0R0H4B4
6136,A0A0R0H4B5
6137,A0A0R0H4C9
6138,A0A0R0H4D4
6139,A0A0R0H4D6
6140,A0A0R0H4D7
6141,A0A0R0H4E3
6142,A0A0R0H4G4
6143,A0A0R0H4G5
6144,A0A0R0H4H9
6145,A0A0R0H4I6
6146,A0A0R0H4J2
6147,A0A0R0H4J4
6148,A0A0R0H4J8
6149,A0A0R0H4K0
6150,A0A0R0H4K1
6151,A0A0R0H4L5
6152,A0A0R0H4L9
6153,A0A0R0H4M2
6154,A0A0R0H4M8
6155,A0A0R0H4N0
6156,A0A0R0H4N5
6157,A0A0R0H4P3
6158,A0A0R0H4P4
6159,A0A0R0H4P7
6160,A0A0R0H4P8
6161,A0A0R0H4Q9
6162,A0A0R0H4R3
6163,A0A0R0H4R4
6164,A0A0R0H4T0
6165,A0A0R0H4T2
6166,A0A0R0H4T5
6167,A0A0R0H4T6
6168,A0A0R0H4U7
6169,A0A0R0H4U8
6170,A0A0R0H4V4
6171,A0A0R0H4V9
6172,A0A0R0H4W3
6173,A0A0R0H4W6
6174,A0A0R0H4X2
6175,A0A0R0H4X3
6176,A0A0R0H4X6
6177,A0A0R0H4Y0
6178,A0A0R0H4Z0
6179,A0A0R0H4Z3
6180,A0A0R0H4Z7
6181,A0A0R0H500
6182,A0A0R0H501
6183,A0A0R0H507
6184,A0A0R0H523
6185,A0A0R0H528
6186,A0A0R0H530
6187,A0A0R0H537
6188,A0A0R0H539
6189,A0A0R0H540
6190,A0A0R0H542
6191,A0A0R0H550
6192,A0A0R0H563
6193,A0A0R0H567
6194,A0A0R0H569
6195,A0A0R0H572
6196,A0A0R0H578
6197,A0A0R0H579
6198,A0A0R0H580
6199,A0A0R0H582
6200,A0A0R0H583
6201,A0A0R0H593
6202,A0A0R0H5A0
6203,A0A0R0H5A1
6204,A0A0R0H5A4
6205,A0A0R0H5B4
6206,A0A0R0H5B5
6207,A0A0R0H5C8
6208,A0A0R0H5C9
6209,A0A0R0H5D0
6210,A0A0R0H5D4
6211,A0A0R0H5E5
6212,A0A0R0H5F5
6213,A0A0R0H5F7
6214,A0A0R0H5G0
6215,A0A0R0H5G3
6216,A0A0R0H5G5
6217,A0A0R0H5G6
6218,A0A0R0H5H1
6219,A0A0R0H5H8
6220,A0A0R0H5I4
6221,A0A0R0H5I6
6222,A0A0R0H5J3
6223,A0A0R0H5J8
6224,A0A0R0H5L3
6225,A0A0R0H5L4
6226,A0A0R0H5M5
6227,A0A0R0H5M6
6228,A0A0R0H5M7
6229,A0A0R0H5M8
6230,A0A0R0H5N1
6231,A0A0R0H5N5
6232,A0A0R0H5P2
6233,A0A0R0H5P4
6234,A0A0R0H5Q7
6235,A0A0R0H5R3
6236,A0A0R0H5R9
6237,A0A0R0H5S4
6238,A0A0R0H5T0
6239,A0A0R0H5T1
6240,A0A0R0H5T3
6241,A0A0R0H5U6
6242,A0A0R0H5U8
6243,A0A0R0H5W3
6244,A0A0R0H5X1
6245,A0A0R0H5X6
6246,A0A0R0H5X8
6247,A0A0R0H5Y2
6248,A0A0R0H5Y3
6249,A0A0R0H5Y4
6250,A0A0R0H5Y6
6251,A0A0R0H5Y8
6252,A0A0R0H5Z4
6253,A0A0R0H600
6254,A0A0R0H605
6255,A0A0R0H608
6256,A0A0R0H610
6257,A0A0R0H622
6258,A0A0R0H623
6259,A0A0R0H625
6260,A0A0R0H630
6261,A0A0R0H633
6262,A0A0R0H639
6263,A0A0R0H642
6264,A0A0R0H658
6265,A0A0R0H659
6266,A0A0R0H662
6267,A0A0R0H668
6268,A0A0R0H669
6269,A0A0R0H670
6270,A0A0R0H680
6271,A0A0R0H689
6272,A0A0R0H690
6273,A0A0R0H697
6274,A0A0R0H698
6275,A0A0R0H6A9
6276,A0A0R0H6D3
6277,A0A0R0H6E4
6278,A0A0R0H6G0
6279,A0A0R0H6G9
6280,A0A0R0H6H4
6281,A0A0R0H6I8
6282,A0A0R0H6J3
6283,A0A0R0H6K0
6284,A0A0R0H6L0
6285,A0A0R0H6L4
6286,A0A0R0H6M2
6287,A0A0R0H6M4
6288,A0A0R0H6P7
6289,A0A0R0H6U1
6290,A0A0R0H6U5
6291,A0A0R0H6V1
6292,A0A0R0H6V3
6293,A0A0R0H6V5
6294,A0A0R0H6W4
6295,A0A0R0H6W8
6296,A0A0R0H6X3
6297,A0A0R0H710
6298,A0A0R0H713
6299,A0A0R0H721
6300,A0A0R0H728
6301,A0A0R0H729
6302,A0A0R0H731
6303,A0A0R0H734
6304,A0A0R0H739
6305,A0A0R0H743
6306,A0A0R0H752
6307,A0A0R0H755
6308,A0A0R0H759
6309,A0A0R0H775
6310,A0A0R0H776
6311,A0A0R0H799
6312,A0A0R0H7B6
6313,A0A0R0H7D4
6314,A0A0R0H7D5
6315,A0A0R0H7D8
6316,A0A0R0H7F4
6317,A0A0R0H7I4
6318,A0A0R0H7J4
6319,A0A0R0H7K9
6320,A0A0R0H7N0
6321,A0A0R0H7N9
6322,A0A0R0H7Q9
6323,A0A0R0H7R9
6324,A0A0R0H7S6
6325,A0A0R0H7S8
6326,A0A0R0H7T7
6327,A0A0R0H7T8
6328,A0A0R0H7U5
6329,A0A0R0H7V8
6330,A0A0R0H7W3
6331,A0A0R0H7X0
6332,A0A0R0H7Y7
6333,A0A0R0H815
6334,A0A0R0H817
6335,A0A0R0H824
6336,A0A0R0H834
6337,A0A0R0H847
6338,A0A0R0H848
6339,A0A0R0H859
6340,A0A0R0H863
6341,A0A0R0H865
6342,A0A0R0H886
6343,A0A0R0H896
6344,A0A0R0H8A8
6345,A0A0R0H8B1
6346,A0A0R0H8B2
6347,A0A0R0H8C8
6348,A0A0R0H8E0
6349,A0A0R0H8E2
6350,A0A0R0H8E8
6351,A0A0R0H8F7
6352,A0A0R0H8I1
6353,A0A0R0H8J7
6354,A0A0R0H8K0
6355,A0A0R0H8K3
6356,A0A0R0H8K5
6357,A0A0R0H8L2
6358,A0A0R0H8L3
6359,A0A0R0H8M3
6360,A0A0R0H8M8
6361,A0A0R0H8P9
6362,A0A0R0H8Q8
6363,A0A0R0H8S0
6364,A0A0R0H8S8
6365,A0A0R0H8T0
6366,A0A0R0H8T4
6367,A0A0R0H8T5
6368,A0A0R0H8T6
6369,A0A0R0H940
6370,A0A0R0H943
6371,A0A0R0H955
6372,A0A0R0H963
6373,A0A0R0H9A5
6374,A0A0R0H9A7
6375,A0A0R0H9A9
6376,A0A0R0H9B4
6377,A0A0R0H9D0
6378,A0A0R0H9D3
6379,A0A0R0H9D7
6380,A0A0R0H9F2
6381,A0A0R0H9G2
6382,A0A0R0H9G7
6383,A0A0R0H9H1
6384,A0A0R0H9H8
6385,A0A0R0H9K2
6386,A0A0R0H9L2
6387,A0A0R0H9M6
6388,A0A0R0H9P0
6389,A0A0R0H9Q6
6390,A0A0R0H9Q8
6391,A0A0R0H9Q9
6392,A0A0R0H9R0
6393,A0A0R0H9R5
6394,A0A0R0H9S2
6395,A0A0R0H9T5
6396,A0A0R0H9T9
6397,A0A0R0H9U7
6398,A0A0R0H9V2
6399,A0A0R0H9V6
6400,A0A0R0H9X9
6401,A0A0R0H9Y5
6402,A0A0R0HA10
6403,A0A0R0HA12
6404,A0A0R0HA20
6405,A0A0R0HA41
6406,A0A0R0HA45
6407,A0A0R0HA51
6408,A0A0R0HA58
6409,A0A0R0HA67
6410,A0A0R0HA80
6411,A0A0R0HA86
6412,A0A0R0HA88
6413,A0A0R0HA91
6414,A0A0R0HA94
6415,A0A0R0HAA3
6416,A0A0R0HAB8
6417,A0A0R0HAE9
6418,A0A0R0HAG1
6419,A0A0R0HAH6
6420,A0A0R0HAI3
6421,A0A0R0HAI4
6422,A0A0R0HAI8
6423,A0A0R0HAJ2
6424,A0A0R0HAJ7
6425,A0A0R0HAJ8
6426,A0A0R0HAK1
6427,A0A0R0HAK3
6428,A0A0R0HAK7
6429,A0A0R0HAM0
6430,A0A0R0HAM2
6431,A0A0R0HAN2
6432,A0A0R0HAP7
6433,A0A0R0HAQ0
6434,A0A0R0HAQ6
6435,A0A0R0HAR3
6436,A0A0R0HAS1
6437,A0A0R0HAT7
6438,A0A0R0HAT8
6439,A0A0R0HAV4
6440,A0A0R0HAV9
6441,A0A0R0HAW9
6442,A0A0R0HAY1
6443,A0A0R0HAY2
6444,A0A0R0HAY4
6445,A0A0R0HB02
6446,A0A0R0HB08
6447,A0A0R0HB33
6448,A0A0R0HB36
6449,A0A0R0HB49
6450,A0A0R0HB50
6451,A0A0R0HB59
6452,A0A0R0HB65
6453,A0A0R0HB76
6454,A0A0R0HB92
6455,A0A0R0HB97
6456,A0A0R0HB99
6457,A0A0R0HBA2
6458,A0A0R0HBA5
6459,A0A0R0HBC9
6460,A0A0R0HBD2
6461,A0A0R0HBE2
6462,A0A0R0HBE3
6463,A0A0R0HBE7
6464,A0A0R0HBF1
6465,A0A0R0HBG9
6466,A0A0R0HBH7
6467,A0A0R0HBH8
6468,A0A0R0HBI1
6469,A0A0R0HBJ8
6470,A0A0R0HBK3
6471,A0A0R0HBM6
6472,A0A0R0HBM9
6473,A0A0R0HBN9
6474,A0A0R0HBP3
6475,A0A0R0HBQ2
6476,A0A0R0HBQ4
6477,A0A0R0HBQ5
6478,A0A0R0HBQ8
6479,A0A0R0HBR4
6480,A0A0R0HBS2
6481,A0A0R0HBS4
6482,A0A0R0HBT7
6483,A0A0R0HBT8
6484,A0A0R0HBU8
6485,A0A0R0HBW1
6486,A0A0R0HBW7
6487,A0A0R0HBX0
6488,A0A0R0HBX5
6489,A0A0R0HBY2
6490,A0A0R0HBY6
6491,A0A0R0HBY8
6492,A0A0R0HBZ4
6493,A0A0R0HC17
6494,A0A0R0HC19
6495,A0A0R0HC27
6496,A0A0R0HC29
6497,A0A0R0HC49
6498,A0A0R0HC59
6499,A0A0R0HC60
6500,A0A0R0HC62
6501,A0A0R0HC65
6502,A0A0R0HCA5
6503,A0A0R0HCA6
6504,A0A0R0HCB6
6505,A0A0R0HCC5
6506,A0A0R0HCC6
6507,A0A0R0HCC8
6508,A0A0R0HCD1
6509,A0A0R0HCD5
6510,A0A0R0HCD7
6511,A0A0R0HCD9
6512,A0A0R0HCE9
6513,A0A0R0HCG0
6514,A0A0R0HCG5
6515,A0A0R0HCG7
6516,A0A0R0HCG8
6517,A0A0R0HCH0
6518,A0A0R0HCH3
6519,A0A0R0HCH7
6520,A0A0R0HCI1
6521,A0A0R0HCI5
6522,A0A0R0HCJ1
6523,A0A0R0HCJ3
6524,A0A0R0HCJ5
6525,A0A0R0HCJ6
6526,A0A0R0HCK0
6527,A0A0R0HCL7
6528,A0A0R0HCM8
6529,A0A0R0HCN0
6530,A0A0R0HCN9
6531,A0A0R0HCQ0
6532,A0A0R0HCQ2
6533,A0A0R0HCQ3
6534,A0A0R0HCS6
6535,A0A0R0HCT4
6536,A0A0R0HCT6
6537,A0A0R0HCV4
6538,A0A0R0HCV8
6539,A0A0R0HCX2
6540,A0A0R0HCY3
6541,A0A0R0HCZ1
6542,A0A0R0HD05
6543,A0A0R0HD09
6544,A0A0R0HD10
6545,A0A0R0HD21
6546,A0A0R0HD22
6547,A0A0R0HD38
6548,A0A0R0HD42
6549,A0A0R0HD61
6550,A0A0R0HD79
6551,A0A0R0HD82
6552,A0A0R0HD88
6553,A0A0R0HDA3
6554,A0A0R0HDA9
6555,A0A0R0HDD4
6556,A0A0R0HDE0
6557,A0A0R0HDE2
6558,A0A0R0HDF5
6559,A0A0R0HDH0
6560,A0A0R0HDH6
6561,A0A0R0HDJ1
6562,A0A0R0HDJ7
6563,A0A0R0HDJ8
6564,A0A0R0HDK3
6565,A0A0R0HDL0
6566,A0A0R0HDM2
6567,A0A0R0HDM5
6568,A0A0R0HDM6
6569,A0A0R0HDM7
6570,A0A0R0HDM9
6571,A0A0R0HDP3
6572,A0A0R0HDQ7
6573,A0A0R0HDR1
6574,A0A0R0HDS5
6575,A0A0R0HDS7
6576,A0A0R0HDT2
6577,A0A0R0HDU2
6578,A0A0R0HDU4
6579,A0A0R0HDU9
6580,A0A0R0HDV7
6581,A0A0R0HDV8
6582,A0A0R0HDW2
6583,A0A0R0HDW4
6584,A0A0R0HDX2
6585,A0A0R0HDY2
6586,A0A0R0HDY3
6587,A0A0R0HDY8
6588,A0A0R0HDY9
6589,A0A0R0HDZ8
6590,A0A0R0HE07
6591,A0A0R0HE09
6592,A0A0R0HE12
6593,A0A0R0HE20
6594,A0A0R0HE32
6595,A0A0R0HE34
6596,A0A0R0HE40
6597,A0A0R0HE42
6598,A0A0R0HE47
6599,A0A0R0HE48
6600,A0A0R0HE52
6601,A0A0R0HE55
6602,A0A0R0HE65
6603,A0A0R0HE66
6604,A0A0R0HE73
6605,A0A0R0HE79
6606,A0A0R0HE85
6607,A0A0R0HE87
6608,A0A0R0HE92
6609,A0A0R0HE94
6610,A0A0R0HE97
6611,A0A0R0HE98
6612,A0A0R0HEA2
6613,A0A0R0HEA3
6614,A0A0R0HEA9
6615,A0A0R0HEC8
6616,A0A0R0HED2
6617,A0A0R0HEE4
6618,A0A0R0HEF7
6619,A0A0R0HEG0
6620,A0A0R0HEG7
6621,A0A0R0HEH0
6622,A0A0R0HEH8
6623,A0A0R0HEI4
6624,A0A0R0HEI5
6625,A0A0R0HEI6
6626,A0A0R0HEJ3
6627,A0A0R0HEL8
6628,A0A0R0HEM1
6629,A0A0R0HEM2
6630,A0A0R0HEM4
6631,A0A0R0HEN3
6632,A0A0R0HEN4
6633,A0A0R0HEN5
6634,A0A0R0HEN6
6635,A0A0R0HEP4
6636,A0A0R0HEQ1
6637,A0A0R0HEQ3
6638,A0A0R0HEQ4
6639,A0A0R0HER1
6640,A0A0R0HER6
6641,A0A0R0HER9
6642,A0A0R0HES0
6643,A0A0R0HES2
6644,A0A0R0HES4
6645,A0A0R0HES8
6646,A0A0R0HET1
6647,A0A0R0HEV4
6648,A0A0R0HEW5
6649,A0A0R0HEW7
6650,A0A0R0HEY5
6651,A0A0R0HEZ3
6652,A0A0R0HEZ5
6653,A0A0R0HEZ8
6654,A0A0R0HEZ9
6655,A0A0R0HF10
6656,A0A0R0HF15
6657,A0A0R0HF16
6658,A0A0R0HF22
6659,A0A0R0HF31
6660,A0A0R0HF40
6661,A0A0R0HF41
6662,A0A0R0HF43
6663,A0A0R0HF56
6664,A0A0R0HF66
6665,A0A0R0HF70
6666,A0A0R0HF84
6667,A0A0R0HF85
6668,A0A0R0HF88
6669,A0A0R0HF89
6670,A0A0R0HFA1
6671,A0A0R0HFA7
6672,A0A0R0HFC8
6673,A0A0R0HFD5
6674,A0A0R0HFD6
6675,A0A0R0HFE1
6676,A0A0R0HFE2
6677,A0A0R0HFE5
6678,A0A0R0HFF1
6679,A0A0R0HFF3
6680,A0A0R0HFF6
6681,A0A0R0HFH6
6682,A0A0R0HFI5
6683,A0A0R0HFI7
6684,A0A0R0HFK2
6685,A0A0R0HFK6
6686,A0A0R0HFK7
6687,A0A0R0HFK8
6688,A0A0R0HFL6
6689,A0A0R0HFM1
6690,A0A0R0HFM2
6691,A0A0R0HFM4
6692,A0A0R0HFN2
6693,A0A0R0HFN7
6694,A0A0R0HFP2
6695,A0A0R0HFP5
6696,A0A0R0HFP9
6697,A0A0R0HFR8
6698,A0A0R0HFT0
6699,A0A0R0HFT6
6700,A0A0R0HFT9
6701,A0A0R0HFU2
6702,A0A0R0HFX2
6703,A0A0R0HFX5
6704,A0A0R0HFY9
6705,A0A0R0HG00
6706,A0A0R0HG01
6707,A0A0R0HG02
6708,A0A0R0HG12
6709,A0A0R0HG16
6710,A0A0R0HG17
6711,A0A0R0HG19
6712,A0A0R0HG21
6713,A0A0R0HG60
6714,A0A0R0HG89
6715,A0A0R0HG91
6716,A0A0R0HG95
6717,A0A0R0HG96
6718,A0A0R0HGB3
6719,A0A0R0HGB4
6720,A0A0R0HGB6
6721,A0A0R0HGB8
6722,A0A0R0HGC5
6723,A0A0R0HGC8
6724,A0A0R0HGD2
6725,A0A0R0HGD5
6726,A0A0R0HGE7
6727,A0A0R0HGF7
6728,A0A0R0HGG0
6729,A0A0R0HGG6
6730,A0A0R0HGH0
6731,A0A0R0HGH7
6732,A0A0R0HGK0
6733,A0A0R0HGK2
6734,A0A0R0HGL3
6735,A0A0R0HGL7
6736,A0A0R0HGL8
6737,A0A0R0HGM1
6738,A0A0R0HGM4
6739,A0A0R0HGM8
6740,A0A0R0HGN4
6741,A0A0R0HGN7
6742,A0A0R0HGP2
6743,A0A0R0HGP8
6744,A0A0R0HGQ4
6745,A0A0R0HGQ8
6746,A0A0R0HGR6
6747,A0A0R0HGS4
6748,A0A0R0HGS5
6749,A0A0R0HGS9
6750,A0A0R0HGU7
6751,A0A0R0HGV4
6752,A0A0R0HGV9
6753,A0A0R0HGW3
6754,A0A0R0HGW6
6755,A0A0R0HGX3
6756,A0A0R0HGX7
6757,A0A0R0HGY6
6758,A0A0R0HGZ1
6759,A0A0R0HGZ9
6760,A0A0R0HH01
6761,A0A0R0HH08
6762,A0A0R0HH25
6763,A0A0R0HH40
6764,A0A0R0HH49
6765,A0A0R0HH51
6766,A0A0R0HH54
6767,A0A0R0HH65
6768,A0A0R0HH67
6769,A0A0R0HH69
6770,A0A0R0HH71
6771,A0A0R0HH72
6772,A0A0R0HH88
6773,A0A0R0HH94
6774,A0A0R0HH96
6775,A0A0R0HHA1
6776,A0A0R0HHA3
6777,A0A0R0HHA4
6778,A0A0R0HHB6
6779,A0A0R0HHB8
6780,A0A0R0HHC1
6781,A0A0R0HHE1
6782,A0A0R0HHE4
6783,A0A0R0HHE7
6784,A0A0R0HHF6
6785,A0A0R0HHG7
6786,A0A0R0HHG9
6787,A0A0R0HHH8
6788,A0A0R0HHI9
6789,A0A0R0HHJ1
6790,A0A0R0HHJ5
6791,A0A0R0HHJ6
6792,A0A0R0HHK2
6793,A0A0R0HHK4
6794,A0A0R0HHL4
6795,A0A0R0HHP2
6796,A0A0R0HHP3
6797,A0A0R0HHP6
6798,A0A0R0HHQ0
6799,A0A0R0HHQ3
6800,A0A0R0HHS0
6801,A0A0R0HHS2
6802,A0A0R0HHS6
6803,A0A0R0HHS7
6804,A0A0R0HHU1
6805,A0A0R0HHU2
6806,A0A0R0HHV0
6807,A0A0R0HHV1
6808,A0A0R0HHV4
6809,A0A0R0HHV8
6810,A0A0R0HHW1
6811,A0A0R0HHW8
6812,A0A0R0HHX0
6813,A0A0R0HHX3
6814,A0A0R0HHX8
6815,A0A0R0HHY3
6816,A0A0R0HHY6
6817,A0A0R0HHY8
6818,A0A0R0HHZ3
6819,A0A0R0HI00
6820,A0A0R0HI02
6821,A0A0R0HI05
6822,A0A0R0HI07
6823,A0A0R0HI11
6824,A0A0R0HI30
6825,A0A0R0HI39
6826,A0A0R0HI47
6827,A0A0R0HI48
6828,A0A0R0HI50
6829,A0A0R0HI53
6830,A0A0R0HI57
6831,A0A0R0HI62
6832,A0A0R0HI71
6833,A0A0R0HI74
6834,A0A0R0HI75
6835,A0A0R0HI77
6836,A0A0R0HI79
6837,A0A0R0HI81
6838,A0A0R0HI93
6839,A0A0R0HI97
6840,A0A0R0HI98
6841,A0A0R0HIA5
6842,A0A0R0HIA6
6843,A0A0R0HIB0
6844,A0A0R0HIB2
6845,A0A0R0HIB3
6846,A0A0R0HIB9
6847,A0A0R0HIC0
6848,A0A0R0HIC1
6849,A0A0R0HIC4
6850,A0A0R0HIC7
6851,A0A0R0HID0
6852,A0A0R0HID3
6853,A0A0R0HID4
6854,A0A0R0HID7
6855,A0A0R0HID8
6856,A0A0R0HIE5
6857,A0A0R0HIE8
6858,A0A0R0HIF2
6859,A0A0R0HIF5
6860,A0A0R0HIF6
6861,A0A0R0HIG0
6862,A0A0R0HIG3
6863,A0A0R0HIH1
6864,A0A0R0HIH7
6865,A0A0R0HII5
6866,A0A0R0HIK0
6867,A0A0R0HIK5
6868,A0A0R0HIK8
6869,A0A0R0HIL4
6870,A0A0R0HIN0
6871,A0A0R0HIN5
6872,A0A0R0HIN7
6873,A0A0R0HIP6
6874,A0A0R0HIQ3
6875,A0A0R0HIR4
6876,A0A0R0HIR8
6877,A0A0R0HIS1
6878,A0A0R0HIT7
6879,A0A0R0HIV8
6880,A0A0R0HIW7
6881,A0A0R0HIX3
6882,A0A0R0HIX4
6883,A0A0R0HIX7
6884,A0A0R0HIZ9
6885,A0A0R0HJ01
6886,A0A0R0HJ03
6887,A0A0R0HJ12
6888,A0A0R0HJ22
6889,A0A0R0HJ40
6890,A0A0R0HJ53
6891,A0A0R0HJ54
6892,A0A0R0HJ67
6893,A0A0R0HJ80
6894,A0A0R0HJ96
6895,A0A0R0HJ97
6896,A0A0R0HJA9
6897,A0A0R0HJB4
6898,A0A0R0HJB6
6899,A0A0R0HJB7
6900,A0A0R0HJC9
6901,A0A0R0HJE4
6902,A0A0R0HJF1
6903,A0A0R0HJF2
6904,A0A0R0HJF5
6905,A0A0R0HJG5
6906,A0A0R0HJH1
6907,A0A0R0HJH7
6908,A0A0R0HJI2
6909,A0A0R0HJI4
6910,A0A0R0HJJ3
6911,A0A0R0HJJ7
6912,A0A0R0HJK0
6913,A0A0R0HJL5
6914,A0A0R0HJM5
6915,A0A0R0HJP2
6916,A0A0R0HJP9
6917,A0A0R0HJQ2
6918,A0A0R0HJR0
6919,A0A0R0HJR9
6920,A0A0R0HJS1
6921,A0A0R0HJS7
6922,A0A0R0HJU0
6923,A0A0R0HJU2
6924,A0A0R0HJV6
6925,A0A0R0HJW3
6926,A0A0R0HJW4
6927,A0A0R0HJW8
6928,A0A0R0HJZ0
6929,A0A0R0HK14
6930,A0A0R0HK16
6931,A0A0R0HK18
6932,A0A0R0HK22
6933,A0A0R0HK29
6934,A0A0R0HK44
6935,A0A0R0HK51
6936,A0A0R0HK59
6937,A0A0R0HK60
6938,A0A0R0HK67
6939,A0A0R0HK88
6940,A0A0R0HKA7
6941,A0A0R0HKC7
6942,A0A0R0HKE0
6943,A0A0R0HKE1
6944,A0A0R0HKE9
6945,A0A0R0HKF1
6946,A0A0R0HKG8
6947,A0A0R0HKH4
6948,A0A0R0HKI8
6949,A0A0R0HKJ2
6950,A0A0R0HKK7
6951,A0A0R0HKK8
6952,A0A0R0HKL0
6953,A0A0R0HKL1
6954,A0A0R0HKM0
6955,A0A0R0HKM9
6956,A0A0R0HKN9
6957,A0A0R0HKQ1
6958,A0A0R0HKR0
6959,A0A0R0HKR6
6960,A0A0R0HKT1
6961,A0A0R0HKU4
6962,A0A0R0HKU8
6963,A0A0R0HKV1
6964,A0A0R0HKX8
6965,A0A0R0HKX9
6966,A0A0R0HKY4
6967,A0A0R0HKZ4
6968,A0A0R0HKZ6
6969,A0A0R0HL22
6970,A0A0R0HL24
6971,A0A0R0HL30
6972,A0A0R0HL42
6973,A0A0R0HL59
6974,A0A0R0HL61
6975,A0A0R0HL69
6976,A0A0R0HL75
6977,A0A0R0HL87
6978,A0A0R0HL97
6979,A0A0R0HL99
6980,A0A0R0HLA9
6981,A0A0R0HLB0
6982,A0A0R0HLC5
6983,A0A0R0HLC7
6984,A0A0R0HLD8
6985,A0A0R0HLE1
6986,A0A0R0HLE4
6987,A0A0R0HLF2
6988,A0A0R0HLF5
6989,A0A0R0HLG2
6990,A0A0R0HLG7
6991,A0A0R0HLG9
6992,A0A0R0HLH0
6993,A0A0R0HLH9
6994,A0A0R0HLI1
6995,A0A0R0HLJ3
6996,A0A0R0HLJ5
6997,A0A0R0HLL6
6998,A0A0R0HLM2
6999,A0A0R0HLM6
7000,A0A0R0HLN7
7001,A0A0R0HLN9
7002,A0A0R0HLP9
7003,A0A0R0HLQ4
7004,A0A0R0HLQ5
7005,A0A0R0HLR0
7006,A0A0R0HLR7
7007,A0A0R0HLR8
7008,A0A0R0HLS3
7009,A0A0R0HLS4
7010,A0A0R0HLV2
7011,A0A0R0HLV3
7012,A0A0R0HLW9
7013,A0A0R0HLX2
7014,A0A0R0HLX4
7015,A0A0R0HLY8
7016,A0A0R0HLZ4
7017,A0A0R0HLZ6
7018,A0A0R0HLZ8
7019,A0A0R0HM03
7020,A0A0R0HM05
7021,A0A0R0HM17
7022,A0A0R0HM21
7023,A0A0R0HM25
7024,A0A0R0HM32
7025,A0A0R0HM33
7026,A0A0R0HM42
7027,A0A0R0HM56
7028,A0A0R0HM63
7029,A0A0R0HM78
7030,A0A0R0HM85
7031,A0A0R0HM91
7032,A0A0R0HM92
7033,A0A0R0HMB0
7034,A0A0R0HMB1
7035,A0A0R0HMC1
7036,A0A0R0HMC6
7037,A0A0R0HMD3
7038,A0A0R0HMF0
7039,A0A0R0HMF6
7040,A0A0R0HMG0
7041,A0A0R0HMG3
7042,A0A0R0HMH0
7043,A0A0R0HMI8
7044,A0A0R0HMJ0
7045,A0A0R0HMJ3
7046,A0A0R0HMJ8
7047,A0A0R0HMK4
7048,A0A0R0HMK5
7049,A0A0R0HML1
7050,A0A0R0HML5
7051,A0A0R0HML7
7052,A0A0R0HMP6
7053,A0A0R0HMQ9
7054,A0A0R0HMR0
7055,A0A0R0HMR1
7056,A0A0R0HMS1
7057,A0A0R0HMS7
7058,A0A0R0HMS9
7059,A0A0R0HMT6
7060,A0A0R0HMT8
7061,A0A0R0HMX7
7062,A0A0R0HMY4
7063,A0A0R0HMZ4
7064,A0A0R0HMZ5
7065,A0A0R0HMZ8
7066,A0A0R0HN03
7067,A0A0R0HN12
7068,A0A0R0HN21
7069,A0A0R0HN40
7070,A0A0R0HN41
7071,A0A0R0HN43
7072,A0A0R0HN52
7073,A0A0R0HN64
7074,A0A0R0HN71
7075,A0A0R0HN81
7076,A0A0R0HN88
7077,A0A0R0HN93
7078,A0A0R0HNB9
7079,A0A0R0HNC1
7080,A0A0R0HNC8
7081,A0A0R0HND6
7082,A0A0R0HNG2
7083,A0A0R0HNG9
7084,A0A0R0HNH0
7085,A0A0R0HNH3
7086,A0A0R0HNH5
7087,A0A0R0HNI5
7088,A0A0R0HNI6
7089,A0A0R0HNJ0
7090,A0A0R0HNJ6
7091,A0A0R0HNK2
7092,A0A0R0HNK5
7093,A0A0R0HNK6
7094,A0A0R0HNL0
7095,A0A0R0HNL5
7096,A0A0R0HNL7
7097,A0A0R0HNN5
7098,A0A0R0HNN6
7099,A0A0R0HNP3
7100,A0A0R0HNQ2
7101,A0A0R0HNR3
7102,A0A0R0HNR6
7103,A0A0R0HNS2
7104,A0A0R0HNS4
7105,A0A0R0HNT6
7106,A0A0R0HNT8
7107,A0A0R0HNV6
7108,A0A0R0HNV9
7109,A0A0R0HNW9
7110,A0A0R0HNY6
7111,A0A0R0HNZ4
7112,A0A0R0HNZ6
7113,A0A0R0HP07
7114,A0A0R0HP14
7115,A0A0R0HP15
7116,A0A0R0HP23
7117,A0A0R0HP35
7118,A0A0R0HP44
7119,A0A0R0HP60
7120,A0A0R0HP74
7121,A0A0R0HP75
7122,A0A0R0HP82
7123,A0A0R0HP87
7124,A0A0R0HP89
7125,A0A0R0HPA0
7126,A0A0R0HPA4
7127,A0A0R0HPA5
7128,A0A0R0HPB4
7129,A0A0R0HPB8
7130,A0A0R0HPC4
7131,A0A0R0HPC5
7132,A0A0R0HPC7
7133,A0A0R0HPE7
7134,A0A0R0HPG0
7135,A0A0R0HPH3
7136,A0A0R0HPI8
7137,A0A0R0HPJ9
7138,A0A0R0HPN9
7139,A0A0R0HPQ2
7140,A0A0R0HPS3
7141,A0A0R0HPS5
7142,A0A0R0HPS7
7143,A0A0R0HPS8
7144,A0A0R0HPT5
7145,A0A0R0HPT9
7146,A0A0R0HPU1
7147,A0A0R0HPU6
7148,A0A0R0HPU9
7149,A0A0R0HPW4
7150,A0A0R0HPW5
7151,A0A0R0HPX8
7152,A0A0R0HPY0
7153,A0A0R0HPY5
7154,A0A0R0HPZ1
7155,A0A0R0HPZ5
7156,A0A0R0HPZ8
7157,A0A0R0HQ09
7158,A0A0R0HQ15
7159,A0A0R0HQ16
7160,A0A0R0HQ29
7161,A0A0R0HQ31
7162,A0A0R0HQ37
7163,A0A0R0HQ49
7164,A0A0R0HQ50
7165,A0A0R0HQ53
7166,A0A0R0HQ69
7167,A0A0R0HQ85
7168,A0A0R0HQ89
7169,A0A0R0HQ98
7170,A0A0R0HQB4
7171,A0A0R0HQB8
7172,A0A0R0HQB9
7173,A0A0R0HQC5
7174,A0A0R0HQD8
7175,A0A0R0HQE4
7176,A0A0R0HQE5
7177,A0A0R0HQF0
7178,A0A0R0HQG1
7179,A0A0R0HQG4
7180,A0A0R0HQG7
7181,A0A0R0HQH2
7182,A0A0R0HQH6
7183,A0A0R0HQI1
7184,A0A0R0HQJ0
7185,A0A0R0HQJ3
7186,A0A0R0HQJ9
7187,A0A0R0HQK1
7188,A0A0R0HQK2
7189,A0A0R0HQK4
7190,A0A0R0HQK7
7191,A0A0R0HQL6
7192,A0A0R0HQL7
7193,A0A0R0HQL9
7194,A0A0R0HQM0
7195,A0A0R0HQM3
7196,A0A0R0HQM4
7197,A0A0R0HQM5
7198,A0A0R0HQM9
7199,A0A0R0HQN2
7200,A0A0R0HQP4
7201,A0A0R0HQP6
7202,A0A0R0HQP8
7203,A0A0R0HQP9
7204,A0A0R0HQQ1
7205,A0A0R0HQQ2
7206,A0A0R0HQQ6
7207,A0A0R0HQQ7
7208,A0A0R0HQQ9
7209,A0A0R0HQR5
7210,A0A0R0HQT6
7211,A0A0R0HQT8
7212,A0A0R0HQW0
7213,A0A0R0HQW7
7214,A0A0R0HQX4
7215,A0A0R0HQX6
7216,A0A0R0HQY2
7217,A0A0R0HQY3
7218,A0A0R0HQZ0
7219,A0A0R0HQZ9
7220,A0A0R0HR03
7221,A0A0R0HR04
7222,A0A0R0HR10
7223,A0A0R0HR11
7224,A0A0R0HR17
7225,A0A0R0HR23
7226,A0A0R0HR26
7227,A0A0R0HR27
7228,A0A0R0HR30
7229,A0A0R0HR41
7230,A0A0R0HR48
7231,A0A0R0HR50
7232,A0A0R0HR52
7233,A0A0R0HR58
7234,A0A0R0HR59
7235,A0A0R0HR60
7236,A0A0R0HR65
7237,A0A0R0HR66
7238,A0A0R0HR70
7239,A0A0R0HR71
7240,A0A0R0HR74
7241,A0A0R0HR85
7242,A0A0R0HR87
7243,A0A0R0HRA1
7244,A0A0R0HRA5
7245,A0A0R0HRA6
7246,A0A0R0HRA7
7247,A0A0R0HRB1
7248,A0A0R0HRB2
7249,A0A0R0HRB7
7250,A0A0R0HRC1
7251,A0A0R0HRC3
7252,A0A0R0HRC6
7253,A0A0R0HRE0
7254,A0A0R0HRE1
7255,A0A0R0HRE2
7256,A0A0R0HRE5
7257,A0A0R0HRF0
7258,A0A0R0HRF3
7259,A0A0R0HRF9
7260,A0A0R0HRG1
7261,A0A0R0HRG3
7262,A0A0R0HRG5
7263,A0A0R0HRG7
7264,A0A0R0HRH0
7265,A0A0R0HRH4
7266,A0A0R0HRH5
7267,A0A0R0HRH7
7268,A0A0R0HRH9
7269,A0A0R0HRI2
7270,A0A0R0HRJ1
7271,A0A0R0HRK1
7272,A0A0R0HRK3
7273,A0A0R0HRK4
7274,A0A0R0HRL2
7275,A0A0R0HRL5
7276,A0A0R0HRM4
7277,A0A0R0HRM7
7278,A0A0R0HRN5
7279,A0A0R0HRN7
7280,A0A0R0HRP1
7281,A0A0R0HRP2
7282,A0A0R0HRP8
7283,A0A0R0HRQ2
7284,A0A0R0HRR2
7285,A0A0R0HRR4
7286,A0A0R0HRR5
7287,A0A0R0HRS5
7288,A0A0R0HRS8
7289,A0A0R0HRT2
7290,A0A0R0HRT4
7291,A0A0R0HRT6
7292,A0A0R0HRU2
7293,A0A0R0HRU4
7294,A0A0R0HRU5
7295,A0A0R0HRU7
7296,A0A0R0HRU9
7297,A0A0R0HRV0
7298,A0A0R0HRV5
7299,A0A0R0HRV8
7300,A0A0R0HRW0
7301,A0A0R0HRW1
7302,A0A0R0HRW9
7303,A0A0R0HRX3
7304,A0A0R0HRX4
7305,A0A0R0HRX8
7306,A0A0R0HRY3
7307,A0A0R0HRY8
7308,A0A0R0HRY9
7309,A0A0R0HRZ0
7310,A0A0R0HRZ2
7311,A0A0R0HRZ3
7312,A0A0R0HRZ7
7313,A0A0R0HRZ9
7314,A0A0R0HS05
7315,A0A0R0HS10
7316,A0A0R0HS17
7317,A0A0R0HS18
7318,A0A0R0HS21
7319,A0A0R0HS32
7320,A0A0R0HS35
7321,A0A0R0HS50
7322,A0A0R0HS51
7323,A0A0R0HS52
7324,A0A0R0HS56
7325,A0A0R0HS58
7326,A0A0R0HS60
7327,A0A0R0HS71
7328,A0A0R0HS78
7329,A0A0R0HS81
7330,A0A0R0HS82
7331,A0A0R0HS84
7332,A0A0R0HS87
7333,A0A0R0HS91
7334,A0A0R0HS92
7335,A0A0R0HS93
7336,A0A0R0HS94
7337,A0A0R0HS97
7338,A0A0R0HS99
7339,A0A0R0HSA0
7340,A0A0R0HSA4
7341,A0A0R0HSA6
7342,A0A0R0HSA7
7343,A0A0R0HSB0
7344,A0A0R0HSB2
7345,A0A0R0HSC1
7346,A0A0R0HSD0
7347,A0A0R0HSD5
7348,A0A0R0HSE7
7349,A0A0R0HSF4
7350,A0A0R0HSF7
7351,A0A0R0HSF8
7352,A0A0R0HSG0
7353,A0A0R0HSG4
7354,A0A0R0HSG6
7355,A0A0R0HSG8
7356,A0A0R0HSH0
7357,A0A0R0HSH1
7358,A0A0R0HSI6
7359,A0A0R0HSJ1
7360,A0A0R0HSJ5
7361,A0A0R0HSK1
7362,A0A0R0HSK4
7363,A0A0R0HSL5
7364,A0A0R0HSM1
7365,A0A0R0HSN1
7366,A0A0R0HSN2
7367,A0A0R0HSN9
7368,A0A0R0HSP0
7369,A0A0R0HSP1
7370,A0A0R0HSP6
7371,A0A0R0HSP8
7372,A0A0R0HSP9
7373,A0A0R0HSQ5
7374,A0A0R0HSR5
7375,A0A0R0HSR7
7376,A0A0R0HSR8
7377,A0A0R0HSS2
7378,A0A0R0HSS9
7379,A0A0R0HST2
7380,A0A0R0HSU1
7381,A0A0R0HSU7
7382,A0A0R0HSV1
7383,A0A0R0HSV6
7384,A0A0R0HSW1
7385,A0A0R0HSW4
7386,A0A0R0HSW7
7387,A0A0R0HSW8
7388,A0A0R0HSX1
7389,A0A0R0HSX8
7390,A0A0R0HSY1
7391,A0A0R0HSY5
7392,A0A0R0HSY7
7393,A0A0R0HSZ4
7394,A0A0R0HT09
7395,A0A0R0HT11
7396,A0A0R0HT22
7397,A0A0R0HT29
7398,A0A0R0HT34
7399,A0A0R0HT35
7400,A0A0R0HT38
7401,A0A0R0HT51
7402,A0A0R0HT55
7403,A0A0R0HT58
7404,A0A0R0HT68
7405,A0A0R0HT70
7406,A0A0R0HT87
7407,A0A0R0HT91
7408,A0A0R0HT93
7409,A0A0R0HTA4
7410,A0A0R0HTB4
7411,A0A0R0HTC2
7412,A0A0R0HTD1
7413,A0A0R0HTD5
7414,A0A0R0HTD8
7415,A0A0R0HTF2
7416,A0A0R0HTG2
7417,A0A0R0HTG9
7418,A0A0R0HTH9
7419,A0A0R0HTI4
7420,A0A0R0HTI5
7421,A0A0R0HTI7
7422,A0A0R0HTK3
7423,A0A0R0HTL7
7424,A0A0R0HTQ0
7425,A0A0R0HTQ2
7426,A0A0R0HTQ5
7427,A0A0R0HTQ9
7428,A0A0R0HTR5
7429,A0A0R0HTR7
7430,A0A0R0HTS0
7431,A0A0R0HTS2
7432,A0A0R0HTT0
7433,A0A0R0HTT1
7434,A0A0R0HTT4
7435,A0A0R0HTU2
7436,A0A0R0HTU3
7437,A0A0R0HTU9
7438,A0A0R0HTV4
7439,A0A0R0HTV9
7440,A0A0R0HTX2
7441,A0A0R0HTX3
7442,A0A0R0HTY5
7443,A0A0R0HTY7
7444,A0A0R0HU00
7445,A0A0R0HU05
7446,A0A0R0HU15
7447,A0A0R0HU17
7448,A0A0R0HU24
7449,A0A0R0HU31
7450,A0A0R0HU33
7451,A0A0R0HU37
7452,A0A0R0HU75
7453,A0A0R0HU80
7454,A0A0R0HU88
7455,A0A0R0HU90
7456,A0A0R0HU94
7457,A0A0R0HU97
7458,A0A0R0HUA4
7459,A0A0R0HUA7
7460,A0A0R0HUA9
7461,A0A0R0HUB4
7462,A0A0R0HUC4
7463,A0A0R0HUC9
7464,A0A0R0HUD0
7465,A0A0R0HUD2
7466,A0A0R0HUD3
7467,A0A0R0HUE4
7468,A0A0R0HUE5
7469,A0A0R0HUF5
7470,A0A0R0HUG5
7471,A0A0R0HUG9
7472,A0A0R0HUI1
7473,A0A0R0HUI5
7474,A0A0R0HUI7
7475,A0A0R0HUI9
7476,A0A0R0HUJ1
7477,A0A0R0HUJ2
7478,A0A0R0HUJ3
7479,A0A0R0HUK1
7480,A0A0R0HUL4
7481,A0A0R0HUM3
7482,A0A0R0HUM6
7483,A0A0R0HUN7
7484,A0A0R0HUP2
7485,A0A0R0HUP3
7486,A0A0R0HUQ2
7487,A0A0R0HUQ5
7488,A0A0R0HUQ6
7489,A0A0R0HUQ9
7490,A0A0R0HUR0
7491,A0A0R0HUU0
7492,A0A0R0HUU5
7493,A0A0R0HUU8
7494,A0A0R0HUW3
7495,A0A0R0HUW4
7496,A0A0R0HUW5
7497,A0A0R0HUX4
7498,A0A0R0HUX5
7499,A0A0R0HUY3
7500,A0A0R0HUZ3
7501,A0A0R0HUZ4
7502,A0A0R0HUZ9
7503,A0A0R0HV17
7504,A0A0R0HV32
7505,A0A0R0HV35
7506,A0A0R0HV42
7507,A0A0R0HV48
7508,A0A0R0HV49
7509,A0A0R0HV52
7510,A0A0R0HV62
7511,A0A0R0HV63
7512,A0A0R0HV67
7513,A0A0R0HV98
7514,A0A0R0HV99
7515,A0A0R0HVA1
7516,A0A0R0HVA3
7517,A0A0R0HVB6
7518,A0A0R0HVB8
7519,A0A0R0HVD0
7520,A0A0R0HVD2
7521,A0A0R0HVD3
7522,A0A0R0HVD4
7523,A0A0R0HVE9
7524,A0A0R0HVF2
7525,A0A0R0HVG8
7526,A0A0R0HVJ1
7527,A0A0R0HVK1
7528,A0A0R0HVK7
7529,A0A0R0HVN0
7530,A0A0R0HVP0
7531,A0A0R0HVQ1
7532,A0A0R0HVQ2
7533,A0A0R0HVR0
7534,A0A0R0HVR1
7535,A0A0R0HVR4
7536,A0A0R0HVR5
7537,A0A0R0HVR7
7538,A0A0R0HVS2
7539,A0A0R0HVS6
7540,A0A0R0HVT0
7541,A0A0R0HVT6
7542,A0A0R0HVV6
7543,A0A0R0HVV7
7544,A0A0R0HVW3
7545,A0A0R0HVX0
7546,A0A0R0HVX1
7547,A0A0R0HVX2
7548,A0A0R0HVZ1
7549,A0A0R0HVZ4
7550,A0A0R0HW00
7551,A0A0R0HW01
7552,A0A0R0HW04
7553,A0A0R0HW06
7554,A0A0R0HW24
7555,A0A0R0HW29
7556,A0A0R0HW35
7557,A0A0R0HW51
7558,A0A0R0HW54
7559,A0A0R0HW67
7560,A0A0R0HW73
7561,A0A0R0HW79
7562,A0A0R0HW95
7563,A0A0R0HW96
7564,A0A0R0HWA1
7565,A0A0R0HWA3
7566,A0A0R0HWA9
7567,A0A0R0HWB4
7568,A0A0R0HWC9
7569,A0A0R0HWD1
7570,A0A0R0HWD5
7571,A0A0R0HWD6
7572,A0A0R0HWF4
7573,A0A0R0HWF9
7574,A0A0R0HWH1
7575,A0A0R0HWH3
7576,A0A0R0HWH6
7577,A0A0R0HWH9
7578,A0A0R0HWI4
7579,A0A0R0HWI7
7580,A0A0R0HWJ5
7581,A0A0R0HWJ6
7582,A0A0R0HWK0
7583,A0A0R0HWM9
7584,A0A0R0HWN7
7585,A0A0R0HWP0
7586,A0A0R0HWP2
7587,A0A0R0HWP3
7588,A0A0R0HWP4
7589,A0A0R0HWQ8
7590,A0A0R0HWR8
7591,A0A0R0HWS0
7592,A0A0R0HWV6
7593,A0A0R0HWV7
7594,A0A0R0HWW1
7595,A0A0R0HWZ0
7596,A0A0R0HX02
7597,A0A0R0HX06
7598,A0A0R0HX14
7599,A0A0R0HX19
7600,A0A0R0HX26
7601,A0A0R0HX50
7602,A0A0R0HX69
7603,A0A0R0HX77
7604,A0A0R0HXA7
7605,A0A0R0HXA8
7606,A0A0R0HXC9
7607,A0A0R0HXE5
7608,A0A0R0HXE9
7609,A0A0R0HXF9
7610,A0A0R0HXH0
7611,A0A0R0HXH4
7612,A0A0R0HXI1
7613,A0A0R0HXK5
7614,A0A0R0HXL9
7615,A0A0R0HXM0
7616,A0A0R0HXM7
7617,A0A0R0HXM8
7618,A0A0R0HXN1
7619,A0A0R0HXN2
7620,A0A0R0HXP1
7621,A0A0R0HXP2
7622,A0A0R0HXQ4
7623,A0A0R0HXQ6
7624,A0A0R0HXS4
7625,A0A0R0HXT1
7626,A0A0R0HXT4
7627,A0A0R0HXU8
7628,A0A0R0HXW9
7629,A0A0R0HXX1
7630,A0A0R0HXY9
7631,A0A0R0HY07
7632,A0A0R0HY16
7633,A0A0R0HY26
7634,A0A0R0HY29
7635,A0A0R0HY32
7636,A0A0R0HY35
7637,A0A0R0HY44
7638,A0A0R0HY55
7639,A0A0R0HY57
7640,A0A0R0HY59
7641,A0A0R0HY71
7642,A0A0R0HY73
7643,A0A0R0HY75
7644,A0A0R0HY79
7645,A0A0R0HY82
7646,A0A0R0HY97
7647,A0A0R0HYA9
7648,A0A0R0HYB1
7649,A0A0R0HYB2
7650,A0A0R0HYB3
7651,A0A0R0HYD3
7652,A0A0R0HYE6
7653,A0A0R0HYE9
7654,A0A0R0HYG2
7655,A0A0R0HYI0
7656,A0A0R0HYI3
7657,A0A0R0HYJ0
7658,A0A0R0HYJ3
7659,A0A0R0HYK5
7660,A0A0R0HYL3
7661,A0A0R0HYL4
7662,A0A0R0HYM3
7663,A0A0R0HYM5
7664,A0A0R0HYM8
7665,A0A0R0HYN1
7666,A0A0R0HYN9
7667,A0A0R0HYP5
7668,A0A0R0HYP7
7669,A0A0R0HYQ3
7670,A0A0R0HYR9
7671,A0A0R0HYT3
7672,A0A0R0HYT4
7673,A0A0R0HYT5
7674,A0A0R0HYT9
7675,A0A0R0HYU4
7676,A0A0R0HYV7
7677,A0A0R0HYV9
7678,A0A0R0HYY4
7679,A0A0R0HYZ6
7680,A0A0R0HZ02
7681,A0A0R0HZ13
7682,A0A0R0HZ15
7683,A0A0R0HZ25
7684,A0A0R0HZ32
7685,A0A0R0HZ36
7686,A0A0R0HZ39
7687,A0A0R0HZ47
7688,A0A0R0HZ49
7689,A0A0R0HZ66
7690,A0A0R0HZ68
7691,A0A0R0HZ72
7692,A0A0R0HZ75
7693,A0A0R0HZ77
7694,A0A0R0HZ88
7695,A0A0R0HZ90
7696,A0A0R0HZA8
7697,A0A0R0HZB2
7698,A0A0R0HZB4
7699,A0A0R0HZC2
7700,A0A0R0HZD8
7701,A0A0R0HZE1
7702,A0A0R0HZF9
7703,A0A0R0HZI2
7704,A0A0R0HZJ9
7705,A0A0R0HZN2
7706,A0A0R0HZN4
7707,A0A0R0HZN5
7708,A0A0R0HZP3
7709,A0A0R0HZP8
7710,A0A0R0HZQ1
7711,A0A0R0HZQ4
7712,A0A0R0HZQ5
7713,A0A0R0HZR1
7714,A0A0R0HZR5
7715,A0A0R0HZS1
7716,A0A0R0HZS3
7717,A0A0R0HZS7
7718,A0A0R0HZS9
7719,A0A0R0HZT2
7720,A0A0R0HZT4
7721,A0A0R0HZT7
7722,A0A0R0HZU6
7723,A0A0R0HZV3
7724,A0A0R0HZW6
7725,A0A0R0HZY1
7726,A0A0R0HZZ3
7727,A0A0R0HZZ9
7728,A0A0R0I012
7729,A0A0R0I022
7730,A0A0R0I025
7731,A0A0R0I031
7732,A0A0R0I032
7733,A0A0R0I034
7734,A0A0R0I040
7735,A0A0R0I043
7736,A0A0R0I048
7737,A0A0R0I051
7738,A0A0R0I064
7739,A0A0R0I065
7740,A0A0R0I071
7741,A0A0R0I080
7742,A0A0R0I082
7743,A0A0R0I084
7744,A0A0R0I089
7745,A0A0R0I091
7746,A0A0R0I093
7747,A0A0R0I095
7748,A0A0R0I0A2
7749,A0A0R0I0A5
7750,A0A0R0I0A9
7751,A0A0R0I0B6
7752,A0A0R0I0B9
7753,A0A0R0I0C0
7754,A0A0R0I0C2
7755,A0A0R0I0C9
7756,A0A0R0I0D3
7757,A0A0R0I0D7
7758,A0A0R0I0E5
7759,A0A0R0I0E6
7760,A0A0R0I0F0
7761,A0A0R0I0F2
7762,A0A0R0I0F5
7763,A0A0R0I0G2
7764,A0A0R0I0G7
7765,A0A0R0I0G8
7766,A0A0R0I0H3
7767,A0A0R0I0H4
7768,A0A0R0I0I0
7769,A0A0R0I0I1
7770,A0A0R0I0I2
7771,A0A0R0I0I7
7772,A0A0R0I0I8
7773,A0A0R0I0J6
7774,A0A0R0I0K6
7775,A0A0R0I0L0
7776,A0A0R0I0M3
7777,A0A0R0I0M4
7778,A0A0R0I0M7
7779,A0A0R0I0M9
7780,A0A0R0I0N1
7781,A0A0R0I0N7
7782,A0A0R0I0P9
7783,A0A0R0I0R0
7784,A0A0R0I0R7
7785,A0A0R0I0S6
7786,A0A0R0I0T1
7787,A0A0R0I0T2
7788,A0A0R0I0U2
7789,A0A0R0I0U7
7790,A0A0R0I0V2
7791,A0A0R0I0V7
7792,A0A0R0I0W2
7793,A0A0R0I0W7
7794,A0A0R0I0X6
7795,A0A0R0I0X9
7796,A0A0R0I0Y3
7797,A0A0R0I0Y8
7798,A0A0R0I109
7799,A0A0R0I111
7800,A0A0R0I128
7801,A0A0R0I131
7802,A0A0R0I148
7803,A0A0R0I151
7804,A0A0R0I156
7805,A0A0R0I163
7806,A0A0R0I166
7807,A0A0R0I177
7808,A0A0R0I181
7809,A0A0R0I183
7810,A0A0R0I187
7811,A0A0R0I1A5
7812,A0A0R0I1A9
7813,A0A0R0I1B5
7814,A0A0R0I1C0
7815,A0A0R0I1C5
7816,A0A0R0I1D6
7817,A0A0R0I1D7
7818,A0A0R0I1E0
7819,A0A0R0I1E4
7820,A0A0R0I1F7
7821,A0A0R0I1F9
7822,A0A0R0I1G2
7823,A0A0R0I1H2
7824,A0A0R0I1H8
7825,A0A0R0I1I4
7826,A0A0R0I1I9
7827,A0A0R0I1J0
7828,A0A0R0I1K2
7829,A0A0R0I1L4
7830,A0A0R0I1M2
7831,A0A0R0I1N1
7832,A0A0R0I1N2
7833,A0A0R0I1P0
7834,A0A0R0I1P5
7835,A0A0R0I1P6
7836,A0A0R0I1P8
7837,A0A0R0I1Q1
7838,A0A0R0I1Q4
7839,A0A0R0I1S1
7840,A0A0R0I1T3
7841,A0A0R0I1T7
7842,A0A0R0I1W0
7843,A0A0R0I1W1
7844,A0A0R0I1Y1
7845,A0A0R0I1Y2
7846,A0A0R0I1Y3
7847,A0A0R0I1Y5
7848,A0A0R0I1Y7
7849,A0A0R0I1Z7
7850,A0A0R0I1Z8
7851,A0A0R0I206
7852,A0A0R0I209
7853,A0A0R0I232
7854,A0A0R0I246
7855,A0A0R0I249
7856,A0A0R0I259
7857,A0A0R0I282
7858,A0A0R0I286
7859,A0A0R0I298
7860,A0A0R0I2A0
7861,A0A0R0I2A1
7862,A0A0R0I2A8
7863,A0A0R0I2C1
7864,A0A0R0I2C8
7865,A0A0R0I2C9
7866,A0A0R0I2D0
7867,A0A0R0I2D9
7868,A0A0R0I2E7
7869,A0A0R0I2F4
7870,A0A0R0I2G1
7871,A0A0R0I2I0
7872,A0A0R0I2I3
7873,A0A0R0I2I4
7874,A0A0R0I2I5
7875,A0A0R0I2I8
7876,A0A0R0I2I9
7877,A0A0R0I2J7
7878,A0A0R0I2K0
7879,A0A0R0I2K2
7880,A0A0R0I2K4
7881,A0A0R0I2K8
7882,A0A0R0I2M2
7883,A0A0R0I2M6
7884,A0A0R0I2M9
7885,A0A0R0I2N7
7886,A0A0R0I2P6
7887,A0A0R0I2Q6
7888,A0A0R0I2Q8
7889,A0A0R0I2R8
7890,A0A0R0I2U0
7891,A0A0R0I2U9
7892,A0A0R0I2V0
7893,A0A0R0I2V4
7894,A0A0R0I2V8
7895,A0A0R0I2W2
7896,A0A0R0I2W6
7897,A0A0R0I2W8
7898,A0A0R0I2W9
7899,A0A0R0I2X1
7900,A0A0R0I2X7
7901,A0A0R0I2Y2
7902,A0A0R0I2Y3
7903,A0A0R0I2Z9
7904,A0A0R0I302
7905,A0A0R0I303
7906,A0A0R0I304
7907,A0A0R0I309
7908,A0A0R0I316
7909,A0A0R0I318
7910,A0A0R0I342
7911,A0A0R0I344
7912,A0A0R0I361
7913,A0A0R0I373
7914,A0A0R0I374
7915,A0A0R0I378
7916,A0A0R0I387
7917,A0A0R0I393
7918,A0A0R0I397
7919,A0A0R0I3A4
7920,A0A0R0I3A5
7921,A0A0R0I3A9
7922,A0A0R0I3B0
7923,A0A0R0I3B3
7924,A0A0R0I3E2
7925,A0A0R0I3F1
7926,A0A0R0I3F3
7927,A0A0R0I3G3
7928,A0A0R0I3G8
7929,A0A0R0I3H3
7930,A0A0R0I3J8
7931,A0A0R0I3K3
7932,A0A0R0I3K9
7933,A0A0R0I3L0
7934,A0A0R0I3L5
7935,A0A0R0I3L8
7936,A0A0R0I3M2
7937,A0A0R0I3M5
7938,A0A0R0I3N7
7939,A0A0R0I3P4
7940,A0A0R0I3P8
7941,A0A0R0I3Q8
7942,A0A0R0I3R7
7943,A0A0R0I3S1
7944,A0A0R0I3S4
7945,A0A0R0I3S5
7946,A0A0R0I3T8
7947,A0A0R0I3U9
7948,A0A0R0I3V1
7949,A0A0R0I3X4
7950,A0A0R0I3Y4
7951,A0A0R0I3Y6
7952,A0A0R0I3Y8
7953,A0A0R0I407
7954,A0A0R0I411
7955,A0A0R0I417
7956,A0A0R0I422
7957,A0A0R0I433
7958,A0A0R0I442
7959,A0A0R0I444
7960,A0A0R0I449
7961,A0A0R0I460
7962,A0A0R0I480
7963,A0A0R0I492
7964,A0A0R0I498
7965,A0A0R0I4C0
7966,A0A0R0I4C3
7967,A0A0R0I4D1
7968,A0A0R0I4F3
7969,A0A0R0I4F6
7970,A0A0R0I4G0
7971,A0A0R0I4G1
7972,A0A0R0I4H3
7973,A0A0R0I4H6
7974,A0A0R0I4I0
7975,A0A0R0I4J2
7976,A0A0R0I4J8
7977,A0A0R0I4K7
7978,A0A0R0I4M8
7979,A0A0R0I4P9
7980,A0A0R0I4Q2
7981,A0A0R0I4R5
7982,A0A0R0I4T4
7983,A0A0R0I4T6
7984,A0A0R0I4V3
7985,A0A0R0I4V9
7986,A0A0R0I4W0
7987,A0A0R0I4W8
7988,A0A0R0I4X1
7989,A0A0R0I4X8
7990,A0A0R0I4X9
7991,A0A0R0I4Y1
7992,A0A0R0I4Y2
7993,A0A0R0I509
7994,A0A0R0I510
7995,A0A0R0I522
7996,A0A0R0I528
7997,A0A0R0I535
7998,A0A0R0I541
7999,A0A0R0I547
8000,A0A0R0I550
8001,A0A0R0I554
8002,A0A0R0I559
8003,A0A0R0I563
8004,A0A0R0I565
8005,A0A0R0I571
8006,A0A0R0I572
8007,A0A0R0I579
8008,A0A0R0I587
8009,A0A0R0I593
8010,A0A0R0I594
8011,A0A0R0I596
8012,A0A0R0I598
8013,A0A0R0I5A0
8014,A0A0R0I5B0
8015,A0A0R0I5B8
8016,A0A0R0I5C6
8017,A0A0R0I5D2
8018,A0A0R0I5D3
8019,A0A0R0I5D9
8020,A0A0R0I5E7
8021,A0A0R0I5E9
8022,A0A0R0I5F8
8023,A0A0R0I5G0
8024,A0A0R0I5G1
8025,A0A0R0I5G3
8026,A0A0R0I5G9
8027,A0A0R0I5I2
8028,A0A0R0I5J1
8029,A0A0R0I5L0
8030,A0A0R0I5L4
8031,A0A0R0I5L8
8032,A0A0R0I5M1
8033,A0A0R0I5M5
8034,A0A0R0I5M7
8035,A0A0R0I5N0
8036,A0A0R0I5N9
8037,A0A0R0I5P4
8038,A0A0R0I5R7
8039,A0A0R0I5R9
8040,A0A0R0I5S7
8041,A0A0R0I5T2
8042,A0A0R0I5T3
8043,A0A0R0I5T6
8044,A0A0R0I5T8
8045,A0A0R0I5U8
8046,A0A0R0I5V1
8047,A0A0R0I5V7
8048,A0A0R0I5V8
8049,A0A0R0I5X0
8050,A0A0R0I5X2
8051,A0A0R0I5X3
8052,A0A0R0I5X4
8053,A0A0R0I5Y6
8054,A0A0R0I5Y9
8055,A0A0R0I5Z7
8056,A0A0R0I5Z8
8057,A0A0R0I605
8058,A0A0R0I615
8059,A0A0R0I620
8060,A0A0R0I621
8061,A0A0R0I623
8062,A0A0R0I624
8063,A0A0R0I626
8064,A0A0R0I635
8065,A0A0R0I637
8066,A0A0R0I638
8067,A0A0R0I641
8068,A0A0R0I652
8069,A0A0R0I657
8070,A0A0R0I658
8071,A0A0R0I661
8072,A0A0R0I669
8073,A0A0R0I675
8074,A0A0R0I683
8075,A0A0R0I686
8076,A0A0R0I689
8077,A0A0R0I695
8078,A0A0R0I6A5
8079,A0A0R0I6C5
8080,A0A0R0I6D2
8081,A0A0R0I6D6
8082,A0A0R0I6D9
8083,A0A0R0I6E1
8084,A0A0R0I6E7
8085,A0A0R0I6E8
8086,A0A0R0I6F1
8087,A0A0R0I6F2
8088,A0A0R0I6F3
8089,A0A0R0I6F5
8090,A0A0R0I6G3
8091,A0A0R0I6H0
8092,A0A0R0I6H7
8093,A0A0R0I6H9
8094,A0A0R0I6I1
8095,A0A0R0I6I2
8096,A0A0R0I6I7
8097,A0A0R0I6J5
8098,A0A0R0I6K5
8099,A0A0R0I6L2
8100,A0A0R0I6L3
8101,A0A0R0I6L4
8102,A0A0R0I6N0
8103,A0A0R0I6N1
8104,A0A0R0I6N9
8105,A0A0R0I6P2
8106,A0A0R0I6P3
8107,A0A0R0I6P4
8108,A0A0R0I6P9
8109,A0A0R0I6Q0
8110,A0A0R0I6Q1
8111,A0A0R0I6Q5
8112,A0A0R0I6R9
8113,A0A0R0I6S1
8114,A0A0R0I6S6
8115,A0A0R0I6S7
8116,A0A0R0I6S8
8117,A0A0R0I6T0
8118,A0A0R0I6T8
8119,A0A0R0I6T9
8120,A0A0R0I6U7
8121,A0A0R0I6U8
8122,A0A0R0I6U9
8123,A0A0R0I6V2
8124,A0A0R0I6V4
8125,A0A0R0I6W2
8126,A0A0R0I6W3
8127,A0A0R0I6W5
8128,A0A0R0I6Y6
8129,A0A0R0I6Y9
8130,A0A0R0I6Z3
8131,A0A0R0I704
8132,A0A0R0I715
8133,A0A0R0I734
8134,A0A0R0I764
8135,A0A0R0I767
8136,A0A0R0I773
8137,A0A0R0I776
8138,A0A0R0I779
8139,A0A0R0I782
8140,A0A0R0I785
8141,A0A0R0I796
8142,A0A0R0I797
8143,A0A0R0I7A3
8144,A0A0R0I7B0
8145,A0A0R0I7C5
8146,A0A0R0I7D1
8147,A0A0R0I7D4
8148,A0A0R0I7D7
8149,A0A0R0I7D8
8150,A0A0R0I7E3
8151,A0A0R0I7F3
8152,A0A0R0I7F6
8153,A0A0R0I7F8
8154,A0A0R0I7G1
8155,A0A0R0I7G4
8156,A0A0R0I7G9
8157,A0A0R0I7H8
8158,A0A0R0I7I8
8159,A0A0R0I7I9
8160,A0A0R0I7J6
8161,A0A0R0I7K0
8162,A0A0R0I7K2
8163,A0A0R0I7K3
8164,A0A0R0I7K8
8165,A0A0R0I7K9
8166,A0A0R0I7L0
8167,A0A0R0I7L2
8168,A0A0R0I7L5
8169,A0A0R0I7M2
8170,A0A0R0I7M5
8171,A0A0R0I7N2
8172,A0A0R0I7N3
8173,A0A0R0I7N5
8174,A0A0R0I7P6
8175,A0A0R0I7Q2
8176,A0A0R0I7R1
8177,A0A0R0I7S2
8178,A0A0R0I7T2
8179,A0A0R0I7U2
8180,A0A0R0I7U7
8181,A0A0R0I7U9
8182,A0A0R0I7V1
8183,A0A0R0I7V5
8184,A0A0R0I7X0
8185,A0A0R0I7X7
8186,A0A0R0I7Y0
8187,A0A0R0I7Y1
8188,A0A0R0I7Y2
8189,A0A0R0I7Y3
8190,A0A0R0I7Y8
8191,A0A0R0I7Y9
8192,A0A0R0I811
8193,A0A0R0I819
8194,A0A0R0I820
8195,A0A0R0I835
8196,A0A0R0I846
8197,A0A0R0I854
8198,A0A0R0I859
8199,A0A0R0I860
8200,A0A0R0I861
8201,A0A0R0I872
8202,A0A0R0I879
8203,A0A0R0I883
8204,A0A0R0I887
8205,A0A0R0I896
8206,A0A0R0I897
8207,A0A0R0I899
8208,A0A0R0I8A1
8209,A0A0R0I8A5
8210,A0A0R0I8B1
8211,A0A0R0I8B2
8212,A0A0R0I8C0
8213,A0A0R0I8D6
8214,A0A0R0I8E4
8215,A0A0R0I8E9
8216,A0A0R0I8F3
8217,A0A0R0I8F6
8218,A0A0R0I8H8
8219,A0A0R0I8I3
8220,A0A0R0I8J3
8221,A0A0R0I8J6
8222,A0A0R0I8J7
8223,A0A0R0I8J8
8224,A0A0R0I8J9
8225,A0A0R0I8K9
8226,A0A0R0I8L2
8227,A0A0R0I8L4
8228,A0A0R0I8L9
8229,A0A0R0I8M7
8230,A0A0R0I8N3
8231,A0A0R0I8N6
8232,A0A0R0I8P2
8233,A0A0R0I8P4
8234,A0A0R0I8Q2
8235,A0A0R0I8Q4
8236,A0A0R0I8R4
8237,A0A0R0I8R9
8238,A0A0R0I8S4
8239,A0A0R0I8S8
8240,A0A0R0I8T2
8241,A0A0R0I8V1
8242,A0A0R0I8W7
8243,A0A0R0I8W9
8244,A0A0R0I8X1
8245,A0A0R0I8X6
8246,A0A0R0I8Z3
8247,A0A0R0I8Z4
8248,A0A0R0I8Z5
8249,A0A0R0I909
8250,A0A0R0I920
8251,A0A0R0I927
8252,A0A0R0I941
8253,A0A0R0I948
8254,A0A0R0I957
8255,A0A0R0I959
8256,A0A0R0I960
8257,A0A0R0I963
8258,A0A0R0I967
8259,A0A0R0I980
8260,A0A0R0I981
8261,A0A0R0I983
8262,A0A0R0I989
8263,A0A0R0I995
8264,A0A0R0I998
8265,A0A0R0I9A1
8266,A0A0R0I9A2
8267,A0A0R0I9A7
8268,A0A0R0I9C4
8269,A0A0R0I9D1
8270,A0A0R0I9F4
8271,A0A0R0I9G1
8272,A0A0R0I9G3
8273,A0A0R0I9G5
8274,A0A0R0I9G9
8275,A0A0R0I9H0
8276,A0A0R0I9H6
8277,A0A0R0I9J5
8278,A0A0R0I9K3
8279,A0A0R0I9K6
8280,A0A0R0I9L0
8281,A0A0R0I9L1
8282,A0A0R0I9L5
8283,A0A0R0I9L8
8284,A0A0R0I9M4
8285,A0A0R0I9M6
8286,A0A0R0I9N6
8287,A0A0R0I9P1
8288,A0A0R0I9P6
8289,A0A0R0I9P7
8290,A0A0R0I9Q2
8291,A0A0R0I9Q5
8292,A0A0R0I9Q8
8293,A0A0R0I9Q9
8294,A0A0R0I9R0
8295,A0A0R0I9R8
8296,A0A0R0I9R9
8297,A0A0R0I9S0
8298,A0A0R0I9S5
8299,A0A0R0I9S8
8300,A0A0R0I9V2
8301,A0A0R0I9W2
8302,A0A0R0I9W5
8303,A0A0R0I9X1
8304,A0A0R0I9X5
8305,A0A0R0I9Y7
8306,A0A0R0I9Y9
8307,A0A0R0I9Z0
8308,A0A0R0I9Z1
8309,A0A0R0I9Z8
8310,A0A0R0IA10
8311,A0A0R0IA32
8312,A0A0R0IA42
8313,A0A0R0IA54
8314,A0A0R0IA63
8315,A0A0R0IA67
8316,A0A0R0IA73
8317,A0A0R0IA76
8318,A0A0R0IA77
8319,A0A0R0IA80
8320,A0A0R0IA82
8321,A0A0R0IAC5
8322,A0A0R0IAD0
8323,A0A0R0IAD8
8324,A0A0R0IAE0
8325,A0A0R0IAE9
8326,A0A0R0IAF2
8327,A0A0R0IAF5
8328,A0A0R0IAH0
8329,A0A0R0IAH2
8330,A0A0R0IAH3
8331,A0A0R0IAH6
8332,A0A0R0IAI1
8333,A0A0R0IAI6
8334,A0A0R0IAI7
8335,A0A0R0IAK0
8336,A0A0R0IAL4
8337,A0A0R0IAM2
8338,A0A0R0IAM5
8339,A0A0R0IAN5
8340,A0A0R0IAN9
8341,A0A0R0IAP1
8342,A0A0R0IAP4
8343,A0A0R0IAP7
8344,A0A0R0IAR9
8345,A0A0R0IAS3
8346,A0A0R0IAS6
8347,A0A0R0IAS9
8348,A0A0R0IAT7
8349,A0A0R0IAT9
8350,A0A0R0IAU0
8351,A0A0R0IAU8
8352,A0A0R0IAV0
8353,A0A0R0IAV3
8354,A0A0R0IAV4
8355,A0A0R0IAV8
8356,A0A0R0IAW3
8357,A0A0R0IAX1
8358,A0A0R0IAX6
8359,A0A0R0IAY8
8360,A0A0R0IB01
8361,A0A0R0IB03
8362,A0A0R0IB04
8363,A0A0R0IB07
8364,A0A0R0IB14
8365,A0A0R0IB21
8366,A0A0R0IB23
8367,A0A0R0IB24
8368,A0A0R0IB32
8369,A0A0R0IB33
8370,A0A0R0IB34
8371,A0A0R0IB36
8372,A0A0R0IB42
8373,A0A0R0IB46
8374,A0A0R0IB48
8375,A0A0R0IB61
8376,A0A0R0IB70
8377,A0A0R0IB72
8378,A0A0R0IB75
8379,A0A0R0IB80
8380,A0A0R0IB84
8381,A0A0R0IB88
8382,A0A0R0IB98
8383,A0A0R0IBA3
8384,A0A0R0IBB3
8385,A0A0R0IBB5
8386,A0A0R0IBC2
8387,A0A0R0IBC5
8388,A0A0R0IBD0
8389,A0A0R0IBD2
8390,A0A0R0IBD8
8391,A0A0R0IBE3
8392,A0A0R0IBE8
8393,A0A0R0IBF5
8394,A0A0R0IBH3
8395,A0A0R0IBH8
8396,A0A0R0IBI2
8397,A0A0R0IBI3
8398,A0A0R0IBL9
8399,A0A0R0IBM0
8400,A0A0R0IBM5
8401,A0A0R0IBM9
8402,A0A0R0IBN5
8403,A0A0R0IBN9
8404,A0A0R0IBP3
8405,A0A0R0IBP5
8406,A0A0R0IBP7
8407,A0A0R0IBR9
8408,A0A0R0IBS0
8409,A0A0R0IBT3
8410,A0A0R0IBT4
8411,A0A0R0IBU1
8412,A0A0R0IBU2
8413,A0A0R0IBV2
8414,A0A0R0IBV5
8415,A0A0R0IBW7
8416,A0A0R0IBX6
8417,A0A0R0IBY5
8418,A0A0R0IBY6
8419,A0A0R0IC03
8420,A0A0R0IC18
8421,A0A0R0IC36
8422,A0A0R0IC44
8423,A0A0R0IC49
8424,A0A0R0IC51
8425,A0A0R0IC52
8426,A0A0R0IC60
8427,A0A0R0IC69
8428,A0A0R0IC73
8429,A0A0R0IC75
8430,A0A0R0IC90
8431,A0A0R0IC97
8432,A0A0R0ICB3
8433,A0A0R0ICB9
8434,A0A0R0ICC1
8435,A0A0R0ICC2
8436,A0A0R0ICE4
8437,A0A0R0ICF9
8438,A0A0R0ICG1
8439,A0A0R0ICH3
8440,A0A0R0ICJ5
8441,A0A0R0ICK4
8442,A0A0R0ICK5
8443,A0A0R0ICL6
8444,A0A0R0ICM5
8445,A0A0R0ICM7
8446,A0A0R0ICN1
8447,A0A0R0ICN4
8448,A0A0R0ICN6
8449,A0A0R0ICN9
8450,A0A0R0ICP6
8451,A0A0R0ICQ8
8452,A0A0R0ICR4
8453,A0A0R0ICS0
8454,A0A0R0ICS4
8455,A0A0R0ICT2
8456,A0A0R0ICU0
8457,A0A0R0ICV3
8458,A0A0R0ICV4
8459,A0A0R0ICW9
8460,A0A0R0ICX9
8461,A0A0R0ICZ2
8462,A0A0R0ICZ3
8463,A0A0R0ICZ4
8464,A0A0R0ID02
8465,A0A0R0ID04
8466,A0A0R0ID14
8467,A0A0R0ID18
8468,A0A0R0ID32
8469,A0A0R0ID33
8470,A0A0R0ID39
8471,A0A0R0ID46
8472,A0A0R0ID48
8473,A0A0R0ID53
8474,A0A0R0ID55
8475,A0A0R0ID57
8476,A0A0R0ID66
8477,A0A0R0ID77
8478,A0A0R0ID86
8479,A0A0R0ID91
8480,A0A0R0ID92
8481,A0A0R0ID93
8482,A0A0R0ID94
8483,A0A0R0ID96
8484,A0A0R0ID98
8485,A0A0R0IDA2
8486,A0A0R0IDA3
8487,A0A0R0IDA9
8488,A0A0R0IDB6
8489,A0A0R0IDC3
8490,A0A0R0IDC4
8491,A0A0R0IDC9
8492,A0A0R0IDD3
8493,A0A0R0IDE1
8494,A0A0R0IDE2
8495,A0A0R0IDE8
8496,A0A0R0IDE9
8497,A0A0R0IDF0
8498,A0A0R0IDF5
8499,A0A0R0IDG5
8500,A0A0R0IDG6
8501,A0A0R0IDG7
8502,A0A0R0IDH7
8503,A0A0R0IDI2
8504,A0A0R0IDI3
8505,A0A0R0IDJ1
8506,A0A0R0IDJ7
8507,A0A0R0IDJ9
8508,A0A0R0IDK3
8509,A0A0R0IDL0
8510,A0A0R0IDL1
8511,A0A0R0IDL5
8512,A0A0R0IDM7
8513,A0A0R0IDN1
8514,A0A0R0IDN2
8515,A0A0R0IDN7
8516,A0A0R0IDN8
8517,A0A0R0IDQ1
8518,A0A0R0IDQ2
8519,A0A0R0IDQ5
8520,A0A0R0IDQ9
8521,A0A0R0IDR8
8522,A0A0R0IDS4
8523,A0A0R0IDS7
8524,A0A0R0IDT0
8525,A0A0R0IDU6
8526,A0A0R0IDU8
8527,A0A0R0IDV1
8528,A0A0R0IDV4
8529,A0A0R0IDV9
8530,A0A0R0IDX3
8531,A0A0R0IDY3
8532,A0A0R0IDZ4
8533,A0A0R0IE06
8534,A0A0R0IE10
8535,A0A0R0IE26
8536,A0A0R0IE29
8537,A0A0R0IE36
8538,A0A0R0IE43
8539,A0A0R0IE49
8540,A0A0R0IE55
8541,A0A0R0IE57
8542,A0A0R0IE73
8543,A0A0R0IE89
8544,A0A0R0IE90
8545,A0A0R0IE93
8546,A0A0R0IE96
8547,A0A0R0IE99
8548,A0A0R0IEA5
8549,A0A0R0IEC2
8550,A0A0R0IEC7
8551,A0A0R0IEC9
8552,A0A0R0IED1
8553,A0A0R0IEF7
8554,A0A0R0IEG5
8555,A0A0R0IEH2
8556,A0A0R0IEH9
8557,A0A0R0IEI0
8558,A0A0R0IEI2
8559,A0A0R0IEI3
8560,A0A0R0IEI4
8561,A0A0R0IEJ6
8562,A0A0R0IEJ8
8563,A0A0R0IEK0
8564,A0A0R0IEL2
8565,A0A0R0IEN6
8566,A0A0R0IEN8
8567,A0A0R0IEP0
8568,A0A0R0IEP6
8569,A0A0R0IEQ5
8570,A0A0R0IEQ8
8571,A0A0R0IEQ9
8572,A0A0R0IER2
8573,A0A0R0IES1
8574,A0A0R0IES3
8575,A0A0R0IEU9
8576,A0A0R0IEV2
8577,A0A0R0IEV7
8578,A0A0R0IEW4
8579,A0A0R0IEX8
8580,A0A0R0IEX9
8581,A0A0R0IEY1
8582,A0A0R0IEY3
8583,A0A0R0IEY4
8584,A0A0R0IEZ9
8585,A0A0R0IF00
8586,A0A0R0IF05
8587,A0A0R0IF12
8588,A0A0R0IF15
8589,A0A0R0IF17
8590,A0A0R0IF18
8591,A0A0R0IF20
8592,A0A0R0IF22
8593,A0A0R0IF24
8594,A0A0R0IF33
8595,A0A0R0IF35
8596,A0A0R0IF42
8597,A0A0R0IF48
8598,A0A0R0IF54
8599,A0A0R0IF55
8600,A0A0R0IF61
8601,A0A0R0IF70
8602,A0A0R0IF73
8603,A0A0R0IF74
8604,A0A0R0IF82
8605,A0A0R0IF88
8606,A0A0R0IF93
8607,A0A0R0IFA7
8608,A0A0R0IFA9
8609,A0A0R0IFB1
8610,A0A0R0IFD0
8611,A0A0R0IFD7
8612,A0A0R0IFD9
8613,A0A0R0IFE0
8614,A0A0R0IFE9
8615,A0A0R0IFF4
8616,A0A0R0IFH2
8617,A0A0R0IFI5
8618,A0A0R0IFK2
8619,A0A0R0IFL4
8620,A0A0R0IFL7
8621,A0A0R0IFL8
8622,A0A0R0IFM2
8623,A0A0R0IFN4
8624,A0A0R0IFN5
8625,A0A0R0IFP2
8626,A0A0R0IFP8
8627,A0A0R0IFQ4
8628,A0A0R0IFR2
8629,A0A0R0IFR9
8630,A0A0R0IFS4
8631,A0A0R0IFS8
8632,A0A0R0IFT0
8633,A0A0R0IFT5
8634,A0A0R0IFU2
8635,A0A0R0IFU3
8636,A0A0R0IFV2
8637,A0A0R0IFV4
8638,A0A0R0IFV5
8639,A0A0R0IFW0
8640,A0A0R0IFX4
8641,A0A0R0IFY8
8642,A0A0R0IFZ0
8643,A0A0R0IG01
8644,A0A0R0IG03
8645,A0A0R0IG05
8646,A0A0R0IG23
8647,A0A0R0IG25
8648,A0A0R0IG26
8649,A0A0R0IG29
8650,A0A0R0IG33
8651,A0A0R0IG49
8652,A0A0R0IG56
8653,A0A0R0IG67
8654,A0A0R0IG74
8655,A0A0R0IG75
8656,A0A0R0IG80
8657,A0A0R0IG82
8658,A0A0R0IG87
8659,A0A0R0IG95
8660,A0A0R0IGA2
8661,A0A0R0IGA7
8662,A0A0R0IGA9
8663,A0A0R0IGB1
8664,A0A0R0IGB6
8665,A0A0R0IGG0
8666,A0A0R0IGH8
8667,A0A0R0IGI9
8668,A0A0R0IGJ1
8669,A0A0R0IGJ2
8670,A0A0R0IGK1
8671,A0A0R0IGK9
8672,A0A0R0IGL3
8673,A0A0R0IGM6
8674,A0A0R0IGP2
8675,A0A0R0IGP3
8676,A0A0R0IGR1
8677,A0A0R0IGR6
8678,A0A0R0IGS6
8679,A0A0R0IGS9
8680,A0A0R0IGT7
8681,A0A0R0IGV7
8682,A0A0R0IGY4
8683,A0A0R0IGY6
8684,A0A0R0IGZ2
8685,A0A0R0IH06
8686,A0A0R0IH12
8687,A0A0R0IH13
8688,A0A0R0IH18
8689,A0A0R0IH39
8690,A0A0R0IH43
8691,A0A0R0IH50
8692,A0A0R0IH51
8693,A0A0R0IH52
8694,A0A0R0IH57
8695,A0A0R0IH78
8696,A0A0R0IH79
8697,A0A0R0IH80
8698,A0A0R0IH83
8699,A0A0R0IH89
8700,A0A0R0IH90
8701,A0A0R0IH91
8702,A0A0R0IHB1
8703,A0A0R0IHB2
8704,A0A0R0IHC4
8705,A0A0R0IHC8
8706,A0A0R0IHD5
8707,A0A0R0IHE9
8708,A0A0R0IHF5
8709,A0A0R0IHF9
8710,A0A0R0IHH6
8711,A0A0R0IHH9
8712,A0A0R0IHJ8
8713,A0A0R0IHK4
8714,A0A0R0IHL2
8715,A0A0R0IHL3
8716,A0A0R0IHL4
8717,A0A0R0IHL5
8718,A0A0R0IHL6
8719,A0A0R0IHL7
8720,A0A0R0IHM9
8721,A0A0R0IHN2
8722,A0A0R0IHP2
8723,A0A0R0IHP4
8724,A0A0R0IHP8
8725,A0A0R0IHQ5
8726,A0A0R0IHR9
8727,A0A0R0IHS3
8728,A0A0R0IHU3
8729,A0A0R0IHU4
8730,A0A0R0IHU5
8731,A0A0R0IHV0
8732,A0A0R0IHW4
8733,A0A0R0IHX0
8734,A0A0R0IHY1
8735,A0A0R0IHZ4
8736,A0A0R0IHZ8
8737,A0A0R0IHZ9
8738,A0A0R0II00
8739,A0A0R0II11
8740,A0A0R0II22
8741,A0A0R0II28
8742,A0A0R0II46
8743,A0A0R0II64
8744,A0A0R0II65
8745,A0A0R0II66
8746,A0A0R0II70
8747,A0A0R0II74
8748,A0A0R0II79
8749,A0A0R0II89
8750,A0A0R0II92
8751,A0A0R0II97
8752,A0A0R0IIA3
8753,A0A0R0IIB0
8754,A0A0R0IID0
8755,A0A0R0IIE2
8756,A0A0R0IIF1
8757,A0A0R0IIF7
8758,A0A0R0IIG6
8759,A0A0R0III5
8760,A0A0R0III7
8761,A0A0R0IIJ0
8762,A0A0R0IIJ6
8763,A0A0R0IIL4
8764,A0A0R0IIL5
8765,A0A0R0IIL9
8766,A0A0R0IIM4
8767,A0A0R0IIM8
8768,A0A0R0IIN9
8769,A0A0R0IIQ0
8770,A0A0R0IIQ5
8771,A0A0R0IIR5
8772,A0A0R0IIS3
8773,A0A0R0IIS7
8774,A0A0R0IIU8
8775,A0A0R0IIV6
8776,A0A0R0IIX2
8777,A0A0R0IIX5
8778,A0A0R0IIX9
8779,A0A0R0IIY7
8780,A0A0R0IIZ3
8781,A0A0R0IIZ5
8782,A0A0R0IJ06
8783,A0A0R0IJ21
8784,A0A0R0IJ30
8785,A0A0R0IJ31
8786,A0A0R0IJ54
8787,A0A0R0IJ57
8788,A0A0R0IJ60
8789,A0A0R0IJ61
8790,A0A0R0IJ64
8791,A0A0R0IJ81
8792,A0A0R0IJ83
8793,A0A0R0IJ84
8794,A0A0R0IJ93
8795,A0A0R0IJ97
8796,A0A0R0IJ99
8797,A0A0R0IJB7
8798,A0A0R0IJC5
8799,A0A0R0IJC8
8800,A0A0R0IJC9
8801,A0A0R0IJE9
8802,A0A0R0IJF6
8803,A0A0R0IJF7
8804,A0A0R0IJF8
8805,A0A0R0IJG2
8806,A0A0R0IJI0
8807,A0A0R0IJI3
8808,A0A0R0IJK1
8809,A0A0R0IJK4
8810,A0A0R0IJL1
8811,A0A0R0IJL2
8812,A0A0R0IJL3
8813,A0A0R0IJM4
8814,A0A0R0IJN5
8815,A0A0R0IJP5
8816,A0A0R0IJQ0
8817,A0A0R0IJQ5
8818,A0A0R0IJR0
8819,A0A0R0IJR8
8820,A0A0R0IJS9
8821,A0A0R0IJT3
8822,A0A0R0IJT7
8823,A0A0R0IJT8
8824,A0A0R0IJU0
8825,A0A0R0IJU7
8826,A0A0R0IJV1
8827,A0A0R0IJV6
8828,A0A0R0IJW2
8829,A0A0R0IJW3
8830,A0A0R0IJW4
8831,A0A0R0IJW6
8832,A0A0R0IJY1
8833,A0A0R0IJY3
8834,A0A0R0IJZ0
8835,A0A0R0IJZ6
8836,A0A0R0IK02
8837,A0A0R0IK06
8838,A0A0R0IK09
8839,A0A0R0IK13
8840,A0A0R0IK30
8841,A0A0R0IK42
8842,A0A0R0IK43
8843,A0A0R0IK51
8844,A0A0R0IK57
8845,A0A0R0IK61
8846,A0A0R0IK65
8847,A0A0R0IK73
8848,A0A0R0IK92
8849,A0A0R0IK93
8850,A0A0R0IKB1
8851,A0A0R0IKB9
8852,A0A0R0IKE0
8853,A0A0R0IKE9
8854,A0A0R0IKF9
8855,A0A0R0IKI4
8856,A0A0R0IKI5
8857,A0A0R0IKI9
8858,A0A0R0IKJ3
8859,A0A0R0IKJ7
8860,A0A0R0IKL9
8861,A0A0R0IKM1
8862,A0A0R0IKN2
8863,A0A0R0IKP3
8864,A0A0R0IKQ2
8865,A0A0R0IKR3
8866,A0A0R0IKR4
8867,A0A0R0IKS3
8868,A0A0R0IKU2
8869,A0A0R0IKU5
8870,A0A0R0IKV3
8871,A0A0R0IKY0
8872,A0A0R0IKZ3
8873,A0A0R0IKZ5
8874,A0A0R0IL00
8875,A0A0R0IL03
8876,A0A0R0IL09
8877,A0A0R0IL26
8878,A0A0R0IL27
8879,A0A0R0IL29
8880,A0A0R0IL47
8881,A0A0R0IL50
8882,A0A0R0IL71
8883,A0A0R0IL99
8884,A0A0R0ILA2
8885,A0A0R0ILB2
8886,A0A0R0ILC1
8887,A0A0R0ILC2
8888,A0A0R0ILC5
8889,A0A0R0ILC8
8890,A0A0R0ILE7
8891,A0A0R0ILG9
8892,A0A0R0ILH6
8893,A0A0R0ILJ6
8894,A0A0R0ILL1
8895,A0A0R0ILM6
8896,A0A0R0ILM7
8897,A0A0R0ILP0
8898,A0A0R0ILQ4
8899,A0A0R0ILQ8
8900,A0A0R0ILR9
8901,A0A0R0ILS3
8902,A0A0R0ILU3
8903,A0A0R0ILX5
8904,A0A0R0ILX6
8905,A0A0R0IM07
8906,A0A0R0IM08
8907,A0A0R0IM09
8908,A0A0R0IM12
8909,A0A0R0IM29
8910,A0A0R0IM35
8911,A0A0R0IM43
8912,A0A0R0IM53
8913,A0A0R0IM74
8914,A0A0R0IM75
8915,A0A0R0IM79
8916,A0A0R0IM88
8917,A0A0R0IMA5
8918,A0A0R0IMB6
8919,A0A0R0IMC2
8920,A0A0R0IMD4
8921,A0A0R0IMD6
8922,A0A0R0IME2
8923,A0A0R0IME8
8924,A0A0R0IMF2
8925,A0A0R0IMF3
8926,A0A0R0IMF6
8927,A0A0R0IMF8
8928,A0A0R0IMJ0
8929,A0A0R0IMJ3
8930,A0A0R0IMK1
8931,A0A0R0IML2
8932,A0A0R0IMN2
8933,A0A0R0IMN6
8934,A0A0R0IMN7
8935,A0A0R0IMP6
8936,A0A0R0IMQ3
8937,A0A0R0IMT3
8938,A0A0R0IMT8
8939,A0A0R0IMV1
8940,A0A0R0IMW2
8941,A0A0R0IMW8
8942,A0A0R0IMY2
8943,A0A0R0IMY8
8944,A0A0R0IMZ3
8945,A0A0R0IMZ6
8946,A0A0R0IN00
8947,A0A0R0IN04
8948,A0A0R0IN22
8949,A0A0R0IN28
8950,A0A0R0IN31
8951,A0A0R0IN32
8952,A0A0R0IN34
8953,A0A0R0IN50
8954,A0A0R0IN58
8955,A0A0R0IN69
8956,A0A0R0IN72
8957,A0A0R0IN76
8958,A0A0R0IN94
8959,A0A0R0IN98
8960,A0A0R0IN99
8961,A0A0R0INC6
8962,A0A0R0INC8
8963,A0A0R0INE1
8964,A0A0R0INE6
8965,A0A0R0INF7
8966,A0A0R0ING7
8967,A0A0R0INH2
8968,A0A0R0INH8
8969,A0A0R0INI5
8970,A0A0R0INI8
8971,A0A0R0INJ2
8972,A0A0R0INK5
8973,A0A0R0INL6
8974,A0A0R0INM3
8975,A0A0R0INM4
8976,A0A0R0INN0
8977,A0A0R0INP8
8978,A0A0R0INQ1
8979,A0A0R0INQ5
8980,A0A0R0INR2
8981,A0A0R0INS4
8982,A0A0R0INT2
8983,A0A0R0INT5
8984,A0A0R0INT9
8985,A0A0R0INU3
8986,A0A0R0INV5
8987,A0A0R0INW9
8988,A0A0R0INZ0
8989,A0A0R0INZ1
8990,A0A0R0IP06
8991,A0A0R0IP10
8992,A0A0R0IP41
8993,A0A0R0IP53
8994,A0A0R0IP54
8995,A0A0R0IP64
8996,A0A0R0IP76
8997,A0A0R0IP82
8998,A0A0R0IP85
8999,A0A0R0IP86
9000,A0A0R0IPA3
9001,A0A0R0IPA5
9002,A0A0R0IPC1
9003,A0A0R0IPC5
9004,A0A0R0IPC6
9005,A0A0R0IPC8
9006,A0A0R0IPD3
9007,A0A0R0IPE3
9008,A0A0R0IPE5
9009,A0A0R0IPF0
9010,A0A0R0IPF3
9011,A0A0R0IPF5
9012,A0A0R0IPF6
9013,A0A0R0IPH3
9014,A0A0R0IPI1
9015,A0A0R0IPJ5
9016,A0A0R0IPJ7
9017,A0A0R0IPK2
9018,A0A0R0IPK3
9019,A0A0R0IPL0
9020,A0A0R0IPL2
9021,A0A0R0IPL3
9022,A0A0R0IPL8
9023,A0A0R0IPL9
9024,A0A0R0IPM0
9025,A0A0R0IPM1
9026,A0A0R0IPM5
9027,A0A0R0IPN1
9028,A0A0R0IPN2
9029,A0A0R0IPN6
9030,A0A0R0IPN8
9031,A0A0R0IPP0
9032,A0A0R0IPP6
9033,A0A0R0IPR5
9034,A0A0R0IPR8
9035,A0A0R0IPR9
9036,A0A0R0IPS7
9037,A0A0R0IPT6
9038,A0A0R0IPU2
9039,A0A0R0IPX4
9040,A0A0R0IPX7
9041,A0A0R0IPY8
9042,A0A0R0IPZ4
9043,A0A0R0IQ05
9044,A0A0R0IQ28
9045,A0A0R0IQ36
9046,A0A0R0IQ38
9047,A0A0R0IQ59
9048,A0A0R0IQ64
9049,A0A0R0IQ65
9050,A0A0R0IQ72
9051,A0A0R0IQ79
9052,A0A0R0IQ81
9053,A0A0R0IQ83
9054,A0A0R0IQ86
9055,A0A0R0IQ87
9056,A0A0R0IQ92
9057,A0A0R0IQ99
9058,A0A0R0IQA7
9059,A0A0R0IQB1
9060,A0A0R0IQB8
9061,A0A0R0IQC6
9062,A0A0R0IQD1
9063,A0A0R0IQF7
9064,A0A0R0IQG0
9065,A0A0R0IQG3
9066,A0A0R0IQG8
9067,A0A0R0IQG9
9068,A0A0R0IQH8
9069,A0A0R0IQI3
9070,A0A0R0IQI4
9071,A0A0R0IQI6
9072,A0A0R0IQJ0
9073,A0A0R0IQJ4
9074,A0A0R0IQP2
9075,A0A0R0IQP5
9076,A0A0R0IQQ0
9077,A0A0R0IQQ6
9078,A0A0R0IQQ9
9079,A0A0R0IQT8
9080,A0A0R0IQU3
9081,A0A0R0IQV1
9082,A0A0R0IQV5
9083,A0A0R0IQW6
9084,A0A0R0IQY6
9085,A0A0R0IQY8
9086,A0A0R0IQZ0
9087,A0A0R0IQZ2
9088,A0A0R0IR07
9089,A0A0R0IR10
9090,A0A0R0IR39
9091,A0A0R0IR47
9092,A0A0R0IR54
9093,A0A0R0IR73
9094,A0A0R0IR86
9095,A0A0R0IR91
9096,A0A0R0IRC7
9097,A0A0R0IRD4
9098,A0A0R0IRD5
9099,A0A0R0IRD8
9100,A0A0R0IRE7
9101,A0A0R0IRF5
9102,A0A0R0IRF6
9103,A0A0R0IRG3
9104,A0A0R0IRG5
9105,A0A0R0IRG6
9106,A0A0R0IRG7
9107,A0A0R0IRG9
9108,A0A0R0IRH1
9109,A0A0R0IRH4
9110,A0A0R0IRI1
9111,A0A0R0IRI5
9112,A0A0R0IRI6
9113,A0A0R0IRJ8
9114,A0A0R0IRK6
9115,A0A0R0IRL1
9116,A0A0R0IRL7
9117,A0A0R0IRM2
9118,A0A0R0IRM4
9119,A0A0R0IRM9
9120,A0A0R0IRN4
9121,A0A0R0IRP4
9122,A0A0R0IRR2
9123,A0A0R0IRR3
9124,A0A0R0IRR8
9125,A0A0R0IRS5
9126,A0A0R0IRS9
9127,A0A0R0IRT2
9128,A0A0R0IRU1
9129,A0A0R0IRU4
9130,A0A0R0IRV7
9131,A0A0R0IRW1
9132,A0A0R0IRW2
9133,A0A0R0IRW6
9134,A0A0R0IRW7
9135,A0A0R0IRW8
9136,A0A0R0IRY8
9137,A0A0R0IRZ4
9138,A0A0R0IS05
9139,A0A0R0IS10
9140,A0A0R0IS18
9141,A0A0R0IS26
9142,A0A0R0IS41
9143,A0A0R0IS43
9144,A0A0R0IS44
9145,A0A0R0IS52
9146,A0A0R0IS73
9147,A0A0R0IS82
9148,A0A0R0IS93
9149,A0A0R0ISA2
9150,A0A0R0ISA5
9151,A0A0R0ISB0
9152,A0A0R0ISB1
9153,A0A0R0ISD1
9154,A0A0R0ISF1
9155,A0A0R0ISF5
9156,A0A0R0ISF6
9157,A0A0R0ISG5
9158,A0A0R0ISI2
9159,A0A0R0ISI6
9160,A0A0R0ISK6
9161,A0A0R0ISL6
9162,A0A0R0ISL9
9163,A0A0R0ISM0
9164,A0A0R0ISN1
9165,A0A0R0ISN6
9166,A0A0R0ISQ2
9167,A0A0R0ISQ3
9168,A0A0R0ISQ7
9169,A0A0R0ISR0
9170,A0A0R0ISS5
9171,A0A0R0IST3
9172,A0A0R0IST5
9173,A0A0R0IST9
9174,A0A0R0ISU1
9175,A0A0R0ISU3
9176,A0A0R0ISV1
9177,A0A0R0ISV6
9178,A0A0R0ISW0
9179,A0A0R0ISW3
9180,A0A0R0ISW4
9181,A0A0R0ISW8
9182,A0A0R0ISX6
9183,A0A0R0ISX9
9184,A0A0R0ISY9
9185,A0A0R0ISZ3
9186,A0A0R0ISZ5
9187,A0A0R0IT09
9188,A0A0R0IT17
9189,A0A0R0IT24
9190,A0A0R0IT28
9191,A0A0R0IT34
9192,A0A0R0IT40
9193,A0A0R0IT46
9194,A0A0R0IT59
9195,A0A0R0IT60
9196,A0A0R0IT62
9197,A0A0R0IT71
9198,A0A0R0IT79
9199,A0A0R0IT88
9200,A0A0R0IT89
9201,A0A0R0IT90
9202,A0A0R0IT93
9203,A0A0R0ITA4
9204,A0A0R0ITA7
9205,A0A0R0ITB3
9206,A0A0R0ITB7
9207,A0A0R0ITB9
9208,A0A0R0ITC1
9209,A0A0R0ITC3
9210,A0A0R0ITC5
9211,A0A0R0ITD1
9212,A0A0R0ITE3
9213,A0A0R0ITE7
9214,A0A0R0ITE8
9215,A0A0R0ITF2
9216,A0A0R0ITG0
9217,A0A0R0ITI3
9218,A0A0R0ITJ7
9219,A0A0R0ITJ9
9220,A0A0R0ITL0
9221,A0A0R0ITL5
9222,A0A0R0ITL9
9223,A0A0R0ITM0
9224,A0A0R0ITN4
9225,A0A0R0ITP2
9226,A0A0R0ITP5
9227,A0A0R0ITP6
9228,A0A0R0ITQ2
9229,A0A0R0ITQ9
9230,A0A0R0ITR1
9231,A0A0R0ITR8
9232,A0A0R0ITT1
9233,A0A0R0ITT2
9234,A0A0R0ITU2
9235,A0A0R0ITU9
9236,A0A0R0ITV2
9237,A0A0R0ITV8
9238,A0A0R0ITW3
9239,A0A0R0ITY8
9240,A0A0R0ITZ5
9241,A0A0R0IU09
9242,A0A0R0IU10
9243,A0A0R0IU20
9244,A0A0R0IU25
9245,A0A0R0IU27
9246,A0A0R0IU28
9247,A0A0R0IU53
9248,A0A0R0IU60
9249,A0A0R0IU63
9250,A0A0R0IU75
9251,A0A0R0IU78
9252,A0A0R0IU91
9253,A0A0R0IU97
9254,A0A0R0IUA0
9255,A0A0R0IUB5
9256,A0A0R0IUD7
9257,A0A0R0IUD9
9258,A0A0R0IUG0
9259,A0A0R0IUG2
9260,A0A0R0IUG4
9261,A0A0R0IUH4
9262,A0A0R0IUI2
9263,A0A0R0IUI6
9264,A0A0R0IUI9
9265,A0A0R0IUL4
9266,A0A0R0IUL6
9267,A0A0R0IUM7
9268,A0A0R0IUP0
9269,A0A0R0IUQ0
9270,A0A0R0IUQ3
9271,A0A0R0IUQ5
9272,A0A0R0IUQ7
9273,A0A0R0IUR5
9274,A0A0R0IUS1
9275,A0A0R0IUS2
9276,A0A0R0IUS8
9277,A0A0R0IUW3
9278,A0A0R0IUW8
9279,A0A0R0IUZ9
9280,A0A0R0IV08
9281,A0A0R0IV11
9282,A0A0R0IV26
9283,A0A0R0IV27
9284,A0A0R0IV35
9285,A0A0R0IV41
9286,A0A0R0IV42
9287,A0A0R0IV47
9288,A0A0R0IV54
9289,A0A0R0IV74
9290,A0A0R0IV85
9291,A0A0R0IV89
9292,A0A0R0IV90
9293,A0A0R0IVA1
9294,A0A0R0IVA3
9295,A0A0R0IVA5
9296,A0A0R0IVB6
9297,A0A0R0IVC6
9298,A0A0R0IVD0
9299,A0A0R0IVD4
9300,A0A0R0IVF0
9301,A0A0R0IVF1
9302,A0A0R0IVF9
9303,A0A0R0IVG0
9304,A0A0R0IVG1
9305,A0A0R0IVG9
9306,A0A0R0IVH2
9307,A0A0R0IVJ3
9308,A0A0R0IVK9
9309,A0A0R0IVM9
9310,A0A0R0IVN3
9311,A0A0R0IVN4
9312,A0A0R0IVR3
9313,A0A0R0IVS2
9314,A0A0R0IVS4
9315,A0A0R0IVS7
9316,A0A0R0IVT1
9317,A0A0R0IVU0
9318,A0A0R0IVW0
9319,A0A0R0IVW3
9320,A0A0R0IVX0
9321,A0A0R0IVX2
9322,A0A0R0IVY6
9323,A0A0R0IVZ2
9324,A0A0R0IW01
9325,A0A0R0IW02
9326,A0A0R0IW03
9327,A0A0R0IW13
9328,A0A0R0IW18
9329,A0A0R0IW35
9330,A0A0R0IW39
9331,A0A0R0IW43
9332,A0A0R0IW49
9333,A0A0R0IW52
9334,A0A0R0IW53
9335,A0A0R0IW70
9336,A0A0R0IW73
9337,A0A0R0IW76
9338,A0A0R0IW79
9339,A0A0R0IW85
9340,A0A0R0IWA6
9341,A0A0R0IWB7
9342,A0A0R0IWD2
9343,A0A0R0IWD3
9344,A0A0R0IWD7
9345,A0A0R0IWE3
9346,A0A0R0IWE9
9347,A0A0R0IWF6
9348,A0A0R0IWG1
9349,A0A0R0IWH4
9350,A0A0R0IWI5
9351,A0A0R0IWK3
9352,A0A0R0IWK9
9353,A0A0R0IWL6
9354,A0A0R0IWM0
9355,A0A0R0IWM4
9356,A0A0R0IWN7
9357,A0A0R0IWP5
9358,A0A0R0IWR1
9359,A0A0R0IWR4
9360,A0A0R0IWR8
9361,A0A0R0IWS6
9362,A0A0R0IWS7
9363,A0A0R0IWU1
9364,A0A0R0IWU8
9365,A0A0R0IWV6
9366,A0A0R0IWW8
9367,A0A0R0IWX0
9368,A0A0R0IWY0
9369,A0A0R0IWY8
9370,A0A0R0IWZ0
9371,A0A0R0IWZ1
9372,A0A0R0IX07
9373,A0A0R0IX10
9374,A0A0R0IX14
9375,A0A0R0IX15
9376,A0A0R0IX16
9377,A0A0R0IX20
9378,A0A0R0IX28
9379,A0A0R0IX46
9380,A0A0R0IX62
9381,A0A0R0IX67
9382,A0A0R0IX71
9383,A0A0R0IX89
9384,A0A0R0IX90
9385,A0A0R0IX94
9386,A0A0R0IX96
9387,A0A0R0IXA7
9388,A0A0R0IXA8
9389,A0A0R0IXB3
9390,A0A0R0IXC1
9391,A0A0R0IXC6
9392,A0A0R0IXC9
9393,A0A0R0IXD0
9394,A0A0R0IXD5
9395,A0A0R0IXD7
9396,A0A0R0IXE5
9397,A0A0R0IXE9
9398,A0A0R0IXF8
9399,A0A0R0IXG3
9400,A0A0R0IXG5
9401,A0A0R0IXH1
9402,A0A0R0IXH2
9403,A0A0R0IXH4
9404,A0A0R0IXH6
9405,A0A0R0IXI2
9406,A0A0R0IXJ4
9407,A0A0R0IXK2
9408,A0A0R0IXK5
9409,A0A0R0IXL0
9410,A0A0R0IXL2
9411,A0A0R0IXM3
9412,A0A0R0IXM7
9413,A0A0R0IXN8
9414,A0A0R0IXP4
9415,A0A0R0IXP9
9416,A0A0R0IXS2
9417,A0A0R0IXS5
9418,A0A0R0IXS6
9419,A0A0R0IXS8
9420,A0A0R0IXT4
9421,A0A0R0IXT8
9422,A0A0R0IXV2
9423,A0A0R0IXV4
9424,A0A0R0IXX0
9425,A0A0R0IXX9
9426,A0A0R0IXY2
9427,A0A0R0IXY8
9428,A0A0R0IXZ0
9429,A0A0R0IXZ7
9430,A0A0R0IY12
9431,A0A0R0IY18
9432,A0A0R0IY28
9433,A0A0R0IY29
9434,A0A0R0IY32
9435,A0A0R0IY34
9436,A0A0R0IY45
9437,A0A0R0IY58
9438,A0A0R0IY61
9439,A0A0R0IY70
9440,A0A0R0IY93
9441,A0A0R0IYA2
9442,A0A0R0IYA8
9443,A0A0R0IYB1
9444,A0A0R0IYC0
9445,A0A0R0IYE6
9446,A0A0R0IYG2
9447,A0A0R0IYG9
9448,A0A0R0IYH3
9449,A0A0R0IYH4
9450,A0A0R0IYI6
9451,A0A0R0IYK1
9452,A0A0R0IYK3
9453,A0A0R0IYK4
9454,A0A0R0IYK5
9455,A0A0R0IYK7
9456,A0A0R0IYL6
9457,A0A0R0IYM7
9458,A0A0R0IYM8
9459,A0A0R0IYN3
9460,A0A0R0IYN4
9461,A0A0R0IYN5
9462,A0A0R0IYP8
9463,A0A0R0IYQ0
9464,A0A0R0IYQ2
9465,A0A0R0IYQ3
9466,A0A0R0IYR3
9467,A0A0R0IYS0
9468,A0A0R0IYS7
9469,A0A0R0IYU3
9470,A0A0R0IYU4
9471,A0A0R0IYU7
9472,A0A0R0IYV3
9473,A0A0R0IYV7
9474,A0A0R0IYW1
9475,A0A0R0IYX2
9476,A0A0R0IYY2
9477,A0A0R0IYY5
9478,A0A0R0IYY7
9479,A0A0R0IYY9
9480,A0A0R0IYZ9
9481,A0A0R0IZ02
9482,A0A0R0IZ08
9483,A0A0R0IZ09
9484,A0A0R0IZ12
9485,A0A0R0IZ13
9486,A0A0R0IZ14
9487,A0A0R0IZ45
9488,A0A0R0IZ51
9489,A0A0R0IZ58
9490,A0A0R0IZ63
9491,A0A0R0IZ65
9492,A0A0R0IZ72
9493,A0A0R0IZ75
9494,A0A0R0IZ80
9495,A0A0R0IZ81
9496,A0A0R0IZ91
9497,A0A0R0IZ94
9498,A0A0R0IZA1
9499,A0A0R0IZC0
9500,A0A0R0IZF7
9501,A0A0R0IZG4
9502,A0A0R0IZG8
9503,A0A0R0IZH0
9504,A0A0R0IZI5
9505,A0A0R0IZK1
9506,A0A0R0IZK3
9507,A0A0R0IZK6
9508,A0A0R0IZL9
9509,A0A0R0IZM0
9510,A0A0R0IZP4
9511,A0A0R0IZP8
9512,A0A0R0IZQ0
9513,A0A0R0IZQ9
9514,A0A0R0IZR4
9515,A0A0R0IZR8
9516,A0A0R0IZS5
9517,A0A0R0IZS6
9518,A0A0R0IZS9
9519,A0A0R0IZT5
9520,A0A0R0IZT6
9521,A0A0R0IZU4
9522,A0A0R0IZU5
9523,A0A0R0IZV7
9524,A0A0R0IZW0
9525,A0A0R0IZW5
9526,A0A0R0IZX0
9527,A0A0R0IZX1
9528,A0A0R0IZX2
9529,A0A0R0IZY4
9530,A0A0R0IZY8
9531,A0A0R0IZZ7
9532,A0A0R0J001
9533,A0A0R0J007
9534,A0A0R0J008
9535,A0A0R0J031
9536,A0A0R0J038
9537,A0A0R0J041
9538,A0A0R0J042
9539,A0A0R0J044
9540,A0A0R0J052
9541,A0A0R0J058
9542,A0A0R0J062
9543,A0A0R0J063
9544,A0A0R0J065
9545,A0A0R0J068
9546,A0A0R0J086
9547,A0A0R0J087
9548,A0A0R0J091
9549,A0A0R0J092
9550,A0A0R0J0A2
9551,A0A0R0J0A3
9552,A0A0R0J0A5
9553,A0A0R0J0B1
9554,A0A0R0J0B4
9555,A0A0R0J0C6
9556,A0A0R0J0D5
9557,A0A0R0J0D8
9558,A0A0R0J0E8
9559,A0A0R0J0G6
9560,A0A0R0J0H5
9561,A0A0R0J0H9
9562,A0A0R0J0I2
9563,A0A0R0J0I5
9564,A0A0R0J0I6
9565,A0A0R0J0J4
9566,A0A0R0J0J8
9567,A0A0R0J0M1
9568,A0A0R0J0N7
9569,A0A0R0J0N8
9570,A0A0R0J0P1
9571,A0A0R0J0Q1
9572,A0A0R0J0Q9
9573,A0A0R0J0R3
9574,A0A0R0J0S6
9575,A0A0R0J0S7
9576,A0A0R0J0T7
9577,A0A0R0J0U5
9578,A0A0R0J0U6
9579,A0A0R0J0V8
9580,A0A0R0J0W6
9581,A0A0R0J0X3
9582,A0A0R0J0Y3
9583,A0A0R0J0Z5
9584,A0A0R0J100
9585,A0A0R0J130
9586,A0A0R0J136
9587,A0A0R0J145
9588,A0A0R0J154
9589,A0A0R0J157
9590,A0A0R0J161
9591,A0A0R0J163
9592,A0A0R0J169
9593,A0A0R0J171
9594,A0A0R0J177
9595,A0A0R0J185
9596,A0A0R0J190
9597,A0A0R0J1A2
9598,A0A0R0J1A6
9599,A0A0R0J1B4
9600,A0A0R0J1B6
9601,A0A0R0J1C5
9602,A0A0R0J1D0
9603,A0A0R0J1E2
9604,A0A0R0J1E7
9605,A0A0R0J1E8
9606,A0A0R0J1G3
9607,A0A0R0J1G7
9608,A0A0R0J1G9
9609,A0A0R0J1H0
9610,A0A0R0J1H1
9611,A0A0R0J1H2
9612,A0A0R0J1H7
9613,A0A0R0J1J7
9614,A0A0R0J1J8
9615,A0A0R0J1K0
9616,A0A0R0J1K4
9617,A0A0R0J1M0
9618,A0A0R0J1M7
9619,A0A0R0J1M9
9620,A0A0R0J1N1
9621,A0A0R0J1N2
9622,A0A0R0J1N9
9623,A0A0R0J1P2
9624,A0A0R0J1P7
9625,A0A0R0J1Q2
9626,A0A0R0J1Q4
9627,A0A0R0J1Q5
9628,A0A0R0J1Q6
9629,A0A0R0J1Q8
9630,A0A0R0J1R5
9631,A0A0R0J1S6
9632,A0A0R0J1S7
9633,A0A0R0J1T1
9634,A0A0R0J1T6
9635,A0A0R0J1U3
9636,A0A0R0J1U7
9637,A0A0R0J1V3
9638,A0A0R0J1V4
9639,A0A0R0J1W7
9640,A0A0R0J1X2
9641,A0A0R0J1X4
9642,A0A0R0J1X7
9643,A0A0R0J1X9
9644,A0A0R0J1Y9
9645,A0A0R0J213
9646,A0A0R0J214
9647,A0A0R0J215
9648,A0A0R0J220
9649,A0A0R0J241
9650,A0A0R0J250
9651,A0A0R0J260
9652,A0A0R0J262
9653,A0A0R0J265
9654,A0A0R0J272
9655,A0A0R0J279
9656,A0A0R0J282
9657,A0A0R0J286
9658,A0A0R0J288
9659,A0A0R0J294
9660,A0A0R0J296
9661,A0A0R0J299
9662,A0A0R0J2A0
9663,A0A0R0J2A2
9664,A0A0R0J2A9
9665,A0A0R0J2B3
9666,A0A0R0J2B6
9667,A0A0R0J2C2
9668,A0A0R0J2E3
9669,A0A0R0J2E9
9670,A0A0R0J2F0
9671,A0A0R0J2F2
9672,A0A0R0J2F3
9673,A0A0R0J2F5
9674,A0A0R0J2G0
9675,A0A0R0J2G1
9676,A0A0R0J2I1
9677,A0A0R0J2I4
9678,A0A0R0J2I6
9679,A0A0R0J2I7
9680,A0A0R0J2J5
9681,A0A0R0J2J6
9682,A0A0R0J2J7
9683,A0A0R0J2L9
9684,A0A0R0J2M0
9685,A0A0R0J2M9
9686,A0A0R0J2N0
9687,A0A0R0J2N5
9688,A0A0R0J2P0
9689,A0A0R0J2P1
9690,A0A0R0J2P3
9691,A0A0R0J2P5
9692,A0A0R0J2Q0
9693,A0A0R0J2Q1
9694,A0A0R0J2R5
9695,A0A0R0J2R7
9696,A0A0R0J2S1
9697,A0A0R0J2S2
9698,A0A0R0J2S6
9699,A0A0R0J2T5
9700,A0A0R0J2U9
9701,A0A0R0J2V0
9702,A0A0R0J2V2
9703,A0A0R0J2W1
9704,A0A0R0J2W9
9705,A0A0R0J2X3
9706,A0A0R0J2Y8
9707,A0A0R0J300
9708,A0A0R0J308
9709,A0A0R0J319
9710,A0A0R0J324
9711,A0A0R0J325
9712,A0A0R0J326
9713,A0A0R0J328
9714,A0A0R0J337
9715,A0A0R0J341
9716,A0A0R0J344
9717,A0A0R0J348
9718,A0A0R0J352
9719,A0A0R0J365
9720,A0A0R0J369
9721,A0A0R0J373
9722,A0A0R0J374
9723,A0A0R0J382
9724,A0A0R0J384
9725,A0A0R0J393
9726,A0A0R0J397
9727,A0A0R0J399
9728,A0A0R0J3A3
9729,A0A0R0J3A5
9730,A0A0R0J3A8
9731,A0A0R0J3B8
9732,A0A0R0J3C6
9733,A0A0R0J3C7
9734,A0A0R0J3D2
9735,A0A0R0J3D7
9736,A0A0R0J3E2
9737,A0A0R0J3F3
9738,A0A0R0J3F9
9739,A0A0R0J3G3
9740,A0A0R0J3H7
9741,A0A0R0J3I0
9742,A0A0R0J3I8
9743,A0A0R0J3I9
9744,A0A0R0J3J1
9745,A0A0R0J3J2
9746,A0A0R0J3J8
9747,A0A0R0J3M3
9748,A0A0R0J3M4
9749,A0A0R0J3M5
9750,A0A0R0J3N0
9751,A0A0R0J3Q1
9752,A0A0R0J3R1
9753,A0A0R0J3R4
9754,A0A0R0J3S9
9755,A0A0R0J3T6
9756,A0A0R0J3T7
9757,A0A0R0J3T9
9758,A0A0R0J3U6
9759,A0A0R0J3V2
9760,A0A0R0J3V7
9761,A0A0R0J3X4
9762,A0A0R0J3Y1
9763,A0A0R0J3Z0
9764,A0A0R0J3Z4
9765,A0A0R0J3Z6
9766,A0A0R0J409
9767,A0A0R0J437
9768,A0A0R0J442
9769,A0A0R0J444
9770,A0A0R0J447
9771,A0A0R0J452
9772,A0A0R0J453
9773,A0A0R0J457
9774,A0A0R0J459
9775,A0A0R0J465
9776,A0A0R0J470
9777,A0A0R0J475
9778,A0A0R0J477
9779,A0A0R0J482
9780,A0A0R0J484
9781,A0A0R0J494
9782,A0A0R0J498
9783,A0A0R0J4A1
9784,A0A0R0J4A7
9785,A0A0R0J4B0
9786,A0A0R0J4B1
9787,A0A0R0J4B4
9788,A0A0R0J4B7
9789,A0A0R0J4C2
9790,A0A0R0J4C3
9791,A0A0R0J4C8
9792,A0A0R0J4D4
9793,A0A0R0J4D5
9794,A0A0R0J4D7
9795,A0A0R0J4D9
9796,A0A0R0J4E7
9797,A0A0R0J4F3
9798,A0A0R0J4F5
9799,A0A0R0J4H1
9800,A0A0R0J4H4
9801,A0A0R0J4H7
9802,A0A0R0J4I2
9803,A0A0R0J4I4
9804,A0A0R0J4I6
9805,A0A0R0J4J3
9806,A0A0R0J4K3
9807,A0A0R0J4L0
9808,A0A0R0J4L4
9809,A0A0R0J4L8
9810,A0A0R0J4M2
9811,A0A0R0J4M9
9812,A0A0R0J4N3
9813,A0A0R0J4N4
9814,A0A0R0J4N7
9815,A0A0R0J4P6
9816,A0A0R0J4Q0
9817,A0A0R0J4Q9
9818,A0A0R0J4R6
9819,A0A0R0J4T0
9820,A0A0R0J4T2
9821,A0A0R0J4T8
9822,A0A0R0J4U3
9823,A0A0R0J4V6
9824,A0A0R0J4V9
9825,A0A0R0J4W7
9826,A0A0R0J4X2
9827,A0A0R0J4X8
9828,A0A0R0J4Z4
9829,A0A0R0J4Z9
9830,A0A0R0J506
9831,A0A0R0J517
9832,A0A0R0J518
9833,A0A0R0J519
9834,A0A0R0J520
9835,A0A0R0J526
9836,A0A0R0J529
9837,A0A0R0J531
9838,A0A0R0J536
9839,A0A0R0J546
9840,A0A0R0J554
9841,A0A0R0J555
9842,A0A0R0J558
9843,A0A0R0J562
9844,A0A0R0J567
9845,A0A0R0J569
9846,A0A0R0J576
9847,A0A0R0J590
9848,A0A0R0J594
9849,A0A0R0J5A1
9850,A0A0R0J5B1
9851,A0A0R0J5B2
9852,A0A0R0J5C3
9853,A0A0R0J5D5
9854,A0A0R0J5E2
9855,A0A0R0J5E6
9856,A0A0R0J5F2
9857,A0A0R0J5F9
9858,A0A0R0J5H3
9859,A0A0R0J5I1
9860,A0A0R0J5I4
9861,A0A0R0J5K0
9862,A0A0R0J5K1
9863,A0A0R0J5L0
9864,A0A0R0J5L4
9865,A0A0R0J5L8
9866,A0A0R0J5M8
9867,A0A0R0J5N6
9868,A0A0R0J5N8
9869,A0A0R0J5P6
9870,A0A0R0J5Q0
9871,A0A0R0J5Q2
9872,A0A0R0J5R5
9873,A0A0R0J5S1
9874,A0A0R0J5S5
9875,A0A0R0J5T5
9876,A0A0R0J5T7
9877,A0A0R0J5U1
9878,A0A0R0J5U7
9879,A0A0R0J5U9
9880,A0A0R0J5V5
9881,A0A0R0J5V6
9882,A0A0R0J5V8
9883,A0A0R0J5W3
9884,A0A0R0J5W4
9885,A0A0R0J5W5
9886,A0A0R0J5Y0
9887,A0A0R0J5Y2
9888,A0A0R0J5Z7
9889,A0A0R0J5Z8
9890,A0A0R0J604
9891,A0A0R0J608
9892,A0A0R0J613
9893,A0A0R0J615
9894,A0A0R0J616
9895,A0A0R0J620
9896,A0A0R0J624
9897,A0A0R0J630
9898,A0A0R0J640
9899,A0A0R0J641
9900,A0A0R0J647
9901,A0A0R0J652
9902,A0A0R0J664
9903,A0A0R0J669
9904,A0A0R0J671
9905,A0A0R0J672
9906,A0A0R0J692
9907,A0A0R0J696
9908,A0A0R0J6B1
9909,A0A0R0J6B6
9910,A0A0R0J6E0
9911,A0A0R0J6E7
9912,A0A0R0J6E8
9913,A0A0R0J6F0
9914,A0A0R0J6F1
9915,A0A0R0J6G0
9916,A0A0R0J6G2
9917,A0A0R0J6H5
9918,A0A0R0J6I9
9919,A0A0R0J6J5
9920,A0A0R0J6K6
9921,A0A0R0J6K7
9922,A0A0R0J6L5
9923,A0A0R0J6N7
9924,A0A0R0J6N9
9925,A0A0R0J6P6
9926,A0A0R0J6Q7
9927,A0A0R0J6Q8
9928,A0A0R0J6R4
9929,A0A0R0J6T3
9930,A0A0R0J6T7
9931,A0A0R0J6T9
9932,A0A0R0J6U8
9933,A0A0R0J6V4
9934,A0A0R0J6V5
9935,A0A0R0J6W9
9936,A0A0R0J6X4
9937,A0A0R0J6Y3
9938,A0A0R0J6Y4
9939,A0A0R0J707
9940,A0A0R0J711
9941,A0A0R0J726
9942,A0A0R0J736
9943,A0A0R0J739
9944,A0A0R0J743
9945,A0A0R0J747
9946,A0A0R0J748
9947,A0A0R0J751
9948,A0A0R0J756
9949,A0A0R0J787
9950,A0A0R0J790
9951,A0A0R0J791
9952,A0A0R0J794
9953,A0A0R0J795
9954,A0A0R0J7A4
9955,A0A0R0J7C6
9956,A0A0R0J7C8
9957,A0A0R0J7C9
9958,A0A0R0J7E6
9959,A0A0R0J7G0
9960,A0A0R0J7G8
9961,A0A0R0J7H3
9962,A0A0R0J7H4
9963,A0A0R0J7I1
9964,A0A0R0J7I4
9965,A0A0R0J7I7
9966,A0A0R0J7J3
9967,A0A0R0J7J6
9968,A0A0R0J7J9
9969,A0A0R0J7K3
9970,A0A0R0J7K8
9971,A0A0R0J7M0
9972,A0A0R0J7M3
9973,A0A0R0J7M5
9974,A0A0R0J7M9
9975,A0A0R0J7N3
9976,A0A0R0J7N4
9977,A0A0R0J7N6
9978,A0A0R0J7N7
9979,A0A0R0J7P2
9980,A0A0R0J7Q5
9981,A0A0R0J7Q6
9982,A0A0R0J7S1
9983,A0A0R0J7S7
9984,A0A0R0J7V1
9985,A0A0R0J7V5
9986,A0A0R0J7V9
9987,A0A0R0J7W2
9988,A0A0R0J7X9
9989,A0A0R0J7Y8
9990,A0A0R0J7Z0
9991,A0A0R0J7Z1
9992,A0A0R0J7Z3
9993,A0A0R0J7Z4
9994,A0A0R0J805
9995,A0A0R0J834
9996,A0A0R0J837
9997,A0A0R0J847
9998,A0A0R0J852
9999,A0A0R0J858
10000,A0A0R0J868
10001,A0A0R0J878
10002,A0A0R0J881
10003,A0A0R0J888
10004,A0A0R0J895
10005,A0A0R0J8A4
10006,A0A0R0J8A9
10007,A0A0R0J8B6
10008,A0A0R0J8B9
10009,A0A0R0J8C5
10010,A0A0R0J8D3
10011,A0A0R0J8D7
10012,A0A0R0J8E2
10013,A0A0R0J8F6
10014,A0A0R0J8G1
10015,A0A0R0J8G3
10016,A0A0R0J8G6
10017,A0A0R0J8H1
10018,A0A0R0J8H6
10019,A0A0R0J8I1
10020,A0A0R0J8J4
10021,A0A0R0J8K4
10022,A0A0R0J8L5
10023,A0A0R0J8M1
10024,A0A0R0J8M3
10025,A0A0R0J8M8
10026,A0A0R0J8P6
10027,A0A0R0J8S5
10028,A0A0R0J8S6
10029,A0A0R0J8T0
10030,A0A0R0J8V1
10031,A0A0R0J8V7
10032,A0A0R0J8Y9
10033,A0A0R0J900
10034,A0A0R0J904
10035,A0A0R0J909
10036,A0A0R0J915
10037,A0A0R0J937
10038,A0A0R0J943
10039,A0A0R0J946
10040,A0A0R0J948
10041,A0A0R0J958
10042,A0A0R0J963
10043,A0A0R0J965
10044,A0A0R0J975
10045,A0A0R0J979
10046,A0A0R0J981
10047,A0A0R0J988
10048,A0A0R0J999
10049,A0A0R0J9A1
10050,A0A0R0J9A4
10051,A0A0R0J9B8
10052,A0A0R0J9C4
10053,A0A0R0J9C8
10054,A0A0R0J9D5
10055,A0A0R0J9E4
10056,A0A0R0J9F3
10057,A0A0R0J9G0
10058,A0A0R0J9H0
10059,A0A0R0J9I2
10060,A0A0R0J9I4
10061,A0A0R0J9I9
10062,A0A0R0J9K2
10063,A0A0R0J9K4
10064,A0A0R0J9K8
10065,A0A0R0J9L5
10066,A0A0R0J9M2
10067,A0A0R0J9M6
10068,A0A0R0J9P2
10069,A0A0R0J9Q7
10070,A0A0R0J9R8
10071,A0A0R0J9S6
10072,A0A0R0J9S7
10073,A0A0R0J9T6
10074,A0A0R0J9T9
10075,A0A0R0J9U8
10076,A0A0R0J9V0
10077,A0A0R0J9V4
10078,A0A0R0J9W7
10079,A0A0R0J9X6
10080,A0A0R0J9Y6
10081,A0A0R0J9Z0
10082,A0A0R0J9Z8
10083,A0A0R0JA09
10084,A0A0R0JA16
10085,A0A0R0JA25
10086,A0A0R0JA28
10087,A0A0R0JA31
10088,A0A0R0JA37
10089,A0A0R0JA47
10090,A0A0R0JA50
10091,A0A0R0JA54
10092,A0A0R0JA55
10093,A0A0R0JA63
10094,A0A0R0JA66
10095,A0A0R0JA69
10096,A0A0R0JA70
10097,A0A0R0JA74
10098,A0A0R0JA76
10099,A0A0R0JA81
10100,A0A0R0JAA5
10101,A0A0R0JAA6
10102,A0A0R0JAB1
10103,A0A0R0JAB4
10104,A0A0R0JAB5
10105,A0A0R0JAB9
10106,A0A0R0JAC1
10107,A0A0R0JAC4
10108,A0A0R0JAC5
10109,A0A0R0JAD4
10110,A0A0R0JAD6
10111,A0A0R0JAD8
10112,A0A0R0JAD9
10113,A0A0R0JAF0
10114,A0A0R0JAF2
10115,A0A0R0JAI2
10116,A0A0R0JAJ0
10117,A0A0R0JAK1
10118,A0A0R0JAK2
10119,A0A0R0JAL4
10120,A0A0R0JAL6
10121,A0A0R0JAM0
10122,A0A0R0JAM2
10123,A0A0R0JAM9
10124,A0A0R0JAP2
10125,A0A0R0JAP3
10126,A0A0R0JAP6
10127,A0A0R0JAP7
10128,A0A0R0JAQ0
10129,A0A0R0JAQ5
10130,A0A0R0JAR0
10131,A0A0R0JAR5
10132,A0A0R0JAT8
10133,A0A0R0JAU2
10134,A0A0R0JAV0
10135,A0A0R0JAV1
10136,A0A0R0JAV2
10137,A0A0R0JAV3
10138,A0A0R0JAW2
10139,A0A0R0JAW3
10140,A0A0R0JAW7
10141,A0A0R0JAX1
10142,A0A0R0JAX5
10143,A0A0R0JAX8
10144,A0A0R0JB02
10145,A0A0R0JB03
10146,A0A0R0JB05
10147,A0A0R0JB08
10148,A0A0R0JB11
10149,A0A0R0JB13
10150,A0A0R0JB31
10151,A0A0R0JB42
10152,A0A0R0JB49
10153,A0A0R0JB52
10154,A0A0R0JB59
10155,A0A0R0JB68
10156,A0A0R0JB86
10157,A0A0R0JB93
10158,A0A0R0JB97
10159,A0A0R0JB98
10160,A0A0R0JB99
10161,A0A0R0JBA0
10162,A0A0R0JBA3
10163,A0A0R0JBB2
10164,A0A0R0JBC8
10165,A0A0R0JBD7
10166,A0A0R0JBF1
10167,A0A0R0JBF6
10168,A0A0R0JBH0
10169,A0A0R0JBH9
10170,A0A0R0JBJ4
10171,A0A0R0JBL0
10172,A0A0R0JBL2
10173,A0A0R0JBL7
10174,A0A0R0JBL8
10175,A0A0R0JBM0
10176,A0A0R0JBM2
10177,A0A0R0JBM4
10178,A0A0R0JBM8
10179,A0A0R0JBN4
10180,A0A0R0JBN5
10181,A0A0R0JBP2
10182,A0A0R0JBP7
10183,A0A0R0JBR7
10184,A0A0R0JBS9
10185,A0A0R0JBT5
10186,A0A0R0JBU2
10187,A0A0R0JBV0
10188,A0A0R0JBV4
10189,A0A0R0JBW8
10190,A0A0R0JBX6
10191,A0A0R0JBY6
10192,A0A0R0JBZ1
10193,A0A0R0JBZ7
10194,A0A0R0JBZ9
10195,A0A0R0JC00
10196,A0A0R0JC13
10197,A0A0R0JC16
10198,A0A0R0JC18
10199,A0A0R0JC40
10200,A0A0R0JC61
10201,A0A0R0JC79
10202,A0A0R0JC82
10203,A0A0R0JC83
10204,A0A0R0JC96
10205,A0A0R0JC99
10206,A0A0R0JCA0
10207,A0A0R0JCA1
10208,A0A0R0JCA6
10209,A0A0R0JCA9
10210,A0A0R0JCB5
10211,A0A0R0JCB8
10212,A0A0R0JCC1
10213,A0A0R0JCE5
10214,A0A0R0JCE6
10215,A0A0R0JCF1
10216,A0A0R0JCG3
10217,A0A0R0JCG7
10218,A0A0R0JCH2
10219,A0A0R0JCJ7
10220,A0A0R0JCK1
10221,A0A0R0JCL5
10222,A0A0R0JCM1
10223,A0A0R0JCN5
10224,A0A0R0JCN7
10225,A0A0R0JCN8
10226,A0A0R0JCQ0
10227,A0A0R0JCQ4
10228,A0A0R0JCQ6
10229,A0A0R0JCR2
10230,A0A0R0JCR4
10231,A0A0R0JCS0
10232,A0A0R0JCS2
10233,A0A0R0JCS9
10234,A0A0R0JCU0
10235,A0A0R0JCU5
10236,A0A0R0JCV1
10237,A0A0R0JCV5
10238,A0A0R0JCW2
10239,A0A0R0JCW9
10240,A0A0R0JCY0
10241,A0A0R0JCY4
10242,A0A0R0JCZ6
10243,A0A0R0JD00
10244,A0A0R0JD27
10245,A0A0R0JD32
10246,A0A0R0JD38
10247,A0A0R0JD41
10248,A0A0R0JD42
10249,A0A0R0JD77
10250,A0A0R0JD78
10251,A0A0R0JD84
10252,A0A0R0JDA6
10253,A0A0R0JDA7
10254,A0A0R0JDB0
10255,A0A0R0JDB8
10256,A0A0R0JDC3
10257,A0A0R0JDC9
10258,A0A0R0JDD6
10259,A0A0R0JDE1
10260,A0A0R0JDE2
10261,A0A0R0JDE9
10262,A0A0R0JDF0
10263,A0A0R0JDF2
10264,A0A0R0JDI8
10265,A0A0R0JDK1
10266,A0A0R0JDM1
10267,A0A0R0JDM2
10268,A0A0R0JDM4
10269,A0A0R0JDN0
10270,A0A0R0JDN4
10271,A0A0R0JDP6
10272,A0A0R0JDP8
10273,A0A0R0JDR7
10274,A0A0R0JDS4
10275,A0A0R0JDV0
10276,A0A0R0JDV3
10277,A0A0R0JDV9
10278,A0A0R0JDW0
10279,A0A0R0JDW3
10280,A0A0R0JDX3
10281,A0A0R0JDY0
10282,A0A0R0JDY5
10283,A0A0R0JDZ3
10284,A0A0R0JDZ4
10285,A0A0R0JE00
10286,A0A0R0JE01
10287,A0A0R0JE12
10288,A0A0R0JE29
10289,A0A0R0JE33
10290,A0A0R0JE36
10291,A0A0R0JE57
10292,A0A0R0JE65
10293,A0A0R0JE85
10294,A0A0R0JE89
10295,A0A0R0JEA2
10296,A0A0R0JEA5
10297,A0A0R0JEA7
10298,A0A0R0JEA8
10299,A0A0R0JEB1
10300,A0A0R0JEC6
10301,A0A0R0JEC9
10302,A0A0R0JED5
10303,A0A0R0JEE2
10304,A0A0R0JEE4
10305,A0A0R0JEE7
10306,A0A0R0JEF3
10307,A0A0R0JEG4
10308,A0A0R0JEH9
10309,A0A0R0JEI7
10310,A0A0R0JEI8
10311,A0A0R0JEI9
10312,A0A0R0JEJ3
10313,A0A0R0JEJ9
10314,A0A0R0JEK8
10315,A0A0R0JEL0
10316,A0A0R0JEL1
10317,A0A0R0JEM3
10318,A0A0R0JEM7
10319,A0A0R0JEQ0
10320,A0A0R0JEQ1
10321,A0A0R0JER7
10322,A0A0R0JES0
10323,A0A0R0JES3
10324,A0A0R0JES7
10325,A0A0R0JET0
10326,A0A0R0JEU2
10327,A0A0R0JEU3
10328,A0A0R0JEV3
10329,A0A0R0JEV9
10330,A0A0R0JEW1
10331,A0A0R0JEY3
10332,A0A0R0JEY4
10333,A0A0R0JF19
10334,A0A0R0JF20
10335,A0A0R0JF34
10336,A0A0R0JF54
10337,A0A0R0JF58
10338,A0A0R0JF66
10339,A0A0R0JF70
10340,A0A0R0JF78
10341,A0A0R0JF85
10342,A0A0R0JF93
10343,A0A0R0JF98
10344,A0A0R0JFA0
10345,A0A0R0JFA4
10346,A0A0R0JFA6
10347,A0A0R0JFB9
10348,A0A0R0JFD4
10349,A0A0R0JFG7
10350,A0A0R0JFH1
10351,A0A0R0JFH3
10352,A0A0R0JFH4
10353,A0A0R0JFI2
10354,A0A0R0JFI8
10355,A0A0R0JFJ1
10356,A0A0R0JFJ6
10357,A0A0R0JFK0
10358,A0A0R0JFL7
10359,A0A0R0JFM0
10360,A0A0R0JFM1
10361,A0A0R0JFN6
10362,A0A0R0JFN7
10363,A0A0R0JFP1
10364,A0A0R0JFP2
10365,A0A0R0JFR0
10366,A0A0R0JFR1
10367,A0A0R0JFR6
10368,A0A0R0JFS0
10369,A0A0R0JFT2
10370,A0A0R0JFT6
10371,A0A0R0JFU7
10372,A0A0R0JFX2
10373,A0A0R0JG07
10374,A0A0R0JG19
10375,A0A0R0JG33
10376,A0A0R0JG37
10377,A0A0R0JG43
10378,A0A0R0JG46
10379,A0A0R0JG48
10380,A0A0R0JG66
10381,A0A0R0JG80
10382,A0A0R0JGC0
10383,A0A0R0JGD4
10384,A0A0R0JGE5
10385,A0A0R0JGF1
10386,A0A0R0JGG5
10387,A0A0R0JGH4
10388,A0A0R0JGH5
10389,A0A0R0JGI0
10390,A0A0R0JGJ1
10391,A0A0R0JGJ7
10392,A0A0R0JGK9
10393,A0A0R0JGL0
10394,A0A0R0JGL8
10395,A0A0R0JGP7
10396,A0A0R0JGQ3
10397,A0A0R0JGQ9
10398,A0A0R0JGR0
10399,A0A0R0JGS7
10400,A0A0R0JGW5
10401,A0A0R0JGX7
10402,A0A0R0JH11
10403,A0A0R0JH21
10404,A0A0R0JH35
10405,A0A0R0JH37
10406,A0A0R0JH39
10407,A0A0R0JH42
10408,A0A0R0JH53
10409,A0A0R0JH80
10410,A0A0R0JH81
10411,A0A0R0JH87
10412,A0A0R0JH88
10413,A0A0R0JH89
10414,A0A0R0JH94
10415,A0A0R0JH95
10416,A0A0R0JHA3
10417,A0A0R0JHB3
10418,A0A0R0JHB5
10419,A0A0R0JHB6
10420,A0A0R0JHC2
10421,A0A0R0JHC6
10422,A0A0R0JHD5
10423,A0A0R0JHE1
10424,A0A0R0JHE7
10425,A0A0R0JHE9
10426,A0A0R0JHG1
10427,A0A0R0JHG3
10428,A0A0R0JHJ4
10429,A0A0R0JHK6
10430,A0A0R0JHP6
10431,A0A0R0JHR5
10432,A0A0R0JHS0
10433,A0A0R0JHT1
10434,A0A0R0JHV0
10435,A0A0R0JHV9
10436,A0A0R0JHY1
10437,A0A0R0JHZ0
10438,A0A0R0JHZ5
10439,A0A0R0JI04
10440,A0A0R0JI06
10441,A0A0R0JI10
10442,A0A0R0JI11
10443,A0A0R0JI12
10444,A0A0R0JI14
10445,A0A0R0JI18
10446,A0A0R0JI22
10447,A0A0R0JI29
10448,A0A0R0JI36
10449,A0A0R0JI37
10450,A0A0R0JI42
10451,A0A0R0JI44
10452,A0A0R0JI52
10453,A0A0R0JI57
10454,A0A0R0JI67
10455,A0A0R0JI69
10456,A0A0R0JI74
10457,A0A0R0JI78
10458,A0A0R0JI79
10459,A0A0R0JI83
10460,A0A0R0JI98
10461,A0A0R0JI99
10462,A0A0R0JIA0
10463,A0A0R0JIA6
10464,A0A0R0JIC4
10465,A0A0R0JIC7
10466,A0A0R0JID0
10467,A0A0R0JID5
10468,A0A0R0JIE3
10469,A0A0R0JIE5
10470,A0A0R0JIG4
10471,A0A0R0JIG6
10472,A0A0R0JIH8
10473,A0A0R0JIJ0
10474,A0A0R0JIJ4
10475,A0A0R0JIK3
10476,A0A0R0JIK8
10477,A0A0R0JIL1
10478,A0A0R0JIN0
10479,A0A0R0JIN1
10480,A0A0R0JIN2
10481,A0A0R0JIP1
10482,A0A0R0JIP6
10483,A0A0R0JIQ1
10484,A0A0R0JIQ6
10485,A0A0R0JIQ9
10486,A0A0R0JIR5
10487,A0A0R0JIS0
10488,A0A0R0JIS8
10489,A0A0R0JIT1
10490,A0A0R0JIT3
10491,A0A0R0JIT8
10492,A0A0R0JIU6
10493,A0A0R0JIX0
10494,A0A0R0JIY7
10495,A0A0R0JIZ1
10496,A0A0R0JJ08
10497,A0A0R0JJ17
10498,A0A0R0JJ20
10499,A0A0R0JJ21
10500,A0A0R0JJ40
10501,A0A0R0JJ42
10502,A0A0R0JJ44
10503,A0A0R0JJ49
10504,A0A0R0JJ65
10505,A0A0R0JJ69
10506,A0A0R0JJ82
10507,A0A0R0JJ84
10508,A0A0R0JJ98
10509,A0A0R0JJA0
10510,A0A0R0JJA1
10511,A0A0R0JJC1
10512,A0A0R0JJC2
10513,A0A0R0JJD6
10514,A0A0R0JJD7
10515,A0A0R0JJE3
10516,A0A0R0JJF7
10517,A0A0R0JJG6
10518,A0A0R0JJH4
10519,A0A0R0JJI0
10520,A0A0R0JJI5
10521,A0A0R0JJJ0
10522,A0A0R0JJJ5
10523,A0A0R0JJK0
10524,A0A0R0JJK1
10525,A0A0R0JJK8
10526,A0A0R0JJL7
10527,A0A0R0JJM1
10528,A0A0R0JJM6
10529,A0A0R0JJM8
10530,A0A0R0JJN6
10531,A0A0R0JJP0
10532,A0A0R0JJP3
10533,A0A0R0JJQ5
10534,A0A0R0JJR3
10535,A0A0R0JJT7
10536,A0A0R0JJV1
10537,A0A0R0JJW4
10538,A0A0R0JJW6
10539,A0A0R0JJY8
10540,A0A0R0JJZ1
10541,A0A0R0JJZ2
10542,A0A0R0JK02
10543,A0A0R0JK26
10544,A0A0R0JK27
10545,A0A0R0JK29
10546,A0A0R0JK30
10547,A0A0R0JK32
10548,A0A0R0JK33
10549,A0A0R0JK34
10550,A0A0R0JK38
10551,A0A0R0JK44
10552,A0A0R0JK56
10553,A0A0R0JK60
10554,A0A0R0JK61
10555,A0A0R0JK68
10556,A0A0R0JK71
10557,A0A0R0JK73
10558,A0A0R0JK88
10559,A0A0R0JKA3
10560,A0A0R0JKA4
10561,A0A0R0JKA5
10562,A0A0R0JKA9
10563,A0A0R0JKC1
10564,A0A0R0JKC2
10565,A0A0R0JKD7
10566,A0A0R0JKE1
10567,A0A0R0JKE3
10568,A0A0R0JKE6
10569,A0A0R0JKE8
10570,A0A0R0JKE9
10571,A0A0R0JKF2
10572,A0A0R0JKF6
10573,A0A0R0JKF8
10574,A0A0R0JKG5
10575,A0A0R0JKG8
10576,A0A0R0JKH3
10577,A0A0R0JKH7
10578,A0A0R0JKH8
10579,A0A0R0JKI3
10580,A0A0R0JKI5
10581,A0A0R0JKI6
10582,A0A0R0JKI7
10583,A0A0R0JKK0
10584,A0A0R0JKK1
10585,A0A0R0JKL0
10586,A0A0R0JKL7
10587,A0A0R0JKL9
10588,A0A0R0JKM2
10589,A0A0R0JKN5
10590,A0A0R0JKN8
10591,A0A0R0JKP5
10592,A0A0R0JKP6
10593,A0A0R0JKP9
10594,A0A0R0JKQ1
10595,A0A0R0JKQ3
10596,A0A0R0JKQ9
10597,A0A0R0JKR1
10598,A0A0R0JKR6
10599,A0A0R0JKR9
10600,A0A0R0JKS0
10601,A0A0R0JKS9
10602,A0A0R0JKT1
10603,A0A0R0JKT8
10604,A0A0R0JKU0
10605,A0A0R0JKU3
10606,A0A0R0JKV2
10607,A0A0R0JKV3
10608,A0A0R0JKW9
10609,A0A0R0JKX3
10610,A0A0R0JKX7
10611,A0A0R0JKY5
10612,A0A0R0JKY7
10613,A0A0R0JKZ2
10614,A0A0R0JKZ3
10615,A0A0R0JKZ4
10616,A0A0R0JKZ6
10617,A0A0R0JL02
10618,A0A0R0JL03
10619,A0A0R0JL04
10620,A0A0R0JL12
10621,A0A0R0JL19
10622,A0A0R0JL21
10623,A0A0R0JL23
10624,A0A0R0JL28
10625,A0A0R0JL31
10626,A0A0R0JL37
10627,A0A0R0JL42
10628,A0A0R0JL48
10629,A0A0R0JL49
10630,A0A0R0JL56
10631,A0A0R0JL64
10632,A0A0R0JL65
10633,A0A0R0JL66
10634,A0A0R0JL71
10635,A0A0R0JL78
10636,A0A0R0JL82
10637,A0A0R0JL83
10638,A0A0R0JL91
10639,A0A0R0JL93
10640,A0A0R0JL94
10641,A0A0R0JL96
10642,A0A0R0JLA2
10643,A0A0R0JLB3
10644,A0A0R0JLB6
10645,A0A0R0JLB9
10646,A0A0R0JLC2
10647,A0A0R0JLC3
10648,A0A0R0JLC5
10649,A0A0R0JLC9
10650,A0A0R0JLD1
10651,A0A0R0JLD5
10652,A0A0R0JLE7
10653,A0A0R0JLF4
10654,A0A0R0JLF5
10655,A0A0R0JLF7
10656,A0A0R0JLF8
10657,A0A0R0JLF9
10658,A0A0R0JLG2
10659,A0A0R0JLG5
10660,A0A0R0JLG6
10661,A0A0R0JLG7
10662,A0A0R0JLH6
10663,A0A0R0JLH7
10664,A0A0R0JLI3
10665,A0A0R0JLJ2
10666,A0A0R0JLK1
10667,A0A0R0JLK2
10668,A0A0R0JLK7
10669,A0A0R0JLK8
10670,A0A0R0JLK9
10671,A0A0R0JLL6
10672,A0A0R0JLL8
10673,A0A0R0JLM2
10674,A0A0R0JLM4
10675,A0A0R0JLM5
10676,A0A0R0JLM8
10677,A0A0R0JLM9
10678,A0A0R0JLN2
10679,A0A0R0JLN5
10680,A0A0R0JLN6
10681,A0A0R0JLP0
10682,A0A0R0JLP6
10683,A0A0R0JLP8
10684,A0A0R0JLQ4
10685,A0A0R0JLQ5
10686,A0A0R0JLQ6
10687,A0A0R0JLQ8
10688,A0A0R0JLR4
10689,A0A0R0JLT4
10690,A0A0R0JLT7
10691,A0A0R0JLU0
10692,A0A0R0JLU8
10693,A0A0R0JLV0
10694,A0A0R0JLV4
10695,A0A0R0JLV6
10696,A0A0R0JLW9
10697,A0A0R0JLX5
10698,A0A0R0JLX7
10699,A0A0R0JLY0
10700,A0A0R0JLY9
10701,A0A0R0JLZ1
10702,A0A0R0JLZ2
10703,A0A0R0JLZ7
10704,A0A0R0JM00
10705,A0A0R0JM02
10706,A0A0R0JM03
10707,A0A0R0JM06
10708,A0A0R0JM07
10709,A0A0R0JM10
10710,A0A0R0JM12
10711,A0A0R0JM20
10712,A0A0R0JM22
10713,A0A0R0JM25
10714,A0A0R0JM27
10715,A0A0R0JM36
10716,A0A0R0JM44
10717,A0A0R0JM46
10718,A0A0R0JM53
10719,A0A0R0JM57
10720,A0A0R0JM62
10721,A0A0R0JM63
10722,A0A0R0JM72
10723,A0A0R0JM75
10724,A0A0R0JM76
10725,A0A0R0JM88
10726,A0A0R0JM97
10727,A0A0R0JMA2
10728,A0A0R0JMA9
10729,A0A0R0JMB1
10730,A0A0R0JMD0
10731,A0A0R0JMD5
10732,A0A0R0JMD6
10733,A0A0R0JMF9
10734,A0A0R0JMG2
10735,A0A0R0JMG4
10736,A0A0R0JMH6
10737,A0A0R0JMI0
10738,A0A0R0JMI8
10739,A0A0R0JMI9
10740,A0A0R0JMJ5
10741,A0A0R0JMJ9
10742,A0A0R0JMK6
10743,A0A0R0JML6
10744,A0A0R0JMM8
10745,A0A0R0JMN0
10746,A0A0R0JMP6
10747,A0A0R0JMQ1
10748,A0A0R0JMR1
10749,A0A0R0JMR6
10750,A0A0R0JMS2
10751,A0A0R0JMS8
10752,A0A0R0JMT7
10753,A0A0R0JMU1
10754,A0A0R0JMU3
10755,A0A0R0JMU5
10756,A0A0R0JMU9
10757,A0A0R0JMW0
10758,A0A0R0JMW1
10759,A0A0R0JMX9
10760,A0A0R0JMZ1
10761,A0A0R0JMZ4
10762,A0A0R0JMZ9
10763,A0A0R0JN23
10764,A0A0R0JN29
10765,A0A0R0JN30
10766,A0A0R0JN35
10767,A0A0R0JN45
10768,A0A0R0JN48
10769,A0A0R0JN49
10770,A0A0R0JN53
10771,A0A0R0JN56
10772,A0A0R0JN63
10773,A0A0R0JN76
10774,A0A0R0JN77
10775,A0A0R0JN81
10776,A0A0R0JN87
10777,A0A0R0JN88
10778,A0A0R0JNA4
10779,A0A0R0JNC2
10780,A0A0R0JNC7
10781,A0A0R0JND3
10782,A0A0R0JNE0
10783,A0A0R0JNE4
10784,A0A0R0JNF6
10785,A0A0R0JNG2
10786,A0A0R0JNG4
10787,A0A0R0JNH9
10788,A0A0R0JNI6
10789,A0A0R0JNJ2
10790,A0A0R0JNK4
10791,A0A0R0JNL1
10792,A0A0R0JNL9
10793,A0A0R0JNM4
10794,A0A0R0JNM5
10795,A0A0R0JNM8
10796,A0A0R0JNP3
10797,A0A0R0JNR2
10798,A0A0R0JNR4
10799,A0A0R0JNR8
10800,A0A0R0JNS2
10801,A0A0R0JNU0
10802,A0A0R0JNW3
10803,A0A0R0JNX8
10804,A0A0R0JNZ6
10805,A0A0R0JNZ7
10806,A0A0R0JP05
10807,A0A0R0JP17
10808,A0A0R0JP19
10809,A0A0R0JP40
10810,A0A0R0JP45
10811,A0A0R0JP47
10812,A0A0R0JP60
10813,A0A0R0JP65
10814,A0A0R0JP74
10815,A0A0R0JP77
10816,A0A0R0JP87
10817,A0A0R0JPA1
10818,A0A0R0JPA2
10819,A0A0R0JPA4
10820,A0A0R0JPA7
10821,A0A0R0JPA8
10822,A0A0R0JPB9
10823,A0A0R0JPC3
10824,A0A0R0JPC9
10825,A0A0R0JPD4
10826,A0A0R0JPE3
10827,A0A0R0JPE8
10828,A0A0R0JPE9
10829,A0A0R0JPF1
10830,A0A0R0JPF5
10831,A0A0R0JPH2
10832,A0A0R0JPH3
10833,A0A0R0JPH9
10834,A0A0R0JPI0
10835,A0A0R0JPI3
10836,A0A0R0JPJ1
10837,A0A0R0JPJ2
10838,A0A0R0JPJ6
10839,A0A0R0JPJ8
10840,A0A0R0JPK0
10841,A0A0R0JPK5
10842,A0A0R0JPK7
10843,A0A0R0JPL6
10844,A0A0R0JPL8
10845,A0A0R0JPN2
10846,A0A0R0JPP2
10847,A0A0R0JPP9
10848,A0A0R0JPQ2
10849,A0A0R0JPQ3
10850,A0A0R0JPQ7
10851,A0A0R0JPQ8
10852,A0A0R0JPQ9
10853,A0A0R0JPR1
10854,A0A0R0JPR3
10855,A0A0R0JPR5
10856,A0A0R0JPT3
10857,A0A0R0JPU0
10858,A0A0R0JPU6
10859,A0A0R0JPU7
10860,A0A0R0JPV0
10861,A0A0R0JPV3
10862,A0A0R0JPV8
10863,A0A0R0JPX4
10864,A0A0R0JPZ0
10865,A0A0R0JPZ9
10866,A0A0R0JQ04
10867,A0A0R0JQ05
10868,A0A0R0JQ16
10869,A0A0R0JQ25
10870,A0A0R0JQ26
10871,A0A0R0JQ47
10872,A0A0R0JQ52
10873,A0A0R0JQ54
10874,A0A0R0JQ57
10875,A0A0R0JQ67
10876,A0A0R0JQ72
10877,A0A0R0JQ78
10878,A0A0R0JQ82
10879,A0A0R0JQ89
10880,A0A0R0JQ91
10881,A0A0R0JQ93
10882,A0A0R0JQ96
10883,A0A0R0JQA6
10884,A0A0R0JQA9
10885,A0A0R0JQB7
10886,A0A0R0JQC0
10887,A0A0R0JQC1
10888,A0A0R0JQC7
10889,A0A0R0JQC9
10890,A0A0R0JQD2
10891,A0A0R0JQD4
10892,A0A0R0JQE1
10893,A0A0R0JQE5
10894,A0A0R0JQF0
10895,A0A0R0JQF6
10896,A0A0R0JQF8
10897,A0A0R0JQG2
10898,A0A0R0JQG3
10899,A0A0R0JQG7
10900,A0A0R0JQH1
10901,A0A0R0JQH6
10902,A0A0R0JQH9
10903,A0A0R0JQI0
10904,A0A0R0JQI6
10905,A0A0R0JQJ0
10906,A0A0R0JQJ1
10907,A0A0R0JQJ6
10908,A0A0R0JQL0
10909,A0A0R0JQL3
10910,A0A0R0JQL7
10911,A0A0R0JQM0
10912,A0A0R0JQM2
10913,A0A0R0JQN2
10914,A0A0R0JQN6
10915,A0A0R0JQP9
10916,A0A0R0JQQ4
10917,A0A0R0JQR5
10918,A0A0R0JQR6
10919,A0A0R0JQS6
10920,A0A0R0JQS9
10921,A0A0R0JQT2
10922,A0A0R0JQT3
10923,A0A0R0JQU1
10924,A0A0R0JQU5
10925,A0A0R0JQV4
10926,A0A0R0JQV8
10927,A0A0R0JQW3
10928,A0A0R0JQW8
10929,A0A0R0JQX3
10930,A0A0R0JQZ2
10931,A0A0R0JQZ9
10932,A0A0R0JR01
10933,A0A0R0JR05
10934,A0A0R0JR10
10935,A0A0R0JR20
10936,A0A0R0JR23
10937,A0A0R0JR29
10938,A0A0R0JR31
10939,A0A0R0JR47
10940,A0A0R0JR50
10941,A0A0R0JR53
10942,A0A0R0JR64
10943,A0A0R0JR69
10944,A0A0R0JR82
10945,A0A0R0JR83
10946,A0A0R0JR84
10947,A0A0R0JR90
10948,A0A0R0JR96
10949,A0A0R0JRA3
10950,A0A0R0JRB0
10951,A0A0R0JRB2
10952,A0A0R0JRC0
10953,A0A0R0JRC5
10954,A0A0R0JRC9
10955,A0A0R0JRD2
10956,A0A0R0JRD7
10957,A0A0R0JRD8
10958,A0A0R0JRD9
10959,A0A0R0JRE3
10960,A0A0R0JRF0
10961,A0A0R0JRG3
10962,A0A0R0JRH4
10963,A0A0R0JRH9
10964,A0A0R0JRI1
10965,A0A0R0JRI3
10966,A0A0R0JRI4
10967,A0A0R0JRI6
10968,A0A0R0JRI8
10969,A0A0R0JRJ7
10970,A0A0R0JRJ8
10971,A0A0R0JRK1
10972,A0A0R0JRK5
10973,A0A0R0JRL3
10974,A0A0R0JRL8
10975,A0A0R0JRN8
10976,A0A0R0JRP2
10977,A0A0R0JRP6
10978,A0A0R0JRP8
10979,A0A0R0JRQ1
10980,A0A0R0JRQ4
10981,A0A0R0JRR0
10982,A0A0R0JRR1
10983,A0A0R0JRS6
10984,A0A0R0JRT2
10985,A0A0R0JRT5
10986,A0A0R0JRT6
10987,A0A0R0JRV0
10988,A0A0R0JRW0
10989,A0A0R0JRW3
10990,A0A0R0JRW9
10991,A0A0R0JRX1
10992,A0A0R0JRX8
10993,A0A0R0JRY0
10994,A0A0R0JRY3
10995,A0A0R0JRY7
10996,A0A0R0JRY9
10997,A0A0R0JRZ0
10998,A0A0R0JRZ2
10999,A0A0R0JRZ5
11000,A0A0R0JS01
11001,A0A0R0JS08
11002,A0A0R0JS13
11003,A0A0R0JS18
11004,A0A0R0JS23
11005,A0A0R0JS26
11006,A0A0R0JS40
11007,A0A0R0JS41
11008,A0A0R0JS46
11009,A0A0R0JS48
11010,A0A0R0JS54
11011,A0A0R0JS55
11012,A0A0R0JS60
11013,A0A0R0JS68
11014,A0A0R0JS69
11015,A0A0R0JS70
11016,A0A0R0JS72
11017,A0A0R0JS82
11018,A0A0R0JS86
11019,A0A0R0JS88
11020,A0A0R0JS90
11021,A0A0R0JSB0
11022,A0A0R0JSB5
11023,A0A0R0JSB6
11024,A0A0R0JSB8
11025,A0A0R0JSC0
11026,A0A0R0JSD6
11027,A0A0R0JSD8
11028,A0A0R0JSD9
11029,A0A0R0JSE2
11030,A0A0R0JSE8
11031,A0A0R0JSF3
11032,A0A0R0JSF7
11033,A0A0R0JSG2
11034,A0A0R0JSG3
11035,A0A0R0JSG4
11036,A0A0R0JSG7
11037,A0A0R0JSG8
11038,A0A0R0JSH1
11039,A0A0R0JSJ4
11040,A0A0R0JSJ9
11041,A0A0R0JSK0
11042,A0A0R0JSK2
11043,A0A0R0JSK5
11044,A0A0R0JSK7
11045,A0A0R0JSK8
11046,A0A0R0JSL0
11047,A0A0R0JSL2
11048,A0A0R0JSL7
11049,A0A0R0JSM3
11050,A0A0R0JSM5
11051,A0A0R0JSN0
11052,A0A0R0JSN3
11053,A0A0R0JSN9
11054,A0A0R0JSP2
11055,A0A0R0JSQ1
11056,A0A0R0JSR4
11057,A0A0R0JSS2
11058,A0A0R0JSS3
11059,A0A0R0JST2
11060,A0A0R0JST5
11061,A0A0R0JST6
11062,A0A0R0JST7
11063,A0A0R0JST8
11064,A0A0R0JST9
11065,A0A0R0JSU6
11066,A0A0R0JSU7
11067,A0A0R0JSV2
11068,A0A0R0JSV8
11069,A0A0R0JSW5
11070,A0A0R0JSW9
11071,A0A0R0JSX1
11072,A0A0R0JSX2
11073,A0A0R0JSX3
11074,A0A0R0JSY5
11075,A0A0R0JSZ4
11076,A0A0R0JSZ6
11077,A0A0R0JSZ7
11078,A0A0R0JT00
11079,A0A0R0JT09
11080,A0A0R0JT12
11081,A0A0R0JT14
11082,A0A0R0JT16
11083,A0A0R0JT19
11084,A0A0R0JT24
11085,A0A0R0JT33
11086,A0A0R0JT34
11087,A0A0R0JT38
11088,A0A0R0JT39
11089,A0A0R0JT45
11090,A0A0R0JT51
11091,A0A0R0JT57
11092,A0A0R0JT58
11093,A0A0R0JT68
11094,A0A0R0JT69
11095,A0A0R0JT71
11096,A0A0R0JT75
11097,A0A0R0JT94
11098,A0A0R0JT98
11099,A0A0R0JT99
11100,A0A0R0JTA4
11101,A0A0R0JTA5
11102,A0A0R0JTB1
11103,A0A0R0JTB3
11104,A0A0R0JTB9
11105,A0A0R0JTC0
11106,A0A0R0JTC2
11107,A0A0R0JTC5
11108,A0A0R0JTC7
11109,A0A0R0JTD7
11110,A0A0R0JTD9
11111,A0A0R0JTE2
11112,A0A0R0JTE4
11113,A0A0R0JTF0
11114,A0A0R0JTF4
11115,A0A0R0JTF7
11116,A0A0R0JTG6
11117,A0A0R0JTI7
11118,A0A0R0JTI9
11119,A0A0R0JTJ5
11120,A0A0R0JTJ8
11121,A0A0R0JTK1
11122,A0A0R0JTK3
11123,A0A0R0JTL1
11124,A0A0R0JTL6
11125,A0A0R0JTM3
11126,A0A0R0JTM5
11127,A0A0R0JTM8
11128,A0A0R0JTN1
11129,A0A0R0JTP2
11130,A0A0R0JTP4
11131,A0A0R0JTQ3
11132,A0A0R0JTR0
11133,A0A0R0JTR3
11134,A0A0R0JTR6
11135,A0A0R0JTR9
11136,A0A0R0JTS0
11137,A0A0R0JTS5
11138,A0A0R0JTT0
11139,A0A0R0JTT5
11140,A0A0R0JTT7
11141,A0A0R0JTU3
11142,A0A0R0JTU4
11143,A0A0R0JTU6
11144,A0A0R0JTU8
11145,A0A0R0JTU9
11146,A0A0R0JTV2
11147,A0A0R0JTV4
11148,A0A0R0JTV5
11149,A0A0R0JTW2
11150,A0A0R0JTX0
11151,A0A0R0JTY5
11152,A0A0R0JTY6
11153,A0A0R0JU00
11154,A0A0R0JU02
11155,A0A0R0JU12
11156,A0A0R0JU24
11157,A0A0R0JU28
11158,A0A0R0JU29
11159,A0A0R0JU30
11160,A0A0R0JU40
11161,A0A0R0JU43
11162,A0A0R0JU44
11163,A0A0R0JU48
11164,A0A0R0JU53
11165,A0A0R0JU54
11166,A0A0R0JU55
11167,A0A0R0JU59
11168,A0A0R0JU67
11169,A0A0R0JU68
11170,A0A0R0JU76
11171,A0A0R0JU82
11172,A0A0R0JU94
11173,A0A0R0JUA0
11174,A0A0R0JUA1
11175,A0A0R0JUA4
11176,A0A0R0JUA6
11177,A0A0R0JUB4
11178,A0A0R0JUC5
11179,A0A0R0JUD4
11180,A0A0R0JUD5
11181,A0A0R0JUD6
11182,A0A0R0JUF4
11183,A0A0R0JUF7
11184,A0A0R0JUH0
11185,A0A0R0JUH2
11186,A0A0R0JUI2
11187,A0A0R0JUK7
11188,A0A0R0JUL8
11189,A0A0R0JUM5
11190,A0A0R0JUM8
11191,A0A0R0JUP1
11192,A0A0R0JUP5
11193,A0A0R0JUP6
11194,A0A0R0JUP7
11195,A0A0R0JUQ7
11196,A0A0R0JUR3
11197,A0A0R0JUR6
11198,A0A0R0JUR7
11199,A0A0R0JUR8
11200,A0A0R0JUU4
11201,A0A0R0JUV9
11202,A0A0R0JUW7
11203,A0A0R0JUX1
11204,A0A0R0JUX6
11205,A0A0R0JUX7
11206,A0A0R0JUY3
11207,A0A0R0JUY4
11208,A0A0R0JUZ0
11209,A0A0R0JUZ4
11210,A0A0R0JUZ5
11211,A0A0R0JV01
11212,A0A0R0JV07
11213,A0A0R0JV11
11214,A0A0R0JV14
11215,A0A0R0JV18
11216,A0A0R0JV21
11217,A0A0R0JV24
11218,A0A0R0JV25
11219,A0A0R0JV43
11220,A0A0R0JV58
11221,A0A0R0JV70
11222,A0A0R0JV75
11223,A0A0R0JV76
11224,A0A0R0JV82
11225,A0A0R0JV91
11226,A0A0R0JVA4
11227,A0A0R0JVB4
11228,A0A0R0JVB5
11229,A0A0R0JVC3
11230,A0A0R0JVC6
11231,A0A0R0JVD6
11232,A0A0R0JVD7
11233,A0A0R0JVE0
11234,A0A0R0JVE2
11235,A0A0R0JVE6
11236,A0A0R0JVF4
11237,A0A0R0JVF5
11238,A0A0R0JVF6
11239,A0A0R0JVG0
11240,A0A0R0JVH0
11241,A0A0R0JVH7
11242,A0A0R0JVI8
11243,A0A0R0JVJ0
11244,A0A0R0JVJ2
11245,A0A0R0JVJ8
11246,A0A0R0JVL6
11247,A0A0R0JVL8
11248,A0A0R0JVL9
11249,A0A0R0JVQ5
11250,A0A0R0JVR1
11251,A0A0R0JVS6
11252,A0A0R0JVS7
11253,A0A0R0JVT8
11254,A0A0R0JVW1
11255,A0A0R0JVW7
11256,A0A0R0JVX9
11257,A0A0R0JVY2
11258,A0A0R0JVY8
11259,A0A0R0JVZ0
11260,A0A0R0JVZ4
11261,A0A0R0JVZ7
11262,A0A0R0JW03
11263,A0A0R0JW24
11264,A0A0R0JW28
11265,A0A0R0JW39
11266,A0A0R0JW45
11267,A0A0R0JW59
11268,A0A0R0JW61
11269,A0A0R0JW80
11270,A0A0R0JW83
11271,A0A0R0JW92
11272,A0A0R0JW99
11273,A0A0R0JWA0
11274,A0A0R0JWA4
11275,A0A0R0JWB8
11276,A0A0R0JWF2
11277,A0A0R0JWF4
11278,A0A0R0JWF6
11279,A0A0R0JWG1
11280,A0A0R0JWG5
11281,A0A0R0JWH1
11282,A0A0R0JWH7
11283,A0A0R0JWI7
11284,A0A0R0JWJ9
11285,A0A0R0JWK1
11286,A0A0R0JWK5
11287,A0A0R0JWL2
11288,A0A0R0JWM4
11289,A0A0R0JWM6
11290,A0A0R0JWP7
11291,A0A0R0JWQ5
11292,A0A0R0JWQ9
11293,A0A0R0JWS7
11294,A0A0R0JWS8
11295,A0A0R0JWT3
11296,A0A0R0JWU4
11297,A0A0R0JWV1
11298,A0A0R0JWV4
11299,A0A0R0JWW4
11300,A0A0R0JWX4
11301,A0A0R0JWY3
11302,A0A0R0JX23
11303,A0A0R0JX26
11304,A0A0R0JX32
11305,A0A0R0JX37
11306,A0A0R0JX38
11307,A0A0R0JX39
11308,A0A0R0JX50
11309,A0A0R0JX95
11310,A0A0R0JXA5
11311,A0A0R0JXA6
11312,A0A0R0JXB9
11313,A0A0R0JXE3
11314,A0A0R0JXF2
11315,A0A0R0JXG8
11316,A0A0R0JXH0
11317,A0A0R0JXH5
11318,A0A0R0JXI8
11319,A0A0R0JXI9
11320,A0A0R0JXJ2
11321,A0A0R0JXJ9
11322,A0A0R0JXK1
11323,A0A0R0JXK5
11324,A0A0R0JXL2
11325,A0A0R0JXM6
11326,A0A0R0JXM9
11327,A0A0R0JXQ6
11328,A0A0R0JXQ8
11329,A0A0R0JXQ9
11330,A0A0R0JXR1
11331,A0A0R0JXR3
11332,A0A0R0JXR5
11333,A0A0R0JXR9
11334,A0A0R0JXS5
11335,A0A0R0JXS9
11336,A0A0R0JXT1
11337,A0A0R0JXU0
11338,A0A0R0JXW1
11339,A0A0R0JXW4
11340,A0A0R0JXX2
11341,A0A0R0JXX8
11342,A0A0R0JXY0
11343,A0A0R0JXZ1
11344,A0A0R0JXZ5
11345,A0A0R0JY10
11346,A0A0R0JY11
11347,A0A0R0JY21
11348,A0A0R0JY24
11349,A0A0R0JY26
11350,A0A0R0JY27
11351,A0A0R0JY28
11352,A0A0R0JY36
11353,A0A0R0JY38
11354,A0A0R0JY42
11355,A0A0R0JY43
11356,A0A0R0JY49
11357,A0A0R0JY55
11358,A0A0R0JY66
11359,A0A0R0JY72
11360,A0A0R0JY73
11361,A0A0R0JY86
11362,A0A0R0JYA8
11363,A0A0R0JYB5
11364,A0A0R0JYC4
11365,A0A0R0JYC7
11366,A0A0R0JYD0
11367,A0A0R0JYD6
11368,A0A0R0JYE7
11369,A0A0R0JYE8
11370,A0A0R0JYF2
11371,A0A0R0JYF3
11372,A0A0R0JYG7
11373,A0A0R0JYG8
11374,A0A0R0JYG9
11375,A0A0R0JYH5
11376,A0A0R0JYI2
11377,A0A0R0JYI4
11378,A0A0R0JYI5
11379,A0A0R0JYJ7
11380,A0A0R0JYK0
11381,A0A0R0JYK1
11382,A0A0R0JYL3
11383,A0A0R0JYL8
11384,A0A0R0JYM2
11385,A0A0R0JYM4
11386,A0A0R0JYP2
11387,A0A0R0JYQ1
11388,A0A0R0JYR4
11389,A0A0R0JYR8
11390,A0A0R0JYR9
11391,A0A0R0JYS1
11392,A0A0R0JYS7
11393,A0A0R0JYS8
11394,A0A0R0JYS9
11395,A0A0R0JYT1
11396,A0A0R0JYU2
11397,A0A0R0JYV2
11398,A0A0R0JYV4
11399,A0A0R0JYW4
11400,A0A0R0JYX3
11401,A0A0R0JYX8
11402,A0A0R0JYY0
11403,A0A0R0JYY8
11404,A0A0R0JYZ9
11405,A0A0R0JZ02
11406,A0A0R0JZ28
11407,A0A0R0JZ31
11408,A0A0R0JZ32
11409,A0A0R0JZ34
11410,A0A0R0JZ42
11411,A0A0R0JZ47
11412,A0A0R0JZ49
11413,A0A0R0JZ56
11414,A0A0R0JZ67
11415,A0A0R0JZ75
11416,A0A0R0JZ78
11417,A0A0R0JZ81
11418,A0A0R0JZ83
11419,A0A0R0JZ89
11420,A0A0R0JZ92
11421,A0A0R0JZ94
11422,A0A0R0JZ95
11423,A0A0R0JZ96
11424,A0A0R0JZA0
11425,A0A0R0JZA1
11426,A0A0R0JZA3
11427,A0A0R0JZA5
11428,A0A0R0JZA6
11429,A0A0R0JZA7
11430,A0A0R0JZB0
11431,A0A0R0JZB7
11432,A0A0R0JZC5
11433,A0A0R0JZC9
11434,A0A0R0JZD3
11435,A0A0R0JZD5
11436,A0A0R0JZE5
11437,A0A0R0JZE7
11438,A0A0R0JZF2
11439,A0A0R0JZG2
11440,A0A0R0JZG5
11441,A0A0R0JZI0
11442,A0A0R0JZI4
11443,A0A0R0JZI9
11444,A0A0R0JZJ1
11445,A0A0R0JZJ8
11446,A0A0R0JZK7
11447,A0A0R0JZL1
11448,A0A0R0JZL4
11449,A0A0R0JZM2
11450,A0A0R0JZP3
11451,A0A0R0JZP9
11452,A0A0R0JZQ4
11453,A0A0R0JZQ7
11454,A0A0R0JZR3
11455,A0A0R0JZS0
11456,A0A0R0JZU2
11457,A0A0R0JZV2
11458,A0A0R0JZV3
11459,A0A0R0JZV5
11460,A0A0R0JZV8
11461,A0A0R0JZV9
11462,A0A0R0JZW6
11463,A0A0R0JZX2
11464,A0A0R0JZY3
11465,A0A0R0JZY7
11466,A0A0R0JZY8
11467,A0A0R0JZZ3
11468,A0A0R0K006
11469,A0A0R0K012
11470,A0A0R0K016
11471,A0A0R0K041
11472,A0A0R0K055
11473,A0A0R0K058
11474,A0A0R0K063
11475,A0A0R0K064
11476,A0A0R0K074
11477,A0A0R0K082
11478,A0A0R0K083
11479,A0A0R0K095
11480,A0A0R0K096
11481,A0A0R0K098
11482,A0A0R0K099
11483,A0A0R0K0A7
11484,A0A0R0K0B7
11485,A0A0R0K0C4
11486,A0A0R0K0C5
11487,A0A0R0K0D1
11488,A0A0R0K0D2
11489,A0A0R0K0D5
11490,A0A0R0K0E5
11491,A0A0R0K0F1
11492,A0A0R0K0F5
11493,A0A0R0K0H1
11494,A0A0R0K0I2
11495,A0A0R0K0I4
11496,A0A0R0K0I8
11497,A0A0R0K0J3
11498,A0A0R0K0K3
11499,A0A0R0K0L0
11500,A0A0R0K0L2
11501,A0A0R0K0L5
11502,A0A0R0K0N4
11503,A0A0R0K0Q6
11504,A0A0R0K0R7
11505,A0A0R0K0S8
11506,A0A0R0K0T7
11507,A0A0R0K0U9
11508,A0A0R0K0V8
11509,A0A0R0K0W3
11510,A0A0R0K0X6
11511,A0A0R0K0X9
11512,A0A0R0K0Y8
11513,A0A0R0K0Z8
11514,A0A0R0K107
11515,A0A0R0K109
11516,A0A0R0K118
11517,A0A0R0K127
11518,A0A0R0K131
11519,A0A0R0K132
11520,A0A0R0K134
11521,A0A0R0K137
11522,A0A0R0K144
11523,A0A0R0K157
11524,A0A0R0K165
11525,A0A0R0K173
11526,A0A0R0K175
11527,A0A0R0K176
11528,A0A0R0K177
11529,A0A0R0K183
11530,A0A0R0K188
11531,A0A0R0K195
11532,A0A0R0K1A6
11533,A0A0R0K1B9
11534,A0A0R0K1D5
11535,A0A0R0K1E0
11536,A0A0R0K1F8
11537,A0A0R0K1I0
11538,A0A0R0K1I3
11539,A0A0R0K1L0
11540,A0A0R0K1M1
11541,A0A0R0K1M2
11542,A0A0R0K1P3
11543,A0A0R0K1Q6
11544,A0A0R0K1Q9
11545,A0A0R0K1R6
11546,A0A0R0K1S1
11547,A0A0R0K1S3
11548,A0A0R0K1U3
11549,A0A0R0K1U4
11550,A0A0R0K1V2
11551,A0A0R0K1V8
11552,A0A0R0K1W2
11553,A0A0R0K1W3
11554,A0A0R0K1X6
11555,A0A0R0K1X7
11556,A0A0R0K1Y9
11557,A0A0R0K1Z8
11558,A0A0R0K206
11559,A0A0R0K221
11560,A0A0R0K228
11561,A0A0R0K240
11562,A0A0R0K245
11563,A0A0R0K251
11564,A0A0R0K263
11565,A0A0R0K269
11566,A0A0R0K283
11567,A0A0R0K284
11568,A0A0R0K2A2
11569,A0A0R0K2B0
11570,A0A0R0K2B2
11571,A0A0R0K2C2
11572,A0A0R0K2D9
11573,A0A0R0K2F0
11574,A0A0R0K2F5
11575,A0A0R0K2F8
11576,A0A0R0K2G1
11577,A0A0R0K2I1
11578,A0A0R0K2I4
11579,A0A0R0K2I7
11580,A0A0R0K2K1
11581,A0A0R0K2K4
11582,A0A0R0K2K5
11583,A0A0R0K2L1
11584,A0A0R0K2M4
11585,A0A0R0K2N4
11586,A0A0R0K2N5
11587,A0A0R0K2N8
11588,A0A0R0K2P3
11589,A0A0R0K2P9
11590,A0A0R0K2Q3
11591,A0A0R0K2Q4
11592,A0A0R0K2Q5
11593,A0A0R0K2Q6
11594,A0A0R0K2R2
11595,A0A0R0K2S3
11596,A0A0R0K2T0
11597,A0A0R0K2U2
11598,A0A0R0K2V3
11599,A0A0R0K2V9
11600,A0A0R0K2W0
11601,A0A0R0K2W3
11602,A0A0R0K2W7
11603,A0A0R0K2X4
11604,A0A0R0K2X6
11605,A0A0R0K2Y7
11606,A0A0R0K2Z3
11607,A0A0R0K300
11608,A0A0R0K306
11609,A0A0R0K355
11610,A0A0R0K356
11611,A0A0R0K362
11612,A0A0R0K377
11613,A0A0R0K3A4
11614,A0A0R0K3A9
11615,A0A0R0K3B4
11616,A0A0R0K3C6
11617,A0A0R0K3C7
11618,A0A0R0K3F6
11619,A0A0R0K3H1
11620,A0A0R0K3H2
11621,A0A0R0K3J4
11622,A0A0R0K3J5
11623,A0A0R0K3J7
11624,A0A0R0K3K5
11625,A0A0R0K3K9
11626,A0A0R0K3L1
11627,A0A0R0K3L5
11628,A0A0R0K3M2
11629,A0A0R0K3N4
11630,A0A0R0K3P3
11631,A0A0R0K3P7
11632,A0A0R0K3Q6
11633,A0A0R0K3Q9
11634,A0A0R0K3S0
11635,A0A0R0K3S6
11636,A0A0R0K3S9
11637,A0A0R0K3T3
11638,A0A0R0K3U5
11639,A0A0R0K3W8
11640,A0A0R0K3X1
11641,A0A0R0K3X4
11642,A0A0R0K3Y5
11643,A0A0R0K3Z2
11644,A0A0R0K3Z3
11645,A0A0R0K3Z9
11646,A0A0R0K402
11647,A0A0R0K408
11648,A0A0R0K417
11649,A0A0R0K422
11650,A0A0R0K453
11651,A0A0R0K458
11652,A0A0R0K472
11653,A0A0R0K474
11654,A0A0R0K477
11655,A0A0R0K480
11656,A0A0R0K484
11657,A0A0R0K491
11658,A0A0R0K4A3
11659,A0A0R0K4A6
11660,A0A0R0K4C4
11661,A0A0R0K4C5
11662,A0A0R0K4E6
11663,A0A0R0K4F3
11664,A0A0R0K4F8
11665,A0A0R0K4G8
11666,A0A0R0K4H0
11667,A0A0R0K4H6
11668,A0A0R0K4H7
11669,A0A0R0K4H8
11670,A0A0R0K4I1
11671,A0A0R0K4J7
11672,A0A0R0K4K3
11673,A0A0R0K4N7
11674,A0A0R0K4P4
11675,A0A0R0K4R1
11676,A0A0R0K4W3
11677,A0A0R0K4W8
11678,A0A0R0K4X8
11679,A0A0R0K4Y1
11680,A0A0R0K4Y2
11681,A0A0R0K4Y7
11682,A0A0R0K4Z2
11683,A0A0R0K4Z4
11684,A0A0R0K4Z5
11685,A0A0R0K504
11686,A0A0R0K506
11687,A0A0R0K508
11688,A0A0R0K516
11689,A0A0R0K520
11690,A0A0R0K537
11691,A0A0R0K544
11692,A0A0R0K547
11693,A0A0R0K553
11694,A0A0R0K554
11695,A0A0R0K565
11696,A0A0R0K566
11697,A0A0R0K568
11698,A0A0R0K569
11699,A0A0R0K588
11700,A0A0R0K592
11701,A0A0R0K593
11702,A0A0R0K5A1
11703,A0A0R0K5A2
11704,A0A0R0K5A5
11705,A0A0R0K5C2
11706,A0A0R0K5D1
11707,A0A0R0K5D2
11708,A0A0R0K5D9
11709,A0A0R0K5E1
11710,A0A0R0K5F6
11711,A0A0R0K5G7
11712,A0A0R0K5H3
11713,A0A0R0K5H4
11714,A0A0R0K5H8
11715,A0A0R0K5I7
11716,A0A0R0K5I8
11717,A0A0R0K5J9
11718,A0A0R0K5K3
11719,A0A0R0K5L0
11720,A0A0R0K5N2
11721,A0A0R0K5N3
11722,A0A0R0K5N4
11723,A0A0R0K5P1
11724,A0A0R0K5Q4
11725,A0A0R0K5S1
11726,A0A0R0K5U2
11727,A0A0R0K5U6
11728,A0A0R0K5V3
11729,A0A0R0K5W0
11730,A0A0R0K5W4
11731,A0A0R0K5X1
11732,A0A0R0K5X3
11733,A0A0R0K5X4
11734,A0A0R0K5Y1
11735,A0A0R0K5Y3
11736,A0A0R0K625
11737,A0A0R0K648
11738,A0A0R0K659
11739,A0A0R0K661
11740,A0A0R0K666
11741,A0A0R0K667
11742,A0A0R0K672
11743,A0A0R0K679
11744,A0A0R0K698
11745,A0A0R0K6A7
11746,A0A0R0K6C1
11747,A0A0R0K6D3
11748,A0A0R0K6D8
11749,A0A0R0K6E6
11750,A0A0R0K6F3
11751,A0A0R0K6F4
11752,A0A0R0K6F6
11753,A0A0R0K6G2
11754,A0A0R0K6G4
11755,A0A0R0K6G7
11756,A0A0R0K6H1
11757,A0A0R0K6H9
11758,A0A0R0K6I2
11759,A0A0R0K6I8
11760,A0A0R0K6L0
11761,A0A0R0K6M5
11762,A0A0R0K6N2
11763,A0A0R0K6N4
11764,A0A0R0K6N7
11765,A0A0R0K6P0
11766,A0A0R0K6P4
11767,A0A0R0K6R0
11768,A0A0R0K6R3
11769,A0A0R0K6S2
11770,A0A0R0K6S7
11771,A0A0R0K6T2
11772,A0A0R0K6T3
11773,A0A0R0K6T6
11774,A0A0R0K6T9
11775,A0A0R0K6U3
11776,A0A0R0K6U4
11777,A0A0R0K6V9
11778,A0A0R0K6W7
11779,A0A0R0K6W9
11780,A0A0R0K6X9
11781,A0A0R0K6Y9
11782,A0A0R0K6Z1
11783,A0A0R0K6Z5
11784,A0A0R0K6Z6
11785,A0A0R0K703
11786,A0A0R0K710
11787,A0A0R0K711
11788,A0A0R0K718
11789,A0A0R0K737
11790,A0A0R0K740
11791,A0A0R0K768
11792,A0A0R0K769
11793,A0A0R0K783
11794,A0A0R0K784
11795,A0A0R0K792
11796,A0A0R0K798
11797,A0A0R0K7A8
11798,A0A0R0K7A9
11799,A0A0R0K7B2
11800,A0A0R0K7B3
11801,A0A0R0K7B5
11802,A0A0R0K7C0
11803,A0A0R0K7C6
11804,A0A0R0K7C7
11805,A0A0R0K7C9
11806,A0A0R0K7D1
11807,A0A0R0K7D8
11808,A0A0R0K7F1
11809,A0A0R0K7G1
11810,A0A0R0K7G7
11811,A0A0R0K7H5
11812,A0A0R0K7H6
11813,A0A0R0K7I0
11814,A0A0R0K7J0
11815,A0A0R0K7J6
11816,A0A0R0K7M8
11817,A0A0R0K7N2
11818,A0A0R0K7N3
11819,A0A0R0K7P0
11820,A0A0R0K7P2
11821,A0A0R0K7P3
11822,A0A0R0K7P9
11823,A0A0R0K7Q3
11824,A0A0R0K7Q4
11825,A0A0R0K7Q6
11826,A0A0R0K7Q8
11827,A0A0R0K7Q9
11828,A0A0R0K7R6
11829,A0A0R0K7R7
11830,A0A0R0K7S2
11831,A0A0R0K7S3
11832,A0A0R0K7S6
11833,A0A0R0K7S9
11834,A0A0R0K7T4
11835,A0A0R0K7T6
11836,A0A0R0K7U0
11837,A0A0R0K7V1
11838,A0A0R0K7W7
11839,A0A0R0K7W8
11840,A0A0R0K7W9
11841,A0A0R0K7X4
11842,A0A0R0K7X7
11843,A0A0R0K7Y3
11844,A0A0R0K7Y8
11845,A0A0R0K7Y9
11846,A0A0R0K7Z3
11847,A0A0R0K7Z5
11848,A0A0R0K7Z7
11849,A0A0R0K805
11850,A0A0R0K813
11851,A0A0R0K818
11852,A0A0R0K820
11853,A0A0R0K821
11854,A0A0R0K826
11855,A0A0R0K839
11856,A0A0R0K847
11857,A0A0R0K848
11858,A0A0R0K856
11859,A0A0R0K866
11860,A0A0R0K867
11861,A0A0R0K870
11862,A0A0R0K872
11863,A0A0R0K880
11864,A0A0R0K881
11865,A0A0R0K884
11866,A0A0R0K886
11867,A0A0R0K889
11868,A0A0R0K893
11869,A0A0R0K895
11870,A0A0R0K8A0
11871,A0A0R0K8A6
11872,A0A0R0K8B4
11873,A0A0R0K8D1
11874,A0A0R0K8D4
11875,A0A0R0K8D7
11876,A0A0R0K8E3
11877,A0A0R0K8G3
11878,A0A0R0K8H1
11879,A0A0R0K8H4
11880,A0A0R0K8H5
11881,A0A0R0K8H6
11882,A0A0R0K8I6
11883,A0A0R0K8I8
11884,A0A0R0K8J1
11885,A0A0R0K8J3
11886,A0A0R0K8K0
11887,A0A0R0K8K4
11888,A0A0R0K8L3
11889,A0A0R0K8M4
11890,A0A0R0K8M6
11891,A0A0R0K8N1
11892,A0A0R0K8N6
11893,A0A0R0K8P2
11894,A0A0R0K8P5
11895,A0A0R0K8Q9
11896,A0A0R0K8R8
11897,A0A0R0K8T2
11898,A0A0R0K8U1
11899,A0A0R0K8U2
11900,A0A0R0K8U5
11901,A0A0R0K8V2
11902,A0A0R0K8V9
11903,A0A0R0K8W7
11904,A0A0R0K8X2
11905,A0A0R0K8Z8
11906,A0A0R0K914
11907,A0A0R0K918
11908,A0A0R0K933
11909,A0A0R0K935
11910,A0A0R0K941
11911,A0A0R0K947
11912,A0A0R0K953
11913,A0A0R0K962
11914,A0A0R0K963
11915,A0A0R0K964
11916,A0A0R0K972
11917,A0A0R0K976
11918,A0A0R0K980
11919,A0A0R0K983
11920,A0A0R0K991
11921,A0A0R0K994
11922,A0A0R0K9B3
11923,A0A0R0K9B7
11924,A0A0R0K9C5
11925,A0A0R0K9D7
11926,A0A0R0K9E0
11927,A0A0R0K9E2
11928,A0A0R0K9E3
11929,A0A0R0K9E4
11930,A0A0R0K9E7
11931,A0A0R0K9F1
11932,A0A0R0K9F8
11933,A0A0R0K9H0
11934,A0A0R0K9H9
11935,A0A0R0K9I6
11936,A0A0R0K9J7
11937,A0A0R0K9J8
11938,A0A0R0K9M1
11939,A0A0R0K9M3
11940,A0A0R0K9M8
11941,A0A0R0K9N2
11942,A0A0R0K9N8
11943,A0A0R0K9P1
11944,A0A0R0K9P7
11945,A0A0R0K9Q1
11946,A0A0R0K9R8
11947,A0A0R0K9R9
11948,A0A0R0K9S8
11949,A0A0R0K9T4
11950,A0A0R0K9U7
11951,A0A0R0K9W4
11952,A0A0R0K9W5
11953,A0A0R0K9Y0
11954,A0A0R0K9Y3
11955,A0A0R0K9Y8
11956,A0A0R0K9Z2
11957,A0A0R0K9Z4
11958,A0A0R0K9Z8
11959,A0A0R0KA04
11960,A0A0R0KA08
11961,A0A0R0KA19
11962,A0A0R0KA28
11963,A0A0R0KA35
11964,A0A0R0KA42
11965,A0A0R0KA43
11966,A0A0R0KA58
11967,A0A0R0KA65
11968,A0A0R0KA84
11969,A0A0R0KA90
11970,A0A0R0KAA0
11971,A0A0R0KAA5
11972,A0A0R0KAA7
11973,A0A0R0KAA8
11974,A0A0R0KAB8
11975,A0A0R0KAD1
11976,A0A0R0KAD7
11977,A0A0R0KAE9
11978,A0A0R0KAF2
11979,A0A0R0KAI4
11980,A0A0R0KAJ0
11981,A0A0R0KAJ2
11982,A0A0R0KAJ9
11983,A0A0R0KAK4
11984,A0A0R0KAM2
11985,A0A0R0KAM7
11986,A0A0R0KAM8
11987,A0A0R0KAP7
11988,A0A0R0KAQ6
11989,A0A0R0KAQ7
11990,A0A0R0KAR2
11991,A0A0R0KAT4
11992,A0A0R0KAU5
11993,A0A0R0KAU7
11994,A0A0R0KAV3
11995,A0A0R0KAW0
11996,A0A0R0KAW3
11997,A0A0R0KAX3
11998,A0A0R0KAX4
11999,A0A0R0KAY0
12000,A0A0R0KB07
12001,A0A0R0KB11
12002,A0A0R0KB18
12003,A0A0R0KB19
12004,A0A0R0KB22
12005,A0A0R0KB27
12006,A0A0R0KB30
12007,A0A0R0KB36
12008,A0A0R0KB40
12009,A0A0R0KB44
12010,A0A0R0KB48
12011,A0A0R0KB56
12012,A0A0R0KB65
12013,A0A0R0KB87
12014,A0A0R0KB91
12015,A0A0R0KB97
12016,A0A0R0KBA4
12017,A0A0R0KBD1
12018,A0A0R0KBE8
12019,A0A0R0KBF2
12020,A0A0R0KBF7
12021,A0A0R0KBI0
12022,A0A0R0KBI3
12023,A0A0R0KBI5
12024,A0A0R0KBJ5
12025,A0A0R0KBM6
12026,A0A0R0KBN0
12027,A0A0R0KBQ9
12028,A0A0R0KBR1
12029,A0A0R0KBR6
12030,A0A0R0KBS1
12031,A0A0R0KBS2
12032,A0A0R0KBT6
12033,A0A0R0KBT7
12034,A0A0R0KBT8
12035,A0A0R0KBV4
12036,A0A0R0KBV8
12037,A0A0R0KBW2
12038,A0A0R0KBW5
12039,A0A0R0KBW8
12040,A0A0R0KBX3
12041,A0A0R0KBX5
12042,A0A0R0KBY2
12043,A0A0R0KBZ5
12044,A0A0R0KC02
12045,A0A0R0KC15
12046,A0A0R0KC17
12047,A0A0R0KC21
12048,A0A0R0KC23
12049,A0A0R0KC24
12050,A0A0R0KC51
12051,A0A0R0KC54
12052,A0A0R0KC62
12053,A0A0R0KC66
12054,A0A0R0KC69
12055,A0A0R0KC70
12056,A0A0R0KC75
12057,A0A0R0KC76
12058,A0A0R0KC88
12059,A0A0R0KC93
12060,A0A0R0KCA2
12061,A0A0R0KCA3
12062,A0A0R0KCA8
12063,A0A0R0KCA9
12064,A0A0R0KCB2
12065,A0A0R0KCB6
12066,A0A0R0KCB7
12067,A0A0R0KCC3
12068,A0A0R0KCD2
12069,A0A0R0KCF2
12070,A0A0R0KCF3
12071,A0A0R0KCG1
12072,A0A0R0KCG8
12073,A0A0R0KCH5
12074,A0A0R0KCI9
12075,A0A0R0KCL7
12076,A0A0R0KCL8
12077,A0A0R0KCM1
12078,A0A0R0KCM6
12079,A0A0R0KCM8
12080,A0A0R0KCP0
12081,A0A0R0KCP1
12082,A0A0R0KCQ0
12083,A0A0R0KCQ4
12084,A0A0R0KCR2
12085,A0A0R0KCR7
12086,A0A0R0KCS5
12087,A0A0R0KCT0
12088,A0A0R0KCT5
12089,A0A0R0KCT6
12090,A0A0R0KCT7
12091,A0A0R0KCT9
12092,A0A0R0KCV3
12093,A0A0R0KCW2
12094,A0A0R0KCW3
12095,A0A0R0KCW5
12096,A0A0R0KCW6
12097,A0A0R0KCY1
12098,A0A0R0KCY4
12099,A0A0R0KCZ2
12100,A0A0R0KCZ8
12101,A0A0R0KCZ9
12102,A0A0R0KD04
12103,A0A0R0KD07
12104,A0A0R0KD11
12105,A0A0R0KD14
12106,A0A0R0KD24
12107,A0A0R0KD28
12108,A0A0R0KD34
12109,A0A0R0KD43
12110,A0A0R0KD51
12111,A0A0R0KD57
12112,A0A0R0KD58
12113,A0A0R0KD59
12114,A0A0R0KD75
12115,A0A0R0KD83
12116,A0A0R0KD86
12117,A0A0R0KD95
12118,A0A0R0KDD1
12119,A0A0R0KDD4
12120,A0A0R0KDF6
12121,A0A0R0KDF7
12122,A0A0R0KDF8
12123,A0A0R0KDF9
12124,A0A0R0KDG1
12125,A0A0R0KDG2
12126,A0A0R0KDG3
12127,A0A0R0KDG4
12128,A0A0R0KDG6
12129,A0A0R0KDI3
12130,A0A0R0KDI6
12131,A0A0R0KDJ9
12132,A0A0R0KDK7
12133,A0A0R0KDL2
12134,A0A0R0KDL3
12135,A0A0R0KDL4
12136,A0A0R0KDL7
12137,A0A0R0KDM7
12138,A0A0R0KDN3
12139,A0A0R0KDP2
12140,A0A0R0KDP3
12141,A0A0R0KDQ2
12142,A0A0R0KDQ3
12143,A0A0R0KDR1
12144,A0A0R0KDT0
12145,A0A0R0KDU4
12146,A0A0R0KDU7
12147,A0A0R0KDW2
12148,A0A0R0KDW4
12149,A0A0R0KDX4
12150,A0A0R0KDY6
12151,A0A0R0KDZ1
12152,A0A0R0KDZ9
12153,A0A0R0KE04
12154,A0A0R0KE06
12155,A0A0R0KE09
12156,A0A0R0KE13
12157,A0A0R0KE20
12158,A0A0R0KE25
12159,A0A0R0KE26
12160,A0A0R0KE28
12161,A0A0R0KE29
12162,A0A0R0KE30
12163,A0A0R0KE31
12164,A0A0R0KE40
12165,A0A0R0KE41
12166,A0A0R0KE56
12167,A0A0R0KE59
12168,A0A0R0KE61
12169,A0A0R0KE62
12170,A0A0R0KE66
12171,A0A0R0KE68
12172,A0A0R0KE69
12173,A0A0R0KE73
12174,A0A0R0KE76
12175,A0A0R0KE80
12176,A0A0R0KE81
12177,A0A0R0KE85
12178,A0A0R0KE94
12179,A0A0R0KEA4
12180,A0A0R0KEA6
12181,A0A0R0KEA7
12182,A0A0R0KEB8
12183,A0A0R0KEB9
12184,A0A0R0KEC2
12185,A0A0R0KEC3
12186,A0A0R0KEC4
12187,A0A0R0KED0
12188,A0A0R0KED1
12189,A0A0R0KED3
12190,A0A0R0KED8
12191,A0A0R0KEE8
12192,A0A0R0KEF3
12193,A0A0R0KEF4
12194,A0A0R0KEH1
12195,A0A0R0KEH2
12196,A0A0R0KEH8
12197,A0A0R0KEI3
12198,A0A0R0KEI4
12199,A0A0R0KEI9
12200,A0A0R0KEJ6
12201,A0A0R0KEK1
12202,A0A0R0KEK4
12203,A0A0R0KEK5
12204,A0A0R0KEL1
12205,A0A0R0KEM0
12206,A0A0R0KEM2
12207,A0A0R0KEM4
12208,A0A0R0KEM6
12209,A0A0R0KEN4
12210,A0A0R0KEN7
12211,A0A0R0KEP0
12212,A0A0R0KEP1
12213,A0A0R0KEP3
12214,A0A0R0KEP4
12215,A0A0R0KEP5
12216,A0A0R0KEP6
12217,A0A0R0KEP9
12218,A0A0R0KEQ1
12219,A0A0R0KEQ2
12220,A0A0R0KEQ6
12221,A0A0R0KER3
12222,A0A0R0KER6
12223,A0A0R0KER8
12224,A0A0R0KES2
12225,A0A0R0KES8
12226,A0A0R0KET0
12227,A0A0R0KET2
12228,A0A0R0KET5
12229,A0A0R0KET8
12230,A0A0R0KEU4
12231,A0A0R0KEU5
12232,A0A0R0KEV4
12233,A0A0R0KEV5
12234,A0A0R0KEV8
12235,A0A0R0KEW6
12236,A0A0R0KEX0
12237,A0A0R0KEX4
12238,A0A0R0KEX8
12239,A0A0R0KEX9
12240,A0A0R0KEY2
12241,A0A0R0KEY9
12242,A0A0R0KEZ0
12243,A0A0R0KEZ3
12244,A0A0R0KEZ7
12245,A0A0R0KEZ9
12246,A0A0R0KF00
12247,A0A0R0KF01
12248,A0A0R0KF02
12249,A0A0R0KF03
12250,A0A0R0KF04
12251,A0A0R0KF10
12252,A0A0R0KF13
12253,A0A0R0KF15
12254,A0A0R0KF23
12255,A0A0R0KF31
12256,A0A0R0KF36
12257,A0A0R0KF41
12258,A0A0R0KF44
12259,A0A0R0KF47
12260,A0A0R0KF48
12261,A0A0R0KF53
12262,A0A0R0KF64
12263,A0A0R0KF65
12264,A0A0R0KF67
12265,A0A0R0KF68
12266,A0A0R0KF72
12267,A0A0R0KF76
12268,A0A0R0KF80
12269,A0A0R0KF82
12270,A0A0R0KF86
12271,A0A0R0KF87
12272,A0A0R0KF90
12273,A0A0R0KF93
12274,A0A0R0KF98
12275,A0A0R0KFA5
12276,A0A0R0KFA8
12277,A0A0R0KFA9
12278,A0A0R0KFB0
12279,A0A0R0KFB1
12280,A0A0R0KFB7
12281,A0A0R0KFB8
12282,A0A0R0KFC2
12283,A0A0R0KFC3
12284,A0A0R0KFC4
12285,A0A0R0KFC6
12286,A0A0R0KFC7
12287,A0A0R0KFD0
12288,A0A0R0KFD9
12289,A0A0R0KFE2
12290,A0A0R0KFE5
12291,A0A0R0KFE8
12292,A0A0R0KFF0
12293,A0A0R0KFF9
12294,A0A0R0KFG3
12295,A0A0R0KFG4
12296,A0A0R0KFG5
12297,A0A0R0KFH3
12298,A0A0R0KFH5
12299,A0A0R0KFH6
12300,A0A0R0KFH8
12301,A0A0R0KFI1
12302,A0A0R0KFI5
12303,A0A0R0KFI6
12304,A0A0R0KFI8
12305,A0A0R0KFI9
12306,A0A0R0KFJ0
12307,A0A0R0KFJ1
12308,A0A0R0KFJ2
12309,A0A0R0KFJ7
12310,A0A0R0KFJ8
12311,A0A0R0KFK3
12312,A0A0R0KFK9
12313,A0A0R0KFL0
12314,A0A0R0KFL6
12315,A0A0R0KFL7
12316,A0A0R0KFM2
12317,A0A0R0KFM3
12318,A0A0R0KFM4
12319,A0A0R0KFN2
12320,A0A0R0KFN4
12321,A0A0R0KFN9
12322,A0A0R0KFP2
12323,A0A0R0KFP6
12324,A0A0R0KFP7
12325,A0A0R0KFP8
12326,A0A0R0KFP9
12327,A0A0R0KFQ3
12328,A0A0R0KFR1
12329,A0A0R0KFR5
12330,A0A0R0KFS1
12331,A0A0R0KFS4
12332,A0A0R0KFS7
12333,A0A0R0KFT3
12334,A0A0R0KFT4
12335,A0A0R0KFT9
12336,A0A0R0KFU5
12337,A0A0R0KFU6
12338,A0A0R0KFU8
12339,A0A0R0KFV2
12340,A0A0R0KFV6
12341,A0A0R0KFV8
12342,A0A0R0KFW3
12343,A0A0R0KFW7
12344,A0A0R0KFX0
12345,A0A0R0KFX3
12346,A0A0R0KFX4
12347,A0A0R0KFY0
12348,A0A0R0KFY2
12349,A0A0R0KFY8
12350,A0A0R0KFY9
12351,A0A0R0KG07
12352,A0A0R0KG11
12353,A0A0R0KG12
12354,A0A0R0KG18
12355,A0A0R0KG30
12356,A0A0R0KG32
12357,A0A0R0KG45
12358,A0A0R0KG48
12359,A0A0R0KG51
12360,A0A0R0KG55
12361,A0A0R0KG63
12362,A0A0R0KG64
12363,A0A0R0KG65
12364,A0A0R0KG72
12365,A0A0R0KG74
12366,A0A0R0KG76
12367,A0A0R0KG80
12368,A0A0R0KG81
12369,A0A0R0KG82
12370,A0A0R0KG86
12371,A0A0R0KG90
12372,A0A0R0KG95
12373,A0A0R0KG98
12374,A0A0R0KGB1
12375,A0A0R0KGC0
12376,A0A0R0KGC4
12377,A0A0R0KGC5
12378,A0A0R0KGD3
12379,A0A0R0KGD7
12380,A0A0R0KGE3
12381,A0A0R0KGF0
12382,A0A0R0KGF8
12383,A0A0R0KGG0
12384,A0A0R0KGG4
12385,A0A0R0KGH0
12386,A0A0R0KGH8
12387,A0A0R0KGI4
12388,A0A0R0KGK2
12389,A0A0R0KGL1
12390,A0A0R0KGL7
12391,A0A0R0KGM3
12392,A0A0R0KGM4
12393,A0A0R0KGN5
12394,A0A0R0KGN7
12395,A0A0R0KGN8
12396,A0A0R0KGP0
12397,A0A0R0KGP1
12398,A0A0R0KGP4
12399,A0A0R0KGP6
12400,A0A0R0KGP8
12401,A0A0R0KGR0
12402,A0A0R0KGR6
12403,A0A0R0KGR9
12404,A0A0R0KGS2
12405,A0A0R0KGS3
12406,A0A0R0KGS9
12407,A0A0R0KGT3
12408,A0A0R0KGT7
12409,A0A0R0KGT8
12410,A0A0R0KGU0
12411,A0A0R0KGU2
12412,A0A0R0KGU3
12413,A0A0R0KGU5
12414,A0A0R0KGV0
12415,A0A0R0KGV4
12416,A0A0R0KGV5
12417,A0A0R0KGV7
12418,A0A0R0KGW3
12419,A0A0R0KGW6
12420,A0A0R0KGW9
12421,A0A0R0KGX3
12422,A0A0R0KGX5
12423,A0A0R0KGX6
12424,A0A0R0KGX9
12425,A0A0R0KGZ5
12426,A0A0R0KGZ6
12427,A0A0R0KGZ7
12428,A0A0R0KGZ9
12429,A0A0R0KH09
12430,A0A0R0KH11
12431,A0A0R0KH14
12432,A0A0R0KH17
12433,A0A0R0KH18
12434,A0A0R0KH20
12435,A0A0R0KH21
12436,A0A0R0KH28
12437,A0A0R0KH31
12438,A0A0R0KH38
12439,A0A0R0KH42
12440,A0A0R0KH44
12441,A0A0R0KH49
12442,A0A0R0KH50
12443,A0A0R0KH62
12444,A0A0R0KH70
12445,A0A0R0KH77
12446,A0A0R0KH84
12447,A0A0R0KH88
12448,A0A0R0KH89
12449,A0A0R0KH92
12450,A0A0R0KH95
12451,A0A0R0KH96
12452,A0A0R0KH98
12453,A0A0R0KHA1
12454,A0A0R0KHA6
12455,A0A0R0KHB4
12456,A0A0R0KHB5
12457,A0A0R0KHC0
12458,A0A0R0KHC7
12459,A0A0R0KHC8
12460,A0A0R0KHD0
12461,A0A0R0KHD1
12462,A0A0R0KHE0
12463,A0A0R0KHE6
12464,A0A0R0KHE8
12465,A0A0R0KHF0
12466,A0A0R0KHF1
12467,A0A0R0KHF5
12468,A0A0R0KHF7
12469,A0A0R0KHG6
12470,A0A0R0KHH2
12471,A0A0R0KHH3
12472,A0A0R0KHH4
12473,A0A0R0KHH5
12474,A0A0R0KHH6
12475,A0A0R0KHH7
12476,A0A0R0KHI0
12477,A0A0R0KHJ4
12478,A0A0R0KHJ7
12479,A0A0R0KHK4
12480,A0A0R0KHK8
12481,A0A0R0KHK9
12482,A0A0R0KHL1
12483,A0A0R0KHL3
12484,A0A0R0KHL4
12485,A0A0R0KHM5
12486,A0A0R0KHM9
12487,A0A0R0KHP3
12488,A0A0R0KHP8
12489,A0A0R0KHP9
12490,A0A0R0KHQ3
12491,A0A0R0KHR2
12492,A0A0R0KHR7
12493,A0A0R0KHR8
12494,A0A0R0KHR9
12495,A0A0R0KHS2
12496,A0A0R0KHS7
12497,A0A0R0KHT7
12498,A0A0R0KHU1
12499,A0A0R0KHV8
12500,A0A0R0KHW0
12501,A0A0R0KHW1
12502,A0A0R0KHW2
12503,A0A0R0KHX1
12504,A0A0R0KHX3
12505,A0A0R0KHX4
12506,A0A0R0KHX7
12507,A0A0R0KHZ5
12508,A0A0R0KHZ9
12509,A0A0R0KI01
12510,A0A0R0KI04
12511,A0A0R0KI11
12512,A0A0R0KI12
12513,A0A0R0KI13
12514,A0A0R0KI15
12515,A0A0R0KI21
12516,A0A0R0KI23
12517,A0A0R0KI41
12518,A0A0R0KI44
12519,A0A0R0KI49
12520,A0A0R0KI52
12521,A0A0R0KI57
12522,A0A0R0KI58
12523,A0A0R0KI65
12524,A0A0R0KI66
12525,A0A0R0KI69
12526,A0A0R0KI80
12527,A0A0R0KI86
12528,A0A0R0KI91
12529,A0A0R0KI95
12530,A0A0R0KI96
12531,A0A0R0KIA0
12532,A0A0R0KIA2
12533,A0A0R0KIA5
12534,A0A0R0KIA7
12535,A0A0R0KIA9
12536,A0A0R0KIB1
12537,A0A0R0KIB9
12538,A0A0R0KIC1
12539,A0A0R0KIC3
12540,A0A0R0KIC7
12541,A0A0R0KID4
12542,A0A0R0KID8
12543,A0A0R0KIF2
12544,A0A0R0KIG3
12545,A0A0R0KIG7
12546,A0A0R0KIH4
12547,A0A0R0KIK5
12548,A0A0R0KIL2
12549,A0A0R0KIM0
12550,A0A0R0KIM3
12551,A0A0R0KIM5
12552,A0A0R0KIN1
12553,A0A0R0KIN5
12554,A0A0R0KIN8
12555,A0A0R0KIN9
12556,A0A0R0KIP6
12557,A0A0R0KIQ0
12558,A0A0R0KIQ1
12559,A0A0R0KIQ2
12560,A0A0R0KIR7
12561,A0A0R0KIS4
12562,A0A0R0KIS7
12563,A0A0R0KIT7
12564,A0A0R0KIT8
12565,A0A0R0KIU2
12566,A0A0R0KIU5
12567,A0A0R0KIX0
12568,A0A0R0KIX1
12569,A0A0R0KIX4
12570,A0A0R0KIX6
12571,A0A0R0KIY3
12572,A0A0R0KIY4
12573,A0A0R0KIZ0
12574,A0A0R0KIZ6
12575,A0A0R0KIZ9
12576,A0A0R0KJ06
12577,A0A0R0KJ10
12578,A0A0R0KJ13
12579,A0A0R0KJ18
12580,A0A0R0KJ22
12581,A0A0R0KJ24
12582,A0A0R0KJ29
12583,A0A0R0KJ33
12584,A0A0R0KJ34
12585,A0A0R0KJ44
12586,A0A0R0KJ74
12587,A0A0R0KJ75
12588,A0A0R0KJ87
12589,A0A0R0KJ97
12590,A0A0R0KJ98
12591,A0A0R0KJA0
12592,A0A0R0KJA5
12593,A0A0R0KJB3
12594,A0A0R0KJC6
12595,A0A0R0KJE2
12596,A0A0R0KJG0
12597,A0A0R0KJG5
12598,A0A0R0KJH7
12599,A0A0R0KJI4
12600,A0A0R0KJI6
12601,A0A0R0KJJ3
12602,A0A0R0KJK4
12603,A0A0R0KJK5
12604,A0A0R0KJL0
12605,A0A0R0KJL2
12606,A0A0R0KJL9
12607,A0A0R0KJM2
12608,A0A0R0KJN1
12609,A0A0R0KJN4
12610,A0A0R0KJN5
12611,A0A0R0KJN7
12612,A0A0R0KJN8
12613,A0A0R0KJP3
12614,A0A0R0KJP6
12615,A0A0R0KJP8
12616,A0A0R0KJR5
12617,A0A0R0KJS8
12618,A0A0R0KJT4
12619,A0A0R0KJU3
12620,A0A0R0KJU4
12621,A0A0R0KJW0
12622,A0A0R0KJW6
12623,A0A0R0KJY8
12624,A0A0R0KJZ1
12625,A0A0R0KJZ5
12626,A0A0R0KJZ9
12627,A0A0R0KK01
12628,A0A0R0KK04
12629,A0A0R0KK09
12630,A0A0R0KK23
12631,A0A0R0KK28
12632,A0A0R0KK31
12633,A0A0R0KK34
12634,A0A0R0KK39
12635,A0A0R0KK42
12636,A0A0R0KK44
12637,A0A0R0KK45
12638,A0A0R0KK47
12639,A0A0R0KK57
12640,A0A0R0KK58
12641,A0A0R0KK77
12642,A0A0R0KKA8
12643,A0A0R0KKD0
12644,A0A0R0KKD2
12645,A0A0R0KKD7
12646,A0A0R0KKE2
12647,A0A0R0KKF1
12648,A0A0R0KKG1
12649,A0A0R0KKG6
12650,A0A0R0KKI0
12651,A0A0R0KKI4
12652,A0A0R0KKI6
12653,A0A0R0KKI7
12654,A0A0R0KKJ8
12655,A0A0R0KKK3
12656,A0A0R0KKK4
12657,A0A0R0KKK6
12658,A0A0R0KKK8
12659,A0A0R0KKL1
12660,A0A0R0KKL2
12661,A0A0R0KKL3
12662,A0A0R0KKN0
12663,A0A0R0KKP4
12664,A0A0R0KKQ1
12665,A0A0R0KKR1
12666,A0A0R0KKR3
12667,A0A0R0KKS1
12668,A0A0R0KKS8
12669,A0A0R0KKU3
12670,A0A0R0KKU5
12671,A0A0R0KKV0
12672,A0A0R0KKW3
12673,A0A0R0KKW5
12674,A0A0R0KKW8
12675,A0A0R0KKX6
12676,A0A0R0KKX7
12677,A0A0R0KKY4
12678,A0A0R0KKZ1
12679,A0A0R0KKZ4
12680,A0A0R0KL00
12681,A0A0R0KL03
12682,A0A0R0KL07
12683,A0A0R0KL09
12684,A0A0R0KL13
12685,A0A0R0KL18
12686,A0A0R0KL23
12687,A0A0R0KL25
12688,A0A0R0KL26
12689,A0A0R0KL34
12690,A0A0R0KL37
12691,A0A0R0KL40
12692,A0A0R0KL41
12693,A0A0R0KL47
12694,A0A0R0KL49
12695,A0A0R0KL69
12696,A0A0R0KL81
12697,A0A0R0KL89
12698,A0A0R0KL98
12699,A0A0R0KLB0
12700,A0A0R0KLB5
12701,A0A0R0KLC5
12702,A0A0R0KLD3
12703,A0A0R0KLE6
12704,A0A0R0KLF6
12705,A0A0R0KLG8
12706,A0A0R0KLG9
12707,A0A0R0KLH0
12708,A0A0R0KLH4
12709,A0A0R0KLJ0
12710,A0A0R0KLJ2
12711,A0A0R0KLJ8
12712,A0A0R0KLK3
12713,A0A0R0KLL5
12714,A0A0R0KLL6
12715,A0A0R0KLM1
12716,A0A0R0KLM2
12717,A0A0R0KLM8
12718,A0A0R0KLN7
12719,A0A0R0KLP9
12720,A0A0R0KLQ3
12721,A0A0R0KLQ6
12722,A0A0R0KLQ7
12723,A0A0R0KLQ8
12724,A0A0R0KLR2
12725,A0A0R0KLR5
12726,A0A0R0KLR6
12727,A0A0R0KLR7
12728,A0A0R0KLS2
12729,A0A0R0KLS3
12730,A0A0R0KLS5
12731,A0A0R0KLU4
12732,A0A0R0KLU6
12733,A0A0R0KLV4
12734,A0A0R0KLV5
12735,A0A0R0KLW6
12736,A0A0R0KLX1
12737,A0A0R0KLY1
12738,A0A0R0KLZ0
12739,A0A0R0KLZ4
12740,A0A0R0KM01
12741,A0A0R0KM05
12742,A0A0R0KM06
12743,A0A0R0KM08
12744,A0A0R0KM12
12745,A0A0R0KM20
12746,A0A0R0KM26
12747,A0A0R0KM31
12748,A0A0R0KM34
12749,A0A0R0KM40
12750,A0A0R0KM52
12751,A0A0R0KM57
12752,A0A0R0KM58
12753,A0A0R0KM60
12754,A0A0R0KM68
12755,A0A0R0KM72
12756,A0A0R0KM79
12757,A0A0R0KM83
12758,A0A0R0KMA4
12759,A0A0R0KMA5
12760,A0A0R0KMA6
12761,A0A0R0KMA8
12762,A0A0R0KMA9
12763,A0A0R0KMB2
12764,A0A0R0KMB4
12765,A0A0R0KMB5
12766,A0A0R0KMC0
12767,A0A0R0KMC5
12768,A0A0R0KME4
12769,A0A0R0KME8
12770,A0A0R0KMF3
12771,A0A0R0KMG0
12772,A0A0R0KMG2
12773,A0A0R0KMG5
12774,A0A0R0KMG6
12775,A0A0R0KMH2
12776,A0A0R0KMI5
12777,A0A0R0KMI7
12778,A0A0R0KMJ1
12779,A0A0R0KMJ2
12780,A0A0R0KMJ8
12781,A0A0R0KMK8
12782,A0A0R0KML5
12783,A0A0R0KMM0
12784,A0A0R0KMM3
12785,A0A0R0KMM8
12786,A0A0R0KMM9
12787,A0A0R0KMN8
12788,A0A0R0KMQ9
12789,A0A0R0KMR7
12790,A0A0R0KMT0
12791,A0A0R0KMT1
12792,A0A0R0KMT4
12793,A0A0R0KMU0
12794,A0A0R0KMU8
12795,A0A0R0KMV7
12796,A0A0R0KMV9
12797,A0A0R0KMW5
12798,A0A0R0KMX1
12799,A0A0R0KMX9
12800,A0A0R0KMZ0
12801,A0A0R0KN08
12802,A0A0R0KN10
12803,A0A0R0KN18
12804,A0A0R0KN26
12805,A0A0R0KN33
12806,A0A0R0KN35
12807,A0A0R0KN47
12808,A0A0R0KN50
12809,A0A0R0KN53
12810,A0A0R0KN58
12811,A0A0R0KN59
12812,A0A0R0KN65
12813,A0A0R0KN67
12814,A0A0R0KN82
12815,A0A0R0KN83
12816,A0A0R0KN84
12817,A0A0R0KN88
12818,A0A0R0KN90
12819,A0A0R0KN94
12820,A0A0R0KNA6
12821,A0A0R0KNA9
12822,A0A0R0KNB0
12823,A0A0R0KNB1
12824,A0A0R0KNB4
12825,A0A0R0KNB7
12826,A0A0R0KNC3
12827,A0A0R0KNC6
12828,A0A0R0KND6
12829,A0A0R0KND9
12830,A0A0R0KNE1
12831,A0A0R0KNE7
12832,A0A0R0KNE9
12833,A0A0R0KNF4
12834,A0A0R0KNF6
12835,A0A0R0KNG1
12836,A0A0R0KNG3
12837,A0A0R0KNG5
12838,A0A0R0KNG9
12839,A0A0R0KNH4
12840,A0A0R0KNI3
12841,A0A0R0KNJ7
12842,A0A0R0KNK3
12843,A0A0R0KNL3
12844,A0A0R0KNL8
12845,A0A0R0KNM0
12846,A0A0R0KNM8
12847,A0A0R0KNM9
12848,A0A0R0KNN4
12849,A0A0R0KNP5
12850,A0A0R0KNP6
12851,A0A0R0KNP9
12852,A0A0R0KNQ1
12853,A0A0R0KNQ6
12854,A0A0R0KNR3
12855,A0A0R0KNR6
12856,A0A0R0KNS7
12857,A0A0R0KNT1
12858,A0A0R0KNT4
12859,A0A0R0KNU5
12860,A0A0R0KNU8
12861,A0A0R0KNW8
12862,A0A0R0KNX8
12863,A0A0R0KNY5
12864,A0A0R0KNY8
12865,A0A0R0KNY9
12866,A0A0R0KNZ6
12867,A0A0R0KP02
12868,A0A0R0KP13
12869,A0A0R0KP14
12870,A0A0R0KP23
12871,A0A0R0KP29
12872,A0A0R0KP31
12873,A0A0R0KP34
12874,A0A0R0KP35
12875,A0A0R0KP39
12876,A0A0R0KP40
12877,A0A0R0KP42
12878,A0A0R0KP44
12879,A0A0R0KP45
12880,A0A0R0KP49
12881,A0A0R0KP55
12882,A0A0R0KP61
12883,A0A0R0KP67
12884,A0A0R0KP70
12885,A0A0R0KP73
12886,A0A0R0KP75
12887,A0A0R0KP89
12888,A0A0R0KP92
12889,A0A0R0KP96
12890,A0A0R0KPA1
12891,A0A0R0KPA8
12892,A0A0R0KPC8
12893,A0A0R0KPC9
12894,A0A0R0KPD2
12895,A0A0R0KPE1
12896,A0A0R0KPE7
12897,A0A0R0KPF4
12898,A0A0R0KPF7
12899,A0A0R0KPF9
12900,A0A0R0KPG3
12901,A0A0R0KPH4
12902,A0A0R0KPI3
12903,A0A0R0KPJ9
12904,A0A0R0KPK5
12905,A0A0R0KPK6
12906,A0A0R0KPL8
12907,A0A0R0KPM3
12908,A0A0R0KPM5
12909,A0A0R0KPQ3
12910,A0A0R0KPS1
12911,A0A0R0KPS2
12912,A0A0R0KPS3
12913,A0A0R0KPS9
12914,A0A0R0KPT0
12915,A0A0R0KPT5
12916,A0A0R0KPT7
12917,A0A0R0KPU6
12918,A0A0R0KPV6
12919,A0A0R0KPW1
12920,A0A0R0KPW5
12921,A0A0R0KPX5
12922,A0A0R0KPY3
12923,A0A0R0KPZ0
12924,A0A0R0KPZ5
12925,A0A0R0KPZ7
12926,A0A0R0KPZ9
12927,A0A0R0KQ04
12928,A0A0R0KQ06
12929,A0A0R0KQ14
12930,A0A0R0KQ23
12931,A0A0R0KQ27
12932,A0A0R0KQ36
12933,A0A0R0KQ50
12934,A0A0R0KQ68
12935,A0A0R0KQ74
12936,A0A0R0KQ82
12937,A0A0R0KQ84
12938,A0A0R0KQ85
12939,A0A0R0KQ90
12940,A0A0R0KQA1
12941,A0A0R0KQA9
12942,A0A0R0KQB3
12943,A0A0R0KQB7
12944,A0A0R0KQC3
12945,A0A0R0KQC8
12946,A0A0R0KQE9
12947,A0A0R0KQF5
12948,A0A0R0KQF9
12949,A0A0R0KQG7
12950,A0A0R0KQH6
12951,A0A0R0KQH9
12952,A0A0R0KQI3
12953,A0A0R0KQJ5
12954,A0A0R0KQJ8
12955,A0A0R0KQK3
12956,A0A0R0KQK7
12957,A0A0R0KQL0
12958,A0A0R0KQM0
12959,A0A0R0KQM1
12960,A0A0R0KQM4
12961,A0A0R0KQM5
12962,A0A0R0KQN1
12963,A0A0R0KQN7
12964,A0A0R0KQP4
12965,A0A0R0KQQ4
12966,A0A0R0KQT7
12967,A0A0R0KQU0
12968,A0A0R0KQU5
12969,A0A0R0KQV3
12970,A0A0R0KQV8
12971,A0A0R0KQW7
12972,A0A0R0KQX0
12973,A0A0R0KQX8
12974,A0A0R0KQY5
12975,A0A0R0KQY7
12976,A0A0R0KQZ8
12977,A0A0R0KR00
12978,A0A0R0KR12
12979,A0A0R0KR16
12980,A0A0R0KR19
12981,A0A0R0KR26
12982,A0A0R0KR27
12983,A0A0R0KR32
12984,A0A0R0KR39
12985,A0A0R0KR43
12986,A0A0R0KR47
12987,A0A0R0KR59
12988,A0A0R0KR64
12989,A0A0R0KR76
12990,A0A0R0KR89
12991,A0A0R0KR90
12992,A0A0R0KR91
12993,A0A0R0KR94
12994,A0A0R0KR96
12995,A0A0R0KR97
12996,A0A0R0KRA1
12997,A0A0R0KRB6
12998,A0A0R0KRB9
12999,A0A0R0KRC8
13000,A0A0R0KRC9
13001,A0A0R0KRD6
13002,A0A0R0KRE0
13003,A0A0R0KRE7
13004,A0A0R0KRF1
13005,A0A0R0KRF2
13006,A0A0R0KRF6
13007,A0A0R0KRH5
13008,A0A0R0KRI4
13009,A0A0R0KRJ2
13010,A0A0R0KRK2
13011,A0A0R0KRK6
13012,A0A0R0KRL3
13013,A0A0R0KRL8
13014,A0A0R0KRM0
13015,A0A0R0KRM2
13016,A0A0R0KRN8
13017,A0A0R0KRP1
13018,A0A0R0KRP3
13019,A0A0R0KRQ9
13020,A0A0R0KRR1
13021,A0A0R0KRR4
13022,A0A0R0KRT7
13023,A0A0R0KRU8
13024,A0A0R0KRV5
13025,A0A0R0KRV6
13026,A0A0R0KRW6
13027,A0A0R0KRW7
13028,A0A0R0KRW9
13029,A0A0R0KRX0
13030,A0A0R0KRX7
13031,A0A0R0KRY2
13032,A0A0R0KRZ3
13033,A0A0R0KS03
13034,A0A0R0KS32
13035,A0A0R0KS39
13036,A0A0R0KS42
13037,A0A0R0KS44
13038,A0A0R0KS48
13039,A0A0R0KS55
13040,A0A0R0KS89
13041,A0A0R0KS91
13042,A0A0R0KS92
13043,A0A0R0KS97
13044,A0A0R0KSA1
13045,A0A0R0KSB2
13046,A0A0R0KSC0
13047,A0A0R0KSC3
13048,A0A0R0KSD6
13049,A0A0R0KSD7
13050,A0A0R0KSD8
13051,A0A0R0KSE4
13052,A0A0R0KSE5
13053,A0A0R0KSF9
13054,A0A0R0KSG2
13055,A0A0R0KSG4
13056,A0A0R0KSG7
13057,A0A0R0KSH9
13058,A0A0R0KSI5
13059,A0A0R0KSJ9
13060,A0A0R0KSK9
13061,A0A0R0KSL6
13062,A0A0R0KSM2
13063,A0A0R0KSM8
13064,A0A0R0KSN4
13065,A0A0R0KSN9
13066,A0A0R0KSP1
13067,A0A0R0KSP5
13068,A0A0R0KSQ2
13069,A0A0R0KSQ6
13070,A0A0R0KSQ7
13071,A0A0R0KSQ9
13072,A0A0R0KSR6
13073,A0A0R0KSR7
13074,A0A0R0KSR9
13075,A0A0R0KSS1
13076,A0A0R0KSS5
13077,A0A0R0KSV5
13078,A0A0R0KSV6
13079,A0A0R0KSV7
13080,A0A0R0KSW3
13081,A0A0R0KSW6
13082,A0A0R0KSW9
13083,A0A0R0KSX7
13084,A0A0R0KSX8
13085,A0A0R0KSY1
13086,A0A0R0KSY2
13087,A0A0R0KSY6
13088,A0A0R0KSZ8
13089,A0A0R0KT00
13090,A0A0R0KT13
13091,A0A0R0KT16
13092,A0A0R0KT33
13093,A0A0R0KT40
13094,A0A0R0KT42
13095,A0A0R0KT63
13096,A0A0R0KT72
13097,A0A0R0KT81
13098,A0A0R0KT97
13099,A0A0R0KTA3
13100,A0A0R0KTA5
13101,A0A0R0KTA8
13102,A0A0R0KTC4
13103,A0A0R0KTD3
13104,A0A0R0KTD8
13105,A0A0R0KTD9
13106,A0A0R0KTE1
13107,A0A0R0KTE8
13108,A0A0R0KTF7
13109,A0A0R0KTG6
13110,A0A0R0KTG7
13111,A0A0R0KTI3
13112,A0A0R0KTI8
13113,A0A0R0KTK0
13114,A0A0R0KTK1
13115,A0A0R0KTK4
13116,A0A0R0KTK5
13117,A0A0R0KTK7
13118,A0A0R0KTL1
13119,A0A0R0KTL4
13120,A0A0R0KTM7
13121,A0A0R0KTM8
13122,A0A0R0KTP3
13123,A0A0R0KTP5
13124,A0A0R0KTP9
13125,A0A0R0KTS6
13126,A0A0R0KTU4
13127,A0A0R0KTU7
13128,A0A0R0KTU9
13129,A0A0R0KTV0
13130,A0A0R0KTV1
13131,A0A0R0KTW3
13132,A0A0R0KTW6
13133,A0A0R0KTW7
13134,A0A0R0KTX4
13135,A0A0R0KTY3
13136,A0A0R0KTZ0
13137,A0A0R0KTZ2
13138,A0A0R0KTZ8
13139,A0A0R0KU08
13140,A0A0R0KU10
13141,A0A0R0KU12
13142,A0A0R0KU26
13143,A0A0R0KU36
13144,A0A0R0KU41
13145,A0A0R0KU56
13146,A0A0R0KU60
13147,A0A0R0KU70
13148,A0A0R0KU71
13149,A0A0R0KU72
13150,A0A0R0KU73
13151,A0A0R0KU78
13152,A0A0R0KU84
13153,A0A0R0KU94
13154,A0A0R0KUB2
13155,A0A0R0KUF3
13156,A0A0R0KUF4
13157,A0A0R0KUF6
13158,A0A0R0KUG6
13159,A0A0R0KUG7
13160,A0A0R0KUH0
13161,A0A0R0KUI1
13162,A0A0R0KUJ0
13163,A0A0R0KUJ9
13164,A0A0R0KUK1
13165,A0A0R0KUL4
13166,A0A0R0KUL7
13167,A0A0R0KUL8
13168,A0A0R0KUM1
13169,A0A0R0KUN8
13170,A0A0R0KUP0
13171,A0A0R0KUQ3
13172,A0A0R0KUQ9
13173,A0A0R0KUR1
13174,A0A0R0KUR3
13175,A0A0R0KUS6
13176,A0A0R0KUS9
13177,A0A0R0KUT0
13178,A0A0R0KUT8
13179,A0A0R0KUU2
13180,A0A0R0KUU9
13181,A0A0R0KUW6
13182,A0A0R0KV03
13183,A0A0R0KV06
13184,A0A0R0KV25
13185,A0A0R0KV37
13186,A0A0R0KV53
13187,A0A0R0KV59
13188,A0A0R0KV75
13189,A0A0R0KV87
13190,A0A0R0KV91
13191,A0A0R0KV96
13192,A0A0R0KVA4
13193,A0A0R0KVA7
13194,A0A0R0KVA8
13195,A0A0R0KVC3
13196,A0A0R0KVD3
13197,A0A0R0KVD4
13198,A0A0R0KVF8
13199,A0A0R0KVF9
13200,A0A0R0KVH3
13201,A0A0R0KVH5
13202,A0A0R0KVJ2
13203,A0A0R0KVL1
13204,A0A0R0KVM5
13205,A0A0R0KVN1
13206,A0A0R0KVN6
13207,A0A0R0KVN7
13208,A0A0R0KVP7
13209,A0A0R0KVP9
13210,A0A0R0KVQ0
13211,A0A0R0KVQ3
13212,A0A0R0KVR4
13213,A0A0R0KVT0
13214,A0A0R0KVT1
13215,A0A0R0KVT4
13216,A0A0R0KVU5
13217,A0A0R0KVV4
13218,A0A0R0KVV6
13219,A0A0R0KVW5
13220,A0A0R0KVX2
13221,A0A0R0KVX6
13222,A0A0R0KVY5
13223,A0A0R0KVY6
13224,A0A0R0KVZ9
13225,A0A0R0KW00
13226,A0A0R0KW05
13227,A0A0R0KW19
13228,A0A0R0KW23
13229,A0A0R0KW34
13230,A0A0R0KW46
13231,A0A0R0KW53
13232,A0A0R0KW58
13233,A0A0R0KW61
13234,A0A0R0KW62
13235,A0A0R0KW63
13236,A0A0R0KW67
13237,A0A0R0KW75
13238,A0A0R0KW78
13239,A0A0R0KW87
13240,A0A0R0KW91
13241,A0A0R0KW93
13242,A0A0R0KW98
13243,A0A0R0KWA5
13244,A0A0R0KWA6
13245,A0A0R0KWB3
13246,A0A0R0KWB5
13247,A0A0R0KWB8
13248,A0A0R0KWC4
13249,A0A0R0KWC9
13250,A0A0R0KWD4
13251,A0A0R0KWD6
13252,A0A0R0KWE5
13253,A0A0R0KWE7
13254,A0A0R0KWG2
13255,A0A0R0KWG6
13256,A0A0R0KWI5
13257,A0A0R0KWJ8
13258,A0A0R0KWL0
13259,A0A0R0KWL3
13260,A0A0R0KWL4
13261,A0A0R0KWM5
13262,A0A0R0KWN5
13263,A0A0R0KWN8
13264,A0A0R0KWP7
13265,A0A0R0KWR1
13266,A0A0R0KWS0
13267,A0A0R0KWS7
13268,A0A0R0KWT5
13269,A0A0R0KWV4
13270,A0A0R0KWV5
13271,A0A0R0KWW3
13272,A0A0R0KWW5
13273,A0A0R0KWW8
13274,A0A0R0KWW9
13275,A0A0R0KWX7
13276,A0A0R0KWZ4
13277,A0A0R0KWZ9
13278,A0A0R0KX38
13279,A0A0R0KX45
13280,A0A0R0KX67
13281,A0A0R0KX70
13282,A0A0R0KX72
13283,A0A0R0KX74
13284,A0A0R0KX82
13285,A0A0R0KX93
13286,A0A0R0KXB0
13287,A0A0R0KXC5
13288,A0A0R0KXD9
13289,A0A0R0KXF2
13290,A0A0R0KXF6
13291,A0A0R0KXH0
13292,A0A0R0KXH1
13293,A0A0R0KXH2
13294,A0A0R0KXI5
13295,A0A0R0KXI8
13296,A0A0R0KXJ4
13297,A0A0R0KXJ6
13298,A0A0R0KXK1
13299,A0A0R0KXK2
13300,A0A0R0KXK3
13301,A0A0R0KXK4
13302,A0A0R0KXL0
13303,A0A0R0KXL1
13304,A0A0R0KXL2
13305,A0A0R0KXL5
13306,A0A0R0KXL7
13307,A0A0R0KXL8
13308,A0A0R0KXM8
13309,A0A0R0KXN0
13310,A0A0R0KXN8
13311,A0A0R0KXP4
13312,A0A0R0KXP5
13313,A0A0R0KXP7
13314,A0A0R0KXQ2
13315,A0A0R0KXQ6
13316,A0A0R0KXR5
13317,A0A0R0KXR6
13318,A0A0R0KXR7
13319,A0A0R0KXS1
13320,A0A0R0KXS7
13321,A0A0R0KXS9
13322,A0A0R0KXT5
13323,A0A0R0KXT7
13324,A0A0R0KXT8
13325,A0A0R0KXU3
13326,A0A0R0KXU5
13327,A0A0R0KXU6
13328,A0A0R0KXU8
13329,A0A0R0KXV9
13330,A0A0R0KXW0
13331,A0A0R0KXW2
13332,A0A0R0KXW3
13333,A0A0R0KXW4
13334,A0A0R0KXY4
13335,A0A0R0KXY5
13336,A0A0R0KXY6
13337,A0A0R0KXY9
13338,A0A0R0KXZ6
13339,A0A0R0KY07
13340,A0A0R0KY17
13341,A0A0R0KY19
13342,A0A0R0KY23
13343,A0A0R0KY30
13344,A0A0R0KY31
13345,A0A0R0KY35
13346,A0A0R0KY39
13347,A0A0R0KY42
13348,A0A0R0KY50
13349,A0A0R0KY63
13350,A0A0R0KY76
13351,A0A0R0KY77
13352,A0A0R0KY80
13353,A0A0R0KY84
13354,A0A0R0KY86
13355,A0A0R0KY87
13356,A0A0R0KY89
13357,A0A0R0KY97
13358,A0A0R0KYA8
13359,A0A0R0KYB1
13360,A0A0R0KYB4
13361,A0A0R0KYC2
13362,A0A0R0KYC7
13363,A0A0R0KYD1
13364,A0A0R0KYD4
13365,A0A0R0KYD7
13366,A0A0R0KYD8
13367,A0A0R0KYD9
13368,A0A0R0KYE0
13369,A0A0R0KYF1
13370,A0A0R0KYF3
13371,A0A0R0KYF4
13372,A0A0R0KYF6
13373,A0A0R0KYG4
13374,A0A0R0KYG5
13375,A0A0R0KYG8
13376,A0A0R0KYH4
13377,A0A0R0KYI6
13378,A0A0R0KYI7
13379,A0A0R0KYI8
13380,A0A0R0KYI9
13381,A0A0R0KYJ1
13382,A0A0R0KYJ2
13383,A0A0R0KYJ3
13384,A0A0R0KYK5
13385,A0A0R0KYK8
13386,A0A0R0KYK9
13387,A0A0R0KYL2
13388,A0A0R0KYM3
13389,A0A0R0KYN0
13390,A0A0R0KYN1
13391,A0A0R0KYN2
13392,A0A0R0KYN6
13393,A0A0R0KYP1
13394,A0A0R0KYP3
13395,A0A0R0KYP7
13396,A0A0R0KYQ5
13397,A0A0R0KYQ6
13398,A0A0R0KYQ8
13399,A0A0R0KYR4
13400,A0A0R0KYS2
13401,A0A0R0KYS9
13402,A0A0R0KYT6
13403,A0A0R0KYU0
13404,A0A0R0KYU1
13405,A0A0R0KYU3
13406,A0A0R0KYU7
13407,A0A0R0KYW9
13408,A0A0R0KYX7
13409,A0A0R0KYX9
13410,A0A0R0KYY0
13411,A0A0R0KYY2
13412,A0A0R0KYZ0
13413,A0A0R0KYZ1
13414,A0A0R0KYZ2
13415,A0A0R0KYZ5
13416,A0A0R0KZ01
13417,A0A0R0KZ07
13418,A0A0R0KZ15
13419,A0A0R0KZ25
13420,A0A0R0KZ50
13421,A0A0R0KZ58
13422,A0A0R0KZ90
13423,A0A0R0KZ92
13424,A0A0R0KZ95
13425,A0A0R0KZ97
13426,A0A0R0KZ98
13427,A0A0R0KZ99
13428,A0A0R0KZA1
13429,A0A0R0KZA4
13430,A0A0R0KZB1
13431,A0A0R0KZB3
13432,A0A0R0KZB4
13433,A0A0R0KZB7
13434,A0A0R0KZC7
13435,A0A0R0KZC9
13436,A0A0R0KZD7
13437,A0A0R0KZD9
13438,A0A0R0KZE9
13439,A0A0R0KZG3
13440,A0A0R0KZH4
13441,A0A0R0KZJ7
13442,A0A0R0KZL0
13443,A0A0R0KZL8
13444,A0A0R0KZM5
13445,A0A0R0KZM6
13446,A0A0R0KZM7
13447,A0A0R0KZN5
13448,A0A0R0KZP1
13449,A0A0R0KZP3
13450,A0A0R0KZQ2
13451,A0A0R0KZQ6
13452,A0A0R0KZR2
13453,A0A0R0KZR8
13454,A0A0R0KZS8
13455,A0A0R0KZS9
13456,A0A0R0KZT8
13457,A0A0R0KZU2
13458,A0A0R0KZV4
13459,A0A0R0KZV5
13460,A0A0R0KZV8
13461,A0A0R0KZW0
13462,A0A0R0KZW1
13463,A0A0R0KZZ2
13464,A0A0R0KZZ6
13465,A0A0R0L010
13466,A0A0R0L013
13467,A0A0R0L017
13468,A0A0R0L040
13469,A0A0R0L043
13470,A0A0R0L046
13471,A0A0R0L048
13472,A0A0R0L049
13473,A0A0R0L061
13474,A0A0R0L067
13475,A0A0R0L077
13476,A0A0R0L085
13477,A0A0R0L086
13478,A0A0R0L087
13479,A0A0R0L091
13480,A0A0R0L094
13481,A0A0R0L098
13482,A0A0R0L0A6
13483,A0A0R0L0A8
13484,A0A0R0L0C3
13485,A0A0R0L0D4
13486,A0A0R0L0E7
13487,A0A0R0L0E8
13488,A0A0R0L0E9
13489,A0A0R0L0F3
13490,A0A0R0L0H1
13491,A0A0R0L0I0
13492,A0A0R0L0I1
13493,A0A0R0L0J7
13494,A0A0R0L0J9
13495,A0A0R0L0K1
13496,A0A0R0L0K5
13497,A0A0R0L0L4
13498,A0A0R0L0M3
13499,A0A0R0L0N5
13500,A0A0R0L0P5
13501,A0A0R0L0P7
13502,A0A0R0L0P8
13503,A0A0R0L0P9
13504,A0A0R0L0Q0
13505,A0A0R0L0Q6
13506,A0A0R0L0S6
13507,A0A0R0L0T5
13508,A0A0R0L0U1
13509,A0A0R0L0U5
13510,A0A0R0L0V2
13511,A0A0R0L0W2
13512,A0A0R0L0W4
13513,A0A0R0L0W7
13514,A0A0R0L0W8
13515,A0A0R0L0X9
13516,A0A0R0L105
13517,A0A0R0L115
13518,A0A0R0L123
13519,A0A0R0L124
13520,A0A0R0L125
13521,A0A0R0L133
13522,A0A0R0L142
13523,A0A0R0L144
13524,A0A0R0L178
13525,A0A0R0L181
13526,A0A0R0L183
13527,A0A0R0L186
13528,A0A0R0L190
13529,A0A0R0L1A2
13530,A0A0R0L1B2
13531,A0A0R0L1C5
13532,A0A0R0L1E6
13533,A0A0R0L1E8
13534,A0A0R0L1E9
13535,A0A0R0L1F1
13536,A0A0R0L1F3
13537,A0A0R0L1G5
13538,A0A0R0L1G6
13539,A0A0R0L1K0
13540,A0A0R0L1L2
13541,A0A0R0L1N9
13542,A0A0R0L1Q8
13543,A0A0R0L1Q9
13544,A0A0R0L1R1
13545,A0A0R0L1T2
13546,A0A0R0L1T6
13547,A0A0R0L1U1
13548,A0A0R0L1U7
13549,A0A0R0L1U9
13550,A0A0R0L1V2
13551,A0A0R0L1W4
13552,A0A0R0L1W9
13553,A0A0R0L1X4
13554,A0A0R0L1Y6
13555,A0A0R0L1Z4
13556,A0A0R0L1Z8
13557,A0A0R0L204
13558,A0A0R0L213
13559,A0A0R0L246
13560,A0A0R0L253
13561,A0A0R0L273
13562,A0A0R0L276
13563,A0A0R0L281
13564,A0A0R0L285
13565,A0A0R0L2B7
13566,A0A0R0L2C9
13567,A0A0R0L2D6
13568,A0A0R0L2E0
13569,A0A0R0L2F2
13570,A0A0R0L2G1
13571,A0A0R0L2G3
13572,A0A0R0L2G4
13573,A0A0R0L2G5
13574,A0A0R0L2H1
13575,A0A0R0L2J2
13576,A0A0R0L2M6
13577,A0A0R0L2P2
13578,A0A0R0L2T1
13579,A0A0R0L2T2
13580,A0A0R0L2T9
13581,A0A0R0L2U1
13582,A0A0R0L2V2
13583,A0A0R0L2V4
13584,A0A0R0L2Z2
13585,A0A0R0L2Z3
13586,A0A0R0L2Z5
13587,A0A0R0L301
13588,A0A0R0L317
13589,A0A0R0L321
13590,A0A0R0L334
13591,A0A0R0L351
13592,A0A0R0L352
13593,A0A0R0L355
13594,A0A0R0L358
13595,A0A0R0L360
13596,A0A0R0L361
13597,A0A0R0L365
13598,A0A0R0L372
13599,A0A0R0L385
13600,A0A0R0L394
13601,A0A0R0L3A2
13602,A0A0R0L3A7
13603,A0A0R0L3B1
13604,A0A0R0L3D1
13605,A0A0R0L3D2
13606,A0A0R0L3D7
13607,A0A0R0L3E0
13608,A0A0R0L3F0
13609,A0A0R0L3F4
13610,A0A0R0L3G5
13611,A0A0R0L3G6
13612,A0A0R0L3H2
13613,A0A0R0L3L0
13614,A0A0R0L3Q0
13615,A0A0R0L3Q3
13616,A0A0R0L3S5
13617,A0A0R0L3S6
13618,A0A0R0L3T0
13619,A0A0R0L3T1
13620,A0A0R0L3T2
13621,A0A0R0L3T5
13622,A0A0R0L3T8
13623,A0A0R0L3V4
13624,A0A0R0L3V8
13625,A0A0R0L3W0
13626,A0A0R0L3W8
13627,A0A0R0L3X2
13628,A0A0R0L3X9
13629,A0A0R0L3Y3
13630,A0A0R0L3Y4
13631,A0A0R0L3Y5
13632,A0A0R0L3Y7
13633,A0A0R0L3Z7
13634,A0A0R0L415
13635,A0A0R0L419
13636,A0A0R0L420
13637,A0A0R0L423
13638,A0A0R0L428
13639,A0A0R0L433
13640,A0A0R0L439
13641,A0A0R0L449
13642,A0A0R0L450
13643,A0A0R0L459
13644,A0A0R0L469
13645,A0A0R0L474
13646,A0A0R0L477
13647,A0A0R0L486
13648,A0A0R0L493
13649,A0A0R0L496
13650,A0A0R0L497
13651,A0A0R0L498
13652,A0A0R0L4A5
13653,A0A0R0L4B1
13654,A0A0R0L4D0
13655,A0A0R0L4F6
13656,A0A0R0L4F9
13657,A0A0R0L4G1
13658,A0A0R0L4H1
13659,A0A0R0L4I2
13660,A0A0R0L4J4
13661,A0A0R0L4J8
13662,A0A0R0L4L0
13663,A0A0R0L4L8
13664,A0A0R0L4M4
13665,A0A0R0L4N1
13666,A0A0R0L4P0
13667,A0A0R0L4P2
13668,A0A0R0L4Q2
13669,A0A0R0L4Q8
13670,A0A0R0L4R7
13671,A0A0R0L4T0
13672,A0A0R0L4U4
13673,A0A0R0L4U6
13674,A0A0R0L4V0
13675,A0A0R0L4V1
13676,A0A0R0L4V8
13677,A0A0R0L4W6
13678,A0A0R0L4Y4
13679,A0A0R0L4Y6
13680,A0A0R0L4Y9
13681,A0A0R0L512
13682,A0A0R0L518
13683,A0A0R0L524
13684,A0A0R0L529
13685,A0A0R0L534
13686,A0A0R0L540
13687,A0A0R0L547
13688,A0A0R0L548
13689,A0A0R0L553
13690,A0A0R0L562
13691,A0A0R0L563
13692,A0A0R0L574
13693,A0A0R0L576
13694,A0A0R0L579
13695,A0A0R0L581
13696,A0A0R0L597
13697,A0A0R0L598
13698,A0A0R0L5A2
13699,A0A0R0L5B0
13700,A0A0R0L5B8
13701,A0A0R0L5C7
13702,A0A0R0L5C9
13703,A0A0R0L5E9
13704,A0A0R0L5G2
13705,A0A0R0L5H2
13706,A0A0R0L5I7
13707,A0A0R0L5J3
13708,A0A0R0L5K2
13709,A0A0R0L5L0
13710,A0A0R0L5L3
13711,A0A0R0L5M0
13712,A0A0R0L5M3
13713,A0A0R0L5N1
13714,A0A0R0L5N8
13715,A0A0R0L5N9
13716,A0A0R0L5P4
13717,A0A0R0L5Q1
13718,A0A0R0L5Q2
13719,A0A0R0L5R1
13720,A0A0R0L5R6
13721,A0A0R0L5S7
13722,A0A0R0L5S8
13723,A0A0R0L5T0
13724,A0A0R0L5T4
13725,A0A0R0L5T5
13726,A0A0R0L5T7
13727,A0A0R0L5V0
13728,A0A0R0L5V3
13729,A0A0R0L5W8
13730,A0A0R0L5X1
13731,A0A0R0L5X8
13732,A0A0R0L5Y0
13733,A0A0R0L5Y3
13734,A0A0R0L5Y8
13735,A0A0R0L5Z6
13736,A0A0R0L5Z8
13737,A0A0R0L613
13738,A0A0R0L615
13739,A0A0R0L625
13740,A0A0R0L626
13741,A0A0R0L628
13742,A0A0R0L652
13743,A0A0R0L655
13744,A0A0R0L657
13745,A0A0R0L658
13746,A0A0R0L660
13747,A0A0R0L664
13748,A0A0R0L673
13749,A0A0R0L684
13750,A0A0R0L699
13751,A0A0R0L6A0
13752,A0A0R0L6A3
13753,A0A0R0L6A4
13754,A0A0R0L6A8
13755,A0A0R0L6C3
13756,A0A0R0L6C4
13757,A0A0R0L6C6
13758,A0A0R0L6C9
13759,A0A0R0L6F0
13760,A0A0R0L6F1
13761,A0A0R0L6G0
13762,A0A0R0L6G5
13763,A0A0R0L6H0
13764,A0A0R0L6H2
13765,A0A0R0L6H4
13766,A0A0R0L6H9
13767,A0A0R0L6J4
13768,A0A0R0L6J6
13769,A0A0R0L6L7
13770,A0A0R0L6P4
13771,A0A0R0L6P6
13772,A0A0R0L6Q0
13773,A0A0R0L6Q1
13774,A0A0R0L6Q6
13775,A0A0R0L6Q8
13776,A0A0R0L6R1
13777,A0A0R0L6S4
13778,A0A0R0L6T1
13779,A0A0R0L6T5
13780,A0A0R0L6V6
13781,A0A0R0L6V8
13782,A0A0R0L6W1
13783,A0A0R0L6X0
13784,A0A0R0L6Z7
13785,A0A0R0L707
13786,A0A0R0L722
13787,A0A0R0L724
13788,A0A0R0L725
13789,A0A0R0L748
13790,A0A0R0L749
13791,A0A0R0L750
13792,A0A0R0L752
13793,A0A0R0L774
13794,A0A0R0L781
13795,A0A0R0L787
13796,A0A0R0L795
13797,A0A0R0L797
13798,A0A0R0L798
13799,A0A0R0L799
13800,A0A0R0L7A3
13801,A0A0R0L7B0
13802,A0A0R0L7B5
13803,A0A0R0L7B7
13804,A0A0R0L7C1
13805,A0A0R0L7D8
13806,A0A0R0L7E6
13807,A0A0R0L7E8
13808,A0A0R0L7F2
13809,A0A0R0L7G0
13810,A0A0R0L7G1
13811,A0A0R0L7G5
13812,A0A0R0L7H2
13813,A0A0R0L7I4
13814,A0A0R0L7I6
13815,A0A0R0L7J2
13816,A0A0R0L7J6
13817,A0A0R0L7J8
13818,A0A0R0L7K9
13819,A0A0R0L7L1
13820,A0A0R0L7M4
13821,A0A0R0L7N2
13822,A0A0R0L7N3
13823,A0A0R0L7N8
13824,A0A0R0L7N9
13825,A0A0R0L7P4
13826,A0A0R0L7P5
13827,A0A0R0L7Q4
13828,A0A0R0L7Q8
13829,A0A0R0L7R0
13830,A0A0R0L7R1
13831,A0A0R0L7S1
13832,A0A0R0L7T8
13833,A0A0R0L7U5
13834,A0A0R0L7U8
13835,A0A0R0L7U9
13836,A0A0R0L7V2
13837,A0A0R0L7V5
13838,A0A0R0L7X0
13839,A0A0R0L7X2
13840,A0A0R0L7X7
13841,A0A0R0L7X9
13842,A0A0R0L7Y3
13843,A0A0R0L802
13844,A0A0R0L803
13845,A0A0R0L808
13846,A0A0R0L816
13847,A0A0R0L819
13848,A0A0R0L820
13849,A0A0R0L824
13850,A0A0R0L828
13851,A0A0R0L832
13852,A0A0R0L833
13853,A0A0R0L835
13854,A0A0R0L842
13855,A0A0R0L847
13856,A0A0R0L848
13857,A0A0R0L849
13858,A0A0R0L850
13859,A0A0R0L851
13860,A0A0R0L852
13861,A0A0R0L854
13862,A0A0R0L860
13863,A0A0R0L867
13864,A0A0R0L873
13865,A0A0R0L878
13866,A0A0R0L883
13867,A0A0R0L892
13868,A0A0R0L894
13869,A0A0R0L897
13870,A0A0R0L899
13871,A0A0R0L8B3
13872,A0A0R0L8B7
13873,A0A0R0L8B9
13874,A0A0R0L8C4
13875,A0A0R0L8C7
13876,A0A0R0L8C9
13877,A0A0R0L8D5
13878,A0A0R0L8D9
13879,A0A0R0L8E7
13880,A0A0R0L8F7
13881,A0A0R0L8G9
13882,A0A0R0L8I0
13883,A0A0R0L8I8
13884,A0A0R0L8I9
13885,A0A0R0L8J4
13886,A0A0R0L8J5
13887,A0A0R0L8J8
13888,A0A0R0L8K4
13889,A0A0R0L8K5
13890,A0A0R0L8K6
13891,A0A0R0L8L3
13892,A0A0R0L8L4
13893,A0A0R0L8L6
13894,A0A0R0L8L8
13895,A0A0R0L8M0
13896,A0A0R0L8M9
13897,A0A0R0L8N3
13898,A0A0R0L8N7
13899,A0A0R0L8P1
13900,A0A0R0L8P4
13901,A0A0R0L8P6
13902,A0A0R0L8P7
13903,A0A0R0L8P9
13904,A0A0R0L8R4
13905,A0A0R0L8S6
13906,A0A0R0L8T2
13907,A0A0R0L8T8
13908,A0A0R0L8U3
13909,A0A0R0L8U8
13910,A0A0R0L8U9
13911,A0A0R0L8V3
13912,A0A0R0L8V9
13913,A0A0R0L8W6
13914,A0A0R0L8W7
13915,A0A0R0L8W9
13916,A0A0R0L8X8
13917,A0A0R0L8Y1
13918,A0A0R0L8Y3
13919,A0A0R0L8Z0
13920,A0A0R0L8Z1
13921,A0A0R0L900
13922,A0A0R0L902
13923,A0A0R0L906
13924,A0A0R0L910
13925,A0A0R0L911
13926,A0A0R0L914
13927,A0A0R0L918
13928,A0A0R0L926
13929,A0A0R0L932
13930,A0A0R0L939
13931,A0A0R0L943
13932,A0A0R0L947
13933,A0A0R0L953
13934,A0A0R0L961
13935,A0A0R0L968
13936,A0A0R0L971
13937,A0A0R0L980
13938,A0A0R0L981
13939,A0A0R0L993
13940,A0A0R0L9A5
13941,A0A0R0L9B1
13942,A0A0R0L9B2
13943,A0A0R0L9B5
13944,A0A0R0L9C3
13945,A0A0R0L9C7
13946,A0A0R0L9D7
13947,A0A0R0L9D8
13948,A0A0R0L9D9
13949,A0A0R0L9F0
13950,A0A0R0L9F1
13951,A0A0R0L9F6
13952,A0A0R0L9G5
13953,A0A0R0L9G9
13954,A0A0R0L9H2
13955,A0A0R0L9I5
13956,A0A0R0L9J3
13957,A0A0R0L9J5
13958,A0A0R0L9K0
13959,A0A0R0L9K1
13960,A0A0R0L9K5
13961,A0A0R0L9L6
13962,A0A0R0L9L8
13963,A0A0R0L9M3
13964,A0A0R0L9N0
13965,A0A0R0L9P5
13966,A0A0R0L9P6
13967,A0A0R0L9P9
13968,A0A0R0L9R8
13969,A0A0R0L9T3
13970,A0A0R0L9T4
13971,A0A0R0L9T9
13972,A0A0R0L9U1
13973,A0A0R0L9U4
13974,A0A0R0L9U5
13975,A0A0R0L9W1
13976,A0A0R0L9W2
13977,A0A0R0L9X1
13978,A0A0R0L9X7
13979,A0A0R0L9Y7
13980,A0A0R0L9Z2
13981,A0A0R0L9Z4
13982,A0A0R0LA05
13983,A0A0R0LA20
13984,A0A0R0LA35
13985,A0A0R0LA43
13986,A0A0R0LA47
13987,A0A0R0LA49
13988,A0A0R0LA57
13989,A0A0R0LA58
13990,A0A0R0LA60
13991,A0A0R0LA67
13992,A0A0R0LA69
13993,A0A0R0LA72
13994,A0A0R0LA73
13995,A0A0R0LA76
13996,A0A0R0LA77
13997,A0A0R0LA83
13998,A0A0R0LA84
13999,A0A0R0LA89
14000,A0A0R0LA92
14001,A0A0R0LA95
14002,A0A0R0LAB7
14003,A0A0R0LAC0
14004,A0A0R0LAC2
14005,A0A0R0LAC3
14006,A0A0R0LAC4
14007,A0A0R0LAC6
14008,A0A0R0LAE4
14009,A0A0R0LAF6
14010,A0A0R0LAF9
14011,A0A0R0LAH9
14012,A0A0R0LAI4
14013,A0A0R0LAI5
14014,A0A0R0LAK6
14015,A0A0R0LAL1
14016,A0A0R0LAL2
14017,A0A0R0LAM0
14018,A0A0R0LAM6
14019,A0A0R0LAN3
14020,A0A0R0LAN4
14021,A0A0R0LAP6
14022,A0A0R0LAQ0
14023,A0A0R0LAQ6
14024,A0A0R0LAQ8
14025,A0A0R0LAR0
14026,A0A0R0LAR8
14027,A0A0R0LAR9
14028,A0A0R0LAS0
14029,A0A0R0LAS7
14030,A0A0R0LAT1
14031,A0A0R0LAT5
14032,A0A0R0LAU1
14033,A0A0R0LAU2
14034,A0A0R0LAV8
14035,A0A0R0LAX6
14036,A0A0R0LAY0
14037,A0A0R0LAY1
14038,A0A0R0LAY4
14039,A0A0R0LAY5
14040,A0A0R0LAY8
14041,A0A0R0LAZ3
14042,A0A0R0LB02
14043,A0A0R0LB18
14044,A0A0R0LB19
14045,A0A0R0LB34
14046,A0A0R0LB39
14047,A0A0R0LB42
14048,A0A0R0LB52
14049,A0A0R0LB53
14050,A0A0R0LB64
14051,A0A0R0LB65
14052,A0A0R0LB73
14053,A0A0R0LB80
14054,A0A0R0LB87
14055,A0A0R0LB96
14056,A0A0R0LB99
14057,A0A0R0LBA6
14058,A0A0R0LBB8
14059,A0A0R0LBB9
14060,A0A0R0LBD8
14061,A0A0R0LBF6
14062,A0A0R0LBI4
14063,A0A0R0LBJ2
14064,A0A0R0LBJ6
14065,A0A0R0LBK6
14066,A0A0R0LBK7
14067,A0A0R0LBM0
14068,A0A0R0LBM1
14069,A0A0R0LBN4
14070,A0A0R0LBQ6
14071,A0A0R0LBQ9
14072,A0A0R0LBR3
14073,A0A0R0LBR5
14074,A0A0R0LBR6
14075,A0A0R0LBS8
14076,A0A0R0LBT7
14077,A0A0R0LBU0
14078,A0A0R0LBU1
14079,A0A0R0LBV1
14080,A0A0R0LBV2
14081,A0A0R0LBX0
14082,A0A0R0LBZ7
14083,A0A0R0LC00
14084,A0A0R0LC07
14085,A0A0R0LC17
14086,A0A0R0LC28
14087,A0A0R0LC36
14088,A0A0R0LC38
14089,A0A0R0LC47
14090,A0A0R0LC51
14091,A0A0R0LC89
14092,A0A0R0LC97
14093,A0A0R0LCA2
14094,A0A0R0LCA3
14095,A0A0R0LCA6
14096,A0A0R0LCB0
14097,A0A0R0LCC2
14098,A0A0R0LCD3
14099,A0A0R0LCE1
14100,A0A0R0LCE2
14101,A0A0R0LCE3
14102,A0A0R0LCE4
14103,A0A0R0LCG5
14104,A0A0R0LCI2
14105,A0A0R0LCI5
14106,A0A0R0LCI9
14107,A0A0R0LCJ2
14108,A0A0R0LCK1
14109,A0A0R0LCL1
14110,A0A0R0LCL4
14111,A0A0R0LCL5
14112,A0A0R0LCM0
14113,A0A0R0LCM6
14114,A0A0R0LCN5
14115,A0A0R0LCP2
14116,A0A0R0LCQ0
14117,A0A0R0LCQ5
14118,A0A0R0LCR0
14119,A0A0R0LCR8
14120,A0A0R0LCT6
14121,A0A0R0LCV3
14122,A0A0R0LCV6
14123,A0A0R0LCY9
14124,A0A0R0LCZ4
14125,A0A0R0LD08
14126,A0A0R0LD13
14127,A0A0R0LD16
14128,A0A0R0LD18
14129,A0A0R0LD19
14130,A0A0R0LD26
14131,A0A0R0LD28
14132,A0A0R0LD43
14133,A0A0R0LD71
14134,A0A0R0LD81
14135,A0A0R0LD86
14136,A0A0R0LD87
14137,A0A0R0LD95
14138,A0A0R0LDA7
14139,A0A0R0LDB9
14140,A0A0R0LDD3
14141,A0A0R0LDE6
14142,A0A0R0LDF0
14143,A0A0R0LDF2
14144,A0A0R0LDG1
14145,A0A0R0LDG2
14146,A0A0R0LDG3
14147,A0A0R0LDI8
14148,A0A0R0LDJ0
14149,A0A0R0LDJ3
14150,A0A0R0LDJ8
14151,A0A0R0LDK2
14152,A0A0R0LDK4
14153,A0A0R0LDK9
14154,A0A0R0LDL1
14155,A0A0R0LDL2
14156,A0A0R0LDM1
14157,A0A0R0LDM5
14158,A0A0R0LDN9
14159,A0A0R0LDP2
14160,A0A0R0LDP3
14161,A0A0R0LDP6
14162,A0A0R0LDQ5
14163,A0A0R0LDQ8
14164,A0A0R0LDR1
14165,A0A0R0LDR2
14166,A0A0R0LDR3
14167,A0A0R0LDT4
14168,A0A0R0LDT9
14169,A0A0R0LDV3
14170,A0A0R0LDV7
14171,A0A0R0LDV8
14172,A0A0R0LDW2
14173,A0A0R0LDW8
14174,A0A0R0LDX3
14175,A0A0R0LDX5
14176,A0A0R0LDX7
14177,A0A0R0LDY0
14178,A0A0R0LDY5
14179,A0A0R0LDY8
14180,A0A0R0LDY9
14181,A0A0R0LDZ0
14182,A0A0R0LDZ3
14183,A0A0R0LE00
14184,A0A0R0LE06
14185,A0A0R0LE13
14186,A0A0R0LE14
14187,A0A0R0LE19
14188,A0A0R0LE27
14189,A0A0R0LE28
14190,A0A0R0LE31
14191,A0A0R0LE33
14192,A0A0R0LE38
14193,A0A0R0LE40
14194,A0A0R0LE55
14195,A0A0R0LE70
14196,A0A0R0LE73
14197,A0A0R0LE84
14198,A0A0R0LE89
14199,A0A0R0LE97
14200,A0A0R0LEB1
14201,A0A0R0LEB5
14202,A0A0R0LEB6
14203,A0A0R0LEC1
14204,A0A0R0LEC2
14205,A0A0R0LED1
14206,A0A0R0LED6
14207,A0A0R0LEE9
14208,A0A0R0LEF1
14209,A0A0R0LEF9
14210,A0A0R0LEG4
14211,A0A0R0LEG5
14212,A0A0R0LEG7
14213,A0A0R0LEH1
14214,A0A0R0LEH9
14215,A0A0R0LEI2
14216,A0A0R0LEI6
14217,A0A0R0LEJ2
14218,A0A0R0LEJ3
14219,A0A0R0LEK2
14220,A0A0R0LEK3
14221,A0A0R0LEK6
14222,A0A0R0LEL0
14223,A0A0R0LEM0
14224,A0A0R0LEN2
14225,A0A0R0LEP5
14226,A0A0R0LEQ4
14227,A0A0R0LEQ5
14228,A0A0R0LER5
14229,A0A0R0LER6
14230,A0A0R0LER9
14231,A0A0R0LES0
14232,A0A0R0LET7
14233,A0A0R0LEU2
14234,A0A0R0LEU8
14235,A0A0R0LEU9
14236,A0A0R0LEW4
14237,A0A0R0LEW7
14238,A0A0R0LEX6
14239,A0A0R0LEY2
14240,A0A0R0LF02
14241,A0A0R0LF09
14242,A0A0R0LF13
14243,A0A0R0LF30
14244,A0A0R0LF34
14245,A0A0R0LF44
14246,A0A0R0LF47
14247,A0A0R0LF51
14248,A0A0R0LF54
14249,A0A0R0LF72
14250,A0A0R0LF82
14251,A0A0R0LF93
14252,A0A0R0LF94
14253,A0A0R0LFA4
14254,A0A0R0LFA9
14255,A0A0R0LFB1
14256,A0A0R0LFB2
14257,A0A0R0LFB4
14258,A0A0R0LFB5
14259,A0A0R0LFC3
14260,A0A0R0LFC6
14261,A0A0R0LFE1
14262,A0A0R0LFE5
14263,A0A0R0LFE7
14264,A0A0R0LFF0
14265,A0A0R0LFF9
14266,A0A0R0LFG1
14267,A0A0R0LFH0
14268,A0A0R0LFI4
14269,A0A0R0LFI7
14270,A0A0R0LFJ0
14271,A0A0R0LFJ5
14272,A0A0R0LFK6
14273,A0A0R0LFK7
14274,A0A0R0LFN1
14275,A0A0R0LFN3
14276,A0A0R0LFN9
14277,A0A0R0LFP1
14278,A0A0R0LFP2
14279,A0A0R0LFP3
14280,A0A0R0LFP6
14281,A0A0R0LFQ6
14282,A0A0R0LFR4
14283,A0A0R0LFR6
14284,A0A0R0LFR9
14285,A0A0R0LFS3
14286,A0A0R0LFS8
14287,A0A0R0LFS9
14288,A0A0R0LFT0
14289,A0A0R0LFT3
14290,A0A0R0LFU2
14291,A0A0R0LFU5
14292,A0A0R0LFU8
14293,A0A0R0LFV0
14294,A0A0R0LFV6
14295,A0A0R0LFV7
14296,A0A0R0LFW1
14297,A0A0R0LFW6
14298,A0A0R0LFW8
14299,A0A0R0LFX2
14300,A0A0R0LFZ5
14301,A0A0R0LFZ9
14302,A0A0R0LG14
14303,A0A0R0LG30
14304,A0A0R0LG31
14305,A0A0R0LG35
14306,A0A0R0LG36
14307,A0A0R0LG38
14308,A0A0R0LG49
14309,A0A0R0LG50
14310,A0A0R0LG53
14311,A0A0R0LG64
14312,A0A0R0LG73
14313,A0A0R0LG74
14314,A0A0R0LG91
14315,A0A0R0LG93
14316,A0A0R0LGA5
14317,A0A0R0LGB1
14318,A0A0R0LGB9
14319,A0A0R0LGC4
14320,A0A0R0LGE0
14321,A0A0R0LGE6
14322,A0A0R0LGF0
14323,A0A0R0LGF4
14324,A0A0R0LGF8
14325,A0A0R0LGF9
14326,A0A0R0LGG1
14327,A0A0R0LGG2
14328,A0A0R0LGH5
14329,A0A0R0LGH7
14330,A0A0R0LGI9
14331,A0A0R0LGJ0
14332,A0A0R0LGJ7
14333,A0A0R0LGK0
14334,A0A0R0LGL1
14335,A0A0R0LGP0
14336,A0A0R0LGP5
14337,A0A0R0LGQ5
14338,A0A0R0LGR0
14339,A0A0R0LGS4
14340,A0A0R0LGS9
14341,A0A0R0LGT6
14342,A0A0R0LGU3
14343,A0A0R0LGV1
14344,A0A0R0LGW6
14345,A0A0R0LGX1
14346,A0A0R0LGX4
14347,A0A0R0LGX5
14348,A0A0R0LGZ0
14349,A0A0R0LH10
14350,A0A0R0LH13
14351,A0A0R0LH19
14352,A0A0R0LH50
14353,A0A0R0LH52
14354,A0A0R0LH79
14355,A0A0R0LHC6
14356,A0A0R0LHD9
14357,A0A0R0LHE0
14358,A0A0R0LHG8
14359,A0A0R0LHI9
14360,A0A0R0LHJ5
14361,A0A0R0LHJ8
14362,A0A0R0LHM2
14363,A0A0R0LHN0
14364,A0A0R0LHP5
14365,A0A0R0LHS6
14366,A0A0R0LHT2
14367,A0A0R0LHU8
14368,A0A0R0LHW5
14369,A0A0R0LHX4
14370,A0A0R0LHZ1
14371,A0A0R0LHZ4
14372,A0A0R0LI21
14373,A0A0R0LI24
14374,A0A0R0LI25
14375,A0A0R0LI28
14376,A0A0R0LI45
14377,A0A0R0LI48
14378,A0A0R0LI86
14379,A0A0R0LIA6
14380,A0A0R0LIA9
14381,A0A0R0LIB8
14382,A0A0R0LIC3
14383,A0A0R0LIC5
14384,A0A0R0LIE3
14385,A0A0R0LIE8
14386,A0A0R0LIE9
14387,A0A0R0LIG2
14388,A0A0R0LIH0
14389,A0A0R0LII4
14390,A0A0R0LIJ8
14391,A0A0R0LIK1
14392,A0A0R0LIL3
14393,A0A0R0LIM3
14394,A0A0R0LIM7
14395,A0A0R0LIN0
14396,A0A0R0LIQ4
14397,A0A0R0LIV3
14398,A0A0R0LIX1
14399,A0A0R0LJ01
14400,A0A0R0LJ02
14401,A0A0R0LJ03
14402,A0A0R0LJ61
14403,A0A0R0LJ67
14404,A0A0R0LJ86
14405,A0A0R0LJC5
14406,A0A0R0LJD0
14407,A0A0R0LJE6
14408,A0A0R0LJG6
14409,A0A0R0LJH9
14410,A0A0R0LJJ7
14411,A0A0R0LJN3
14412,A0A0R0LJP6
14413,A0A0R0LJU1
14414,A0A0R0LJU2
14415,A0A0R0LJV4
14416,A0A0R0LJY0
14417,A0A0R0LJY1
14418,A0A0R0LJZ3
14419,A0A0R0LK12
14420,A0A0R0LK16
14421,A0A0R0LK19
14422,A0A0R0LK39
14423,A0A0R0LK40
14424,A0A0R0LK87
14425,A0A0R0LKC4
14426,A0A0R0LKF3
14427,A0A0R0LKH6
14428,A0A0R0LKI6
14429,A0A0R0LKJ9
14430,A0A0R0LKL0
14431,A0A0R0LKR7
14432,A0A0R0LKS5
14433,A0A0R0LKW8
14434,A0A0R0LKY2
14435,A0A0R0LL37
14436,A0A0R0LL67
14437,A0A0R0LL96
14438,A0A0R0LLA5
14439,A0A0R0LLH2
14440,A0A0R0LLJ0
14441,A0A0R0LLK5
14442,A0A0R0LLN5
14443,A0A0R0LLV1
14444,A0A0R0LLZ2
14445,A0A0R0LM01
14446,A0A0R0LM85
14447,A0A0R0LMI1
14448,A0A0R0LMP0
14449,A0A0R0LMR4
14450,A0A0R0LMS4
14451,A0A0R0LMU4
14452,A0A0R0LMV2
14453,A0A0R0LMX3
14454,A0A0R0LN55
14455,A0A0R0LNN2
14456,A0A0R0LNW3
14457,A0A0R0LP40
14458,A0A0R0LPC8
14459,A0A0R4J2G8
14460,A0A0R4J2H1
14461,A0A0R4J2H3
14462,A0A0R4J2H4
14463,A0A0R4J2H6
14464,A0A0R4J2H9
14465,A0A0R4J2I4
14466,A0A0R4J2J3
14467,A0A0R4J2J8
14468,A0A0R4J2K3
14469,A0A0R4J2K6
14470,A0A0R4J2K9
14471,A0A0R4J2L4
14472,A0A0R4J2L5
14473,A0A0R4J2L6
14474,A0A0R4J2L9
14475,A0A0R4J2M0
14476,A0A0R4J2M5
14477,A0A0R4J2M7
14478,A0A0R4J2M8
14479,A0A0R4J2N2
14480,A0A0R4J2N4
14481,A0A0R4J2N5
14482,A0A0R4J2N6
14483,A0A0R4J2N7
14484,A0A0R4J2N9
14485,A0A0R4J2P1
14486,A0A0R4J2P4
14487,A0A0R4J2P6
14488,A0A0R4J2P7
14489,A0A0R4J2P9
14490,A0A0R4J2Q0
14491,A0A0R4J2Q1
14492,A0A0R4J2Q3
14493,A0A0R4J2Q5
14494,A0A0R4J2Q6
14495,A0A0R4J2Q7
14496,A0A0R4J2Q8
14497,A0A0R4J2Q9
14498,A0A0R4J2R3
14499,A0A0R4J2R4
14500,A0A0R4J2R5
14501,A0A0R4J2S3
14502,A0A0R4J2S6
14503,A0A0R4J2S7
14504,A0A0R4J2S8
14505,A0A0R4J2T3
14506,A0A0R4J2T4
14507,A0A0R4J2T6
14508,A0A0R4J2T7
14509,A0A0R4J2U5
14510,A0A0R4J2U6
14511,A0A0R4J2U8
14512,A0A0R4J2V8
14513,A0A0R4J2W1
14514,A0A0R4J2W3
14515,A0A0R4J2W9
14516,A0A0R4J2X1
14517,A0A0R4J2X8
14518,A0A0R4J2Y1
14519,A0A0R4J2Y2
14520,A0A0R4J2Y5
14521,A0A0R4J2Y7
14522,A0A0R4J2Z0
14523,A0A0R4J2Z1
14524,A0A0R4J2Z7
14525,A0A0R4J2Z8
14526,A0A0R4J301
14527,A0A0R4J302
14528,A0A0R4J305
14529,A0A0R4J307
14530,A0A0R4J308
14531,A0A0R4J309
14532,A0A0R4J313
14533,A0A0R4J314
14534,A0A0R4J315
14535,A0A0R4J318
14536,A0A0R4J320
14537,A0A0R4J321
14538,A0A0R4J322
14539,A0A0R4J330
14540,A0A0R4J333
14541,A0A0R4J335
14542,A0A0R4J336
14543,A0A0R4J337
14544,A0A0R4J338
14545,A0A0R4J339
14546,A0A0R4J346
14547,A0A0R4J349
14548,A0A0R4J354
14549,A0A0R4J363
14550,A0A0R4J364
14551,A0A0R4J365
14552,A0A0R4J368
14553,A0A0R4J375
14554,A0A0R4J384
14555,A0A0R4J386
14556,A0A0R4J387
14557,A0A0R4J389
14558,A0A0R4J399
14559,A0A0R4J3A8
14560,A0A0R4J3B4
14561,A0A0R4J3B7
14562,A0A0R4J3C2
14563,A0A0R4J3C5
14564,A0A0R4J3D2
14565,A0A0R4J3D3
14566,A0A0R4J3E2
14567,A0A0R4J3E4
14568,A0A0R4J3E9
14569,A0A0R4J3F3
14570,A0A0R4J3F5
14571,A0A0R4J3F6
14572,A0A0R4J3F8
14573,A0A0R4J3G1
14574,A0A0R4J3G3
14575,A0A0R4J3G4
14576,A0A0R4J3G6
14577,A0A0R4J3G7
14578,A0A0R4J3G9
14579,A0A0R4J3H2
14580,A0A0R4J3H7
14581,A0A0R4J3H8
14582,A0A0R4J3H9
14583,A0A0R4J3I1
14584,A0A0R4J3I5
14585,A0A0R4J3I7
14586,A0A0R4J3J0
14587,A0A0R4J3J1
14588,A0A0R4J3J4
14589,A0A0R4J3K7
14590,A0A0R4J3L2
14591,A0A0R4J3L3
14592,A0A0R4J3L4
14593,A0A0R4J3L5
14594,A0A0R4J3M1
14595,A0A0R4J3M3
14596,A0A0R4J3M4
14597,A0A0R4J3M6
14598,A0A0R4J3M7
14599,A0A0R4J3N0
14600,A0A0R4J3N1
14601,A0A0R4J3N2
14602,A0A0R4J3N3
14603,A0A0R4J3N6
14604,A0A0R4J3N8
14605,A0A0R4J3N9
14606,A0A0R4J3P1
14607,A0A0R4J3P2
14608,A0A0R4J3P8
14609,A0A0R4J3Q0
14610,A0A0R4J3Q1
14611,A0A0R4J3Q2
14612,A0A0R4J3Q3
14613,A0A0R4J3Q4
14614,A0A0R4J3Q5
14615,A0A0R4J3Q7
14616,A0A0R4J3Q9
14617,A0A0R4J3R4
14618,A0A0R4J3S2
14619,A0A0R4J3S3
14620,A0A0R4J3S4
14621,A0A0R4J3S5
14622,A0A0R4J3U3
14623,A0A0R4J3U8
14624,A0A0R4J3V5
14625,A0A0R4J3V7
14626,A0A0R4J3V8
14627,A0A0R4J3V9
14628,A0A0R4J3W0
14629,A0A0R4J3W6
14630,A0A0R4J3W9
14631,A0A0R4J3X0
14632,A0A0R4J3X1
14633,A0A0R4J3X2
14634,A0A0R4J3X4
14635,A0A0R4J3X6
14636,A0A0R4J3X7
14637,A0A0R4J3Y3
14638,A0A0R4J3Y4
14639,A0A0R4J3Y6
14640,A0A0R4J3Y7
14641,A0A0R4J3Y8
14642,A0A0R4J3Y9
14643,A0A0R4J3Z1
14644,A0A0R4J3Z4
14645,A0A0R4J3Z8
14646,A0A0R4J410
14647,A0A0R4J414
14648,A0A0R4J415
14649,A0A0R4J419
14650,A0A0R4J421
14651,A0A0R4J424
14652,A0A0R4J426
14653,A0A0R4J428
14654,A0A0R4J433
14655,A0A0R4J436
14656,A0A0R4J437
14657,A0A0R4J439
14658,A0A0R4J442
14659,A0A0R4J443
14660,A0A0R4J446
14661,A0A0R4J448
14662,A0A0R4J450
14663,A0A0R4J455
14664,A0A0R4J460
14665,A0A0R4J461
14666,A0A0R4J462
14667,A0A0R4J465
14668,A0A0R4J467
14669,A0A0R4J469
14670,A0A0R4J475
14671,A0A0R4J481
14672,A0A0R4J485
14673,A0A0R4J488
14674,A0A0R4J494
14675,A0A0R4J498
14676,A0A0R4J499
14677,A0A0R4J4A1
14678,A0A0R4J4A3
14679,A0A0R4J4A7
14680,A0A0R4J4A9
14681,A0A0R4J4B0
14682,A0A0R4J4B4
14683,A0A0R4J4B6
14684,A0A0R4J4C3
14685,A0A0R4J4C4
14686,A0A0R4J4C5
14687,A0A0R4J4C8
14688,A0A0R4J4D0
14689,A0A0R4J4D1
14690,A0A0R4J4D2
14691,A0A0R4J4D4
14692,A0A0R4J4D6
14693,A0A0R4J4E0
14694,A0A0R4J4E1
14695,A0A0R4J4E2
14696,A0A0R4J4E5
14697,A0A0R4J4E6
14698,A0A0R4J4E9
14699,A0A0R4J4F1
14700,A0A0R4J4G1
14701,A0A0R4J4G2
14702,A0A0R4J4G4
14703,A0A0R4J4G5
14704,A0A0R4J4G6
14705,A0A0R4J4G7
14706,A0A0R4J4H2
14707,A0A0R4J4H3
14708,A0A0R4J4H4
14709,A0A0R4J4H5
14710,A0A0R4J4H6
14711,A0A0R4J4I2
14712,A0A0R4J4I3
14713,A0A0R4J4I4
14714,A0A0R4J4I7
14715,A0A0R4J4I9
14716,A0A0R4J4J6
14717,A0A0R4J4J7
14718,A0A0R4J4K4
14719,A0A0R4J4K6
14720,A0A0R4J4K9
14721,A0A0R4J4L1
14722,A0A0R4J4L3
14723,A0A0R4J4L7
14724,A0A0R4J4L8
14725,A0A0R4J4M0
14726,A0A0R4J4M3
14727,A0A0R4J4M5
14728,A0A0R4J4M9
14729,A0A0R4J4N3
14730,A0A0R4J4N8
14731,A0A0R4J4P0
14732,A0A0R4J4P2
14733,A0A0R4J4P6
14734,A0A0R4J4Q0
14735,A0A0R4J4Q1
14736,A0A0R4J4Q2
14737,A0A0R4J4Q4
14738,A0A0R4J4Q5
14739,A0A0R4J4Q8
14740,A0A0R4J4R0
14741,A0A0R4J4R4
14742,A0A0R4J4R5
14743,A0A0R4J4R7
14744,A0A0R4J4S6
14745,A0A0R4J4S8
14746,A0A0R4J4T0
14747,A0A0R4J4T3
14748,A0A0R4J4T4
14749,A0A0R4J4T5
14750,A0A0R4J4T6
14751,A0A0R4J4T7
14752,A0A0R4J4U4
14753,A0A0R4J4U7
14754,A0A0R4J4U8
14755,A0A0R4J4V2
14756,A0A0R4J4V8
14757,A0A0R4J4W3
14758,A0A0R4J4W5
14759,A0A0R4J4W7
14760,A0A0R4J4X0
14761,A0A0R4J4X2
14762,A0A0R4J4X3
14763,A0A0R4J4X4
14764,A0A0R4J4X6
14765,A0A0R4J4Y0
14766,A0A0R4J4Y5
14767,A0A0R4J4Y9
14768,A0A0R4J4Z1
14769,A0A0R4J4Z2
14770,A0A0R4J4Z8
14771,A0A0R4J4Z9
14772,A0A0R4J508
14773,A0A0R4J509
14774,A0A0R4J510
14775,A0A0R4J516
14776,A0A0R4J517
14777,A0A0R4J519
14778,A0A0R4J520
14779,A0A0R4J530
14780,A0A0R4J531
14781,A0A0R4J532
14782,A0A0R4J535
14783,A0A0R4J536
14784,A0A0R4J537
14785,A0A0R4J538
14786,A0A0R4J539
14787,A0A0R4J542
14788,A0A0R4J545
14789,A0A0R4J549
14790,A0A0R4J551
14791,A0A0R4J553
14792,A0A0R4J559
14793,A0A0R4J560
14794,A0A0R4J561
14795,A0A0R4J566
14796,A0A0R4J571
14797,A0A0R4J574
14798,A0A0R4J580
14799,A0A0R4J581
14800,A0A0R4J583
14801,A0A0R4J587
14802,A0A0R4J594
14803,A0A0R4J598
14804,A0A0R4J5A2
14805,A0A0R4J5A3
14806,A0A0R4J5A6
14807,A0A0R4J5A7
14808,A0A0R4J5B0
14809,A0A0R4J5B2
14810,A0A0R4J5B7
14811,A0A0R4J5B8
14812,A0A0R4J5B9
14813,A0A0R4J5C2
14814,A0A0R4J5C5
14815,A0A0R4J5C6
14816,A0A0R4J5C8
14817,A0A0R4J5D0
14818,A0A0R4J5D6
14819,A0A0R4J5D9
14820,A0A0R4J5E0
14821,A0A0R4J5E1
14822,A0A0R4J5E8
14823,A0A0R4J5E9
14824,A0A0R4J5F5
14825,A0A0R4J5G4
14826,A0A0R4J5G6
14827,A0A0R4J5G7
14828,A0A0R4J5H0
14829,A0A0R4J5H1
14830,A0A0R4J5H2
14831,A0A0R4J5H8
14832,A0A0R4J5H9
14833,A0A0R4J5I1
14834,A0A0R4J5I3
14835,A0A0R4J5I5
14836,A0A0R4J5J3
14837,A0A0R4J5J4
14838,A0A0R4J5J5
14839,A0A0R4J5J8
14840,A0A0R4J5K1
14841,A0A0R4J5K2
14842,A0A0R4J5K4
14843,A0A0R4J5K6
14844,A0A0R4J5L2
14845,A0A0R4J5L4
14846,A0A0R4J5L5
14847,A0A0R4J5L7
14848,A0A0R4J5L8
14849,A0A0R4J5M3
14850,A0A0R4J5M7
14851,A0A0R4J5M9
14852,A0A0R4J5N3
14853,A0A0R4J5N4
14854,A0A0R4J5N5
14855,A0A0R4J5N8
14856,A0A0R4J5N9
14857,A0A0R4J5P1
14858,A0A0R4J5P6
14859,A0A0R4J5Q0
14860,A0A0R4J5Q8
14861,A0A0R4J5Q9
14862,A0A0R4J5R0
14863,A0A0R4J5S0
14864,A0A0R4J5S7
14865,A0A0R4J5T6
14866,A0A0R4J5T7
14867,A0A0R4J5T8
14868,A0A0R4J5U0
14869,A0A0R4J5U2
14870,A0A0R4J5U6
14871,A0A0R4J5V1
14872,A0A0R4J5V6
14873,A0A0R4J5V8
14874,A0A0R4J5W4
14875,A0A0R4J5W6
14876,A0A0R4J5X0
14877,A0A0R4J5X1
14878,A0A0R4J5X2
14879,A0A0R4J5X9
14880,A0A0R4J5Y0
14881,A0A0R4J5Y2
14882,A0A0R4J5Y3
14883,A0A0R4J5Y4
14884,A0A0R4J5Z2
14885,A0A0R4J5Z5
14886,A0A0R4J5Z6
14887,A0A0R4J5Z8
14888,A0A0R4J600
14889,A0A0R4J606
14890,A0A0R4J610
14891,A0A0R4J614
14892,A0A0R4J616
14893,A0A0R4J618
14894,A0A0R4J626
14895,A0A0R4J629
14896,A0A0R4J631
14897,A0A0R4J632
14898,A0A0R4J634
14899,A0A0R4J642
14900,A0A0R4J645
14901,A0A0R4J646
14902,A0A0R4J650
14903,A0A0R4J651
14904,A0A0R4J652
14905,A0A0R4J653
14906,A0A0R4J654
14907,A0A0R4J656
14908,A0A0R4J661
14909,A0A0R4J666
14910,A0A0R4J669
14911,A0A0R4J671
14912,A0A0R4J676
14913,A0A0R4J677
14914,A0A0R4J678
14915,A0A0R4J681
14916,A0A2K7HC21
14917,A0A2K7L8L4
14918,A0A359R7D3
14919,A0A367GJ73
14920,A0A367GJ92
14921,A0A367GJA6
14922,A0A367GJB1
14923,A0A367GJC0
14924,A0A367GJP5
14925,A0A367GJQ4
14926,A0A367GKN3
14927,A0A367GKR3
14928,A0A367GL20
14929,A0A367GLA0
14930,A0A367GLB9
14931,A0A367GLL0
14932,A0A368UG67
14933,A0A368UG72
14934,A0A368UG74
14935,A0A368UG79
14936,A0A368UG85
14937,A0A368UG86
14938,A0A368UG87
14939,A0A368UGA0
14940,A0A368UGA1
14941,A0A368UGA5
14942,A0A368UGA6
14943,A0A368UGB1
14944,A0A368UGB6
14945,A0A368UGC0
14946,A0A368UGC3
14947,A0A368UGC5
14948,A0A368UGD8
14949,A0A368UGE2
14950,A0A368UGE5
14951,A0A368UGF1
14952,A0A368UGF3
14953,A0A368UGG2
14954,A0A368UGG3
14955,A0A368UGG7
14956,A0A368UGH5
14957,A0A368UGH6
14958,A0A368UGH8
14959,A0A368UGI4
14960,A0A368UGI5
14961,A0A368UGI6
14962,A0A368UGI8
14963,A0A368UGJ3
14964,A0A368UGJ5
14965,A0A368UGJ6
14966,A0A368UGJ9
14967,A0A368UGK5
14968,A0A368UGK6
14969,A0A368UGK7
14970,A0A368UGL4
14971,A0A368UGL5
14972,A0A368UGL6
14973,A0A368UGL7
14974,A0A368UGM0
14975,A0A368UGM5
14976,A0A368UGM6
14977,A0A368UGN1
14978,A0A368UGN2
14979,A0A368UGN3
14980,A0A368UGN4
14981,A0A368UGN5
14982,A0A368UGP1
14983,A0A368UGP3
14984,A0A368UGP4
14985,A0A368UGQ2
14986,A0A368UGQ3
14987,A0A368UGQ4
14988,A0A368UGQ6
14989,A0A368UGR1
14990,A0A368UGR2
14991,A0A368UGR3
14992,A0A368UGR4
14993,A0A368UGS1
14994,A0A368UGS3
14995,A0A368UGS8
14996,A0A368UGT4
14997,A0A368UGT8
14998,A0A368UGU2
14999,A0A368UGU3
15000,A0A368UGU8
15001,A0A368UGV3
15002,A0A368UGV7
15003,A0A368UGV8
15004,A0A368UGW1
15005,A0A368UGW6
15006,A0A368UGW7
15007,A0A368UGX2
15008,A0A368UGX6
15009,A0A368UGX7
15010,A0A368UGX9
15011,A0A368UGY1
15012,A0A368UGY4
15013,A0A368UGY5
15014,A0A368UGY7
15015,A0A368UGZ1
15016,A0A368UGZ2
15017,A0A368UGZ4
15018,A0A368UGZ5
15019,A0A368UGZ7
15020,A0A368UGZ9
15021,A0A368UH03
15022,A0A368UH04
15023,A0A368UH06
15024,A0A368UH07
15025,A0A368UH09
15026,A0A368UH13
15027,A0A368UH16
15028,A0A368UH20
15029,A0A368UH23
15030,A0A368UH24
15031,A0A368UH26
15032,A0A368UH27
15033,A0A368UH30
15034,A0A368UH32
15035,A0A368UH34
15036,A0A368UH36
15037,A0A368UH38
15038,A0A368UH40
15039,A0A368UH41
15040,A0A368UH44
15041,A0A368UH45
15042,A0A368UH49
15043,A0A368UH52
15044,A0A368UH53
15045,A0A368UH54
15046,A0A368UH58
15047,A0A368UH61
15048,A0A368UH62
15049,A0A368UH63
15050,A0A368UH64
15051,A0A368UH67
15052,A0A368UH71
15053,A0A368UH73
15054,A0A368UH75
15055,A0A368UH77
15056,A0A368UH79
15057,A0A368UH80
15058,A0A368UH81
15059,A0A368UH82
15060,A0A368UH84
15061,A0A368UH87
15062,A0A368UH89
15063,A0A368UH90
15064,A0A368UH91
15065,A0A368UH93
15066,A0A368UH94
15067,A0A368UH97
15068,A0A368UHA1
15069,A0A368UHA2
15070,A0A368UHA7
15071,A0A368UHA9
15072,A0A368UHB0
15073,A0A368UHB1
15074,A0A368UHB2
15075,A0A368UHB3
15076,A0A368UHB7
15077,A0A368UHC0
15078,A0A368UHC1
15079,A0A368UHC2
15080,A0A368UHC3
15081,A0A368UHC5
15082,A0A368UHD0
15083,A0A368UHD2
15084,A0A368UHD4
15085,A0A368UHE1
15086,A0A368UHE2
15087,A0A368UHE3
15088,A0A368UHE4
15089,A0A368UHE6
15090,A0A368UHF1
15091,A0A368UHF2
15092,A0A368UHF3
15093,A0A368UHF7
15094,A0A368UHG0
15095,A0A368UHG1
15096,A0A368UHG2
15097,A0A368UHG3
15098,A0A368UHG4
15099,A0A368UHG7
15100,A0A368UHG8
15101,A0A368UHG9
15102,A0A368UHH2
15103,A0A368UHH3
15104,A0A368UHH5
15105,A0A368UHH6
15106,A0A368UHH9
15107,A0A368UHI1
15108,A0A368UHI2
15109,A0A368UHI3
15110,A0A368UHI5
15111,A0A368UHJ0
15112,A0A368UHJ6
15113,A0A368UHJ7
15114,A0A368UHJ8
15115,A0A368UHK0
15116,A0A368UHK1
15117,A0A368UHK3
15118,A0A368UHK5
15119,A0A368UHK6
15120,A0A368UHK8
15121,A0A368UHL5
15122,A0A368UHL6
15123,A0A368UHL7
15124,A0A368UHL8
15125,A0A368UHM0
15126,A0A368UHM1
15127,A0A368UHM5
15128,A0A368UHM9
15129,A0A368UHN2
15130,A0A368UHN4
15131,A0A368UHN9
15132,A0A368UHP1
15133,A0A368UHP4
15134,A0A368UHP6
15135,A0A368UHP7
15136,A0A368UHP8
15137,A0A368UHP9
15138,A0A368UHQ0
15139,A0A368UHQ4
15140,A0A368UHR1
15141,A0A368UHR2
15142,A0A368UHR4
15143,A0A368UHR6
15144,A0A368UHR8
15145,A0A368UHS1
15146,A0A368UHS4
15147,A0A368UHS5
15148,A0A368UHS7
15149,A0A368UHS8
15150,A0A368UHS9
15151,A0A368UHT0
15152,A0A368UHT3
15153,A0A368UHT5
15154,A0A368UHT7
15155,A0A368UHU3
15156,A0A368UHU4
15157,A0A368UHU5
15158,A0A368UHU9
15159,A0A368UHV1
15160,A0A368UHV2
15161,A0A368UHV6
15162,A0A368UHV8
15163,A0A368UHW0
15164,A0A368UHW3
15165,A0A368UHW4
15166,A0A368UHW7
15167,A0A368UHW8
15168,A0A368UHX3
15169,A0A368UHX4
15170,A0A368UHX5
15171,A0A368UHX6
15172,A0A368UHX7
15173,A0A368UHX9
15174,A0A368UHY0
15175,A0A368UHY2
15176,A0A368UHY3
15177,A0A368UHY5
15178,A0A368UHY6
15179,A0A368UHY7
15180,A0A368UHY8
15181,A0A368UHZ0
15182,A0A368UHZ2
15183,A0A368UHZ4
15184,A0A368UHZ5
15185,A0A368UHZ9
15186,A0A368UI00
15187,A0A368UI02
15188,A0A368UI03
15189,A0A368UI04
15190,A0A368UI05
15191,A0A368UI07
15192,A0A368UI10
15193,A0A368UI12
15194,A0A368UI13
15195,A0A368UI15
15196,A0A368UI16
15197,A0A368UI19
15198,A0A368UI20
15199,A0A368UI22
15200,A0A368UI23
15201,A0A368UI24
15202,A0A368UI25
15203,A0A368UI28
15204,A0A368UI29
15205,A0A368UI30
15206,A0A368UI32
15207,A0A368UI34
15208,A0A368UI35
15209,A0A368UI40
15210,A0A368UI41
15211,A0A368UI42
15212,A0A368UI44
15213,A0A368UI45
15214,A0A368UI47
15215,A0A368UI48
15216,A0A368UI50
15217,A0A368UI52
15218,A0A368UI53
15219,A0A368UI54
15220,A0A368UI56
15221,A0A368UI59
15222,A0A368UI60
15223,A0A368UI64
15224,A0A368UI65
15225,A0A368UI70
15226,A0A368UI72
15227,A0A368UI73
15228,A0A368UI76
15229,A0A368UI80
15230,A0A368UI82
15231,A0A368UI84
15232,A0A368UI85
15233,A0A368UI86
15234,A0A368UI89
15235,A0A368UI92
15236,A0A368UI93
15237,A0A368UI94
15238,A0A368UI97
15239,A0A368UI98
15240,A0A368UI99
15241,A0A368UIA0
15242,A0A368UIA2
15243,A0A368UIA4
15244,A0A368UIA5
15245,A0A368UIA6
15246,A0A368UIA9
15247,A0A368UIB4
15248,A0A368UIB7
15249,A0A368UIB8
15250,A0A368UIB9
15251,A0A368UIC0
15252,A0A368UIC2
15253,A0A368UIC4
15254,A0A368UIC7
15255,A0A368UIC8
15256,A0A368UIC9
15257,A0A368UID0
15258,A0A368UID1
15259,A0A368UID3
15260,A0A368UID6
15261,A0A368UID8
15262,A0A368UID9
15263,A0A368UIE0
15264,A0A368UIE1
15265,A0A368UIE2
15266,A0A368UIE4
15267,A0A368UIE7
15268,A0A368UIF2
15269,A0A368UIF6
15270,A0A368UIF8
15271,A0A368UIF9
15272,A0A368UIG2
15273,A0A368UIG3
15274,A0A368UIG4
15275,A0A368UIG5
15276,A0A368UIG7
15277,A0A368UIG8
15278,A0A368UIG9
15279,A0A368UIH1
15280,A0A368UIH3
15281,A0A368UIH4
15282,A0A368UIH5
15283,A0A368UIH7
15284,A0A368UIH8
15285,A0A368UIH9
15286,A0A368UII1
15287,A0A368UII2
15288,A0A368UII3
15289,A0A368UII4
15290,A0A368UII8
15291,A0A368UIJ0
15292,A0A368UIJ4
15293,A0A368UIJ5
15294,A0A368UIJ6
15295,A0A368UIJ7
15296,A0A368UIJ8
15297,A0A368UIJ9
15298,A0A368UIK4
15299,A0A368UIK5
15300,A0A368UIK8
15301,A0A368UIL0
15302,A0A368UIL2
15303,A0A368UIL5
15304,A0A368UIL6
15305,A0A368UIL9
15306,A0A368UIM2
15307,A0A368UIM3
15308,A0A368UIM4
15309,A0A368UIM5
15310,A0A368UIM7
15311,A0A368UIM9
15312,A0A368UIN0
15313,A0A368UIN2
15314,A0A368UIN5
15315,A0A368UIN7
15316,A0A368UIQ5
15317,A0A368UIQ7
15318,A0A368UIS1
15319,A0A368UIS9
15320,A0A368UIT0
15321,A0A368UIT8
15322,A0A368UIV2
15323,A0A368UIV4
15324,A0A368UIW8
15325,A0A368UIX9
15326,A0A368UIY4
15327,A0A368UIZ6
15328,A0A368UJ29
15329,A0A368UJ31
15330,A0A368UJ49
15331,A0A368UJ51
15332,A0A368UJ62
15333,A0A368UJ64
15334,A0A368UJ72
15335,A0A368UJ80
15336,A0A368UJ88
15337,A0A368UJ94
15338,A0A368UJ97
15339,A0A368UJA3
15340,A0A368UJA8
15341,A0A368UJB9
15342,A0A368UJC3
15343,A0A368UJC4
15344,A0A368UJC9
15345,A0A368UJD5
15346,A0A368UJD8
15347,A0A368UJD9
15348,A0A368UJE8
15349,A0A368UJF6
15350,A0A368UJF8
15351,A0A368UJG3
15352,A0A368UJH2
15353,A0A368UJJ0
15354,A0A368UJK3
15355,A0A368UJK4
15356,A0A368UJK6
15357,A0A368UJK8
15358,A0A368UJL8
15359,A0A368UJM4
15360,A0A368UJN3
15361,A0A368UJP9
15362,A0A368UJQ0
15363,A0A368UJQ1
15364,A0A368UJQ6
15365,A0A368UJR5
15366,A0A368UJR6
15367,A0A368UJR7
15368,A0A368UJR9
15369,A0A368UJT0
15370,A0A368UJT1
15371,A0A368UJU2
15372,A0A368UJU3
15373,A0A368UJU6
15374,A0A368UJV1
15375,A0A368UJV9
15376,A0A368UJX6
15377,A0A368UJZ4
15378,A0A368UJZ8
15379,A0A368UK02
15380,A0A368UK08
15381,A0A368UK14
15382,A0A368UK24
15383,A0A368UK32
15384,A0A368UK41
15385,A0A368UK48
15386,A0A368UK56
15387,A0A368UK63
15388,A0A368UK73
15389,A0A368UK75
15390,A0A368UK88
15391,A0A368UK90
15392,A0A368UK95
15393,A0A368UKA6
15394,A0A368UKB0
15395,A0A368UKD6
15396,A0A368UKF4
15397,A0A368UKG6
15398,A0A368UKI2
15399,A0A368UKI9
15400,A0A368UKJ9
15401,A0A368UKK5
15402,A0A368UKL4
15403,A0A368UKN3
15404,A0A368UKP7
15405,A0A368UKR1
15406,A0A368UKX3
15407,A0A368UKZ0
15408,A0A368UKZ3
15409,A0A368UL08
15410,A0A368UL12
15411,A0A368UL61
15412,A0A368UL68
15413,A0A368UL79
15414,A0A368UL88
15415,A0A368UL97
15416,A0A368ULD4
15417,A0A368ULF3
15418,A0A368ULH0
15419,A0A368ULH4
15420,A0A368ULI9
15421,A0A368ULJ0
15422,A0A368ULK6
15423,A0A368ULK7
15424,A0A368ULM4
15425,A0A368ULP0
15426,A0A368ULP3
15427,A0A368ULS0
15428,A0A368ULS4
15429,A0A368ULT7
15430,A0A368ULU0
15431,A0A368ULV3
15432,A0A368ULW9
15433,A0A368ULX2
15434,A0A368ULY6
15435,A0A368ULZ9
15436,A0A368UM03
15437,A0A368UM14
15438,A0A368UM20
15439,A0A368UM47
15440,A0A368UM67
15441,A0A368UM86
15442,A0A368UMA4
15443,A0A368UMC3
15444,A0A368UMI2
15445,A0A368UMJ9
15446,A0A368UMN9
15447,A0A368UMQ7
15448,A0A368UMR9
15449,A0A368UMT0
15450,A0A368UMU8
15451,A0A368UMV9
15452,A0A368UMZ1
15453,A0A368UN07
15454,A0A368UN22
15455,A0A368UN36
15456,A0A368UN55
15457,A0A368UN73
15458,A0A368UN87
15459,A0A368UNA6
15460,A0A368UNC4
15461,A0A368UNF5
15462,A0A3Q7BY30
15463,A0MAV6
15464,A1IGR3
15465,A1XG54
15466,A1YUN0
15467,A1YZE0
15468,A2IBG7
15469,A3QRM3
15470,A4ZGU1
15471,A5A6Y4
15472,A5I866
15473,A5JNJ5
15474,A5JUQ4
15475,A5JVZ7
15476,A5Y5L4
15477,A5YJV9
15478,A5YJW3
15479,A5Z2K3
15480,A6BM07
15481,A7BIC9
15482,A7BID0
15483,A7ISP5
15484,A7ISP6
15485,A7J0W0
15486,A7X641
15487,A7X649
15488,A7X657
15489,A7X665
15490,A7X672
15491,A7X680
15492,A7XZJ7
15493,A8C8H5
15494,A9CPA7
15495,A9QNE4
15496,A9UHK7
15497,A9ZM29
15498,B0EW02
15499,B0LUR5
15500,B0LUR7
15501,B0LUS2
15502,B0LUS3
15503,B0LUS5
15504,B0M194
15505,B0M195
15506,B0M196
15507,B0M1A0
15508,B0M1A1
15509,B0M1A3
15510,B0M1A4
15511,B0M1A6
15512,B0M1A7
15513,B0M1A9
15514,B0M1B1
15515,B0ZSJ5
15516,B1ACD1
15517,B1ACD2
15518,B1ACD3
15519,B1ACD5
15520,B2BF98
15521,B2DBE7
15522,B2ZF65
15523,B2ZGQ4
15524,B2ZGQ7
15525,B2ZGS0
15526,B2ZHZ5
15527,B3F5J6
15528,B3SN57
15529,B3TDK6
15530,B3TDK7
15531,B3TDK9
15532,B3TPN4
15533,B3TPR9
15534,B4Y5J6
15535,B4Y5J7
15536,B4YB07
15537,B4YB10
15538,B5KMS8
15539,B5KMS9
15540,B6EBD3
15541,B6EBD5
15542,B6ZJZ9
15543,B6ZK00
15544,B8K2A4
15545,B8XJY3
15546,B8XJY4
15547,B8XJY5
15548,B8XJY6
15549,B8XJY8
15550,B8XJZ1
15551,B8XJZ3
15552,B8XQT5
15553,B8XQT7
15554,B9A1Q4
15555,B9A7M1
15556,B9A7M2
15557,B9MSS5
15558,B9MSS8
15559,B9MST0
15560,B9U5I2
15561,B9VJS7
15562,C0JJG9
15563,C0LZ80
15564,C0M0P5
15565,C0M0P7
15566,C0M0P9
15567,C0M0Q1
15568,C0M0V4
15569,C0SNP2
15570,C0SW30
15571,C1IIX2
15572,C1PHB8
15573,C3UZD0
15574,C3UZD2
15575,C3UZD3
15576,C3UZD4
15577,C3UZD5
15578,C3UZD6
15579,C3UZD7
15580,C3VD33
15581,C4TP24
15582,C5HU39
15583,C5IU97
15584,C5NTE7
15585,C5NU12
15586,C5WLV2
15587,C6F116
15588,C6F117
15589,C6F119
15590,C6F120
15591,C6F121
15592,C6F122
15593,C6FF62
15594,C6FF63
15595,C6FF68
15596,C6FF72
15597,C6FF75
15598,C6FF78
15599,C6FF79
15600,C6FF80
15601,C6K8D0
15602,C6KXH6
15603,C6SV59
15604,C6SV60
15605,C6SV65
15606,C6SV66
15607,C6SV68
15608,C6SV70
15609,C6SV76
15610,C6SV78
15611,C6SV83
15612,C6SV85
15613,C6SV86
15614,C6SV89
15615,C6SV91
15616,C6SV97
15617,C6SV99
15618,C6SVA4
15619,C6SVA8
15620,C6SVB1
15621,C6SVB5
15622,C6SVB6
15623,C6SVB8
15624,C6SVC0
15625,C6SVC4
15626,C6SVC8
15627,C6SVD0
15628,C6SVD1
15629,C6SVD4
15630,C6SVD5
15631,C6SVD6
15632,C6SVD7
15633,C6SVE1
15634,C6SVE2
15635,C6SVE6
15636,C6SVE8
15637,C6SVE9
15638,C6SVF1
15639,C6SVF3
15640,C6SVF6
15641,C6SVF8
15642,C6SVG2
15643,C6SVG5
15644,C6SVG7
15645,C6SVG8
15646,C6SVH0
15647,C6SVH4
15648,C6SVH5
15649,C6SVH6
15650,C6SVH9
15651,C6SVI1
15652,C6SVI3
15653,C6SVI5
15654,C6SVI6
15655,C6SVI7
15656,C6SVJ0
15657,C6SVJ5
15658,C6SVJ8
15659,C6SVJ9
15660,C6SVK1
15661,C6SVK2
15662,C6SVK3
15663,C6SVK5
15664,C6SVK6
15665,C6SVL0
15666,C6SVL1
15667,C6SVL3
15668,C6SVL4
15669,C6SVL7
15670,C6SVM0
15671,C6SVM1
15672,C6SVM3
15673,C6SVM4
15674,C6SVM5
15675,C6SVM6
15676,C6SVM8
15677,C6SVN2
15678,C6SVN4
15679,C6SVN6
15680,C6SVN8
15681,C6SVP4
15682,C6SVP5
15683,C6SVP6
15684,C6SVQ0
15685,C6SVQ4
15686,C6SVQ5
15687,C6SVQ8
15688,C6SVQ9
15689,C6SVR0
15690,C6SVR1
15691,C6SVR2
15692,C6SVR3
15693,C6SVR4
15694,C6SVR8
15695,C6SVR9
15696,C6SVS0
15697,C6SVS3
15698,C6SVS5
15699,C6SVT0
15700,C6SVT2
15701,C6SVT5
15702,C6SVT6
15703,C6SVT8
15704,C6SVU3
15705,C6SVU4
15706,C6SVU5
15707,C6SVV1
15708,C6SVV4
15709,C6SVV7
15710,C6SVV9
15711,C6SVW1
15712,C6SVW2
15713,C6SVW4
15714,C6SVW7
15715,C6SVW8
15716,C6SVW9
15717,C6SVX1
15718,C6SVX3
15719,C6SVX5
15720,C6SVX9
15721,C6SVY0
15722,C6SVY5
15723,C6SVY8
15724,C6SVZ1
15725,C6SVZ6
15726,C6SVZ8
15727,C6SW04
15728,C6SW05
15729,C6SW07
15730,C6SW09
15731,C6SW11
15732,C6SW13
15733,C6SW14
15734,C6SW16
15735,C6SW18
15736,C6SW20
15737,C6SW21
15738,C6SW23
15739,C6SW24
15740,C6SW25
15741,C6SW27
15742,C6SW33
15743,C6SW35
15744,C6SW39
15745,C6SW43
15746,C6SW44
15747,C6SW46
15748,C6SW47
15749,C6SW48
15750,C6SW49
15751,C6SW51
15752,C6SW53
15753,C6SW56
15754,C6SW59
15755,C6SW62
15756,C6SW65
15757,C6SW69
15758,C6SW74
15759,C6SW75
15760,C6SW80
15761,C6SW81
15762,C6SW90
15763,C6SW92
15764,C6SW97
15765,C6SW98
15766,C6SWA0
15767,C6SWA1
15768,C6SWA5
15769,C6SWA6
15770,C6SWA8
15771,C6SWA9
15772,C6SWB0
15773,C6SWB4
15774,C6SWB5
15775,C6SWB6
15776,C6SWB7
15777,C6SWC0
15778,C6SWC6
15779,C6SWD0
15780,C6SWD1
15781,C6SWD4
15782,C6SWD5
15783,C6SWD8
15784,C6SWE0
15785,C6SWE1
15786,C6SWE4
15787,C6SWE6
15788,C6SWE7
15789,C6SWE9
15790,C6SWF0
15791,C6SWF6
15792,C6SWF8
15793,C6SWG3
15794,C6SWG4
15795,C6SWG5
15796,C6SWG8
15797,C6SWG9
15798,C6SWH0
15799,C6SWH4
15800,C6SWI0
15801,C6SWI2
15802,C6SWI3
15803,C6SWI6
15804,C6SWI9
15805,C6SWJ2
15806,C6SWJ7
15807,C6SWJ9
15808,C6SWK0
15809,C6SWK8
15810,C6SWL2
15811,C6SWL3
15812,C6SWL4
15813,C6SWL5
15814,C6SWM1
15815,C6SWM3
15816,C6SWM5
15817,C6SWM8
15818,C6SWM9
15819,C6SWN3
15820,C6SWN5
15821,C6SWN6
15822,C6SWN8
15823,C6SWN9
15824,C6SWP1
15825,C6SWP2
15826,C6SWP3
15827,C6SWP7
15828,C6SWP8
15829,C6SWP9
15830,C6SWQ0
15831,C6SWQ1
15832,C6SWQ2
15833,C6SWQ3
15834,C6SWQ6
15835,C6SWQ7
15836,C6SWQ8
15837,C6SWQ9
15838,C6SWR2
15839,C6SWR3
15840,C6SWR4
15841,C6SWR8
15842,C6SWR9
15843,C6SWS1
15844,C6SWS2
15845,C6SWS5
15846,C6SWS6
15847,C6SWS8
15848,C6SWT2
15849,C6SWT3
15850,C6SWT7
15851,C6SWT9
15852,C6SWU3
15853,C6SWU4
15854,C6SWU9
15855,C6SWV0
15856,C6SWV2
15857,C6SWV3
15858,C6SWV4
15859,C6SWV7
15860,C6SWW2
15861,C6SWW4
15862,C6SWW5
15863,C6SWW8
15864,C6SWX1
15865,C6SWX2
15866,C6SWX3
15867,C6SWX5
15868,C6SWX8
15869,C6SWY1
15870,C6SWY2
15871,C6SWY3
15872,C6SWY4
15873,C6SWY5
15874,C6SWY6
15875,C6SWY9
15876,C6SWZ0
15877,C6SWZ1
15878,C6SX01
15879,C6SX02
15880,C6SX03
15881,C6SX05
15882,C6SX06
15883,C6SX07
15884,C6SX14
15885,C6SX15
15886,C6SX17
15887,C6SX18
15888,C6SX19
15889,C6SX22
15890,C6SX27
15891,C6SX28
15892,C6SX33
15893,C6SX36
15894,C6SX39
15895,C6SX42
15896,C6SX45
15897,C6SX47
15898,C6SX48
15899,C6SX49
15900,C6SX50
15901,C6SX56
15902,C6SX62
15903,C6SX69
15904,C6SX74
15905,C6SX76
15906,C6SX77
15907,C6SX79
15908,C6SX80
15909,C6SX81
15910,C6SX82
15911,C6SX83
15912,C6SX84
15913,C6SX86
15914,C6SX87
15915,C6SX88
15916,C6SX90
15917,C6SX91
15918,C6SX98
15919,C6SX99
15920,C6SXA6
15921,C6SXA9
15922,C6SXB1
15923,C6SXB3
15924,C6SXB4
15925,C6SXB6
15926,C6SXC3
15927,C6SXC6
15928,C6SXC9
15929,C6SXD0
15930,C6SXD2
15931,C6SXD3
15932,C6SXD4
15933,C6SXD6
15934,C6SXE0
15935,C6SXE1
15936,C6SXE2
15937,C6SXE4
15938,C6SXE6
15939,C6SXE7
15940,C6SXE8
15941,C6SXF0
15942,C6SXF5
15943,C6SXF6
15944,C6SXF9
15945,C6SXG1
15946,C6SXG2
15947,C6SXG3
15948,C6SXG4
15949,C6SXG5
15950,C6SXG6
15951,C6SXG8
15952,C6SXG9
15953,C6SXH0
15954,C6SXH2
15955,C6SXH4
15956,C6SXH5
15957,C6SXI0
15958,C6SXI3
15959,C6SXI4
15960,C6SXI6
15961,C6SXI7
15962,C6SXJ0
15963,C6SXJ2
15964,C6SXJ3
15965,C6SXJ7
15966,C6SXJ9
15967,C6SXK6
15968,C6SXK7
15969,C6SXK8
15970,C6SXL2
15971,C6SXM1
15972,C6SXM5
15973,C6SXM8
15974,C6SXM9
15975,C6SXN0
15976,C6SXN1
15977,C6SXN3
15978,C6SXN5
15979,C6SXN7
15980,C6SXP0
15981,C6SXP2
15982,C6SXP4
15983,C6SXP5
15984,C6SXQ1
15985,C6SXQ6
15986,C6SXR1
15987,C6SXR2
15988,C6SXR3
15989,C6SXR4
15990,C6SXR7
15991,C6SXR8
15992,C6SXS4
15993,C6SXT0
15994,C6SXT1
15995,C6SXT3
15996,C6SXT8
15997,C6SXT9
15998,C6SXU3
15999,C6SXU5
16000,C6SXV0
16001,C6SXV9
16002,C6SXW0
16003,C6SXW1
16004,C6SXW3
16005,C6SXW4
16006,C6SXW7
16007,C6SXX1
16008,C6SXX2
16009,C6SXX5
16010,C6SXY3
16011,C6SXY4
16012,C6SXY5
16013,C6SXY6
16014,C6SXY9
16015,C6SXZ1
16016,C6SXZ3
16017,C6SXZ4
16018,C6SXZ5
16019,C6SY05
16020,C6SY07
16021,C6SY10
16022,C6SY11
16023,C6SY13
16024,C6SY14
16025,C6SY15
16026,C6SY17
16027,C6SY20
16028,C6SY25
16029,C6SY27
16030,C6SY31
16031,C6SY34
16032,C6SY37
16033,C6SY38
16034,C6SY43
16035,C6SY46
16036,C6SY47
16037,C6SY49
16038,C6SY54
16039,C6SY55
16040,C6SY56
16041,C6SY65
16042,C6SY73
16043,C6SY81
16044,C6SY84
16045,C6SY85
16046,C6SY88
16047,C6SY95
16048,C6SY96
16049,C6SY99
16050,C6SYA0
16051,C6SYA1
16052,C6SYA3
16053,C6SYA4
16054,C6SYA5
16055,C6SYA8
16056,C6SYB1
16057,C6SYB4
16058,C6SYB8
16059,C6SYC0
16060,C6SYC1
16061,C6SYC4
16062,C6SYC7
16063,C6SYD3
16064,C6SYD4
16065,C6SYD5
16066,C6SYE0
16067,C6SYE1
16068,C6SYE2
16069,C6SYE3
16070,C6SYE7
16071,C6SYE8
16072,C6SYF0
16073,C6SYF3
16074,C6SYF4
16075,C6SYG0
16076,C6SYG2
16077,C6SYG4
16078,C6SYG6
16079,C6SYG7
16080,C6SYG8
16081,C6SYG9
16082,C6SYH1
16083,C6SYH7
16084,C6SYH8
16085,C6SYI0
16086,C6SYI2
16087,C6SYI5
16088,C6SYJ0
16089,C6SYJ1
16090,C6SYJ4
16091,C6SYJ7
16092,C6SYJ8
16093,C6SYK0
16094,C6SYK3
16095,C6SYK4
16096,C6SYK7
16097,C6SYK8
16098,C6SYL0
16099,C6SYL2
16100,C6SYL9
16101,C6SYM2
16102,C6SYM6
16103,C6SYM8
16104,C6SYN1
16105,C6SYN4
16106,C6SYN5
16107,C6SYN6
16108,C6SYN8
16109,C6SYN9
16110,C6SYP3
16111,C6SYP6
16112,C6SYQ2
16113,C6SYQ7
16114,C6SYR1
16115,C6SYR3
16116,C6SYR6
16117,C6SYR7
16118,C6SYR8
16119,C6SYS2
16120,C6SYS4
16121,C6SYS7
16122,C6SYT6
16123,C6SYT9
16124,C6SYU2
16125,C6SYU3
16126,C6SYU8
16127,C6SYV1
16128,C6SYV5
16129,C6SYV6
16130,C6SYV7
16131,C6SYW1
16132,C6SYW3
16133,C6SYW6
16134,C6SYW7
16135,C6SYX1
16136,C6SYX2
16137,C6SYX3
16138,C6SYX7
16139,C6SYY0
16140,C6SYY3
16141,C6SYY6
16142,C6SYY9
16143,C6SYZ1
16144,C6SYZ5
16145,C6SYZ7
16146,C6SYZ8
16147,C6SZ02
16148,C6SZ04
16149,C6SZ07
16150,C6SZ09
16151,C6SZ12
16152,C6SZ13
16153,C6SZ18
16154,C6SZ19
16155,C6SZ22
16156,C6SZ23
16157,C6SZ28
16158,C6SZ29
16159,C6SZ30
16160,C6SZ33
16161,C6SZ40
16162,C6SZ46
16163,C6SZ50
16164,C6SZ52
16165,C6SZ53
16166,C6SZ54
16167,C6SZ55
16168,C6SZ57
16169,C6SZ58
16170,C6SZ62
16171,C6SZ64
16172,C6SZ67
16173,C6SZ70
16174,C6SZ72
16175,C6SZ76
16176,C6SZ77
16177,C6SZ81
16178,C6SZ82
16179,C6SZ84
16180,C6SZ88
16181,C6SZ93
16182,C6SZ94
16183,C6SZA1
16184,C6SZA2
16185,C6SZA4
16186,C6SZA9
16187,C6SZB6
16188,C6SZC0
16189,C6SZC1
16190,C6SZC5
16191,C6SZC9
16192,C6SZD1
16193,C6SZD4
16194,C6SZD5
16195,C6SZE2
16196,C6SZE3
16197,C6SZE8
16198,C6SZE9
16199,C6SZF0
16200,C6SZF2
16201,C6SZF4
16202,C6SZF6
16203,C6SZF7
16204,C6SZF9
16205,C6SZG1
16206,C6SZG2
16207,C6SZG8
16208,C6SZH2
16209,C6SZH4
16210,C6SZH5
16211,C6SZH6
16212,C6SZH8
16213,C6SZH9
16214,C6SZI0
16215,C6SZI2
16216,C6SZI3
16217,C6SZI5
16218,C6SZI8
16219,C6SZI9
16220,C6SZJ2
16221,C6SZJ3
16222,C6SZJ5
16223,C6SZK2
16224,C6SZK6
16225,C6SZL0
16226,C6SZL5
16227,C6SZM0
16228,C6SZM2
16229,C6SZM7
16230,C6SZM9
16231,C6SZN6
16232,C6SZP1
16233,C6SZP3
16234,C6SZP7
16235,C6SZP8
16236,C6SZQ0
16237,C6SZQ3
16238,C6SZQ5
16239,C6SZQ6
16240,C6SZQ8
16241,C6SZR5
16242,C6SZR9
16243,C6SZS0
16244,C6SZS1
16245,C6SZS4
16246,C6SZS5
16247,C6SZS8
16248,C6SZT2
16249,C6SZT3
16250,C6SZT5
16251,C6SZT8
16252,C6SZU0
16253,C6SZU2
16254,C6SZU4
16255,C6SZU8
16256,C6SZU9
16257,C6SZV3
16258,C6SZV5
16259,C6SZV7
16260,C6SZV9
16261,C6SZW2
16262,C6SZW7
16263,C6SZW9
16264,C6SZX0
16265,C6SZX1
16266,C6SZX3
16267,C6SZX7
16268,C6SZX9
16269,C6SZY0
16270,C6SZY3
16271,C6SZY5
16272,C6SZY7
16273,C6SZZ2
16274,C6SZZ5
16275,C6SZZ6
16276,C6T002
16277,C6T003
16278,C6T005
16279,C6T008
16280,C6T009
16281,C6T011
16282,C6T013
16283,C6T014
16284,C6T018
16285,C6T019
16286,C6T020
16287,C6T021
16288,C6T022
16289,C6T023
16290,C6T024
16291,C6T026
16292,C6T027
16293,C6T029
16294,C6T031
16295,C6T033
16296,C6T034
16297,C6T043
16298,C6T044
16299,C6T048
16300,C6T049
16301,C6T050
16302,C6T052
16303,C6T054
16304,C6T058
16305,C6T061
16306,C6T063
16307,C6T065
16308,C6T066
16309,C6T067
16310,C6T071
16311,C6T073
16312,C6T074
16313,C6T078
16314,C6T079
16315,C6T081
16316,C6T082
16317,C6T083
16318,C6T084
16319,C6T088
16320,C6T090
16321,C6T091
16322,C6T093
16323,C6T096
16324,C6T099
16325,C6T0A0
16326,C6T0A2
16327,C6T0A7
16328,C6T0B5
16329,C6T0B7
16330,C6T0C1
16331,C6T0C3
16332,C6T0C4
16333,C6T0C5
16334,C6T0C9
16335,C6T0D1
16336,C6T0D5
16337,C6T0D8
16338,C6T0E0
16339,C6T0E1
16340,C6T0E3
16341,C6T0E4
16342,C6T0E5
16343,C6T0E8
16344,C6T0E9
16345,C6T0F2
16346,C6T0F6
16347,C6T0F8
16348,C6T0H3
16349,C6T0H4
16350,C6T0H9
16351,C6T0I5
16352,C6T0J2
16353,C6T0J4
16354,C6T0J7
16355,C6T0J8
16356,C6T0K0
16357,C6T0K2
16358,C6T0K3
16359,C6T0K6
16360,C6T0K7
16361,C6T0K9
16362,C6T0L0
16363,C6T0L1
16364,C6T0L2
16365,C6T0L7
16366,C6T0L9
16367,C6T0M0
16368,C6T0M5
16369,C6T0M8
16370,C6T0P6
16371,C6T0P8
16372,C6T0Q1
16373,C6T0Q9
16374,C6T0R1
16375,C6T0R5
16376,C6T0R7
16377,C6T0T7
16378,C6T0T9
16379,C6T0U3
16380,C6T0U5
16381,C6T0U9
16382,C6T0V9
16383,C6T0W3
16384,C6T0W7
16385,C6T0X3
16386,C6T0X5
16387,C6T0X9
16388,C6T0Y3
16389,C6T0Z3
16390,C6T0Z4
16391,C6T0Z6
16392,C6T100
16393,C6T106
16394,C6T107
16395,C6T111
16396,C6T117
16397,C6T125
16398,C6T126
16399,C6T129
16400,C6T131
16401,C6T135
16402,C6T140
16403,C6T142
16404,C6T146
16405,C6T148
16406,C6T150
16407,C6T151
16408,C6T163
16409,C6T165
16410,C6T166
16411,C6T170
16412,C6T172
16413,C6T173
16414,C6T174
16415,C6T175
16416,C6T179
16417,C6T184
16418,C6T187
16419,C6T188
16420,C6T189
16421,C6T195
16422,C6T196
16423,C6T197
16424,C6T1A2
16425,C6T1A4
16426,C6T1A5
16427,C6T1B0
16428,C6T1B1
16429,C6T1B6
16430,C6T1B9
16431,C6T1C1
16432,C6T1C4
16433,C6T1C6
16434,C6T1C7
16435,C6T1C8
16436,C6T1D3
16437,C6T1D6
16438,C6T1D7
16439,C6T1E2
16440,C6T1E3
16441,C6T1E4
16442,C6T1E5
16443,C6T1E6
16444,C6T1E8
16445,C6T1F5
16446,C6T1F6
16447,C6T1F8
16448,C6T1G0
16449,C6T1G2
16450,C6T1G4
16451,C6T1G9
16452,C6T1H3
16453,C6T1H5
16454,C6T1H7
16455,C6T1J0
16456,C6T1J3
16457,C6T1J5
16458,C6T1J6
16459,C6T1K6
16460,C6T1K7
16461,C6T1L4
16462,C6T1L6
16463,C6T1L7
16464,C6T1M0
16465,C6T1N0
16466,C6T1N8
16467,C6T1P0
16468,C6T1P1
16469,C6T1P2
16470,C6T1P5
16471,C6T1Q3
16472,C6T1Q5
16473,C6T1Q6
16474,C6T1R2
16475,C6T1R7
16476,C6T1R8
16477,C6T1S3
16478,C6T1T0
16479,C6T1T5
16480,C6T1T7
16481,C6T1T9
16482,C6T1U0
16483,C6T1U2
16484,C6T1U3
16485,C6T1V1
16486,C6T1V2
16487,C6T1V6
16488,C6T1V7
16489,C6T1V8
16490,C6T1W3
16491,C6T1W7
16492,C6T1X2
16493,C6T1X3
16494,C6T1X5
16495,C6T1X7
16496,C6T1X9
16497,C6T1Y2
16498,C6T1Y3
16499,C6T1Y7
16500,C6T1Y8
16501,C6T1Z0
16502,C6T1Z1
16503,C6T1Z2
16504,C6T1Z3
16505,C6T1Z5
16506,C6T1Z6
16507,C6T1Z7
16508,C6T202
16509,C6T203
16510,C6T208
16511,C6T211
16512,C6T214
16513,C6T217
16514,C6T218
16515,C6T220
16516,C6T223
16517,C6T227
16518,C6T229
16519,C6T230
16520,C6T231
16521,C6T234
16522,C6T235
16523,C6T240
16524,C6T241
16525,C6T243
16526,C6T244
16527,C6T245
16528,C6T249
16529,C6T255
16530,C6T263
16531,C6T265
16532,C6T268
16533,C6T269
16534,C6T283
16535,C6T284
16536,C6T287
16537,C6T288
16538,C6T294
16539,C6T299
16540,C6T2B0
16541,C6T2B1
16542,C6T2B7
16543,C6T2B8
16544,C6T2C6
16545,C6T2C7
16546,C6T2C8
16547,C6T2D3
16548,C6T2D9
16549,C6T2E2
16550,C6T2E4
16551,C6T2E5
16552,C6T2E7
16553,C6T2E9
16554,C6T2F1
16555,C6T2F2
16556,C6T2F3
16557,C6T2F5
16558,C6T2F8
16559,C6T2F9
16560,C6T2G3
16561,C6T2G5
16562,C6T2G9
16563,C6T2H1
16564,C6T2H2
16565,C6T2H4
16566,C6T2H8
16567,C6T2I8
16568,C6T2J5
16569,C6T2J6
16570,C6T2J7
16571,C6T2K0
16572,C6T2K3
16573,C6T2K6
16574,C6T2L0
16575,C6T2L5
16576,C6T2M3
16577,C6T2M9
16578,C6T2N0
16579,C6T2N2
16580,C6T2N6
16581,C6T2P1
16582,C6T2P5
16583,C6T2P9
16584,C6T2Q7
16585,C6T2Q8
16586,C6T2R0
16587,C6T2R2
16588,C6T2R4
16589,C6T2R6
16590,C6T2S0
16591,C6T2S9
16592,C6T2T0
16593,C6T2T4
16594,C6T2T9
16595,C6T2U0
16596,C6T2U5
16597,C6T2V2
16598,C6T2V4
16599,C6T2V6
16600,C6T2V8
16601,C6T2W2
16602,C6T2W3
16603,C6T2X1
16604,C6T2X8
16605,C6T2Y0
16606,C6T2Y1
16607,C6T2Y2
16608,C6T2Y3
16609,C6T2Y4
16610,C6T2Y6
16611,C6T2Z2
16612,C6T2Z3
16613,C6T2Z5
16614,C6T2Z7
16615,C6T2Z9
16616,C6T302
16617,C6T303
16618,C6T304
16619,C6T308
16620,C6T310
16621,C6T311
16622,C6T313
16623,C6T321
16624,C6T322
16625,C6T328
16626,C6T331
16627,C6T333
16628,C6T335
16629,C6T336
16630,C6T337
16631,C6T340
16632,C6T343
16633,C6T344
16634,C6T347
16635,C6T348
16636,C6T349
16637,C6T352
16638,C6T354
16639,C6T357
16640,C6T365
16641,C6T374
16642,C6T382
16643,C6T383
16644,C6T384
16645,C6T388
16646,C6T389
16647,C6T394
16648,C6T3A2
16649,C6T3A5
16650,C6T3A8
16651,C6T3B7
16652,C6T3B8
16653,C6T3C0
16654,C6T3C3
16655,C6T3C5
16656,C6T3C7
16657,C6T3C8
16658,C6T3D2
16659,C6T3E3
16660,C6T3E5
16661,C6T3E6
16662,C6T3E7
16663,C6T3E9
16664,C6T3F1
16665,C6T3F2
16666,C6T3F5
16667,C6T3G1
16668,C6T3G5
16669,C6T3G6
16670,C6T3H3
16671,C6T3H4
16672,C6T3H6
16673,C6T3I8
16674,C6T3I9
16675,C6T3J2
16676,C6T3J7
16677,C6T3J8
16678,C6T3J9
16679,C6T3K0
16680,C6T3K1
16681,C6T3K2
16682,C6T3K3
16683,C6T3L1
16684,C6T3L5
16685,C6T3M3
16686,C6T3M6
16687,C6T3M7
16688,C6T3M9
16689,C6T3N0
16690,C6T3N3
16691,C6T3N4
16692,C6T3N6
16693,C6T3N8
16694,C6T3P2
16695,C6T3P3
16696,C6T3P4
16697,C6T3Q0
16698,C6T3Q1
16699,C6T3Q2
16700,C6T3Q3
16701,C6T3Q4
16702,C6T3Q7
16703,C6T3R1
16704,C6T3R2
16705,C6T3R4
16706,C6T3S4
16707,C6T3S9
16708,C6T3T8
16709,C6T3U0
16710,C6T3U5
16711,C6T3U6
16712,C6T3U7
16713,C6T3V3
16714,C6T3V7
16715,C6T3V8
16716,C6T3W0
16717,C6T3W1
16718,C6T3W3
16719,C6T3W5
16720,C6T3W6
16721,C6T3W8
16722,C6T3W9
16723,C6T3X1
16724,C6T3X6
16725,C6T3X9
16726,C6T3Z2
16727,C6T3Z8
16728,C6T400
16729,C6T403
16730,C6T412
16731,C6T413
16732,C6T414
16733,C6T417
16734,C6T418
16735,C6T419
16736,C6T421
16737,C6T426
16738,C6T427
16739,C6T435
16740,C6T436
16741,C6T437
16742,C6T440
16743,C6T445
16744,C6T450
16745,C6T453
16746,C6T456
16747,C6T460
16748,C6T461
16749,C6T463
16750,C6T473
16751,C6T474
16752,C6T477
16753,C6T478
16754,C6T480
16755,C6T482
16756,C6T483
16757,C6T487
16758,C6T489
16759,C6T490
16760,C6T491
16761,C6T492
16762,C6T4A0
16763,C6T4B0
16764,C6T4B6
16765,C6T4C4
16766,C6T4C5
16767,C6T4C9
16768,C6T4D3
16769,C6T4D5
16770,C6T4D8
16771,C6T4E0
16772,C6T4E2
16773,C6T4E3
16774,C6T4E4
16775,C6T4E6
16776,C6T4E8
16777,C6T4F0
16778,C6T4F2
16779,C6T4F4
16780,C6T4F9
16781,C6T4G0
16782,C6T4G3
16783,C6T4G7
16784,C6T4H3
16785,C6T4H4
16786,C6T4H6
16787,C6T4I6
16788,C6T4I7
16789,C6T4J1
16790,C6T4J8
16791,C6T4J9
16792,C6T4K1
16793,C6T4K5
16794,C6T4K7
16795,C6T4K8
16796,C6T4L3
16797,C6T4L4
16798,C6T4L6
16799,C6T4M1
16800,C6T4M2
16801,C6T4M8
16802,C6T4M9
16803,C6T4N0
16804,C6T4N2
16805,C6T4N4
16806,C6T4N9
16807,C6T4P5
16808,C6T4P6
16809,C6T4Q0
16810,C6T4Q1
16811,C6T4Q3
16812,C6T4Q4
16813,C6T4Q5
16814,C6T4R1
16815,C6T4R5
16816,C6T4R9
16817,C6T4S6
16818,C6T4S9
16819,C6T4T3
16820,C6T4T5
16821,C6T4T9
16822,C6T4U5
16823,C6T4V0
16824,C6T4V3
16825,C6T4V4
16826,C6T4W0
16827,C6T4W2
16828,C6T4W4
16829,C6T4W6
16830,C6T4X2
16831,C6T4X8
16832,C6T4X9
16833,C6T4Y0
16834,C6T4Y1
16835,C6T4Y3
16836,C6T4Y5
16837,C6T4Y6
16838,C6T4Y8
16839,C6T4Z6
16840,C6T4Z8
16841,C6T502
16842,C6T506
16843,C6T507
16844,C6T509
16845,C6T510
16846,C6T517
16847,C6T519
16848,C6T524
16849,C6T526
16850,C6T530
16851,C6T540
16852,C6T543
16853,C6T545
16854,C6T546
16855,C6T549
16856,C6T551
16857,C6T552
16858,C6T553
16859,C6T559
16860,C6T566
16861,C6T567
16862,C6T568
16863,C6T569
16864,C6T570
16865,C6T572
16866,C6T575
16867,C6T577
16868,C6T578
16869,C6T585
16870,C6T586
16871,C6T587
16872,C6T588
16873,C6T590
16874,C6T593
16875,C6T594
16876,C6T595
16877,C6T5A5
16878,C6T5A6
16879,C6T5B0
16880,C6T5B1
16881,C6T5B2
16882,C6T5B4
16883,C6T5B7
16884,C6T5B9
16885,C6T5C3
16886,C6T5C6
16887,C6T5C8
16888,C6T5C9
16889,C6T5D2
16890,C6T5D5
16891,C6T5E0
16892,C6T5E1
16893,C6T5E3
16894,C6T5E5
16895,C6T5E6
16896,C6T5E8
16897,C6T5F2
16898,C6T5F3
16899,C6T5G1
16900,C6T5G7
16901,C6T5H2
16902,C6T5H6
16903,C6T5I5
16904,C6T5I8
16905,C6T5I9
16906,C6T5J0
16907,C6T5J1
16908,C6T5J4
16909,C6T5J5
16910,C6T5J9
16911,C6T5K4
16912,C6T5K5
16913,C6T5K6
16914,C6T5K8
16915,C6T5K9
16916,C6T5L8
16917,C6T5N2
16918,C6T5N4
16919,C6T5N8
16920,C6T5N9
16921,C6T5P0
16922,C6T5P1
16923,C6T5P4
16924,C6T5P9
16925,C6T5Q3
16926,C6T5Q4
16927,C6T5Q8
16928,C6T5R3
16929,C6T5R4
16930,C6T5R5
16931,C6T5S0
16932,C6T5S8
16933,C6T5T5
16934,C6T5T7
16935,C6T5U0
16936,C6T5U1
16937,C6T5U3
16938,C6T5V0
16939,C6T5W2
16940,C6T5W6
16941,C6T5W8
16942,C6T5Y9
16943,C6T5Z0
16944,C6T607
16945,C6T615
16946,C6T619
16947,C6T642
16948,C6T646
16949,C6T663
16950,C6T667
16951,C6T670
16952,C6T673
16953,C6T675
16954,C6T687
16955,C6T691
16956,C6T694
16957,C6T6B6
16958,C6T6C1
16959,C6T6C4
16960,C6T6D4
16961,C6T6E2
16962,C6T6I8
16963,C6T6Z1
16964,C6T713
16965,C6T715
16966,C6T717
16967,C6T736
16968,C6T741
16969,C6T750
16970,C6T752
16971,C6T767
16972,C6T769
16973,C6T770
16974,C6T778
16975,C6T790
16976,C6T798
16977,C6T7A2
16978,C6T7A7
16979,C6T7B5
16980,C6T7B9
16981,C6T7C2
16982,C6T7D0
16983,C6T7D2
16984,C6T7D5
16985,C6T7D7
16986,C6T7E0
16987,C6T7E2
16988,C6T7E8
16989,C6T7F2
16990,C6T7F3
16991,C6T7F7
16992,C6T7H0
16993,C6T7H9
16994,C6T7I3
16995,C6T7J4
16996,C6T7J8
16997,C6T7J9
16998,C6T7K0
16999,C6T7K3
17000,C6T7K8
17001,C6T7L5
17002,C6T7L6
17003,C6T7M0
17004,C6T7N0
17005,C6T7N2
17006,C6T7P0
17007,C6T7P7
17008,C6T7R1
17009,C6T7R4
17010,C6T7T1
17011,C6T7T3
17012,C6T7T9
17013,C6T7U3
17014,C6T7U8
17015,C6T7V4
17016,C6T7V6
17017,C6T7V7
17018,C6T7V9
17019,C6T7X5
17020,C6T7X8
17021,C6T7Y1
17022,C6T7Y7
17023,C6T7Z2
17024,C6T7Z4
17025,C6T803
17026,C6T822
17027,C6T824
17028,C6T827
17029,C6T841
17030,C6T846
17031,C6T849
17032,C6T852
17033,C6T853
17034,C6T856
17035,C6T857
17036,C6T859
17037,C6T868
17038,C6T871
17039,C6T873
17040,C6T883
17041,C6T891
17042,C6T892
17043,C6T8B5
17044,C6T8B6
17045,C6T8C1
17046,C6T8C2
17047,C6T8C4
17048,C6T8D0
17049,C6T8E0
17050,C6T8E8
17051,C6T8F0
17052,C6T8G2
17053,C6T8G3
17054,C6T8H2
17055,C6T8H7
17056,C6T8H9
17057,C6T8I3
17058,C6T8I5
17059,C6T8J1
17060,C6T8K0
17061,C6T8K7
17062,C6T8L7
17063,C6T8M2
17064,C6T8M7
17065,C6T8N2
17066,C6T8P4
17067,C6T8Q3
17068,C6T8R2
17069,C6T8R3
17070,C6T8R7
17071,C6T8R9
17072,C6T8S2
17073,C6T8S6
17074,C6T8T0
17075,C6T8T4
17076,C6T8U3
17077,C6T8V8
17078,C6T8W3
17079,C6T8X7
17080,C6T8X9
17081,C6T8Y4
17082,C6T8Y6
17083,C6T901
17084,C6T903
17085,C6T918
17086,C6T922
17087,C6T923
17088,C6T924
17089,C6T936
17090,C6T941
17091,C6T942
17092,C6T949
17093,C6T950
17094,C6T960
17095,C6T963
17096,C6T968
17097,C6T970
17098,C6T972
17099,C6T977
17100,C6T984
17101,C6T988
17102,C6T990
17103,C6T992
17104,C6T994
17105,C6T997
17106,C6T9A7
17107,C6T9B1
17108,C6T9C8
17109,C6T9D7
17110,C6T9E3
17111,C6T9F2
17112,C6T9G0
17113,C6T9G2
17114,C6T9G3
17115,C6T9G9
17116,C6T9H2
17117,C6T9H6
17118,C6T9L5
17119,C6T9N7
17120,C6T9P5
17121,C6T9P8
17122,C6T9Q4
17123,C6T9Q9
17124,C6T9R1
17125,C6T9R4
17126,C6T9R7
17127,C6T9R8
17128,C6T9S3
17129,C6T9S5
17130,C6T9S9
17131,C6T9U3
17132,C6T9U8
17133,C6T9V4
17134,C6T9V8
17135,C6T9W2
17136,C6T9W4
17137,C6T9X4
17138,C6T9Y0
17139,C6T9Z5
17140,C6TA03
17141,C6TA11
17142,C6TA24
17143,C6TA28
17144,C6TA29
17145,C6TA34
17146,C6TA36
17147,C6TA39
17148,C6TA41
17149,C6TA48
17150,C6TA54
17151,C6TA59
17152,C6TA61
17153,C6TA62
17154,C6TA76
17155,C6TA77
17156,C6TA84
17157,C6TA87
17158,C6TAA6
17159,C6TAB5
17160,C6TAB7
17161,C6TAB8
17162,C6TAB9
17163,C6TAD2
17164,C6TAF0
17165,C6TAF1
17166,C6TAF5
17167,C6TAG0
17168,C6TAG2
17169,C6TAG6
17170,C6TAH5
17171,C6TAH7
17172,C6TAH8
17173,C6TAJ5
17174,C6TAK5
17175,C6TAK9
17176,C6TAM5
17177,C6TAM7
17178,C6TAN4
17179,C6TAQ1
17180,C6TAQ3
17181,C6TAQ9
17182,C6TAS4
17183,C6TAS7
17184,C6TAT2
17185,C6TAU9
17186,C6TAV1
17187,C6TAV2
17188,C6TAW2
17189,C6TAW8
17190,C6TAW9
17191,C6TAX2
17192,C6TAX4
17193,C6TAX7
17194,C6TAY1
17195,C6TAY3
17196,C6TAY6
17197,C6TAZ1
17198,C6TB02
17199,C6TB07
17200,C6TB09
17201,C6TB15
17202,C6TB17
17203,C6TB20
17204,C6TB21
17205,C6TB30
17206,C6TB35
17207,C6TB38
17208,C6TB43
17209,C6TB48
17210,C6TB56
17211,C6TB60
17212,C6TB95
17213,C6TBA0
17214,C6TBD0
17215,C6TBD1
17216,C6TBD6
17217,C6TBE6
17218,C6TBH0
17219,C6TBI4
17220,C6TBJ1
17221,C6TBK8
17222,C6TBL1
17223,C6TBL4
17224,C6TBL5
17225,C6TBL7
17226,C6TBN2
17227,C6TBN8
17228,C6TBP8
17229,C6TBP9
17230,C6TBQ1
17231,C6TBQ2
17232,C6TBS8
17233,C6TBT3
17234,C6TBU3
17235,C6TBU5
17236,C6TBU9
17237,C6TBV2
17238,C6TBW3
17239,C6TBW7
17240,C6TBX7
17241,C6TBY0
17242,C6TBY6
17243,C6TBZ1
17244,C6TC09
17245,C6TC18
17246,C6TC19
17247,C6TC22
17248,C6TC24
17249,C6TC27
17250,C6TC28
17251,C6TC32
17252,C6TC36
17253,C6TC38
17254,C6TC43
17255,C6TC47
17256,C6TC53
17257,C6TC57
17258,C6TC62
17259,C6TC68
17260,C6TC72
17261,C6TC78
17262,C6TC79
17263,C6TC87
17264,C6TC92
17265,C6TCA1
17266,C6TCA5
17267,C6TCB6
17268,C6TCC8
17269,C6TCC9
17270,C6TCD8
17271,C6TCD9
17272,C6TCE2
17273,C6TCF4
17274,C6TCG0
17275,C6TCG1
17276,C6TCG5
17277,C6TCG9
17278,C6TCH0
17279,C6TCH4
17280,C6TCH7
17281,C6TCI4
17282,C6TCJ0
17283,C6TCJ2
17284,C6TCJ7
17285,C6TCK1
17286,C6TCK3
17287,C6TCL9
17288,C6TCM4
17289,C6TCN5
17290,C6TCP3
17291,C6TCP5
17292,C6TCP9
17293,C6TCR3
17294,C6TCR7
17295,C6TCS1
17296,C6TCT1
17297,C6TCT8
17298,C6TCT9
17299,C6TCU8
17300,C6TCV8
17301,C6TCW7
17302,C6TCX5
17303,C6TCX9
17304,C6TCY3
17305,C6TCZ5
17306,C6TD07
17307,C6TD17
17308,C6TD20
17309,C6TD23
17310,C6TD35
17311,C6TD38
17312,C6TD41
17313,C6TD53
17314,C6TD56
17315,C6TD63
17316,C6TD64
17317,C6TD66
17318,C6TD73
17319,C6TD75
17320,C6TD89
17321,C6TDB8
17322,C6TDC0
17323,C6TDC4
17324,C6TDD2
17325,C6TDE4
17326,C6TDE9
17327,C6TDF4
17328,C6TDG4
17329,C6TDG7
17330,C6TDH4
17331,C6TDI1
17332,C6TDI4
17333,C6TDJ3
17334,C6TDK5
17335,C6TDM7
17336,C6TDN9
17337,C6TDP0
17338,C6TDP1
17339,C6TDP6
17340,C6TDQ3
17341,C6TDQ8
17342,C6TDS3
17343,C6TDS4
17344,C6TDU0
17345,C6TDU1
17346,C6TDU2
17347,C6TDU3
17348,C6TDU4
17349,C6TDU5
17350,C6TDV2
17351,C6TDV8
17352,C6TDW7
17353,C6TDX6
17354,C6TDY2
17355,C6TDY5
17356,C6TDY7
17357,C6TDZ0
17358,C6TDZ1
17359,C6TDZ5
17360,C6TDZ7
17361,C6TDZ9
17362,C6TE00
17363,C6TE01
17364,C6TE07
17365,C6TE08
17366,C6TE19
17367,C6TE23
17368,C6TE39
17369,C6TE43
17370,C6TE45
17371,C6TE56
17372,C6TE57
17373,C6TE63
17374,C6TE65
17375,C6TE71
17376,C6TE74
17377,C6TE75
17378,C6TE76
17379,C6TE84
17380,C6TE89
17381,C6TE93
17382,C6TE96
17383,C6TE98
17384,C6TEA3
17385,C6TEB0
17386,C6TEB1
17387,C6TEB3
17388,C6TEB6
17389,C6TEC8
17390,C6TED1
17391,C6TED7
17392,C6TEE0
17393,C6TEE7
17394,C6TEE8
17395,C6TEF1
17396,C6TEF2
17397,C6TEF8
17398,C6TEG0
17399,C6TEG1
17400,C6TEG8
17401,C6TEH0
17402,C6TEJ2
17403,C6TEJ4
17404,C6TEK1
17405,C6TEL9
17406,C6TEM2
17407,C6TEM3
17408,C6TEN2
17409,C6TEN3
17410,C6TEN9
17411,C6TEP1
17412,C6TEP8
17413,C6TEQ2
17414,C6TEQ8
17415,C6TER0
17416,C6TER3
17417,C6TER4
17418,C6TER9
17419,C6TES2
17420,C6TES3
17421,C6TET2
17422,C6TEV2
17423,C6TEX0
17424,C6TEX3
17425,C6TEX6
17426,C6TEX7
17427,C6TEX9
17428,C6TEY4
17429,C6TEZ7
17430,C6TEZ8
17431,C6TF06
17432,C6TF12
17433,C6TF13
17434,C6TF22
17435,C6TF29
17436,C6TF30
17437,C6TF36
17438,C6TF54
17439,C6TF57
17440,C6TF61
17441,C6TF68
17442,C6TF83
17443,C6TF86
17444,C6TF91
17445,C6TF95
17446,C6TFA1
17447,C6TFA6
17448,C6TFB5
17449,C6TFC1
17450,C6TFD4
17451,C6TFD5
17452,C6TFD8
17453,C6TFD9
17454,C6TFE2
17455,C6TFE3
17456,C6TFF4
17457,C6TFF5
17458,C6TFF7
17459,C6TFG0
17460,C6TFG9
17461,C6TFH4
17462,C6TFI3
17463,C6TFI7
17464,C6TFI8
17465,C6TFJ4
17466,C6TFJ7
17467,C6TFJ8
17468,C6TFJ9
17469,C6TFK7
17470,C6TFK8
17471,C6TFL8
17472,C6TFL9
17473,C6TFM4
17474,C6TFM5
17475,C6TFN5
17476,C6TFP3
17477,C6TFP4
17478,C6TFP5
17479,C6TFP9
17480,C6TFQ0
17481,C6TFQ3
17482,C6TFQ5
17483,C6TFQ8
17484,C6TFR5
17485,C6TFR7
17486,C6TFR9
17487,C6TFS4
17488,C6TFS6
17489,C6TFS9
17490,C6TFT5
17491,C6TFT7
17492,C6TFT8
17493,C6TFU0
17494,C6TFU8
17495,C6TFU9
17496,C6TFV1
17497,C6TFV5
17498,C6TFV6
17499,C6TFW0
17500,C6TFW2
17501,C6TFW4
17502,C6TFW5
17503,C6TFW8
17504,C6TFW9
17505,C6TFX2
17506,C6TFX3
17507,C6TFX5
17508,C6TFX7
17509,C6TFY0
17510,C6TFY2
17511,C6TFY4
17512,C6TFY7
17513,C6TG02
17514,C6TG08
17515,C6TG11
17516,C6TG14
17517,C6TG15
17518,C6TG17
17519,C6TG18
17520,C6TG22
17521,C6TG32
17522,C6TG33
17523,C6TG34
17524,C6TG36
17525,C6TG52
17526,C6TG56
17527,C6TG60
17528,C6TG61
17529,C6TG62
17530,C6TG75
17531,C6TG79
17532,C6TG81
17533,C6TG91
17534,C6TG99
17535,C6TGA6
17536,C6TGA9
17537,C6TGB6
17538,C6TGB8
17539,C6TGC3
17540,C6TGC8
17541,C6TGD9
17542,C6TGE0
17543,C6TGE3
17544,C6TGE4
17545,C6TGE9
17546,C6TGF5
17547,C6TGF7
17548,C6TGF9
17549,C6TGI0
17550,C6TGI2
17551,C6TGI5
17552,C6TGI7
17553,C6TGK3
17554,C6TGK9
17555,C6TGL1
17556,C6TGL4
17557,C6TGM5
17558,C6TGN3
17559,C6TGN8
17560,C6TGP5
17561,C6TGQ2
17562,C6TGQ6
17563,C6TGR3
17564,C6TGR5
17565,C6TGT0
17566,C6TGT5
17567,C6TGT6
17568,C6TGT8
17569,C6TGU0
17570,C6TGU2
17571,C6TGU4
17572,C6TGU6
17573,C6TGW1
17574,C6TGW2
17575,C6TGX2
17576,C6TGX5
17577,C6TGY1
17578,C6TGY6
17579,C6TGY7
17580,C6TGY8
17581,C6TGZ0
17582,C6TGZ1
17583,C6TGZ5
17584,C6TGZ7
17585,C6TH00
17586,C6TH01
17587,C6TH04
17588,C6TH15
17589,C6TH16
17590,C6TH20
17591,C6TH23
17592,C6TH26
17593,C6TH43
17594,C6TH50
17595,C6TH59
17596,C6TH62
17597,C6TH77
17598,C6TH78
17599,C6TH84
17600,C6TH86
17601,C6TH93
17602,C6THA0
17603,C6THA2
17604,C6THA9
17605,C6THB5
17606,C6THC3
17607,C6THD1
17608,C6THD5
17609,C6THE6
17610,C6THF2
17611,C6THF6
17612,C6THF9
17613,C6THG3
17614,C6THG7
17615,C6THG9
17616,C6THI3
17617,C6THI7
17618,C6THJ6
17619,C6THJ7
17620,C6THK0
17621,C6THK9
17622,C6THL5
17623,C6THL8
17624,C6THL9
17625,C6THM2
17626,C6THN6
17627,C6THN7
17628,C6THP4
17629,C6THQ1
17630,C6THQ9
17631,C6THR1
17632,C6THR3
17633,C6THR8
17634,C6THS8
17635,C6THT3
17636,C6THU5
17637,C6THU9
17638,C6THV2
17639,C6THW3
17640,C6THW5
17641,C6THW8
17642,C6THW9
17643,C6THX9
17644,C6THY0
17645,C6THY8
17646,C6THZ0
17647,C6TI07
17648,C6TI08
17649,C6TI13
17650,C6TI18
17651,C6TI19
17652,C6TI21
17653,C6TI27
17654,C6TI28
17655,C6TI51
17656,C6TI64
17657,C6TI75
17658,C6TI76
17659,C6TI78
17660,C6TI80
17661,C6TI81
17662,C6TI82
17663,C6TI83
17664,C6TI98
17665,C6TIA6
17666,C6TIA7
17667,C6TIB0
17668,C6TIB3
17669,C6TIC1
17670,C6TIC3
17671,C6TIC4
17672,C6TIC7
17673,C6TID4
17674,C6TID5
17675,C6TIE2
17676,C6TIE3
17677,C6TIE6
17678,C6TIF5
17679,C6TIG2
17680,C6TIG3
17681,C6TIG4
17682,C6TIH1
17683,C6TIH4
17684,C6TIH5
17685,C6TIH8
17686,C6TII4
17687,C6TIJ0
17688,C6TIJ7
17689,C6TIK0
17690,C6TIK3
17691,C6TIK4
17692,C6TIL0
17693,C6TIL4
17694,C6TIL6
17695,C6TIM5
17696,C6TIM6
17697,C6TIN0
17698,C6TIN6
17699,C6TIP5
17700,C6TIP7
17701,C6TIQ3
17702,C6TIQ5
17703,C6TIQ7
17704,C6TIQ8
17705,C6TIQ9
17706,C6TIR0
17707,C6TIR6
17708,C6TIS1
17709,C6TIT4
17710,C6TIU6
17711,C6TIU9
17712,C6TIV6
17713,C6TIW5
17714,C6TIW9
17715,C6TIX1
17716,C6TIX3
17717,C6TIX5
17718,C6TIY1
17719,C6TIY9
17720,C6TIZ1
17721,C6TIZ7
17722,C6TJ06
17723,C6TJ15
17724,C6TJ17
17725,C6TJ18
17726,C6TJ42
17727,C6TJ43
17728,C6TJ54
17729,C6TJ60
17730,C6TJ61
17731,C6TJ63
17732,C6TJ73
17733,C6TJ78
17734,C6TJ82
17735,C6TJ85
17736,C6TJ87
17737,C6TJ90
17738,C6TJ91
17739,C6TJ94
17740,C6TJ95
17741,C6TJ97
17742,C6TJA0
17743,C6TJA3
17744,C6TJB5
17745,C6TJB7
17746,C6TJC1
17747,C6TJD3
17748,C6TJD4
17749,C6TJE0
17750,C6TJE7
17751,C6TJF2
17752,C6TJF3
17753,C6TJF4
17754,C6TJF7
17755,C6TJF9
17756,C6TJG0
17757,C6TJG1
17758,C6TJG5
17759,C6TJH2
17760,C6TJJ8
17761,C6TJK6
17762,C6TJK7
17763,C6TJK9
17764,C6TJL1
17765,C6TJL2
17766,C6TJL6
17767,C6TJL7
17768,C6TJM4
17769,C6TJM7
17770,C6TJN4
17771,C6TJN7
17772,C6TJN8
17773,C6TJP8
17774,C6TJP9
17775,C6TJQ0
17776,C6TJQ1
17777,C6TJQ3
17778,C6TJQ7
17779,C6TJR2
17780,C6TJR4
17781,C6TJS8
17782,C6TJT0
17783,C6TJV1
17784,C6TJW1
17785,C6TJW5
17786,C6TJW6
17787,C6TJW9
17788,C6TJX5
17789,C6TJX8
17790,C6TJY4
17791,C6TJY5
17792,C6TJZ6
17793,C6TK03
17794,C6TK04
17795,C6TK07
17796,C6TK09
17797,C6TK17
17798,C6TK18
17799,C6TK27
17800,C6TK28
17801,C6TK30
17802,C6TK31
17803,C6TK33
17804,C6TK36
17805,C6TK44
17806,C6TK46
17807,C6TK47
17808,C6TK52
17809,C6TK64
17810,C6TK68
17811,C6TK72
17812,C6TK73
17813,C6TK75
17814,C6TK77
17815,C6TK92
17816,C6TKA3
17817,C6TKB0
17818,C6TKB2
17819,C6TKB5
17820,C6TKB8
17821,C6TKC0
17822,C6TKC3
17823,C6TKC7
17824,C6TKD1
17825,C6TKD7
17826,C6TKD8
17827,C6TKE3
17828,C6TKE4
17829,C6TKE5
17830,C6TKE8
17831,C6TKE9
17832,C6TKF4
17833,C6TKF9
17834,C6TKG0
17835,C6TKG2
17836,C6TKG9
17837,C6TKH4
17838,C6TKH5
17839,C6TKI1
17840,C6TKK4
17841,C6TKK5
17842,C6TKL8
17843,C6TKM1
17844,C6TKM2
17845,C6TKN4
17846,C6TKN5
17847,C6TKQ3
17848,C6TKQ7
17849,C6TKR1
17850,C6TKR8
17851,C6TKR9
17852,C6TKS0
17853,C6TKS1
17854,C6TKS2
17855,C6TKU7
17856,C6TKU9
17857,C6TKV0
17858,C6TKV3
17859,C6TKW0
17860,C6TKW1
17861,C6TKW2
17862,C6TKX1
17863,C6TKX6
17864,C6TKY8
17865,C6TKZ0
17866,C6TKZ1
17867,C6TKZ2
17868,C6TKZ4
17869,C6TKZ5
17870,C6TL11
17871,C6TL13
17872,C6TL14
17873,C6TL18
17874,C6TL19
17875,C6TL24
17876,C6TL25
17877,C6TL30
17878,C6TL35
17879,C6TL41
17880,C6TL42
17881,C6TL64
17882,C6TL69
17883,C6TL72
17884,C6TL75
17885,C6TL77
17886,C6TL91
17887,C6TL96
17888,C6TLA6
17889,C6TLB6
17890,C6TLC2
17891,C6TLC5
17892,C6TLC8
17893,C6TLE4
17894,C6TLG3
17895,C6TLG5
17896,C6TLH2
17897,C6TLH3
17898,C6TLI9
17899,C6TLJ6
17900,C6TLL7
17901,C6TLM1
17902,C6TLM4
17903,C6TLN1
17904,C6TLP0
17905,C6TLP3
17906,C6TLQ0
17907,C6TLR5
17908,C6TLS3
17909,C6TLS9
17910,C6TLT3
17911,C6TLT7
17912,C6TLU1
17913,C6TLV3
17914,C6TLV6
17915,C6TLV8
17916,C6TLW1
17917,C6TLW3
17918,C6TLX0
17919,C6TLX4
17920,C6TLX5
17921,C6TLX9
17922,C6TLZ6
17923,C6TM00
17924,C6TM03
17925,C6TM04
17926,C6TM07
17927,C6TM17
17928,C6TM31
17929,C6TM41
17930,C6TM45
17931,C6TM49
17932,C6TM57
17933,C6TM66
17934,C6TM70
17935,C6TM71
17936,C6TM79
17937,C6TM83
17938,C6TM86
17939,C6TM92
17940,C6TM99
17941,C6TMA8
17942,C6TMB3
17943,C6TMB5
17944,C6TMC0
17945,C6TMC4
17946,C6TMC6
17947,C6TMC7
17948,C6TMD1
17949,C6TMD3
17950,C6TME1
17951,C6TME8
17952,C6TMF0
17953,C6TMF5
17954,C6TMF6
17955,C6TMH1
17956,C6TMH5
17957,C6TMH8
17958,C6TMI0
17959,C6TMI4
17960,C6TMI8
17961,C6TMI9
17962,C6TMK1
17963,C6TMK2
17964,C6TMK6
17965,C6TML1
17966,C6TML4
17967,C6TML7
17968,C6TML8
17969,C6TML9
17970,C6TMM4
17971,C6TMM7
17972,C6TMN5
17973,C6TMP6
17974,C6TMQ6
17975,C6TMR5
17976,C6TMS2
17977,C6TMS7
17978,C6TMS9
17979,C6TMT0
17980,C6TMU7
17981,C6TMV1
17982,C6TMV6
17983,C6TMV8
17984,C6TMV9
17985,C6TMW0
17986,C6TMW7
17987,C6TMX0
17988,C6TMX3
17989,C6TMX6
17990,C6TMY7
17991,C6TMY9
17992,C6TMZ2
17993,C6TMZ5
17994,C6TN05
17995,C6TN06
17996,C6TN19
17997,C6TN20
17998,C6TN24
17999,C6TN32
18000,C6TN35
18001,C6TN36
18002,C6TN39
18003,C6TN48
18004,C6TN49
18005,C6TN56
18006,C6TN60
18007,C6TN61
18008,C6TN62
18009,C6TN69
18010,C6TN70
18011,C6TN73
18012,C6TN86
18013,C6TN95
18014,C6TNA2
18015,C6TNA3
18016,C6TNB0
18017,C6TNB7
18018,C6TNC5
18019,C6TND0
18020,C6TNE6
18021,C6TNF4
18022,C6TNF8
18023,C6TNF9
18024,C6TNG0
18025,C6TNG6
18026,C6TNH7
18027,C6TNI1
18028,C6TNI2
18029,C6TNI5
18030,C6TNI9
18031,C6TNK3
18032,C6TNK9
18033,C6TNL1
18034,C6TNL4
18035,C6TNL5
18036,C6TNL6
18037,C6TNM1
18038,C6TNM5
18039,C6TNN4
18040,C6TNP9
18041,C6TNQ1
18042,C6TNR1
18043,C6TNR7
18044,C6TNR9
18045,C6TNS0
18046,C6TNS3
18047,C6TNS4
18048,C6TNS8
18049,C6TNT2
18050,C6TNT9
18051,C6TNU0
18052,C6TNU7
18053,C6TNU9
18054,C6TNV4
18055,C6TNV6
18056,C6TNW0
18057,C6TNW3
18058,C6TNW7
18059,C6TNX5
18060,C6TNZ4
18061,C6TNZ7
18062,C6TP07
18063,C6TP09
18064,C6TP10
18065,C6TP11
18066,C6ZHS3
18067,C6ZHS4
18068,C6ZIG0
18069,C6ZJY6
18070,C6ZJY9
18071,C6ZJZ0
18072,C6ZJZ3
18073,C6ZQJ7
18074,C6ZRM1
18075,C6ZRM6
18076,C6ZRM8
18077,C6ZRN0
18078,C6ZRN4
18079,C6ZRN6
18080,C6ZRN7
18081,C6ZRP0
18082,C6ZRP1
18083,C6ZRP3
18084,C6ZRP4
18085,C6ZRQ0
18086,C6ZRQ1
18087,C6ZRQ2
18088,C6ZRQ9
18089,C6ZRR1
18090,C6ZRR3
18091,C6ZRR4
18092,C6ZRR6
18093,C6ZRR9
18094,C6ZRS1
18095,C6ZRS6
18096,C6ZRT1
18097,C6ZRT2
18098,C6ZRT3
18099,C6ZRT6
18100,C6ZRT7
18101,C6ZRU0
18102,C6ZRU1
18103,C6ZRU2
18104,C6ZRU3
18105,C6ZRU5
18106,C6ZRU8
18107,C6ZRU9
18108,C6ZRV5
18109,C6ZRV6
18110,C6ZRW0
18111,C6ZRW5
18112,C6ZRW6
18113,C6ZRW9
18114,C6ZRX1
18115,C6ZRX2
18116,C6ZRX7
18117,C6ZRY1
18118,C6ZRY5
18119,C6ZRZ0
18120,C6ZRZ2
18121,C6ZRZ3
18122,C6ZRZ5
18123,C6ZS00
18124,C6ZS01
18125,C6ZS02
18126,C6ZS03
18127,C6ZS05
18128,C6ZS09
18129,C6ZS10
18130,C6ZS11
18131,C6ZS19
18132,C6ZS22
18133,C6ZS24
18134,C6ZS32
18135,C6ZS33
18136,C6ZS34
18137,C6ZS42
18138,C6ZS43
18139,C7S8B6
18140,C7S8B7
18141,C7S8B8
18142,C7S8B9
18143,C7S8C0
18144,C7S8C3
18145,C7S8C4
18146,C7S8C5
18147,C7S8C8
18148,C7S8C9
18149,C7S8D0
18150,C7S8D1
18151,C7S8D4
18152,C7S8D5
18153,C9WA59
18154,C9WA60
18155,C9WA62
18156,C9WA63
18157,C9WSW4
18158,D0EP03
18159,D0EP04
18160,D0EP05
18161,D0FZ12
18162,D0FZ14
18163,D0FZ20
18164,D2D5G3
18165,D2DGW4
18166,D2DJQ3
18167,D2DKF1
18168,D3G9L8
18169,D3G9M3
18170,D3G9M7
18171,D4N5G0
18172,D4N5G1
18173,D4N5G3
18174,D4P3K3
18175,D4P3K4
18176,D4Q9Z4
18177,D4Q9Z5
18178,D5ID20
18179,D6BM32
18180,D6C4Z9
18181,D6C500
18182,D6PT14
18183,D6QX28
18184,D7F7K7
18185,D7RJ53
18186,D8L1Z5
18187,D8WJ54
18188,D8WJ55
18189,D8WJ57
18190,D9ICY5
18191,D9IXB2
18192,E0A2W1
18193,E0WC41
18194,E0WC42
18195,E2FKH2
18196,E2FKH3
18197,E2FKH4
18198,E2FKH5
18199,E2FKH6
18200,E2FKH7
18201,E2FKH8
18202,E2FKH9
18203,E2FKI0
18204,E2FKI1
18205,E2FKI2
18206,E2FKI3
18207,E2FKI5
18208,E2FKI7
18209,E3NYP3
18210,E3NYP4
18211,E3NYP7
18212,E3NYP9
18213,E3NYV9
18214,E3SXU2
18215,E3WC95
18216,E3WC96
18217,E3WC98
18218,E4W696
18219,E4W697
18220,E4W6A0
18221,E5RPJ6
18222,E6YBW4
18223,E7CZZ3
18224,E8Z9A4
18225,E8Z9A7
18226,E8Z9A8
18227,E8Z9B1
18228,E9KBR8
18229,E9KBR9
18230,E9KNA3
18231,E9KNA5
18232,E9KNA6
18233,E9KNA7
18234,E9KNA8
18235,E9L547
18236,E9L550
18237,E9L552
18238,E9L553
18239,E9L554
18240,E9L556
18241,E9L557
18242,E9L558
18243,E9L560
18244,E9L561
18245,E9L562
18246,E9L563
18247,E9L565
18248,E9L566
18249,E9L567
18250,E9L568
18251,E9L569
18252,E9L570
18253,E9L571
18254,E9L572
18255,E9L574
18256,E9L575
18257,E9L576
18258,E9L577
18259,E9L578
18260,E9L579
18261,E9L580
18262,E9L581
18263,E9L582
18264,F2X1X4
18265,F5HQF1
18266,F6GPL6
18267,F6KBT1
18268,F6KBT3
18269,F6KBT4
18270,F6KBT6
18271,F6M9W9
18272,F7J077
18273,F8SMC3
18274,F8SMC5
18275,F8WRI5
18276,G0T427
18277,G0T428
18278,G0T431
18279,G0T433
18280,G0T437
18281,G0WMC8
18282,G0Z354
18283,G0Z355
18284,G3E7M6
18285,G3E7M7
18286,G3E7M9
18287,G3ECQ7
18288,G3ECQ9
18289,G4Y9K1
18290,G7Z0A5
18291,G7Z0A6
18292,G7Z0B4
18293,G7Z0B5
18294,G8GVE0
18295,G8XQT2
18296,G9BXE5
18297,G9F9U3
18298,G9FTF9
18299,G9I8U0
18300,H2BER4
18301,H2BER5
18302,H2D4C3
18303,H2D4C4
18304,H2D5S3
18305,H2EUM8
18306,H7BRI4
18307,H8Y6Q3
18308,H9CDQ2
18309,H9D2G5
18310,H9TN45
18311,H9TN46
18312,H9TN49
18313,H9TN50
18314,H9TN51
18315,I0AW24
18316,I0IJN9
18317,I1J3X3
18318,I1J3X8
18319,I1J3Y3
18320,I1J3Y4
18321,I1J3Y7
18322,I1J3Z3
18323,I1J403
18324,I1J411
18325,I1J414
18326,I1J415
18327,I1J424
18328,I1J425
18329,I1J432
18330,I1J438
18331,I1J439
18332,I1J440
18333,I1J441
18334,I1J442
18335,I1J444
18336,I1J446
18337,I1J447
18338,I1J454
18339,I1J462
18340,I1J463
18341,I1J464
18342,I1J490
18343,I1J495
18344,I1J496
18345,I1J4A1
18346,I1J4A4
18347,I1J4A5
18348,I1J4A6
18349,I1J4B0
18350,I1J4B5
18351,I1J4B6
18352,I1J4B9
18353,I1J4C6
18354,I1J4C7
18355,I1J4C8
18356,I1J4C9
18357,I1J4D1
18358,I1J4D2
18359,I1J4D5
18360,I1J4E0
18361,I1J4E1
18362,I1J4E4
18363,I1J4E8
18364,I1J4F4
18365,I1J4F8
18366,I1J4G0
18367,I1J4G3
18368,I1J4G4
18369,I1J4G6
18370,I1J4G7
18371,I1J4G8
18372,I1J4H2
18373,I1J4H5
18374,I1J4H8
18375,I1J4I0
18376,I1J4I1
18377,I1J4I4
18378,I1J4I5
18379,I1J4I6
18380,I1J4I7
18381,I1J4I9
18382,I1J4J0
18383,I1J4J2
18384,I1J4J3
18385,I1J4J4
18386,I1J4J6
18387,I1J4K1
18388,I1J4K3
18389,I1J4K4
18390,I1J4K5
18391,I1J4K6
18392,I1J4K9
18393,I1J4L0
18394,I1J4L3
18395,I1J4L4
18396,I1J4L6
18397,I1J4L9
18398,I1J4M2
18399,I1J4M6
18400,I1J4M8
18401,I1J4M9
18402,I1J4N2
18403,I1J4N4
18404,I1J4N6
18405,I1J4N8
18406,I1J4P0
18407,I1J4P2
18408,I1J4Q0
18409,I1J4Q1
18410,I1J4Q3
18411,I1J4Q9
18412,I1J4R0
18413,I1J4R1
18414,I1J4R3
18415,I1J4R8
18416,I1J4S3
18417,I1J4S6
18418,I1J4S8
18419,I1J4S9
18420,I1J4T0
18421,I1J4T3
18422,I1J4T4
18423,I1J4T6
18424,I1J4T8
18425,I1J4U1
18426,I1J4U2
18427,I1J4U4
18428,I1J4U5
18429,I1J4U6
18430,I1J4U7
18431,I1J4V0
18432,I1J4V1
18433,I1J4V3
18434,I1J4V4
18435,I1J4V8
18436,I1J4V9
18437,I1J4W0
18438,I1J4W1
18439,I1J4W3
18440,I1J4W4
18441,I1J4W6
18442,I1J4W8
18443,I1J4X0
18444,I1J4X2
18445,I1J4X3
18446,I1J4X9
18447,I1J4Y6
18448,I1J4Y9
18449,I1J4Z0
18450,I1J4Z1
18451,I1J4Z4
18452,I1J4Z6
18453,I1J4Z9
18454,I1J503
18455,I1J504
18456,I1J505
18457,I1J507
18458,I1J508
18459,I1J510
18460,I1J514
18461,I1J515
18462,I1J516
18463,I1J520
18464,I1J524
18465,I1J525
18466,I1J527
18467,I1J528
18468,I1J530
18469,I1J534
18470,I1J535
18471,I1J537
18472,I1J544
18473,I1J545
18474,I1J547
18475,I1J550
18476,I1J551
18477,I1J553
18478,I1J558
18479,I1J561
18480,I1J562
18481,I1J563
18482,I1J564
18483,I1J568
18484,I1J570
18485,I1J572
18486,I1J574
18487,I1J575
18488,I1J576
18489,I1J580
18490,I1J582
18491,I1J584
18492,I1J589
18493,I1J590
18494,I1J591
18495,I1J593
18496,I1J5A3
18497,I1J5A4
18498,I1J5A5
18499,I1J5A7
18500,I1J5A9
18501,I1J5B0
18502,I1J5B1
18503,I1J5B2
18504,I1J5B4
18505,I1J5B5
18506,I1J5C1
18507,I1J5C5
18508,I1J5C7
18509,I1J5D0
18510,I1J5D8
18511,I1J5E0
18512,I1J5E3
18513,I1J5E7
18514,I1J5E8
18515,I1J5E9
18516,I1J5F1
18517,I1J5F2
18518,I1J5F4
18519,I1J5F5
18520,I1J5F7
18521,I1J5G7
18522,I1J5G9
18523,I1J5H1
18524,I1J5H3
18525,I1J5H4
18526,I1J5H5
18527,I1J5H6
18528,I1J5H8
18529,I1J5I1
18530,I1J5I2
18531,I1J5I7
18532,I1J5I9
18533,I1J5J3
18534,I1J5J5
18535,I1J5J6
18536,I1J5K2
18537,I1J5K4
18538,I1J5K5
18539,I1J5K6
18540,I1J5K8
18541,I1J5K9
18542,I1J5L0
18543,I1J5L3
18544,I1J5L5
18545,I1J5L7
18546,I1J5M1
18547,I1J5M2
18548,I1J5M4
18549,I1J5M6
18550,I1J5M8
18551,I1J5N3
18552,I1J5N5
18553,I1J5N7
18554,I1J5P2
18555,I1J5P3
18556,I1J5P4
18557,I1J5P6
18558,I1J5P9
18559,I1J5Q0
18560,I1J5Q1
18561,I1J5Q3
18562,I1J5Q4
18563,I1J5Q7
18564,I1J5Q8
18565,I1J5R0
18566,I1J5R2
18567,I1J5R4
18568,I1J5R7
18569,I1J5S4
18570,I1J5S5
18571,I1J5S9
18572,I1J5T5
18573,I1J5T9
18574,I1J5U2
18575,I1J5U4
18576,I1J5U5
18577,I1J5V1
18578,I1J5V4
18579,I1J5W0
18580,I1J5W1
18581,I1J5W2
18582,I1J5W4
18583,I1J5W9
18584,I1J5X0
18585,I1J5X4
18586,I1J5X8
18587,I1J5Y3
18588,I1J5Y5
18589,I1J5Y9
18590,I1J5Z0
18591,I1J5Z1
18592,I1J5Z3
18593,I1J5Z4
18594,I1J5Z8
18595,I1J5Z9
18596,I1J601
18597,I1J610
18598,I1J614
18599,I1J626
18600,I1J630
18601,I1J631
18602,I1J635
18603,I1J637
18604,I1J638
18605,I1J644
18606,I1J645
18607,I1J649
18608,I1J651
18609,I1J653
18610,I1J654
18611,I1J655
18612,I1J657
18613,I1J658
18614,I1J659
18615,I1J664
18616,I1J666
18617,I1J667
18618,I1J668
18619,I1J669
18620,I1J672
18621,I1J673
18622,I1J675
18623,I1J676
18624,I1J684
18625,I1J687
18626,I1J693
18627,I1J697
18628,I1J698
18629,I1J699
18630,I1J6A2
18631,I1J6A4
18632,I1J6A5
18633,I1J6A8
18634,I1J6B5
18635,I1J6B7
18636,I1J6C3
18637,I1J6C6
18638,I1J6D4
18639,I1J6D7
18640,I1J6E5
18641,I1J6F0
18642,I1J6F1
18643,I1J6F4
18644,I1J6F6
18645,I1J6F8
18646,I1J6G1
18647,I1J6G7
18648,I1J6H0
18649,I1J6H2
18650,I1J6H9
18651,I1J6I2
18652,I1J6I6
18653,I1J6J3
18654,I1J6J6
18655,I1J6J7
18656,I1J6K1
18657,I1J6K4
18658,I1J6K9
18659,I1J6L3
18660,I1J6M0
18661,I1J6M1
18662,I1J6M4
18663,I1J6M6
18664,I1J6N3
18665,I1J6N5
18666,I1J6N8
18667,I1J6P1
18668,I1J6P2
18669,I1J6P3
18670,I1J6P4
18671,I1J6P8
18672,I1J6Q1
18673,I1J6Q5
18674,I1J6Q7
18675,I1J6Q9
18676,I1J6R3
18677,I1J6R9
18678,I1J6S0
18679,I1J6S1
18680,I1J6S7
18681,I1J6S8
18682,I1J6T0
18683,I1J6T1
18684,I1J6T3
18685,I1J6T7
18686,I1J6U3
18687,I1J6V7
18688,I1J6W0
18689,I1J6W1
18690,I1J6W3
18691,I1J6W7
18692,I1J6W9
18693,I1J6X1
18694,I1J6X2
18695,I1J6X4
18696,I1J6X7
18697,I1J6X9
18698,I1J6Y3
18699,I1J6Y4
18700,I1J6Y7
18701,I1J6Y9
18702,I1J6Z7
18703,I1J700
18704,I1J702
18705,I1J709
18706,I1J712
18707,I1J714
18708,I1J716
18709,I1J717
18710,I1J720
18711,I1J727
18712,I1J728
18713,I1J729
18714,I1J730
18715,I1J732
18716,I1J735
18717,I1J738
18718,I1J739
18719,I1J744
18720,I1J747
18721,I1J750
18722,I1J751
18723,I1J752
18724,I1J753
18725,I1J756
18726,I1J758
18727,I1J759
18728,I1J760
18729,I1J761
18730,I1J763
18731,I1J765
18732,I1J769
18733,I1J771
18734,I1J772
18735,I1J775
18736,I1J779
18737,I1J783
18738,I1J785
18739,I1J786
18740,I1J787
18741,I1J788
18742,I1J7A1
18743,I1J7A3
18744,I1J7A5
18745,I1J7A6
18746,I1J7A8
18747,I1J7B3
18748,I1J7B4
18749,I1J7C0
18750,I1J7C7
18751,I1J7C8
18752,I1J7D2
18753,I1J7D9
18754,I1J7E1
18755,I1J7F3
18756,I1J7F5
18757,I1J7F7
18758,I1J7F8
18759,I1J7G3
18760,I1J7G5
18761,I1J7G7
18762,I1J7G9
18763,I1J7H3
18764,I1J7H4
18765,I1J7H8
18766,I1J7I2
18767,I1J7I3
18768,I1J7I4
18769,I1J7I5
18770,I1J7I7
18771,I1J7J0
18772,I1J7J2
18773,I1J7J5
18774,I1J7J8
18775,I1J7K5
18776,I1J7L2
18777,I1J7M1
18778,I1J7M3
18779,I1J7M4
18780,I1J7M5
18781,I1J7M6
18782,I1J7M7
18783,I1J7M8
18784,I1J7N2
18785,I1J7N3
18786,I1J7N4
18787,I1J7P0
18788,I1J7P1
18789,I1J7P4
18790,I1J7Q2
18791,I1J7R1
18792,I1J7R4
18793,I1J7R6
18794,I1J7R8
18795,I1J7S0
18796,I1J7S3
18797,I1J7S5
18798,I1J7S6
18799,I1J7S8
18800,I1J7T0
18801,I1J7T2
18802,I1J7T4
18803,I1J7T7
18804,I1J7U1
18805,I1J7U5
18806,I1J7U6
18807,I1J7U8
18808,I1J7U9
18809,I1J7W2
18810,I1J7W4
18811,I1J7W5
18812,I1J7W6
18813,I1J7X3
18814,I1J7X9
18815,I1J7Y2
18816,I1J7Y4
18817,I1J7Y5
18818,I1J7Y6
18819,I1J7Y8
18820,I1J7Y9
18821,I1J7Z4
18822,I1J7Z7
18823,I1J7Z9
18824,I1J801
18825,I1J803
18826,I1J804
18827,I1J807
18828,I1J812
18829,I1J818
18830,I1J823
18831,I1J825
18832,I1J828
18833,I1J836
18834,I1J838
18835,I1J840
18836,I1J845
18837,I1J846
18838,I1J847
18839,I1J848
18840,I1J849
18841,I1J850
18842,I1J851
18843,I1J859
18844,I1J866
18845,I1J867
18846,I1J869
18847,I1J870
18848,I1J871
18849,I1J874
18850,I1J879
18851,I1J881
18852,I1J883
18853,I1J884
18854,I1J886
18855,I1J887
18856,I1J890
18857,I1J891
18858,I1J892
18859,I1J893
18860,I1J895
18861,I1J896
18862,I1J898
18863,I1J8A3
18864,I1J8A4
18865,I1J8A7
18866,I1J8A8
18867,I1J8A9
18868,I1J8B1
18869,I1J8B2
18870,I1J8B3
18871,I1J8B4
18872,I1J8B7
18873,I1J8C1
18874,I1J8C2
18875,I1J8C4
18876,I1J8C8
18877,I1J8C9
18878,I1J8D1
18879,I1J8D4
18880,I1J8D7
18881,I1J8D8
18882,I1J8E1
18883,I1J8E3
18884,I1J8E5
18885,I1J8E6
18886,I1J8F0
18887,I1J8F1
18888,I1J8F2
18889,I1J8F3
18890,I1J8F7
18891,I1J8G3
18892,I1J8G8
18893,I1J8H0
18894,I1J8H1
18895,I1J8H2
18896,I1J8H3
18897,I1J8H7
18898,I1J8I2
18899,I1J8I4
18900,I1J8I6
18901,I1J8I8
18902,I1J8J4
18903,I1J8J5
18904,I1J8J7
18905,I1J8J9
18906,I1J8K1
18907,I1J8K2
18908,I1J8K5
18909,I1J8K6
18910,I1J8K7
18911,I1J8L0
18912,I1J8L1
18913,I1J8L2
18914,I1J8L3
18915,I1J8L4
18916,I1J8L6
18917,I1J8L8
18918,I1J8M1
18919,I1J8M4
18920,I1J8M6
18921,I1J8M7
18922,I1J8N1
18923,I1J8N4
18924,I1J8N9
18925,I1J8P0
18926,I1J8P1
18927,I1J8P2
18928,I1J8P9
18929,I1J8Q1
18930,I1J8Q7
18931,I1J8Q9
18932,I1J8R3
18933,I1J8R4
18934,I1J8R6
18935,I1J8R7
18936,I1J8R8
18937,I1J8S0
18938,I1J8S1
18939,I1J8S3
18940,I1J8S4
18941,I1J8S7
18942,I1J8S9
18943,I1J8T0
18944,I1J8T1
18945,I1J8T2
18946,I1J8T7
18947,I1J8T8
18948,I1J8T9
18949,I1J8U0
18950,I1J8U1
18951,I1J8U2
18952,I1J8U3
18953,I1J8U6
18954,I1J8U9
18955,I1J8V0
18956,I1J8V2
18957,I1J8V4
18958,I1J8V5
18959,I1J8V7
18960,I1J8V8
18961,I1J8V9
18962,I1J8W1
18963,I1J8W2
18964,I1J8W6
18965,I1J8W7
18966,I1J8W9
18967,I1J8X5
18968,I1J8X6
18969,I1J8X8
18970,I1J8X9
18971,I1J8Y0
18972,I1J8Y3
18973,I1J8Y4
18974,I1J8Y5
18975,I1J8Z0
18976,I1J8Z1
18977,I1J8Z2
18978,I1J8Z3
18979,I1J8Z9
18980,I1J900
18981,I1J901
18982,I1J903
18983,I1J907
18984,I1J908
18985,I1J910
18986,I1J913
18987,I1J914
18988,I1J919
18989,I1J921
18990,I1J922
18991,I1J923
18992,I1J924
18993,I1J926
18994,I1J927
18995,I1J928
18996,I1J929
18997,I1J930
18998,I1J932
18999,I1J933
19000,I1J936
19001,I1J937
19002,I1J938
19003,I1J939
19004,I1J940
19005,I1J943
19006,I1J945
19007,I1J946
19008,I1J947
19009,I1J950
19010,I1J956
19011,I1J957
19012,I1J958
19013,I1J959
19014,I1J960
19015,I1J961
19016,I1J963
19017,I1J966
19018,I1J967
19019,I1J968
19020,I1J970
19021,I1J971
19022,I1J972
19023,I1J975
19024,I1J976
19025,I1J979
19026,I1J981
19027,I1J983
19028,I1J985
19029,I1J986
19030,I1J987
19031,I1J988
19032,I1J991
19033,I1J993
19034,I1J994
19035,I1J996
19036,I1J997
19037,I1J999
19038,I1J9A1
19039,I1J9A2
19040,I1J9A4
19041,I1J9A6
19042,I1J9A7
19043,I1J9B2
19044,I1J9B3
19045,I1J9B4
19046,I1J9B5
19047,I1J9B6
19048,I1J9C0
19049,I1J9C1
19050,I1J9C4
19051,I1J9C5
19052,I1J9C7
19053,I1J9C8
19054,I1J9C9
19055,I1J9D0
19056,I1J9D2
19057,I1J9D3
19058,I1J9D5
19059,I1J9D6
19060,I1J9D7
19061,I1J9D8
19062,I1J9E1
19063,I1J9E4
19064,I1J9E6
19065,I1J9E7
19066,I1J9F3
19067,I1J9F4
19068,I1J9F7
19069,I1J9F9
19070,I1J9G0
19071,I1J9G1
19072,I1J9G2
19073,I1J9G3
19074,I1J9G6
19075,I1J9G7
19076,I1J9G9
19077,I1J9H0
19078,I1J9H2
19079,I1J9H4
19080,I1J9H6
19081,I1J9I1
19082,I1J9I4
19083,I1J9I9
19084,I1J9J5
19085,I1J9J6
19086,I1J9J7
19087,I1J9K0
19088,I1J9K2
19089,I1J9K6
19090,I1J9K7
19091,I1J9K8
19092,I1J9L0
19093,I1J9L3
19094,I1J9L7
19095,I1J9M1
19096,I1J9M5
19097,I1J9N1
19098,I1J9N4
19099,I1J9N5
19100,I1J9N6
19101,I1J9N9
19102,I1J9P0
19103,I1J9P2
19104,I1J9P3
19105,I1J9P7
19106,I1J9Q1
19107,I1J9Q2
19108,I1J9Q4
19109,I1J9Q7
19110,I1J9Q8
19111,I1J9Q9
19112,I1J9R1
19113,I1J9R9
19114,I1J9S3
19115,I1J9S4
19116,I1J9S8
19117,I1J9S9
19118,I1J9T6
19119,I1J9T7
19120,I1J9U5
19121,I1J9U6
19122,I1J9U7
19123,I1J9V6
19124,I1J9V7
19125,I1J9V8
19126,I1J9W0
19127,I1J9W2
19128,I1J9W3
19129,I1J9W5
19130,I1J9W7
19131,I1J9W9
19132,I1J9X0
19133,I1J9X2
19134,I1J9X6
19135,I1J9X8
19136,I1J9Y2
19137,I1J9Y5
19138,I1J9Y6
19139,I1J9Y8
19140,I1J9Z3
19141,I1J9Z4
19142,I1J9Z5
19143,I1J9Z6
19144,I1J9Z8
19145,I1J9Z9
19146,I1JA00
19147,I1JA01
19148,I1JA04
19149,I1JA06
19150,I1JA08
19151,I1JA10
19152,I1JA15
19153,I1JA17
19154,I1JA18
19155,I1JA20
19156,I1JA22
19157,I1JA23
19158,I1JA26
19159,I1JA29
19160,I1JA30
19161,I1JA36
19162,I1JA40
19163,I1JA41
19164,I1JA45
19165,I1JA47
19166,I1JA48
19167,I1JA49
19168,I1JA52
19169,I1JA55
19170,I1JA56
19171,I1JA57
19172,I1JA60
19173,I1JA62
19174,I1JA65
19175,I1JA69
19176,I1JA71
19177,I1JA75
19178,I1JA76
19179,I1JA78
19180,I1JA82
19181,I1JA85
19182,I1JA86
19183,I1JA87
19184,I1JA88
19185,I1JA89
19186,I1JA95
19187,I1JA96
19188,I1JA98
19189,I1JAA0
19190,I1JAA1
19191,I1JAA2
19192,I1JAA3
19193,I1JAA4
19194,I1JAB3
19195,I1JAB4
19196,I1JAC1
19197,I1JAC3
19198,I1JAC4
19199,I1JAC6
19200,I1JAC7
19201,I1JAC9
19202,I1JAD1
19203,I1JAD6
19204,I1JAD8
19205,I1JAD9
19206,I1JAE0
19207,I1JAE1
19208,I1JAE3
19209,I1JAE5
19210,I1JAE9
19211,I1JAF0
19212,I1JAF2
19213,I1JAF3
19214,I1JAF5
19215,I1JAF6
19216,I1JAF7
19217,I1JAF9
19218,I1JAG0
19219,I1JAG8
19220,I1JAH1
19221,I1JAH2
19222,I1JAH7
19223,I1JAI4
19224,I1JAI6
19225,I1JAI7
19226,I1JAI8
19227,I1JAI9
19228,I1JAJ0
19229,I1JAJ1
19230,I1JAJ4
19231,I1JAJ6
19232,I1JAK1
19233,I1JAK5
19234,I1JAK7
19235,I1JAL0
19236,I1JAL3
19237,I1JAL4
19238,I1JAL8
19239,I1JAM0
19240,I1JAM5
19241,I1JAM6
19242,I1JAM7
19243,I1JAM9
19244,I1JAN1
19245,I1JAN2
19246,I1JAN3
19247,I1JAN8
19248,I1JAN9
19249,I1JAP5
19250,I1JAP9
19251,I1JAQ0
19252,I1JAQ6
19253,I1JAQ7
19254,I1JAQ9
19255,I1JAR3
19256,I1JAR4
19257,I1JAR5
19258,I1JAR7
19259,I1JAS1
19260,I1JAS2
19261,I1JAS3
19262,I1JAS4
19263,I1JAS5
19264,I1JAT0
19265,I1JAT7
19266,I1JAU1
19267,I1JAU2
19268,I1JAU3
19269,I1JAU4
19270,I1JAU5
19271,I1JAU6
19272,I1JAU7
19273,I1JAU8
19274,I1JAU9
19275,I1JAV0
19276,I1JAV4
19277,I1JAV7
19278,I1JAV8
19279,I1JAV9
19280,I1JAW8
19281,I1JAW9
19282,I1JAX0
19283,I1JAX2
19284,I1JAX3
19285,I1JAX6
19286,I1JAY1
19287,I1JAY2
19288,I1JAY7
19289,I1JAY8
19290,I1JAZ4
19291,I1JAZ5
19292,I1JAZ6
19293,I1JAZ8
19294,I1JAZ9
19295,I1JB00
19296,I1JB05
19297,I1JB12
19298,I1JB16
19299,I1JB17
19300,I1JB18
19301,I1JB31
19302,I1JB34
19303,I1JB35
19304,I1JB37
19305,I1JB39
19306,I1JB41
19307,I1JB43
19308,I1JB44
19309,I1JB48
19310,I1JB49
19311,I1JB50
19312,I1JB52
19313,I1JB53
19314,I1JB54
19315,I1JB56
19316,I1JB59
19317,I1JB60
19318,I1JB61
19319,I1JB62
19320,I1JB64
19321,I1JB65
19322,I1JB68
19323,I1JB69
19324,I1JB75
19325,I1JB77
19326,I1JB78
19327,I1JB80
19328,I1JB81
19329,I1JB85
19330,I1JB89
19331,I1JB90
19332,I1JB91
19333,I1JB92
19334,I1JB93
19335,I1JB95
19336,I1JBA2
19337,I1JBA3
19338,I1JBA6
19339,I1JBB1
19340,I1JBB3
19341,I1JBB4
19342,I1JBB5
19343,I1JBB6
19344,I1JBB8
19345,I1JBC2
19346,I1JBC4
19347,I1JBC8
19348,I1JBD3
19349,I1JBD7
19350,I1JBD8
19351,I1JBE2
19352,I1JBE5
19353,I1JBE6
19354,I1JBE7
19355,I1JBE8
19356,I1JBF2
19357,I1JBF3
19358,I1JBF4
19359,I1JBF5
19360,I1JBF6
19361,I1JBF8
19362,I1JBG1
19363,I1JBG2
19364,I1JBG3
19365,I1JBG5
19366,I1JBG6
19367,I1JBG7
19368,I1JBG8
19369,I1JBG9
19370,I1JBH2
19371,I1JBH3
19372,I1JBH4
19373,I1JBH5
19374,I1JBH9
19375,I1JBI0
19376,I1JBI1
19377,I1JBI3
19378,I1JBI5
19379,I1JBI6
19380,I1JBI7
19381,I1JBI8
19382,I1JBJ0
19383,I1JBJ2
19384,I1JBJ7
19385,I1JBJ8
19386,I1JBJ9
19387,I1JBK1
19388,I1JBK4
19389,I1JBK5
19390,I1JBK8
19391,I1JBL1
19392,I1JBL5
19393,I1JBL6
19394,I1JBM6
19395,I1JBN0
19396,I1JBN1
19397,I1JBN2
19398,I1JBN3
19399,I1JBN4
19400,I1JBN5
19401,I1JBN6
19402,I1JBN8
19403,I1JBP2
19404,I1JBP5
19405,I1JBP9
19406,I1JBQ0
19407,I1JBQ3
19408,I1JBQ4
19409,I1JBQ6
19410,I1JBR5
19411,I1JBR6
19412,I1JBR7
19413,I1JBS2
19414,I1JBS3
19415,I1JBS4
19416,I1JBS5
19417,I1JBS7
19418,I1JBT0
19419,I1JBT2
19420,I1JBT3
19421,I1JBT5
19422,I1JBT6
19423,I1JBT7
19424,I1JBT8
19425,I1JBU6
19426,I1JBU7
19427,I1JBU9
19428,I1JBV1
19429,I1JBV5
19430,I1JBV6
19431,I1JBV9
19432,I1JBW0
19433,I1JBW6
19434,I1JBW7
19435,I1JBW8
19436,I1JBX3
19437,I1JBX6
19438,I1JBX7
19439,I1JBX9
19440,I1JBY4
19441,I1JBY6
19442,I1JBY7
19443,I1JBZ5
19444,I1JBZ8
19445,I1JBZ9
19446,I1JC00
19447,I1JC01
19448,I1JC04
19449,I1JC06
19450,I1JC07
19451,I1JC08
19452,I1JC11
19453,I1JC13
19454,I1JC14
19455,I1JC15
19456,I1JC17
19457,I1JC18
19458,I1JC21
19459,I1JC23
19460,I1JC29
19461,I1JC30
19462,I1JC31
19463,I1JC37
19464,I1JC42
19465,I1JC43
19466,I1JC45
19467,I1JC46
19468,I1JC49
19469,I1JC50
19470,I1JC52
19471,I1JC53
19472,I1JC58
19473,I1JC59
19474,I1JC60
19475,I1JC62
19476,I1JC65
19477,I1JC66
19478,I1JC67
19479,I1JC69
19480,I1JC73
19481,I1JC74
19482,I1JC75
19483,I1JC79
19484,I1JC80
19485,I1JC85
19486,I1JC96
19487,I1JC99
19488,I1JCA4
19489,I1JCA6
19490,I1JCA9
19491,I1JCB1
19492,I1JCB2
19493,I1JCB3
19494,I1JCB7
19495,I1JCB8
19496,I1JCB9
19497,I1JCC0
19498,I1JCC3
19499,I1JCC4
19500,I1JCC5
19501,I1JCC6
19502,I1JCC8
19503,I1JCC9
19504,I1JCD3
19505,I1JCD6
19506,I1JCD8
19507,I1JCE3
19508,I1JCE5
19509,I1JCE8
19510,I1JCF0
19511,I1JCF2
19512,I1JCF4
19513,I1JCF5
19514,I1JCF6
19515,I1JCF7
19516,I1JCF9
19517,I1JCG1
19518,I1JCG2
19519,I1JCG4
19520,I1JCG6
19521,I1JCG8
19522,I1JCG9
19523,I1JCH3
19524,I1JCH4
19525,I1JCH9
19526,I1JCI0
19527,I1JCI1
19528,I1JCI2
19529,I1JCI3
19530,I1JCI6
19531,I1JCI7
19532,I1JCJ2
19533,I1JCJ3
19534,I1JCJ6
19535,I1JCJ8
19536,I1JCK0
19537,I1JCK2
19538,I1JCK3
19539,I1JCK5
19540,I1JCK7
19541,I1JCK9
19542,I1JCL0
19543,I1JCL2
19544,I1JCL5
19545,I1JCL8
19546,I1JCM4
19547,I1JCM6
19548,I1JCM8
19549,I1JCM9
19550,I1JCN8
19551,I1JCP2
19552,I1JCP3
19553,I1JCP4
19554,I1JCP5
19555,I1JCP6
19556,I1JCP7
19557,I1JCP8
19558,I1JCQ0
19559,I1JCQ3
19560,I1JCQ7
19561,I1JCQ8
19562,I1JCR1
19563,I1JCR3
19564,I1JCS1
19565,I1JCS2
19566,I1JCS7
19567,I1JCS9
19568,I1JCT0
19569,I1JCT4
19570,I1JCT5
19571,I1JCT7
19572,I1JCU3
19573,I1JCU4
19574,I1JCU9
19575,I1JCV1
19576,I1JCV5
19577,I1JCV7
19578,I1JCW2
19579,I1JCW3
19580,I1JCW4
19581,I1JCW9
19582,I1JCX0
19583,I1JCX2
19584,I1JCX3
19585,I1JCX4
19586,I1JCX5
19587,I1JCX6
19588,I1JCX7
19589,I1JCY0
19590,I1JCY3
19591,I1JCY6
19592,I1JCY7
19593,I1JCY8
19594,I1JCY9
19595,I1JCZ0
19596,I1JCZ1
19597,I1JCZ4
19598,I1JCZ5
19599,I1JCZ8
19600,I1JD01
19601,I1JD04
19602,I1JD07
19603,I1JD09
19604,I1JD10
19605,I1JD15
19606,I1JD16
19607,I1JD17
19608,I1JD18
19609,I1JD21
19610,I1JD22
19611,I1JD23
19612,I1JD28
19613,I1JD31
19614,I1JD32
19615,I1JD34
19616,I1JD35
19617,I1JD36
19618,I1JD37
19619,I1JD40
19620,I1JD43
19621,I1JD46
19622,I1JD52
19623,I1JD54
19624,I1JD59
19625,I1JD60
19626,I1JD63
19627,I1JD64
19628,I1JD68
19629,I1JD69
19630,I1JD71
19631,I1JD74
19632,I1JD76
19633,I1JD78
19634,I1JD79
19635,I1JD80
19636,I1JD82
19637,I1JD84
19638,I1JD85
19639,I1JD91
19640,I1JD92
19641,I1JD93
19642,I1JD96
19643,I1JD99
19644,I1JDA2
19645,I1JDA4
19646,I1JDA5
19647,I1JDA7
19648,I1JDB1
19649,I1JDB2
19650,I1JDB5
19651,I1JDB6
19652,I1JDB7
19653,I1JDB9
19654,I1JDC0
19655,I1JDC1
19656,I1JDC2
19657,I1JDC5
19658,I1JDC7
19659,I1JDC8
19660,I1JDD2
19661,I1JDD7
19662,I1JDE1
19663,I1JDE4
19664,I1JDE5
19665,I1JDE8
19666,I1JDE9
19667,I1JDF1
19668,I1JDF4
19669,I1JDF5
19670,I1JDF7
19671,I1JDF8
19672,I1JDF9
19673,I1JDG0
19674,I1JDG3
19675,I1JDG4
19676,I1JDG6
19677,I1JDH0
19678,I1JDH5
19679,I1JDH6
19680,I1JDH7
19681,I1JDH8
19682,I1JDI1
19683,I1JDI2
19684,I1JDI4
19685,I1JDI7
19686,I1JDI8
19687,I1JDJ6
19688,I1JDK1
19689,I1JDK2
19690,I1JDK4
19691,I1JDK6
19692,I1JDK7
19693,I1JDL0
19694,I1JDL1
19695,I1JDL2
19696,I1JDL9
19697,I1JDM2
19698,I1JDM5
19699,I1JDM7
19700,I1JDM8
19701,I1JDM9
19702,I1JDN0
19703,I1JDN1
19704,I1JDN2
19705,I1JDN3
19706,I1JDN4
19707,I1JDN6
19708,I1JDN7
19709,I1JDP1
19710,I1JDP2
19711,I1JDP3
19712,I1JDP4
19713,I1JDP8
19714,I1JDP9
19715,I1JDQ1
19716,I1JDQ3
19717,I1JDQ8
19718,I1JDR2
19719,I1JDR7
19720,I1JDR9
19721,I1JDS0
19722,I1JDS1
19723,I1JDS6
19724,I1JDS7
19725,I1JDS8
19726,I1JDT3
19727,I1JDT8
19728,I1JDT9
19729,I1JDU1
19730,I1JDU2
19731,I1JDU3
19732,I1JDU5
19733,I1JDU6
19734,I1JDU7
19735,I1JDV3
19736,I1JDV5
19737,I1JDV6
19738,I1JDV7
19739,I1JDV8
19740,I1JDW0
19741,I1JDW1
19742,I1JDW4
19743,I1JDW6
19744,I1JDW7
19745,I1JDW9
19746,I1JDX0
19747,I1JDX2
19748,I1JDX6
19749,I1JDX9
19750,I1JDY1
19751,I1JDY3
19752,I1JDY4
19753,I1JDY5
19754,I1JDY7
19755,I1JDY8
19756,I1JDZ7
19757,I1JE00
19758,I1JE01
19759,I1JE03
19760,I1JE07
19761,I1JE09
19762,I1JE11
19763,I1JE12
19764,I1JE13
19765,I1JE14
19766,I1JE16
19767,I1JE17
19768,I1JE21
19769,I1JE25
19770,I1JE26
19771,I1JE28
19772,I1JE29
19773,I1JE31
19774,I1JE34
19775,I1JE36
19776,I1JE37
19777,I1JE38
19778,I1JE40
19779,I1JE41
19780,I1JE45
19781,I1JE47
19782,I1JE49
19783,I1JE51
19784,I1JE52
19785,I1JE53
19786,I1JE55
19787,I1JE57
19788,I1JE59
19789,I1JE61
19790,I1JE64
19791,I1JE66
19792,I1JE70
19793,I1JE74
19794,I1JE78
19795,I1JE83
19796,I1JE88
19797,I1JE91
19798,I1JE93
19799,I1JEA1
19800,I1JEA7
19801,I1JEB0
19802,I1JEB1
19803,I1JEB2
19804,I1JEB3
19805,I1JEB4
19806,I1JEB9
19807,I1JEC0
19808,I1JEC1
19809,I1JEC2
19810,I1JEC3
19811,I1JEC6
19812,I1JEC8
19813,I1JED0
19814,I1JED3
19815,I1JED8
19816,I1JEE8
19817,I1JEF0
19818,I1JEF4
19819,I1JEF6
19820,I1JEF9
19821,I1JEG3
19822,I1JEG7
19823,I1JEG8
19824,I1JEH0
19825,I1JEH1
19826,I1JEH3
19827,I1JEH5
19828,I1JEH8
19829,I1JEI0
19830,I1JEI1
19831,I1JEI6
19832,I1JEI8
19833,I1JEJ0
19834,I1JEJ4
19835,I1JEJ5
19836,I1JEJ6
19837,I1JEJ9
19838,I1JEK0
19839,I1JEK4
19840,I1JEK9
19841,I1JEL0
19842,I1JEL1
19843,I1JEL2
19844,I1JEL3
19845,I1JEL4
19846,I1JEL5
19847,I1JEL6
19848,I1JEL7
19849,I1JEL8
19850,I1JEL9
19851,I1JEM0
19852,I1JEM1
19853,I1JEM3
19854,I1JEM4
19855,I1JEM8
19856,I1JEN0
19857,I1JEN2
19858,I1JEN4
19859,I1JEN8
19860,I1JEN9
19861,I1JEP1
19862,I1JEP2
19863,I1JEP5
19864,I1JEP8
19865,I1JEQ1
19866,I1JEQ4
19867,I1JEQ6
19868,I1JEQ8
19869,I1JER2
19870,I1JER3
19871,I1JER4
19872,I1JER5
19873,I1JER6
19874,I1JET2
19875,I1JET4
19876,I1JET7
19877,I1JET8
19878,I1JET9
19879,I1JEU0
19880,I1JEU3
19881,I1JEU4
19882,I1JEV0
19883,I1JEV3
19884,I1JEV4
19885,I1JEV6
19886,I1JEV7
19887,I1JEV8
19888,I1JEV9
19889,I1JEW0
19890,I1JEW1
19891,I1JEW3
19892,I1JEW4
19893,I1JEW5
19894,I1JEW8
19895,I1JEX1
19896,I1JEX2
19897,I1JEX4
19898,I1JEX5
19899,I1JEX8
19900,I1JEY0
19901,I1JEY3
19902,I1JEY9
19903,I1JEZ1
19904,I1JEZ2
19905,I1JEZ8
19906,I1JF02
19907,I1JF03
19908,I1JF07
19909,I1JF09
19910,I1JF10
19911,I1JF14
19912,I1JF17
19913,I1JF18
19914,I1JF19
19915,I1JF20
19916,I1JF25
19917,I1JF30
19918,I1JF32
19919,I1JF38
19920,I1JF39
19921,I1JF40
19922,I1JF41
19923,I1JF43
19924,I1JF44
19925,I1JF45
19926,I1JF46
19927,I1JF47
19928,I1JF48
19929,I1JF49
19930,I1JF51
19931,I1JF56
19932,I1JF58
19933,I1JF60
19934,I1JF64
19935,I1JF66
19936,I1JF68
19937,I1JF70
19938,I1JF76
19939,I1JF77
19940,I1JF79
19941,I1JF81
19942,I1JF82
19943,I1JF83
19944,I1JF85
19945,I1JF86
19946,I1JF89
19947,I1JF91
19948,I1JF92
19949,I1JF94
19950,I1JF95
19951,I1JF96
19952,I1JF97
19953,I1JF98
19954,I1JF99
19955,I1JFA0
19956,I1JFA4
19957,I1JFA6
19958,I1JFA7
19959,I1JFA8
19960,I1JFB0
19961,I1JFB2
19962,I1JFB4
19963,I1JFB6
19964,I1JFB7
19965,I1JFC0
19966,I1JFC3
19967,I1JFC5
19968,I1JFC7
19969,I1JFC8
19970,I1JFC9
19971,I1JFD1
19972,I1JFD2
19973,I1JFE0
19974,I1JFE1
19975,I1JFE3
19976,I1JFE5
19977,I1JFE7
19978,I1JFE9
19979,I1JFF0
19980,I1JFF2
19981,I1JFF3
19982,I1JFF5
19983,I1JFF6
19984,I1JFF9
19985,I1JFG1
19986,I1JFG2
19987,I1JFG5
19988,I1JFG6
19989,I1JFG8
19990,I1JFH0
19991,I1JFH1
19992,I1JFH4
19993,I1JFH5
19994,I1JFH6
19995,I1JFH9
19996,I1JFI1
19997,I1JFI9
19998,I1JFJ3
19999,I1JFJ4
20000,I1JFJ9
20001,I1JFK1
20002,I1JFK3
20003,I1JFK5
20004,I1JFL5
20005,I1JFM5
20006,I1JFM6
20007,I1JFM7
20008,I1JFM8
20009,I1JFN0
20010,I1JFN3
20011,I1JFP1
20012,I1JFP7
20013,I1JFQ0
20014,I1JFQ7
20015,I1JFQ9
20016,I1JFR6
20017,I1JFS5
20018,I1JFS9
20019,I1JFT2
20020,I1JFT4
20021,I1JFT5
20022,I1JFU0
20023,I1JFU1
20024,I1JFU3
20025,I1JFU5
20026,I1JFV1
20027,I1JFV5
20028,I1JFW4
20029,I1JFW6
20030,I1JFW8
20031,I1JFX0
20032,I1JFX1
20033,I1JFY2
20034,I1JFY3
20035,I1JFY7
20036,I1JFY8
20037,I1JFZ6
20038,I1JG01
20039,I1JG10
20040,I1JG11
20041,I1JG14
20042,I1JG18
20043,I1JG19
20044,I1JG21
20045,I1JG23
20046,I1JG24
20047,I1JG30
20048,I1JG31
20049,I1JG34
20050,I1JG37
20051,I1JG42
20052,I1JG45
20053,I1JG49
20054,I1JG54
20055,I1JG59
20056,I1JG62
20057,I1JG69
20058,I1JG72
20059,I1JG73
20060,I1JG74
20061,I1JG77
20062,I1JG79
20063,I1JG82
20064,I1JG83
20065,I1JG84
20066,I1JG86
20067,I1JG92
20068,I1JG98
20069,I1JG99
20070,I1JGA0
20071,I1JGA1
20072,I1JGA3
20073,I1JGA5
20074,I1JGA6
20075,I1JGA7
20076,I1JGB2
20077,I1JGB5
20078,I1JGC0
20079,I1JGD2
20080,I1JGD6
20081,I1JGD9
20082,I1JGE2
20083,I1JGE4
20084,I1JGE6
20085,I1JGE8
20086,I1JGF0
20087,I1JGF1
20088,I1JGF2
20089,I1JGF3
20090,I1JGF5
20091,I1JGF7
20092,I1JGG0
20093,I1JGG4
20094,I1JGG6
20095,I1JGG8
20096,I1JGG9
20097,I1JGH3
20098,I1JGH7
20099,I1JGI1
20100,I1JGI5
20101,I1JGI7
20102,I1JGI9
20103,I1JGJ5
20104,I1JGJ6
20105,I1JGJ7
20106,I1JGK4
20107,I1JGK8
20108,I1JGK9
20109,I1JGL0
20110,I1JGL1
20111,I1JGL4
20112,I1JGL5
20113,I1JGL6
20114,I1JGL8
20115,I1JGM1
20116,I1JGM4
20117,I1JGM7
20118,I1JGM8
20119,I1JGM9
20120,I1JGN1
20121,I1JGN2
20122,I1JGN5
20123,I1JGN9
20124,I1JGP0
20125,I1JGP5
20126,I1JGP7
20127,I1JGP8
20128,I1JGP9
20129,I1JGQ1
20130,I1JGQ2
20131,I1JGQ5
20132,I1JGQ6
20133,I1JGR1
20134,I1JGR4
20135,I1JGR5
20136,I1JGR6
20137,I1JGR7
20138,I1JGR9
20139,I1JGS5
20140,I1JGS7
20141,I1JGS8
20142,I1JGT0
20143,I1JGT1
20144,I1JGT3
20145,I1JGT5
20146,I1JGU0
20147,I1JGU2
20148,I1JGU4
20149,I1JGU6
20150,I1JGU7
20151,I1JGU8
20152,I1JGV0
20153,I1JGV1
20154,I1JGV5
20155,I1JGV6
20156,I1JGV8
20157,I1JGW0
20158,I1JGW3
20159,I1JGW6
20160,I1JGW7
20161,I1JGW8
20162,I1JGX0
20163,I1JGX4
20164,I1JGX7
20165,I1JGX9
20166,I1JGY1
20167,I1JGY2
20168,I1JGY3
20169,I1JGY5
20170,I1JGY9
20171,I1JGZ3
20172,I1JGZ4
20173,I1JGZ6
20174,I1JGZ8
20175,I1JGZ9
20176,I1JH02
20177,I1JH03
20178,I1JH08
20179,I1JH15
20180,I1JH17
20181,I1JH19
20182,I1JH21
20183,I1JH23
20184,I1JH29
20185,I1JH30
20186,I1JH34
20187,I1JH37
20188,I1JH42
20189,I1JH43
20190,I1JH44
20191,I1JH46
20192,I1JH49
20193,I1JH50
20194,I1JH52
20195,I1JH53
20196,I1JH54
20197,I1JH58
20198,I1JH60
20199,I1JH62
20200,I1JH63
20201,I1JH67
20202,I1JH68
20203,I1JH72
20204,I1JH74
20205,I1JH75
20206,I1JH78
20207,I1JH79
20208,I1JH80
20209,I1JH84
20210,I1JH85
20211,I1JH86
20212,I1JH87
20213,I1JH89
20214,I1JH90
20215,I1JH91
20216,I1JH93
20217,I1JH94
20218,I1JH95
20219,I1JH98
20220,I1JH99
20221,I1JHA0
20222,I1JHA1
20223,I1JHA3
20224,I1JHA4
20225,I1JHA8
20226,I1JHB0
20227,I1JHB2
20228,I1JHB3
20229,I1JHB5
20230,I1JHB9
20231,I1JHC2
20232,I1JHC6
20233,I1JHD2
20234,I1JHD7
20235,I1JHD9
20236,I1JHE4
20237,I1JHE6
20238,I1JHE9
20239,I1JHF2
20240,I1JHF6
20241,I1JHF7
20242,I1JHF8
20243,I1JHG0
20244,I1JHG3
20245,I1JHG4
20246,I1JHG6
20247,I1JHG9
20248,I1JHH0
20249,I1JHH2
20250,I1JHH4
20251,I1JHH6
20252,I1JHH7
20253,I1JHH8
20254,I1JHH9
20255,I1JHI2
20256,I1JHI4
20257,I1JHI6
20258,I1JHI8
20259,I1JHJ0
20260,I1JHJ4
20261,I1JHJ8
20262,I1JHJ9
20263,I1JHK0
20264,I1JHK1
20265,I1JHK3
20266,I1JHK7
20267,I1JHK8
20268,I1JHL0
20269,I1JHL1
20270,I1JHL2
20271,I1JHL3
20272,I1JHL4
20273,I1JHL5
20274,I1JHL6
20275,I1JHL8
20276,I1JHL9
20277,I1JHM0
20278,I1JHM4
20279,I1JHM8
20280,I1JHM9
20281,I1JHN5
20282,I1JHN8
20283,I1JHN9
20284,I1JHP2
20285,I1JHP5
20286,I1JHP6
20287,I1JHP9
20288,I1JHQ1
20289,I1JHQ5
20290,I1JHQ6
20291,I1JHQ7
20292,I1JHQ8
20293,I1JHR1
20294,I1JHR7
20295,I1JHR8
20296,I1JHR9
20297,I1JHS0
20298,I1JHS1
20299,I1JHS2
20300,I1JHS3
20301,I1JHT1
20302,I1JHT5
20303,I1JHT7
20304,I1JHU0
20305,I1JHU1
20306,I1JHU2
20307,I1JHU5
20308,I1JHU7
20309,I1JHU8
20310,I1JHV1
20311,I1JHV6
20312,I1JHV7
20313,I1JHW1
20314,I1JHW3
20315,I1JHW4
20316,I1JHW6
20317,I1JHW9
20318,I1JHX0
20319,I1JHX2
20320,I1JHX3
20321,I1JHX6
20322,I1JHY0
20323,I1JHY5
20324,I1JHY8
20325,I1JHY9
20326,I1JHZ0
20327,I1JHZ2
20328,I1JHZ5
20329,I1JI00
20330,I1JI02
20331,I1JI03
20332,I1JI04
20333,I1JI05
20334,I1JI06
20335,I1JI08
20336,I1JI12
20337,I1JI15
20338,I1JI17
20339,I1JI22
20340,I1JI24
20341,I1JI26
20342,I1JI27
20343,I1JI29
20344,I1JI32
20345,I1JI34
20346,I1JI35
20347,I1JI38
20348,I1JI39
20349,I1JI41
20350,I1JI43
20351,I1JI44
20352,I1JI54
20353,I1JI58
20354,I1JI59
20355,I1JI60
20356,I1JI61
20357,I1JI62
20358,I1JI63
20359,I1JI68
20360,I1JI72
20361,I1JI73
20362,I1JI75
20363,I1JI78
20364,I1JI80
20365,I1JI81
20366,I1JI86
20367,I1JI88
20368,I1JI89
20369,I1JI90
20370,I1JI92
20371,I1JI95
20372,I1JI97
20373,I1JI98
20374,I1JIA0
20375,I1JIA1
20376,I1JIA2
20377,I1JIA6
20378,I1JIA7
20379,I1JIB0
20380,I1JIB3
20381,I1JIB7
20382,I1JIB8
20383,I1JIB9
20384,I1JIC0
20385,I1JIC1
20386,I1JIC4
20387,I1JIC7
20388,I1JIC8
20389,I1JID0
20390,I1JID1
20391,I1JID2
20392,I1JID3
20393,I1JID6
20394,I1JID9
20395,I1JIE0
20396,I1JIE4
20397,I1JIE6
20398,I1JIE7
20399,I1JIE8
20400,I1JIF1
20401,I1JIF2
20402,I1JIF3
20403,I1JIF5
20404,I1JIF6
20405,I1JIF8
20406,I1JIG0
20407,I1JIG1
20408,I1JIG4
20409,I1JIG5
20410,I1JIG7
20411,I1JIG9
20412,I1JIH0
20413,I1JIH2
20414,I1JIH3
20415,I1JIH4
20416,I1JII2
20417,I1JII4
20418,I1JIJ4
20419,I1JIJ6
20420,I1JIJ8
20421,I1JIJ9
20422,I1JIK1
20423,I1JIK2
20424,I1JIK3
20425,I1JIK5
20426,I1JIK6
20427,I1JIK8
20428,I1JIL0
20429,I1JIL3
20430,I1JIL6
20431,I1JIL9
20432,I1JIM0
20433,I1JIM1
20434,I1JIM3
20435,I1JIM7
20436,I1JIN0
20437,I1JIN1
20438,I1JIN3
20439,I1JIN5
20440,I1JIN7
20441,I1JIP0
20442,I1JIP1
20443,I1JIP3
20444,I1JIP4
20445,I1JIP5
20446,I1JIP9
20447,I1JIQ0
20448,I1JIQ1
20449,I1JIQ4
20450,I1JIQ6
20451,I1JIQ7
20452,I1JIR0
20453,I1JIR2
20454,I1JIR6
20455,I1JIR8
20456,I1JIS3
20457,I1JIS5
20458,I1JIS7
20459,I1JIS9
20460,I1JIT7
20461,I1JIU3
20462,I1JIU4
20463,I1JIU6
20464,I1JIU9
20465,I1JIV0
20466,I1JIV1
20467,I1JIV7
20468,I1JIV9
20469,I1JIW0
20470,I1JIW1
20471,I1JIW2
20472,I1JIW3
20473,I1JIW4
20474,I1JIW7
20475,I1JIY0
20476,I1JIY1
20477,I1JIY2
20478,I1JIY3
20479,I1JIY6
20480,I1JIY8
20481,I1JIZ2
20482,I1JIZ5
20483,I1JIZ6
20484,I1JIZ7
20485,I1JIZ8
20486,I1JJ00
20487,I1JJ02
20488,I1JJ04
20489,I1JJ05
20490,I1JJ06
20491,I1JJ09
20492,I1JJ13
20493,I1JJ15
20494,I1JJ16
20495,I1JJ22
20496,I1JJ27
20497,I1JJ29
20498,I1JJ30
20499,I1JJ31
20500,I1JJ36
20501,I1JJ37
20502,I1JJ41
20503,I1JJ42
20504,I1JJ43
20505,I1JJ44
20506,I1JJ47
20507,I1JJ48
20508,I1JJ51
20509,I1JJ54
20510,I1JJ56
20511,I1JJ60
20512,I1JJ62
20513,I1JJ63
20514,I1JJ64
20515,I1JJ67
20516,I1JJ68
20517,I1JJ69
20518,I1JJ70
20519,I1JJ73
20520,I1JJ75
20521,I1JJ76
20522,I1JJ77
20523,I1JJ78
20524,I1JJ81
20525,I1JJ86
20526,I1JJ87
20527,I1JJ88
20528,I1JJ90
20529,I1JJA3
20530,I1JJA5
20531,I1JJB0
20532,I1JJB4
20533,I1JJB5
20534,I1JJB7
20535,I1JJB8
20536,I1JJC0
20537,I1JJC2
20538,I1JJC4
20539,I1JJC5
20540,I1JJC8
20541,I1JJC9
20542,I1JJD2
20543,I1JJE0
20544,I1JJE3
20545,I1JJE6
20546,I1JJE8
20547,I1JJE9
20548,I1JJF0
20549,I1JJF1
20550,I1JJF7
20551,I1JJF8
20552,I1JJF9
20553,I1JJG0
20554,I1JJG1
20555,I1JJG2
20556,I1JJG3
20557,I1JJG5
20558,I1JJG6
20559,I1JJG7
20560,I1JJH1
20561,I1JJH5
20562,I1JJH7
20563,I1JJH9
20564,I1JJI1
20565,I1JJI4
20566,I1JJI6
20567,I1JJI8
20568,I1JJI9
20569,I1JJJ0
20570,I1JJJ1
20571,I1JJJ2
20572,I1JJJ3
20573,I1JJJ5
20574,I1JJJ6
20575,I1JJJ8
20576,I1JJK0
20577,I1JJK1
20578,I1JJK2
20579,I1JJK4
20580,I1JJK5
20581,I1JJL0
20582,I1JJL2
20583,I1JJL4
20584,I1JJL5
20585,I1JJL6
20586,I1JJL8
20587,I1JJM2
20588,I1JJM3
20589,I1JJM4
20590,I1JJM5
20591,I1JJM7
20592,I1JJM8
20593,I1JJM9
20594,I1JJN0
20595,I1JJN1
20596,I1JJN4
20597,I1JJN6
20598,I1JJN8
20599,I1JJN9
20600,I1JJP1
20601,I1JJP2
20602,I1JJP3
20603,I1JJP5
20604,I1JJQ0
20605,I1JJQ3
20606,I1JJQ4
20607,I1JJQ5
20608,I1JJQ7
20609,I1JJQ8
20610,I1JJR0
20611,I1JJR1
20612,I1JJR2
20613,I1JJR3
20614,I1JJR5
20615,I1JJR6
20616,I1JJR7
20617,I1JJR8
20618,I1JJR9
20619,I1JJS2
20620,I1JJS4
20621,I1JJS7
20622,I1JJS8
20623,I1JJT0
20624,I1JJT1
20625,I1JJT2
20626,I1JJT4
20627,I1JJT5
20628,I1JJT6
20629,I1JJT8
20630,I1JJU1
20631,I1JJU3
20632,I1JJU4
20633,I1JJU7
20634,I1JJU8
20635,I1JJV1
20636,I1JJV2
20637,I1JJV4
20638,I1JJV5
20639,I1JJV6
20640,I1JJV7
20641,I1JJW0
20642,I1JJW1
20643,I1JJW2
20644,I1JJW4
20645,I1JJW5
20646,I1JJW7
20647,I1JJX3
20648,I1JJY2
20649,I1JJY4
20650,I1JJY5
20651,I1JJY6
20652,I1JJY7
20653,I1JJY8
20654,I1JJY9
20655,I1JJZ0
20656,I1JJZ5
20657,I1JK05
20658,I1JK06
20659,I1JK07
20660,I1JK09
20661,I1JK11
20662,I1JK13
20663,I1JK14
20664,I1JK18
20665,I1JK21
20666,I1JK22
20667,I1JK28
20668,I1JK31
20669,I1JK39
20670,I1JK42
20671,I1JK45
20672,I1JK46
20673,I1JK48
20674,I1JK49
20675,I1JK51
20676,I1JK53
20677,I1JK55
20678,I1JK58
20679,I1JK59
20680,I1JK60
20681,I1JK61
20682,I1JK62
20683,I1JK63
20684,I1JK64
20685,I1JK67
20686,I1JK68
20687,I1JK69
20688,I1JK72
20689,I1JK76
20690,I1JK86
20691,I1JK87
20692,I1JK88
20693,I1JK89
20694,I1JK94
20695,I1JK97
20696,I1JK99
20697,I1JKA0
20698,I1JKA3
20699,I1JKA6
20700,I1JKA9
20701,I1JKB0
20702,I1JKB2
20703,I1JKB3
20704,I1JKB4
20705,I1JKC0
20706,I1JKC3
20707,I1JKC5
20708,I1JKD2
20709,I1JKD5
20710,I1JKD7
20711,I1JKD8
20712,I1JKD9
20713,I1JKE0
20714,I1JKE2
20715,I1JKE3
20716,I1JKE5
20717,I1JKE8
20718,I1JKF4
20719,I1JKG5
20720,I1JKG7
20721,I1JKG8
20722,I1JKH7
20723,I1JKI1
20724,I1JKI3
20725,I1JKI5
20726,I1JKI6
20727,I1JKI7
20728,I1JKJ6
20729,I1JKJ7
20730,I1JKJ8
20731,I1JKK4
20732,I1JKK6
20733,I1JKK7
20734,I1JKK8
20735,I1JKK9
20736,I1JKL2
20737,I1JKL8
20738,I1JKM0
20739,I1JKM1
20740,I1JKM6
20741,I1JKM9
20742,I1JKN0
20743,I1JKN1
20744,I1JKN7
20745,I1JKP1
20746,I1JKP4
20747,I1JKP5
20748,I1JKP6
20749,I1JKP7
20750,I1JKQ0
20751,I1JKQ5
20752,I1JKR0
20753,I1JKR2
20754,I1JKR4
20755,I1JKR6
20756,I1JKR7
20757,I1JKR8
20758,I1JKR9
20759,I1JKS2
20760,I1JKS4
20761,I1JKS7
20762,I1JKS8
20763,I1JKS9
20764,I1JKT0
20765,I1JKT1
20766,I1JKT2
20767,I1JKT3
20768,I1JKT9
20769,I1JKU0
20770,I1JKU2
20771,I1JKU4
20772,I1JKU5
20773,I1JKU9
20774,I1JKV2
20775,I1JKW2
20776,I1JKW3
20777,I1JKW5
20778,I1JKX4
20779,I1JKX7
20780,I1JKY0
20781,I1JKY2
20782,I1JKY4
20783,I1JKY5
20784,I1JKY8
20785,I1JKZ0
20786,I1JKZ3
20787,I1JKZ4
20788,I1JKZ6
20789,I1JKZ7
20790,I1JKZ8
20791,I1JKZ9
20792,I1JL00
20793,I1JL02
20794,I1JL03
20795,I1JL04
20796,I1JL05
20797,I1JL08
20798,I1JL10
20799,I1JL12
20800,I1JL13
20801,I1JL15
20802,I1JL18
20803,I1JL20
20804,I1JL28
20805,I1JL30
20806,I1JL32
20807,I1JL38
20808,I1JL47
20809,I1JL51
20810,I1JL52
20811,I1JL53
20812,I1JL56
20813,I1JL58
20814,I1JL61
20815,I1JL75
20816,I1JL79
20817,I1JL80
20818,I1JL82
20819,I1JL83
20820,I1JL84
20821,I1JL89
20822,I1JL90
20823,I1JL91
20824,I1JL94
20825,I1JL98
20826,I1JLC1
20827,I1JLC4
20828,I1JLC7
20829,I1JLC8
20830,I1JLC9
20831,I1JLD0
20832,I1JLD1
20833,I1JLD7
20834,I1JLE1
20835,I1JLE2
20836,I1JLE6
20837,I1JLF0
20838,I1JLG4
20839,I1JLH3
20840,I1JLI6
20841,I1JLI8
20842,I1JLJ1
20843,I1JLJ2
20844,I1JLK0
20845,I1JLK3
20846,I1JLM0
20847,I1JLM6
20848,I1JLN5
20849,I1JLN6
20850,I1JLP1
20851,I1JLP5
20852,I1JLP7
20853,I1JLP8
20854,I1JLQ2
20855,I1JLQ4
20856,I1JLR0
20857,I1JLR1
20858,I1JLR3
20859,I1JLR5
20860,I1JLR6
20861,I1JLR8
20862,I1JLR9
20863,I1JLS4
20864,I1JLS6
20865,I1JLS7
20866,I1JLT6
20867,I1JLT7
20868,I1JLU3
20869,I1JLU8
20870,I1JLU9
20871,I1JLV2
20872,I1JLV5
20873,I1JLW1
20874,I1JLW3
20875,I1JLW4
20876,I1JLW7
20877,I1JLX2
20878,I1JLX8
20879,I1JLY3
20880,I1JLY4
20881,I1JLY5
20882,I1JLY9
20883,I1JLZ4
20884,I1JM01
20885,I1JM04
20886,I1JM07
20887,I1JM09
20888,I1JM12
20889,I1JM14
20890,I1JM15
20891,I1JM17
20892,I1JM18
20893,I1JM24
20894,I1JM33
20895,I1JM37
20896,I1JM38
20897,I1JM41
20898,I1JM47
20899,I1JM54
20900,I1JM55
20901,I1JM56
20902,I1JM61
20903,I1JM63
20904,I1JM64
20905,I1JM65
20906,I1JM67
20907,I1JM69
20908,I1JM72
20909,I1JM77
20910,I1JM84
20911,I1JM88
20912,I1JM95
20913,I1JM96
20914,I1JMA0
20915,I1JMA2
20916,I1JMA5
20917,I1JMA7
20918,I1JMB0
20919,I1JMB1
20920,I1JMB3
20921,I1JMB4
20922,I1JMB6
20923,I1JMC1
20924,I1JMC3
20925,I1JMC8
20926,I1JMD4
20927,I1JMD6
20928,I1JMD9
20929,I1JME3
20930,I1JME7
20931,I1JMF5
20932,I1JMF6
20933,I1JMF7
20934,I1JMF8
20935,I1JMG5
20936,I1JMG9
20937,I1JMH3
20938,I1JMH6
20939,I1JMH8
20940,I1JMI1
20941,I1JMI2
20942,I1JMI6
20943,I1JMI7
20944,I1JMI9
20945,I1JMJ6
20946,I1JMK1
20947,I1JMK2
20948,I1JMK4
20949,I1JMK5
20950,I1JMK6
20951,I1JMK7
20952,I1JML1
20953,I1JML4
20954,I1JMM6
20955,I1JMN2
20956,I1JMN3
20957,I1JMN6
20958,I1JMN8
20959,I1JMN9
20960,I1JMP1
20961,I1JMP2
20962,I1JMP7
20963,I1JMQ0
20964,I1JMQ2
20965,I1JMQ3
20966,I1JMQ8
20967,I1JMQ9
20968,I1JMR6
20969,I1JMR7
20970,I1JMR8
20971,I1JMS4
20972,I1JMS6
20973,I1JMS9
20974,I1JMT0
20975,I1JMT4
20976,I1JMU6
20977,I1JMU7
20978,I1JMV0
20979,I1JMV1
20980,I1JMV3
20981,I1JMV4
20982,I1JMV5
20983,I1JMV9
20984,I1JMW4
20985,I1JMW7
20986,I1JMX4
20987,I1JMX7
20988,I1JMX8
20989,I1JMY1
20990,I1JMY7
20991,I1JMY8
20992,I1JMY9
20993,I1JMZ2
20994,I1JMZ3
20995,I1JMZ4
20996,I1JMZ6
20997,I1JMZ7
20998,I1JMZ8
20999,I1JN04
21000,I1JN08
21001,I1JN13
21002,I1JN14
21003,I1JN16
21004,I1JN21
21005,I1JN25
21006,I1JN29
21007,I1JN30
21008,I1JN31
21009,I1JN35
21010,I1JN39
21011,I1JN41
21012,I1JN43
21013,I1JN45
21014,I1JN48
21015,I1JN50
21016,I1JN53
21017,I1JN56
21018,I1JN61
21019,I1JN62
21020,I1JN65
21021,I1JN67
21022,I1JN69
21023,I1JN71
21024,I1JN75
21025,I1JN76
21026,I1JN77
21027,I1JN79
21028,I1JN80
21029,I1JN81
21030,I1JN82
21031,I1JN88
21032,I1JN94
21033,I1JN95
21034,I1JN99
21035,I1JNA2
21036,I1JNA6
21037,I1JNA7
21038,I1JNA8
21039,I1JNB0
21040,I1JNB3
21041,I1JNB5
21042,I1JNB6
21043,I1JNB9
21044,I1JNC3
21045,I1JNC5
21046,I1JNC7
21047,I1JND0
21048,I1JND2
21049,I1JND7
21050,I1JND9
21051,I1JNE0
21052,I1JNE4
21053,I1JNE8
21054,I1JNE9
21055,I1JNF0
21056,I1JNF1
21057,I1JNF2
21058,I1JNF3
21059,I1JNF4
21060,I1JNF5
21061,I1JNF8
21062,I1JNF9
21063,I1JNG1
21064,I1JNG2
21065,I1JNG5
21066,I1JNH0
21067,I1JNH2
21068,I1JNH4
21069,I1JNH6
21070,I1JNH7
21071,I1JNI2
21072,I1JNI4
21073,I1JNI7
21074,I1JNI8
21075,I1JNJ7
21076,I1JNJ9
21077,I1JNK0
21078,I1JNK1
21079,I1JNK3
21080,I1JNK6
21081,I1JNK7
21082,I1JNK9
21083,I1JNL1
21084,I1JNL3
21085,I1JNL6
21086,I1JNL8
21087,I1JNL9
21088,I1JNM0
21089,I1JNM3
21090,I1JNM7
21091,I1JNM9
21092,I1JNN6
21093,I1JNN8
21094,I1JNP0
21095,I1JNP4
21096,I1JNP5
21097,I1JNP6
21098,I1JNP9
21099,I1JNQ1
21100,I1JNQ2
21101,I1JNQ3
21102,I1JNQ5
21103,I1JNQ8
21104,I1JNR0
21105,I1JNR1
21106,I1JNR2
21107,I1JNR3
21108,I1JNR4
21109,I1JNR6
21110,I1JNS0
21111,I1JNS1
21112,I1JNS2
21113,I1JNS5
21114,I1JNS6
21115,I1JNT1
21116,I1JNT2
21117,I1JNT4
21118,I1JNT5
21119,I1JNT6
21120,I1JNT8
21121,I1JNT9
21122,I1JNU0
21123,I1JNU1
21124,I1JNU2
21125,I1JNU3
21126,I1JNU6
21127,I1JNV3
21128,I1JNV4
21129,I1JNV7
21130,I1JNW0
21131,I1JNW1
21132,I1JNW2
21133,I1JNW3
21134,I1JNX0
21135,I1JNX1
21136,I1JNX6
21137,I1JNY0
21138,I1JNY3
21139,I1JNY5
21140,I1JNY7
21141,I1JNY9
21142,I1JNZ0
21143,I1JNZ1
21144,I1JNZ9
21145,I1JP00
21146,I1JP01
21147,I1JP02
21148,I1JP03
21149,I1JP06
21150,I1JP09
21151,I1JP11
21152,I1JP16
21153,I1JP17
21154,I1JP19
21155,I1JP20
21156,I1JP21
21157,I1JP22
21158,I1JP23
21159,I1JP24
21160,I1JP30
21161,I1JP31
21162,I1JP35
21163,I1JP37
21164,I1JP38
21165,I1JP39
21166,I1JP48
21167,I1JP50
21168,I1JP51
21169,I1JP52
21170,I1JP54
21171,I1JP57
21172,I1JP58
21173,I1JP63
21174,I1JP64
21175,I1JP66
21176,I1JP67
21177,I1JP70
21178,I1JP73
21179,I1JP77
21180,I1JP78
21181,I1JP80
21182,I1JP84
21183,I1JP86
21184,I1JP87
21185,I1JP91
21186,I1JP95
21187,I1JP99
21188,I1JPA0
21189,I1JPA3
21190,I1JPA6
21191,I1JPA9
21192,I1JPB0
21193,I1JPB1
21194,I1JPB4
21195,I1JPB5
21196,I1JPB6
21197,I1JPC2
21198,I1JPC4
21199,I1JPC6
21200,I1JPC8
21201,I1JPD0
21202,I1JPD1
21203,I1JPD3
21204,I1JPD4
21205,I1JPD8
21206,I1JPE1
21207,I1JPE3
21208,I1JPE4
21209,I1JPE8
21210,I1JPE9
21211,I1JPF1
21212,I1JPF2
21213,I1JPF3
21214,I1JPF4
21215,I1JPF5
21216,I1JPF9
21217,I1JPG0
21218,I1JPG1
21219,I1JPG2
21220,I1JPG3
21221,I1JPG4
21222,I1JPG7
21223,I1JPH0
21224,I1JPH1
21225,I1JPH2
21226,I1JPH6
21227,I1JPH8
21228,I1JPH9
21229,I1JPI4
21230,I1JPI5
21231,I1JPI7
21232,I1JPI9
21233,I1JPJ5
21234,I1JPJ6
21235,I1JPJ7
21236,I1JPK0
21237,I1JPK1
21238,I1JPK8
21239,I1JPL1
21240,I1JPL2
21241,I1JPL3
21242,I1JPL4
21243,I1JPL6
21244,I1JPL8
21245,I1JPL9
21246,I1JPN0
21247,I1JPN1
21248,I1JPN3
21249,I1JPP0
21250,I1JPP1
21251,I1JPP2
21252,I1JPP3
21253,I1JPP7
21254,I1JPP8
21255,I1JPP9
21256,I1JPQ0
21257,I1JPQ1
21258,I1JPQ2
21259,I1JPQ4
21260,I1JPQ7
21261,I1JPR3
21262,I1JPR4
21263,I1JPR5
21264,I1JPR6
21265,I1JPS1
21266,I1JPS2
21267,I1JPS7
21268,I1JPS8
21269,I1JPS9
21270,I1JPT0
21271,I1JPT1
21272,I1JPT2
21273,I1JPT3
21274,I1JPT5
21275,I1JPT7
21276,I1JPT8
21277,I1JPT9
21278,I1JPU1
21279,I1JPU2
21280,I1JPU3
21281,I1JPU5
21282,I1JPU7
21283,I1JPU8
21284,I1JPV1
21285,I1JPV3
21286,I1JPV4
21287,I1JPV5
21288,I1JPV7
21289,I1JPV8
21290,I1JPW2
21291,I1JPW5
21292,I1JPW6
21293,I1JPX2
21294,I1JPX3
21295,I1JPX4
21296,I1JPX6
21297,I1JPX8
21298,I1JPY0
21299,I1JPY1
21300,I1JPY2
21301,I1JPY3
21302,I1JPY7
21303,I1JPZ4
21304,I1JPZ7
21305,I1JPZ9
21306,I1JQ00
21307,I1JQ03
21308,I1JQ07
21309,I1JQ12
21310,I1JQ14
21311,I1JQ15
21312,I1JQ16
21313,I1JQ18
21314,I1JQ19
21315,I1JQ20
21316,I1JQ22
21317,I1JQ29
21318,I1JQ30
21319,I1JQ35
21320,I1JQ38
21321,I1JQ39
21322,I1JQ40
21323,I1JQ42
21324,I1JQ43
21325,I1JQ45
21326,I1JQ46
21327,I1JQ50
21328,I1JQ51
21329,I1JQ53
21330,I1JQ55
21331,I1JQ57
21332,I1JQ59
21333,I1JQ60
21334,I1JQ61
21335,I1JQ64
21336,I1JQ66
21337,I1JQ67
21338,I1JQ71
21339,I1JQ72
21340,I1JQ74
21341,I1JQ75
21342,I1JQ77
21343,I1JQ79
21344,I1JQ82
21345,I1JQ84
21346,I1JQ86
21347,I1JQ87
21348,I1JQ88
21349,I1JQ89
21350,I1JQ93
21351,I1JQ94
21352,I1JQ95
21353,I1JQ96
21354,I1JQ97
21355,I1JQ98
21356,I1JQA1
21357,I1JQA3
21358,I1JQB4
21359,I1JQB7
21360,I1JQB9
21361,I1JQC1
21362,I1JQC2
21363,I1JQC4
21364,I1JQC5
21365,I1JQC8
21366,I1JQC9
21367,I1JQD2
21368,I1JQD4
21369,I1JQD5
21370,I1JQD8
21371,I1JQD9
21372,I1JQE1
21373,I1JQE4
21374,I1JQE5
21375,I1JQE7
21376,I1JQE8
21377,I1JQE9
21378,I1JQF1
21379,I1JQF2
21380,I1JQF4
21381,I1JQF5
21382,I1JQF8
21383,I1JQF9
21384,I1JQG4
21385,I1JQG5
21386,I1JQG8
21387,I1JQG9
21388,I1JQH0
21389,I1JQH2
21390,I1JQH3
21391,I1JQH4
21392,I1JQH7
21393,I1JQI1
21394,I1JQI2
21395,I1JQI3
21396,I1JQI4
21397,I1JQI6
21398,I1JQI7
21399,I1JQJ6
21400,I1JQJ7
21401,I1JQJ8
21402,I1JQK1
21403,I1JQK6
21404,I1JQK7
21405,I1JQK9
21406,I1JQL0
21407,I1JQL5
21408,I1JQL7
21409,I1JQL8
21410,I1JQM2
21411,I1JQM3
21412,I1JQM5
21413,I1JQM7
21414,I1JQM9
21415,I1JQN2
21416,I1JQN4
21417,I1JQN6
21418,I1JQN7
21419,I1JQN8
21420,I1JQN9
21421,I1JQP1
21422,I1JQP2
21423,I1JQP4
21424,I1JQP5
21425,I1JQP7
21426,I1JQP8
21427,I1JQP9
21428,I1JQQ0
21429,I1JQQ3
21430,I1JQQ6
21431,I1JQQ7
21432,I1JQQ8
21433,I1JQQ9
21434,I1JQR0
21435,I1JQR1
21436,I1JQR3
21437,I1JQR5
21438,I1JQR6
21439,I1JQS1
21440,I1JQS3
21441,I1JQS4
21442,I1JQS8
21443,I1JQS9
21444,I1JQT2
21445,I1JQT4
21446,I1JQT5
21447,I1JQT7
21448,I1JQU0
21449,I1JQU1
21450,I1JQU2
21451,I1JQU3
21452,I1JQU5
21453,I1JQV1
21454,I1JQV2
21455,I1JQV3
21456,I1JQV4
21457,I1JQV5
21458,I1JQV7
21459,I1JQV8
21460,I1JQW0
21461,I1JQW7
21462,I1JQW9
21463,I1JQX0
21464,I1JQX2
21465,I1JQX3
21466,I1JQX4
21467,I1JQX7
21468,I1JQX8
21469,I1JQY0
21470,I1JQY1
21471,I1JQY4
21472,I1JQY7
21473,I1JQY9
21474,I1JQZ1
21475,I1JQZ4
21476,I1JQZ6
21477,I1JQZ7
21478,I1JQZ9
21479,I1JR00
21480,I1JR04
21481,I1JR08
21482,I1JR09
21483,I1JR10
21484,I1JR12
21485,I1JR13
21486,I1JR16
21487,I1JR18
21488,I1JR21
21489,I1JR22
21490,I1JR26
21491,I1JR28
21492,I1JR29
21493,I1JR32
21494,I1JR33
21495,I1JR34
21496,I1JR35
21497,I1JR38
21498,I1JR41
21499,I1JR44
21500,I1JR46
21501,I1JR48
21502,I1JR50
21503,I1JR54
21504,I1JR56
21505,I1JR62
21506,I1JR63
21507,I1JR66
21508,I1JR71
21509,I1JR72
21510,I1JR73
21511,I1JR75
21512,I1JR78
21513,I1JR80
21514,I1JR81
21515,I1JR84
21516,I1JR88
21517,I1JR90
21518,I1JR93
21519,I1JR99
21520,I1JRA0
21521,I1JRA3
21522,I1JRA4
21523,I1JRA5
21524,I1JRA6
21525,I1JRA8
21526,I1JRA9
21527,I1JRB0
21528,I1JRB1
21529,I1JRB2
21530,I1JRB5
21531,I1JRB6
21532,I1JRB8
21533,I1JRC0
21534,I1JRC2
21535,I1JRC3
21536,I1JRC5
21537,I1JRC6
21538,I1JRD2
21539,I1JRD4
21540,I1JRD7
21541,I1JRE0
21542,I1JRE3
21543,I1JRE5
21544,I1JRE6
21545,I1JRE8
21546,I1JRF0
21547,I1JRF2
21548,I1JRF7
21549,I1JRF8
21550,I1JRF9
21551,I1JRG9
21552,I1JRH4
21553,I1JRH5
21554,I1JRH6
21555,I1JRH7
21556,I1JRI3
21557,I1JRI7
21558,I1JRJ0
21559,I1JRJ1
21560,I1JRJ2
21561,I1JRJ3
21562,I1JRK0
21563,I1JRK1
21564,I1JRK2
21565,I1JRK7
21566,I1JRK8
21567,I1JRL0
21568,I1JRL2
21569,I1JRL5
21570,I1JRL6
21571,I1JRL7
21572,I1JRL8
21573,I1JRM0
21574,I1JRM1
21575,I1JRM3
21576,I1JRM4
21577,I1JRM5
21578,I1JRM7
21579,I1JRM9
21580,I1JRN0
21581,I1JRN1
21582,I1JRN2
21583,I1JRN4
21584,I1JRN6
21585,I1JRN7
21586,I1JRN9
21587,I1JRP0
21588,I1JRP8
21589,I1JRQ3
21590,I1JRQ4
21591,I1JRQ8
21592,I1JRR2
21593,I1JRR3
21594,I1JRR6
21595,I1JRR9
21596,I1JRS1
21597,I1JRS3
21598,I1JRS4
21599,I1JRS5
21600,I1JRS6
21601,I1JRS8
21602,I1JRS9
21603,I1JRT4
21604,I1JRT6
21605,I1JRT8
21606,I1JRT9
21607,I1JRU0
21608,I1JRU1
21609,I1JRU2
21610,I1JRU3
21611,I1JRU4
21612,I1JRU5
21613,I1JRU6
21614,I1JRU7
21615,I1JRU8
21616,I1JRV0
21617,I1JRV5
21618,I1JRV7
21619,I1JRW1
21620,I1JRW3
21621,I1JRW5
21622,I1JRW6
21623,I1JRW7
21624,I1JRX0
21625,I1JRX2
21626,I1JRX6
21627,I1JRX7
21628,I1JRX8
21629,I1JRY0
21630,I1JRY4
21631,I1JRY5
21632,I1JRY6
21633,I1JRZ2
21634,I1JRZ3
21635,I1JRZ5
21636,I1JRZ7
21637,I1JRZ8
21638,I1JRZ9
21639,I1JS00
21640,I1JS03
21641,I1JS04
21642,I1JS05
21643,I1JS07
21644,I1JS10
21645,I1JS11
21646,I1JS14
21647,I1JS15
21648,I1JS16
21649,I1JS19
21650,I1JS27
21651,I1JS28
21652,I1JS30
21653,I1JS32
21654,I1JS33
21655,I1JS35
21656,I1JS37
21657,I1JS41
21658,I1JS44
21659,I1JS54
21660,I1JS58
21661,I1JS65
21662,I1JS66
21663,I1JS71
21664,I1JS72
21665,I1JS74
21666,I1JS76
21667,I1JS84
21668,I1JS87
21669,I1JSA0
21670,I1JSA6
21671,I1JSB3
21672,I1JSB5
21673,I1JSB6
21674,I1JSB8
21675,I1JSC2
21676,I1JSC3
21677,I1JSC6
21678,I1JSC7
21679,I1JSC8
21680,I1JSC9
21681,I1JSD2
21682,I1JSD6
21683,I1JSD9
21684,I1JSE0
21685,I1JSE1
21686,I1JSE2
21687,I1JSE5
21688,I1JSE7
21689,I1JSE8
21690,I1JSE9
21691,I1JSF0
21692,I1JSF2
21693,I1JSF3
21694,I1JSF4
21695,I1JSF5
21696,I1JSF6
21697,I1JSF7
21698,I1JSF8
21699,I1JSG0
21700,I1JSG1
21701,I1JSH2
21702,I1JSH5
21703,I1JSH6
21704,I1JSH7
21705,I1JSI1
21706,I1JSI5
21707,I1JSI6
21708,I1JSJ1
21709,I1JSJ3
21710,I1JSJ6
21711,I1JSK1
21712,I1JSK2
21713,I1JSK4
21714,I1JSK5
21715,I1JSL1
21716,I1JSL5
21717,I1JSL8
21718,I1JSM1
21719,I1JSM3
21720,I1JSM4
21721,I1JSM5
21722,I1JSM7
21723,I1JSN0
21724,I1JSN4
21725,I1JSN8
21726,I1JSP3
21727,I1JSP4
21728,I1JSP6
21729,I1JSP8
21730,I1JSQ1
21731,I1JSQ3
21732,I1JSQ4
21733,I1JSQ5
21734,I1JSR0
21735,I1JSR1
21736,I1JSR3
21737,I1JSR6
21738,I1JSR9
21739,I1JSS0
21740,I1JSS2
21741,I1JSS3
21742,I1JSS8
21743,I1JSS9
21744,I1JST3
21745,I1JST5
21746,I1JST6
21747,I1JST7
21748,I1JST9
21749,I1JSU0
21750,I1JSU9
21751,I1JSV6
21752,I1JSV8
21753,I1JSW0
21754,I1JSW4
21755,I1JSW6
21756,I1JSW9
21757,I1JSX0
21758,I1JSX1
21759,I1JSX4
21760,I1JSX6
21761,I1JSX8
21762,I1JSY1
21763,I1JSY2
21764,I1JSY3
21765,I1JSY7
21766,I1JSY8
21767,I1JSY9
21768,I1JSZ3
21769,I1JSZ4
21770,I1JSZ5
21771,I1JSZ6
21772,I1JT00
21773,I1JT02
21774,I1JT03
21775,I1JT05
21776,I1JT08
21777,I1JT12
21778,I1JT13
21779,I1JT14
21780,I1JT24
21781,I1JT26
21782,I1JT28
21783,I1JT30
21784,I1JT36
21785,I1JT40
21786,I1JT45
21787,I1JT46
21788,I1JT47
21789,I1JT49
21790,I1JT50
21791,I1JT52
21792,I1JT53
21793,I1JT54
21794,I1JT58
21795,I1JT63
21796,I1JT65
21797,I1JT68
21798,I1JT73
21799,I1JT74
21800,I1JT75
21801,I1JT76
21802,I1JT81
21803,I1JT85
21804,I1JT87
21805,I1JT95
21806,I1JT98
21807,I1JTA1
21808,I1JTA3
21809,I1JTA6
21810,I1JTA7
21811,I1JTA9
21812,I1JTB4
21813,I1JTB5
21814,I1JTB6
21815,I1JTB7
21816,I1JTB8
21817,I1JTC1
21818,I1JTC6
21819,I1JTC7
21820,I1JTC9
21821,I1JTD2
21822,I1JTD3
21823,I1JTD4
21824,I1JTD7
21825,I1JTD8
21826,I1JTE1
21827,I1JTE2
21828,I1JTE4
21829,I1JTE5
21830,I1JTE7
21831,I1JTF1
21832,I1JTF2
21833,I1JTF4
21834,I1JTG1
21835,I1JTG2
21836,I1JTG3
21837,I1JTG4
21838,I1JTG9
21839,I1JTH0
21840,I1JTH1
21841,I1JTH5
21842,I1JTH7
21843,I1JTH8
21844,I1JTH9
21845,I1JTI0
21846,I1JTI1
21847,I1JTI3
21848,I1JTI5
21849,I1JTI7
21850,I1JTI9
21851,I1JTJ3
21852,I1JTK1
21853,I1JTK5
21854,I1JTK8
21855,I1JTL5
21856,I1JTL6
21857,I1JTL7
21858,I1JTM0
21859,I1JTM4
21860,I1JTM5
21861,I1JTM6
21862,I1JTM7
21863,I1JTN9
21864,I1JTP0
21865,I1JTP1
21866,I1JTP4
21867,I1JTP9
21868,I1JTQ3
21869,I1JTQ4
21870,I1JTQ5
21871,I1JTQ7
21872,I1JTQ9
21873,I1JTR0
21874,I1JTR1
21875,I1JTR2
21876,I1JTR7
21877,I1JTS1
21878,I1JTS4
21879,I1JTS5
21880,I1JTS7
21881,I1JTT1
21882,I1JTT4
21883,I1JTT6
21884,I1JTT7
21885,I1JTT9
21886,I1JTU0
21887,I1JTU1
21888,I1JTU5
21889,I1JTV2
21890,I1JTV5
21891,I1JTV7
21892,I1JTV8
21893,I1JTV9
21894,I1JTW0
21895,I1JTW1
21896,I1JTW3
21897,I1JTW4
21898,I1JTW7
21899,I1JTX2
21900,I1JTX3
21901,I1JTX4
21902,I1JTX5
21903,I1JTX8
21904,I1JTX9
21905,I1JTY2
21906,I1JTY4
21907,I1JTY5
21908,I1JTY6
21909,I1JTZ0
21910,I1JTZ1
21911,I1JTZ3
21912,I1JTZ5
21913,I1JTZ8
21914,I1JTZ9
21915,I1JU00
21916,I1JU01
21917,I1JU03
21918,I1JU06
21919,I1JU07
21920,I1JU10
21921,I1JU13
21922,I1JU15
21923,I1JU19
21924,I1JU23
21925,I1JU24
21926,I1JU26
21927,I1JU27
21928,I1JU29
21929,I1JU36
21930,I1JU37
21931,I1JU38
21932,I1JU39
21933,I1JU40
21934,I1JU42
21935,I1JU43
21936,I1JU44
21937,I1JU45
21938,I1JU46
21939,I1JU50
21940,I1JU51
21941,I1JU52
21942,I1JU53
21943,I1JU62
21944,I1JU65
21945,I1JU66
21946,I1JU69
21947,I1JU70
21948,I1JU76
21949,I1JU80
21950,I1JU81
21951,I1JU82
21952,I1JU83
21953,I1JU86
21954,I1JU87
21955,I1JU88
21956,I1JU90
21957,I1JU93
21958,I1JU94
21959,I1JU95
21960,I1JU96
21961,I1JU97
21962,I1JU98
21963,I1JU99
21964,I1JUA1
21965,I1JUA6
21966,I1JUA9
21967,I1JUB4
21968,I1JUB5
21969,I1JUB7
21970,I1JUC1
21971,I1JUC2
21972,I1JUC3
21973,I1JUC5
21974,I1JUC8
21975,I1JUD1
21976,I1JUD5
21977,I1JUD7
21978,I1JUD9
21979,I1JUE0
21980,I1JUE1
21981,I1JUE4
21982,I1JUE6
21983,I1JUF7
21984,I1JUG0
21985,I1JUG7
21986,I1JUH4
21987,I1JUH5
21988,I1JUH8
21989,I1JUH9
21990,I1JUI1
21991,I1JUI3
21992,I1JUI4
21993,I1JUI8
21994,I1JUJ5
21995,I1JUJ6
21996,I1JUJ8
21997,I1JUJ9
21998,I1JUK0
21999,I1JUK3
22000,I1JUK7
22001,I1JUL1
22002,I1JUL5
22003,I1JUL6
22004,I1JUM2
22005,I1JUM3
22006,I1JUM5
22007,I1JUM7
22008,I1JUM8
22009,I1JUM9
22010,I1JUN1
22011,I1JUN2
22012,I1JUN3
22013,I1JUN4
22014,I1JUN7
22015,I1JUN8
22016,I1JUP0
22017,I1JUP2
22018,I1JUP4
22019,I1JUP6
22020,I1JUP8
22021,I1JUP9
22022,I1JUQ0
22023,I1JUQ4
22024,I1JUQ6
22025,I1JUQ7
22026,I1JUQ8
22027,I1JUR0
22028,I1JUR1
22029,I1JUR2
22030,I1JUR3
22031,I1JUR5
22032,I1JUR7
22033,I1JUR9
22034,I1JUS4
22035,I1JUS5
22036,I1JUS6
22037,I1JUS7
22038,I1JUS8
22039,I1JUT3
22040,I1JUT4
22041,I1JUT6
22042,I1JUT9
22043,I1JUU0
22044,I1JUU1
22045,I1JUU2
22046,I1JUU4
22047,I1JUU5
22048,I1JUU8
22049,I1JUV4
22050,I1JUV6
22051,I1JUV7
22052,I1JUW0
22053,I1JUW3
22054,I1JUW6
22055,I1JUW8
22056,I1JUX3
22057,I1JUX4
22058,I1JUY0
22059,I1JUY3
22060,I1JUY4
22061,I1JUY7
22062,I1JUY9
22063,I1JUZ0
22064,I1JUZ1
22065,I1JUZ5
22066,I1JUZ7
22067,I1JV00
22068,I1JV02
22069,I1JV03
22070,I1JV05
22071,I1JV08
22072,I1JV14
22073,I1JV15
22074,I1JV17
22075,I1JV18
22076,I1JV20
22077,I1JV21
22078,I1JV22
22079,I1JV24
22080,I1JV26
22081,I1JV29
22082,I1JV30
22083,I1JV33
22084,I1JV38
22085,I1JV43
22086,I1JV48
22087,I1JV49
22088,I1JV50
22089,I1JV52
22090,I1JV53
22091,I1JV54
22092,I1JV61
22093,I1JV62
22094,I1JV65
22095,I1JV66
22096,I1JV67
22097,I1JV68
22098,I1JV73
22099,I1JV77
22100,I1JV80
22101,I1JV81
22102,I1JV82
22103,I1JV83
22104,I1JV86
22105,I1JV87
22106,I1JV96
22107,I1JV99
22108,I1JVA1
22109,I1JVA2
22110,I1JVA3
22111,I1JVA4
22112,I1JVA6
22113,I1JVA8
22114,I1JVB1
22115,I1JVB3
22116,I1JVB5
22117,I1JVB8
22118,I1JVB9
22119,I1JVC5
22120,I1JVC7
22121,I1JVD0
22122,I1JVD1
22123,I1JVD2
22124,I1JVD5
22125,I1JVD9
22126,I1JVE3
22127,I1JVE6
22128,I1JVE7
22129,I1JVE9
22130,I1JVF0
22131,I1JVF1
22132,I1JVF7
22133,I1JVG0
22134,I1JVG1
22135,I1JVG2
22136,I1JVG7
22137,I1JVH2
22138,I1JVH7
22139,I1JVJ2
22140,I1JVJ7
22141,I1JVJ8
22142,I1JVK4
22143,I1JVK6
22144,I1JVK9
22145,I1JVL2
22146,I1JVL9
22147,I1JVM6
22148,I1JVM7
22149,I1JVM9
22150,I1JVN0
22151,I1JVN2
22152,I1JVN4
22153,I1JVP4
22154,I1JVP8
22155,I1JVR2
22156,I1JVR8
22157,I1JVS0
22158,I1JVS1
22159,I1JVS7
22160,I1JVS9
22161,I1JVT0
22162,I1JVT1
22163,I1JVU1
22164,I1JVU2
22165,I1JVU5
22166,I1JVU8
22167,I1JVV3
22168,I1JVV4
22169,I1JVV5
22170,I1JVV8
22171,I1JVV9
22172,I1JVW1
22173,I1JVX0
22174,I1JVX3
22175,I1JVY3
22176,I1JVY8
22177,I1JVZ0
22178,I1JW02
22179,I1JW03
22180,I1JW06
22181,I1JW08
22182,I1JW11
22183,I1JW13
22184,I1JW18
22185,I1JW19
22186,I1JW20
22187,I1JW21
22188,I1JW23
22189,I1JW26
22190,I1JW29
22191,I1JW30
22192,I1JW34
22193,I1JW36
22194,I1JW38
22195,I1JW39
22196,I1JW44
22197,I1JW46
22198,I1JW47
22199,I1JW50
22200,I1JW53
22201,I1JW56
22202,I1JW58
22203,I1JW60
22204,I1JW61
22205,I1JW63
22206,I1JW64
22207,I1JW65
22208,I1JW68
22209,I1JW69
22210,I1JW71
22211,I1JW76
22212,I1JW77
22213,I1JW83
22214,I1JW88
22215,I1JW97
22216,I1JWA0
22217,I1JWA3
22218,I1JWA5
22219,I1JWB1
22220,I1JWB2
22221,I1JWB5
22222,I1JWB6
22223,I1JWB8
22224,I1JWB9
22225,I1JWC1
22226,I1JWD0
22227,I1JWD2
22228,I1JWD3
22229,I1JWD5
22230,I1JWD6
22231,I1JWD7
22232,I1JWE5
22233,I1JWE9
22234,I1JWF0
22235,I1JWF4
22236,I1JWF5
22237,I1JWG4
22238,I1JWG8
22239,I1JWH5
22240,I1JWH7
22241,I1JWH8
22242,I1JWH9
22243,I1JWI2
22244,I1JWI3
22245,I1JWI5
22246,I1JWI9
22247,I1JWJ6
22248,I1JWJ8
22249,I1JWK1
22250,I1JWK3
22251,I1JWK8
22252,I1JWL1
22253,I1JWL3
22254,I1JWL5
22255,I1JWL6
22256,I1JWL7
22257,I1JWL9
22258,I1JWM3
22259,I1JWM6
22260,I1JWM9
22261,I1JWN7
22262,I1JWP0
22263,I1JWP7
22264,I1JWP9
22265,I1JWQ3
22266,I1JWR0
22267,I1JWR2
22268,I1JWR6
22269,I1JWR8
22270,I1JWS3
22271,I1JWS5
22272,I1JWS7
22273,I1JWT0
22274,I1JWT3
22275,I1JWT4
22276,I1JWT6
22277,I1JWT8
22278,I1JWU2
22279,I1JWU3
22280,I1JWU7
22281,I1JWU9
22282,I1JWV2
22283,I1JWV3
22284,I1JWV5
22285,I1JWV7
22286,I1JWV8
22287,I1JWW2
22288,I1JWW3
22289,I1JWW4
22290,I1JWW8
22291,I1JWX1
22292,I1JWX4
22293,I1JWX6
22294,I1JWX8
22295,I1JWY1
22296,I1JWY2
22297,I1JWZ1
22298,I1JWZ3
22299,I1JWZ6
22300,I1JWZ9
22301,I1JX00
22302,I1JX02
22303,I1JX04
22304,I1JX05
22305,I1JX06
22306,I1JX08
22307,I1JX10
22308,I1JX12
22309,I1JX17
22310,I1JX18
22311,I1JX19
22312,I1JX20
22313,I1JX24
22314,I1JX26
22315,I1JX38
22316,I1JX40
22317,I1JX41
22318,I1JX45
22319,I1JX51
22320,I1JX53
22321,I1JX54
22322,I1JX56
22323,I1JX62
22324,I1JX64
22325,I1JX65
22326,I1JX67
22327,I1JX69
22328,I1JX70
22329,I1JX73
22330,I1JX75
22331,I1JX77
22332,I1JX78
22333,I1JX82
22334,I1JX83
22335,I1JX86
22336,I1JX93
22337,I1JX97
22338,I1JX98
22339,I1JXA0
22340,I1JXA2
22341,I1JXA3
22342,I1JXA4
22343,I1JXA5
22344,I1JXA6
22345,I1JXA7
22346,I1JXA9
22347,I1JXB2
22348,I1JXB3
22349,I1JXB4
22350,I1JXB6
22351,I1JXB7
22352,I1JXB8
22353,I1JXC0
22354,I1JXC1
22355,I1JXC4
22356,I1JXC5
22357,I1JXC8
22358,I1JXD0
22359,I1JXD2
22360,I1JXD5
22361,I1JXD6
22362,I1JXE0
22363,I1JXE1
22364,I1JXE2
22365,I1JXE5
22366,I1JXE7
22367,I1JXE8
22368,I1JXF1
22369,I1JXF2
22370,I1JXF4
22371,I1JXF5
22372,I1JXF6
22373,I1JXF7
22374,I1JXG1
22375,I1JXG2
22376,I1JXG3
22377,I1JXG4
22378,I1JXG5
22379,I1JXG7
22380,I1JXG9
22381,I1JXH3
22382,I1JXH4
22383,I1JXH6
22384,I1JXH8
22385,I1JXI4
22386,I1JXI9
22387,I1JXJ0
22388,I1JXJ3
22389,I1JXJ6
22390,I1JXJ7
22391,I1JXK0
22392,I1JXK1
22393,I1JXK6
22394,I1JXK7
22395,I1JXK9
22396,I1JXL3
22397,I1JXL6
22398,I1JXM1
22399,I1JXM5
22400,I1JXM8
22401,I1JXM9
22402,I1JXN3
22403,I1JXN8
22404,I1JXP0
22405,I1JXP1
22406,I1JXP2
22407,I1JXP3
22408,I1JXP5
22409,I1JXP6
22410,I1JXP8
22411,I1JXP9
22412,I1JXQ2
22413,I1JXQ3
22414,I1JXQ4
22415,I1JXQ5
22416,I1JXQ6
22417,I1JXQ9
22418,I1JXR6
22419,I1JXR7
22420,I1JXR9
22421,I1JXS2
22422,I1JXS5
22423,I1JXS6
22424,I1JXS7
22425,I1JXS8
22426,I1JXS9
22427,I1JXT0
22428,I1JXT1
22429,I1JXT7
22430,I1JXT8
22431,I1JXU2
22432,I1JXU4
22433,I1JXU5
22434,I1JXU6
22435,I1JXU8
22436,I1JXU9
22437,I1JXV2
22438,I1JXV4
22439,I1JXV8
22440,I1JXW3
22441,I1JXW5
22442,I1JXW6
22443,I1JXW7
22444,I1JXW9
22445,I1JXX1
22446,I1JXX2
22447,I1JXX5
22448,I1JXY0
22449,I1JXY2
22450,I1JXY3
22451,I1JXY4
22452,I1JXY7
22453,I1JXZ0
22454,I1JXZ1
22455,I1JXZ2
22456,I1JXZ5
22457,I1JXZ6
22458,I1JXZ7
22459,I1JY02
22460,I1JY04
22461,I1JY06
22462,I1JY09
22463,I1JY11
22464,I1JY13
22465,I1JY15
22466,I1JY18
22467,I1JY19
22468,I1JY21
22469,I1JY23
22470,I1JY24
22471,I1JY26
22472,I1JY27
22473,I1JY29
22474,I1JY36
22475,I1JY39
22476,I1JY44
22477,I1JY45
22478,I1JY49
22479,I1JY50
22480,I1JY56
22481,I1JY62
22482,I1JY66
22483,I1JY67
22484,I1JY68
22485,I1JY76
22486,I1JY77
22487,I1JY78
22488,I1JY80
22489,I1JY81
22490,I1JY82
22491,I1JY85
22492,I1JY86
22493,I1JY87
22494,I1JY92
22495,I1JY93
22496,I1JY95
22497,I1JY96
22498,I1JY97
22499,I1JY99
22500,I1JYA0
22501,I1JYA1
22502,I1JYA5
22503,I1JYA9
22504,I1JYB3
22505,I1JYB4
22506,I1JYB5
22507,I1JYB6
22508,I1JYB9
22509,I1JYC0
22510,I1JYC1
22511,I1JYC8
22512,I1JYC9
22513,I1JYD1
22514,I1JYD4
22515,I1JYD8
22516,I1JYD9
22517,I1JYE3
22518,I1JYE8
22519,I1JYE9
22520,I1JYF0
22521,I1JYF7
22522,I1JYF9
22523,I1JYG0
22524,I1JYG1
22525,I1JYG2
22526,I1JYG3
22527,I1JYG6
22528,I1JYG7
22529,I1JYH0
22530,I1JYH5
22531,I1JYH6
22532,I1JYH7
22533,I1JYH8
22534,I1JYH9
22535,I1JYI1
22536,I1JYI4
22537,I1JYI8
22538,I1JYI9
22539,I1JYJ0
22540,I1JYJ4
22541,I1JYJ5
22542,I1JYJ6
22543,I1JYK1
22544,I1JYK3
22545,I1JYK8
22546,I1JYK9
22547,I1JYL0
22548,I1JYL3
22549,I1JYL5
22550,I1JYL9
22551,I1JYM1
22552,I1JYM2
22553,I1JYM3
22554,I1JYM5
22555,I1JYM6
22556,I1JYM9
22557,I1JYN1
22558,I1JYP0
22559,I1JYP1
22560,I1JYP3
22561,I1JYP9
22562,I1JYQ1
22563,I1JYQ2
22564,I1JYQ6
22565,I1JYQ7
22566,I1JYQ8
22567,I1JYQ9
22568,I1JYR0
22569,I1JYR2
22570,I1JYR4
22571,I1JYR5
22572,I1JYR8
22573,I1JYS1
22574,I1JYS9
22575,I1JYT1
22576,I1JYT2
22577,I1JYT6
22578,I1JYT8
22579,I1JYT9
22580,I1JYU1
22581,I1JYU8
22582,I1JYV1
22583,I1JYV4
22584,I1JYV5
22585,I1JYV7
22586,I1JYV8
22587,I1JYV9
22588,I1JYW0
22589,I1JYW5
22590,I1JYW6
22591,I1JYW8
22592,I1JYX0
22593,I1JYX2
22594,I1JYX3
22595,I1JYX5
22596,I1JYX6
22597,I1JYY1
22598,I1JYY2
22599,I1JYY6
22600,I1JYY9
22601,I1JYZ2
22602,I1JYZ3
22603,I1JYZ7
22604,I1JYZ9
22605,I1JZ01
22606,I1JZ02
22607,I1JZ04
22608,I1JZ06
22609,I1JZ07
22610,I1JZ08
22611,I1JZ10
22612,I1JZ11
22613,I1JZ14
22614,I1JZ16
22615,I1JZ18
22616,I1JZ19
22617,I1JZ20
22618,I1JZ21
22619,I1JZ24
22620,I1JZ31
22621,I1JZ32
22622,I1JZ39
22623,I1JZ41
22624,I1JZ44
22625,I1JZ45
22626,I1JZ49
22627,I1JZ51
22628,I1JZ54
22629,I1JZ61
22630,I1JZ62
22631,I1JZ63
22632,I1JZ64
22633,I1JZ66
22634,I1JZ69
22635,I1JZ72
22636,I1JZ82
22637,I1JZ88
22638,I1JZ89
22639,I1JZ90
22640,I1JZ92
22641,I1JZ93
22642,I1JZ96
22643,I1JZ98
22644,I1JZ99
22645,I1JZA1
22646,I1JZA2
22647,I1JZA5
22648,I1JZB0
22649,I1JZB1
22650,I1JZB2
22651,I1JZB4
22652,I1JZC3
22653,I1JZC9
22654,I1JZD0
22655,I1JZD2
22656,I1JZD3
22657,I1JZD4
22658,I1JZD7
22659,I1JZD9
22660,I1JZE1
22661,I1JZE8
22662,I1JZE9
22663,I1JZG1
22664,I1JZG7
22665,I1JZG9
22666,I1JZH0
22667,I1JZH1
22668,I1JZH4
22669,I1JZH5
22670,I1JZH6
22671,I1JZI1
22672,I1JZI3
22673,I1JZI4
22674,I1JZJ1
22675,I1JZJ6
22676,I1JZJ7
22677,I1JZJ8
22678,I1JZK1
22679,I1JZK2
22680,I1JZK4
22681,I1JZK7
22682,I1JZK8
22683,I1JZL5
22684,I1JZM0
22685,I1JZM1
22686,I1JZM3
22687,I1JZM5
22688,I1JZM8
22689,I1JZM9
22690,I1JZN0
22691,I1JZN7
22692,I1JZN9
22693,I1JZP0
22694,I1JZP1
22695,I1JZP3
22696,I1JZP6
22697,I1JZP7
22698,I1JZQ1
22699,I1JZQ5
22700,I1JZQ6
22701,I1JZR0
22702,I1JZR2
22703,I1JZR6
22704,I1JZR9
22705,I1JZS1
22706,I1JZS2
22707,I1JZS8
22708,I1JZS9
22709,I1JZT2
22710,I1JZT4
22711,I1JZT5
22712,I1JZT6
22713,I1JZT8
22714,I1JZT9
22715,I1JZU0
22716,I1JZU1
22717,I1JZU3
22718,I1JZU4
22719,I1JZU5
22720,I1JZU7
22721,I1JZV0
22722,I1JZV1
22723,I1JZV3
22724,I1JZV8
22725,I1JZW0
22726,I1JZW2
22727,I1JZW3
22728,I1JZW5
22729,I1JZW6
22730,I1JZW7
22731,I1JZW8
22732,I1JZW9
22733,I1JZX0
22734,I1JZX3
22735,I1JZX5
22736,I1JZX7
22737,I1JZX8
22738,I1JZX9
22739,I1JZY3
22740,I1JZZ0
22741,I1JZZ2
22742,I1K006
22743,I1K007
22744,I1K008
22745,I1K011
22746,I1K016
22747,I1K017
22748,I1K020
22749,I1K029
22750,I1K033
22751,I1K034
22752,I1K037
22753,I1K040
22754,I1K042
22755,I1K044
22756,I1K047
22757,I1K052
22758,I1K053
22759,I1K055
22760,I1K057
22761,I1K060
22762,I1K064
22763,I1K065
22764,I1K066
22765,I1K067
22766,I1K068
22767,I1K070
22768,I1K072
22769,I1K073
22770,I1K075
22771,I1K077
22772,I1K081
22773,I1K082
22774,I1K083
22775,I1K087
22776,I1K089
22777,I1K090
22778,I1K096
22779,I1K099
22780,I1K0A3
22781,I1K0A7
22782,I1K0A8
22783,I1K0A9
22784,I1K0B0
22785,I1K0B2
22786,I1K0B3
22787,I1K0B7
22788,I1K0B9
22789,I1K0C0
22790,I1K0C2
22791,I1K0C4
22792,I1K0C8
22793,I1K0D0
22794,I1K0D1
22795,I1K0D2
22796,I1K0D4
22797,I1K0D6
22798,I1K0E1
22799,I1K0E3
22800,I1K0E4
22801,I1K0E5
22802,I1K0E6
22803,I1K0F5
22804,I1K0F7
22805,I1K0F9
22806,I1K0G0
22807,I1K0H0
22808,I1K0H3
22809,I1K0H5
22810,I1K0H6
22811,I1K0H7
22812,I1K0H8
22813,I1K0I0
22814,I1K0I3
22815,I1K0I4
22816,I1K0I6
22817,I1K0I7
22818,I1K0I8
22819,I1K0I9
22820,I1K0J3
22821,I1K0J5
22822,I1K0J8
22823,I1K0K4
22824,I1K0K6
22825,I1K0K7
22826,I1K0K8
22827,I1K0L1
22828,I1K0L3
22829,I1K0L4
22830,I1K0L7
22831,I1K0L9
22832,I1K0M0
22833,I1K0M5
22834,I1K0M8
22835,I1K0N0
22836,I1K0N1
22837,I1K0N8
22838,I1K0N9
22839,I1K0P3
22840,I1K0P5
22841,I1K0P7
22842,I1K0P8
22843,I1K0Q0
22844,I1K0Q2
22845,I1K0Q4
22846,I1K0Q6
22847,I1K0Q7
22848,I1K0R2
22849,I1K0R6
22850,I1K0R9
22851,I1K0S0
22852,I1K0S1
22853,I1K0S4
22854,I1K0S6
22855,I1K0T6
22856,I1K0T7
22857,I1K0U3
22858,I1K0U5
22859,I1K0U6
22860,I1K0V0
22861,I1K0V3
22862,I1K0V6
22863,I1K0V7
22864,I1K0W1
22865,I1K0W3
22866,I1K0W4
22867,I1K0W5
22868,I1K0W7
22869,I1K0W9
22870,I1K0X0
22871,I1K0X3
22872,I1K0X7
22873,I1K0Y4
22874,I1K0Y6
22875,I1K0Y7
22876,I1K0Y9
22877,I1K0Z1
22878,I1K0Z2
22879,I1K0Z4
22880,I1K0Z5
22881,I1K0Z6
22882,I1K0Z7
22883,I1K101
22884,I1K105
22885,I1K108
22886,I1K114
22887,I1K115
22888,I1K116
22889,I1K117
22890,I1K132
22891,I1K134
22892,I1K135
22893,I1K137
22894,I1K138
22895,I1K142
22896,I1K145
22897,I1K146
22898,I1K148
22899,I1K149
22900,I1K157
22901,I1K158
22902,I1K159
22903,I1K160
22904,I1K161
22905,I1K167
22906,I1K168
22907,I1K169
22908,I1K170
22909,I1K173
22910,I1K176
22911,I1K177
22912,I1K178
22913,I1K180
22914,I1K183
22915,I1K184
22916,I1K185
22917,I1K186
22918,I1K188
22919,I1K189
22920,I1K190
22921,I1K192
22922,I1K193
22923,I1K194
22924,I1K195
22925,I1K197
22926,I1K198
22927,I1K1A1
22928,I1K1A4
22929,I1K1B0
22930,I1K1B1
22931,I1K1B6
22932,I1K1B8
22933,I1K1C0
22934,I1K1C4
22935,I1K1C5
22936,I1K1C8
22937,I1K1C9
22938,I1K1D0
22939,I1K1D2
22940,I1K1D3
22941,I1K1D7
22942,I1K1E3
22943,I1K1E4
22944,I1K1E8
22945,I1K1E9
22946,I1K1F1
22947,I1K1F4
22948,I1K1F7
22949,I1K1F8
22950,I1K1F9
22951,I1K1G1
22952,I1K1G2
22953,I1K1G3
22954,I1K1G7
22955,I1K1G8
22956,I1K1H0
22957,I1K1I0
22958,I1K1I2
22959,I1K1I4
22960,I1K1I6
22961,I1K1J6
22962,I1K1J7
22963,I1K1J8
22964,I1K1K0
22965,I1K1K1
22966,I1K1K5
22967,I1K1K6
22968,I1K1L1
22969,I1K1L2
22970,I1K1L7
22971,I1K1L8
22972,I1K1L9
22973,I1K1M3
22974,I1K1M4
22975,I1K1M5
22976,I1K1M6
22977,I1K1M7
22978,I1K1M8
22979,I1K1N6
22980,I1K1N8
22981,I1K1N9
22982,I1K1P1
22983,I1K1P2
22984,I1K1P3
22985,I1K1Q2
22986,I1K1Q3
22987,I1K1Q8
22988,I1K1R0
22989,I1K1R2
22990,I1K1R5
22991,I1K1S1
22992,I1K1S4
22993,I1K1T0
22994,I1K1U1
22995,I1K1U8
22996,I1K1V3
22997,I1K1V6
22998,I1K1W1
22999,I1K1W2
23000,I1K1W3
23001,I1K1W8
23002,I1K1X5
23003,I1K1Y6
23004,I1K1Y8
23005,I1K1Z1
23006,I1K1Z4
23007,I1K1Z5
23008,I1K1Z6
23009,I1K1Z7
23010,I1K1Z8
23011,I1K201
23012,I1K203
23013,I1K206
23014,I1K211
23015,I1K213
23016,I1K215
23017,I1K216
23018,I1K217
23019,I1K220
23020,I1K223
23021,I1K225
23022,I1K237
23023,I1K242
23024,I1K243
23025,I1K246
23026,I1K248
23027,I1K249
23028,I1K265
23029,I1K268
23030,I1K269
23031,I1K271
23032,I1K273
23033,I1K275
23034,I1K281
23035,I1K285
23036,I1K286
23037,I1K293
23038,I1K296
23039,I1K297
23040,I1K298
23041,I1K299
23042,I1K2A0
23043,I1K2A2
23044,I1K2A3
23045,I1K2A6
23046,I1K2B0
23047,I1K2B3
23048,I1K2B4
23049,I1K2B5
23050,I1K2B8
23051,I1K2C2
23052,I1K2C3
23053,I1K2C5
23054,I1K2C7
23055,I1K2D0
23056,I1K2D1
23057,I1K2D2
23058,I1K2D4
23059,I1K2E4
23060,I1K2F1
23061,I1K2F2
23062,I1K2F3
23063,I1K2F7
23064,I1K2G0
23065,I1K2G2
23066,I1K2G4
23067,I1K2H0
23068,I1K2H1
23069,I1K2H3
23070,I1K2H5
23071,I1K2H6
23072,I1K2H7
23073,I1K2I1
23074,I1K2I7
23075,I1K2J1
23076,I1K2J2
23077,I1K2J3
23078,I1K2J5
23079,I1K2K5
23080,I1K2K7
23081,I1K2K9
23082,I1K2L0
23083,I1K2L2
23084,I1K2L3
23085,I1K2L6
23086,I1K2L7
23087,I1K2M5
23088,I1K2M9
23089,I1K2N8
23090,I1K2P0
23091,I1K2P1
23092,I1K2P4
23093,I1K2P7
23094,I1K2P9
23095,I1K2Q0
23096,I1K2Q5
23097,I1K2Q8
23098,I1K2R3
23099,I1K2S0
23100,I1K2S1
23101,I1K2S3
23102,I1K2S4
23103,I1K2S5
23104,I1K2T0
23105,I1K2T1
23106,I1K2T7
23107,I1K2U0
23108,I1K2U6
23109,I1K2U9
23110,I1K2V1
23111,I1K2V2
23112,I1K2V4
23113,I1K2V9
23114,I1K2W4
23115,I1K2W5
23116,I1K2W7
23117,I1K2W8
23118,I1K2W9
23119,I1K2X2
23120,I1K2X3
23121,I1K2X4
23122,I1K2X5
23123,I1K2X6
23124,I1K2X7
23125,I1K2X8
23126,I1K2Y0
23127,I1K2Y1
23128,I1K2Y2
23129,I1K2Y4
23130,I1K2Z5
23131,I1K2Z9
23132,I1K301
23133,I1K304
23134,I1K305
23135,I1K307
23136,I1K313
23137,I1K316
23138,I1K319
23139,I1K320
23140,I1K326
23141,I1K328
23142,I1K333
23143,I1K341
23144,I1K342
23145,I1K345
23146,I1K352
23147,I1K353
23148,I1K354
23149,I1K360
23150,I1K361
23151,I1K367
23152,I1K370
23153,I1K375
23154,I1K377
23155,I1K380
23156,I1K383
23157,I1K384
23158,I1K386
23159,I1K387
23160,I1K388
23161,I1K390
23162,I1K395
23163,I1K398
23164,I1K3A1
23165,I1K3A2
23166,I1K3A4
23167,I1K3A6
23168,I1K3A7
23169,I1K3B1
23170,I1K3B5
23171,I1K3B7
23172,I1K3B8
23173,I1K3C3
23174,I1K3C9
23175,I1K3D1
23176,I1K3D5
23177,I1K3D6
23178,I1K3D7
23179,I1K3D9
23180,I1K3E1
23181,I1K3E4
23182,I1K3E6
23183,I1K3E8
23184,I1K3E9
23185,I1K3F0
23186,I1K3F4
23187,I1K3F6
23188,I1K3F8
23189,I1K3G0
23190,I1K3G1
23191,I1K3G5
23192,I1K3G6
23193,I1K3H2
23194,I1K3H3
23195,I1K3H5
23196,I1K3H9
23197,I1K3I2
23198,I1K3I4
23199,I1K3J0
23200,I1K3J1
23201,I1K3J4
23202,I1K3J5
23203,I1K3J9
23204,I1K3K2
23205,I1K3K3
23206,I1K3K6
23207,I1K3K7
23208,I1K3K8
23209,I1K3L0
23210,I1K3L2
23211,I1K3L4
23212,I1K3L7
23213,I1K3L8
23214,I1K3M1
23215,I1K3M2
23216,I1K3M3
23217,I1K3M6
23218,I1K3M7
23219,I1K3M8
23220,I1K3N0
23221,I1K3N1
23222,I1K3N2
23223,I1K3N4
23224,I1K3P0
23225,I1K3P2
23226,I1K3P3
23227,I1K3P4
23228,I1K3Q0
23229,I1K3Q1
23230,I1K3Q2
23231,I1K3Q4
23232,I1K3Q6
23233,I1K3Q8
23234,I1K3Q9
23235,I1K3R0
23236,I1K3R1
23237,I1K3R3
23238,I1K3R5
23239,I1K3R6
23240,I1K3R8
23241,I1K3S2
23242,I1K3S3
23243,I1K3S4
23244,I1K3S7
23245,I1K3S8
23246,I1K3T0
23247,I1K3T3
23248,I1K3T6
23249,I1K3T7
23250,I1K3T9
23251,I1K3U2
23252,I1K3U4
23253,I1K3U5
23254,I1K3U6
23255,I1K3U7
23256,I1K3U8
23257,I1K3V0
23258,I1K3V5
23259,I1K3W1
23260,I1K3W5
23261,I1K3W7
23262,I1K3W8
23263,I1K3X0
23264,I1K3X1
23265,I1K3X2
23266,I1K3X7
23267,I1K3X9
23268,I1K3Y0
23269,I1K3Y1
23270,I1K3Y2
23271,I1K3Y5
23272,I1K3Z6
23273,I1K3Z8
23274,I1K404
23275,I1K414
23276,I1K415
23277,I1K416
23278,I1K422
23279,I1K423
23280,I1K426
23281,I1K428
23282,I1K429
23283,I1K431
23284,I1K432
23285,I1K434
23286,I1K437
23287,I1K439
23288,I1K441
23289,I1K443
23290,I1K447
23291,I1K448
23292,I1K450
23293,I1K452
23294,I1K457
23295,I1K464
23296,I1K465
23297,I1K466
23298,I1K467
23299,I1K469
23300,I1K472
23301,I1K476
23302,I1K477
23303,I1K478
23304,I1K479
23305,I1K480
23306,I1K481
23307,I1K484
23308,I1K489
23309,I1K492
23310,I1K496
23311,I1K497
23312,I1K498
23313,I1K499
23314,I1K4A3
23315,I1K4A6
23316,I1K4A8
23317,I1K4A9
23318,I1K4B0
23319,I1K4B1
23320,I1K4B2
23321,I1K4B3
23322,I1K4B8
23323,I1K4B9
23324,I1K4C0
23325,I1K4C2
23326,I1K4C3
23327,I1K4C9
23328,I1K4D2
23329,I1K4D7
23330,I1K4D9
23331,I1K4E2
23332,I1K4E8
23333,I1K4E9
23334,I1K4F3
23335,I1K4F7
23336,I1K4F8
23337,I1K4G0
23338,I1K4G2
23339,I1K4G3
23340,I1K4G9
23341,I1K4H1
23342,I1K4H5
23343,I1K4H8
23344,I1K4H9
23345,I1K4I3
23346,I1K4J0
23347,I1K4J2
23348,I1K4J3
23349,I1K4J5
23350,I1K4J7
23351,I1K4J9
23352,I1K4K0
23353,I1K4K1
23354,I1K4K5
23355,I1K4K7
23356,I1K4K8
23357,I1K4L0
23358,I1K4L3
23359,I1K4L7
23360,I1K4L8
23361,I1K4M0
23362,I1K4M2
23363,I1K4M3
23364,I1K4M5
23365,I1K4M6
23366,I1K4M7
23367,I1K4M8
23368,I1K4N1
23369,I1K4N4
23370,I1K4P1
23371,I1K4P2
23372,I1K4P3
23373,I1K4P5
23374,I1K4P6
23375,I1K4P7
23376,I1K4P9
23377,I1K4Q4
23378,I1K4Q5
23379,I1K4R2
23380,I1K4R4
23381,I1K4R6
23382,I1K4R8
23383,I1K4R9
23384,I1K4S0
23385,I1K4S1
23386,I1K4S3
23387,I1K4S4
23388,I1K4S9
23389,I1K4T0
23390,I1K4T1
23391,I1K4T6
23392,I1K4U3
23393,I1K4U6
23394,I1K4U7
23395,I1K4U8
23396,I1K4V1
23397,I1K4V3
23398,I1K4V8
23399,I1K4W1
23400,I1K4W4
23401,I1K4W5
23402,I1K4X0
23403,I1K4X3
23404,I1K4X4
23405,I1K4X5
23406,I1K4X8
23407,I1K4X9
23408,I1K4Y2
23409,I1K4Y3
23410,I1K4Y6
23411,I1K4Y8
23412,I1K4Z1
23413,I1K4Z4
23414,I1K4Z9
23415,I1K501
23416,I1K505
23417,I1K506
23418,I1K507
23419,I1K510
23420,I1K511
23421,I1K512
23422,I1K513
23423,I1K517
23424,I1K518
23425,I1K519
23426,I1K520
23427,I1K521
23428,I1K522
23429,I1K526
23430,I1K528
23431,I1K529
23432,I1K531
23433,I1K533
23434,I1K535
23435,I1K536
23436,I1K538
23437,I1K539
23438,I1K540
23439,I1K541
23440,I1K548
23441,I1K550
23442,I1K551
23443,I1K552
23444,I1K553
23445,I1K554
23446,I1K556
23447,I1K557
23448,I1K559
23449,I1K565
23450,I1K569
23451,I1K570
23452,I1K573
23453,I1K580
23454,I1K581
23455,I1K583
23456,I1K586
23457,I1K588
23458,I1K589
23459,I1K593
23460,I1K5A0
23461,I1K5A7
23462,I1K5B3
23463,I1K5B4
23464,I1K5B6
23465,I1K5B7
23466,I1K5B9
23467,I1K5C0
23468,I1K5C1
23469,I1K5C2
23470,I1K5C3
23471,I1K5C5
23472,I1K5C7
23473,I1K5D0
23474,I1K5D1
23475,I1K5D3
23476,I1K5D4
23477,I1K5D7
23478,I1K5D8
23479,I1K5D9
23480,I1K5E1
23481,I1K5E5
23482,I1K5E6
23483,I1K5E7
23484,I1K5E8
23485,I1K5F3
23486,I1K5F5
23487,I1K5F8
23488,I1K5F9
23489,I1K5G0
23490,I1K5G1
23491,I1K5G5
23492,I1K5G8
23493,I1K5G9
23494,I1K5H2
23495,I1K5H3
23496,I1K5H4
23497,I1K5H9
23498,I1K5I1
23499,I1K5I3
23500,I1K5I4
23501,I1K5I6
23502,I1K5J0
23503,I1K5J4
23504,I1K5J5
23505,I1K5J7
23506,I1K5J8
23507,I1K5K2
23508,I1K5K3
23509,I1K5K4
23510,I1K5K5
23511,I1K5K6
23512,I1K5K7
23513,I1K5K8
23514,I1K5L1
23515,I1K5L2
23516,I1K5L3
23517,I1K5L7
23518,I1K5M0
23519,I1K5M2
23520,I1K5M3
23521,I1K5M4
23522,I1K5M5
23523,I1K5M7
23524,I1K5M8
23525,I1K5M9
23526,I1K5N0
23527,I1K5N1
23528,I1K5N2
23529,I1K5N3
23530,I1K5N5
23531,I1K5P2
23532,I1K5P3
23533,I1K5P7
23534,I1K5Q4
23535,I1K5Q5
23536,I1K5Q6
23537,I1K5R0
23538,I1K5R2
23539,I1K5R4
23540,I1K5R8
23541,I1K5S1
23542,I1K5S7
23543,I1K5S8
23544,I1K5T0
23545,I1K5T1
23546,I1K5T2
23547,I1K5T3
23548,I1K5T7
23549,I1K5U0
23550,I1K5U3
23551,I1K5U5
23552,I1K5U8
23553,I1K5U9
23554,I1K5V1
23555,I1K5V4
23556,I1K5V6
23557,I1K5V8
23558,I1K5W1
23559,I1K5W3
23560,I1K5W4
23561,I1K5W7
23562,I1K5W8
23563,I1K5X0
23564,I1K5X5
23565,I1K5X6
23566,I1K5X7
23567,I1K5Y3
23568,I1K5Y5
23569,I1K5Y6
23570,I1K5Y7
23571,I1K5Y8
23572,I1K5Z1
23573,I1K5Z3
23574,I1K5Z4
23575,I1K5Z7
23576,I1K601
23577,I1K602
23578,I1K603
23579,I1K604
23580,I1K606
23581,I1K609
23582,I1K612
23583,I1K614
23584,I1K615
23585,I1K618
23586,I1K620
23587,I1K622
23588,I1K624
23589,I1K628
23590,I1K629
23591,I1K634
23592,I1K635
23593,I1K638
23594,I1K641
23595,I1K642
23596,I1K645
23597,I1K647
23598,I1K648
23599,I1K650
23600,I1K651
23601,I1K653
23602,I1K654
23603,I1K657
23604,I1K658
23605,I1K660
23606,I1K661
23607,I1K663
23608,I1K665
23609,I1K667
23610,I1K668
23611,I1K669
23612,I1K670
23613,I1K672
23614,I1K673
23615,I1K674
23616,I1K675
23617,I1K677
23618,I1K678
23619,I1K681
23620,I1K682
23621,I1K689
23622,I1K690
23623,I1K692
23624,I1K693
23625,I1K694
23626,I1K695
23627,I1K697
23628,I1K699
23629,I1K6A1
23630,I1K6A2
23631,I1K6A3
23632,I1K6A5
23633,I1K6A7
23634,I1K6A8
23635,I1K6B0
23636,I1K6B1
23637,I1K6B4
23638,I1K6B5
23639,I1K6B6
23640,I1K6B7
23641,I1K6B8
23642,I1K6C0
23643,I1K6C1
23644,I1K6C3
23645,I1K6C6
23646,I1K6C7
23647,I1K6D1
23648,I1K6D2
23649,I1K6D3
23650,I1K6D5
23651,I1K6D8
23652,I1K6D9
23653,I1K6E1
23654,I1K6E5
23655,I1K6E6
23656,I1K6E7
23657,I1K6E9
23658,I1K6F0
23659,I1K6F3
23660,I1K6F5
23661,I1K6G0
23662,I1K6G2
23663,I1K6G3
23664,I1K6H0
23665,I1K6H3
23666,I1K6H4
23667,I1K6H5
23668,I1K6H6
23669,I1K6H8
23670,I1K6H9
23671,I1K6I5
23672,I1K6I8
23673,I1K6J0
23674,I1K6J1
23675,I1K6J5
23676,I1K6J6
23677,I1K6J9
23678,I1K6K2
23679,I1K6K5
23680,I1K6K6
23681,I1K6K8
23682,I1K6L0
23683,I1K6L2
23684,I1K6L5
23685,I1K6L7
23686,I1K6M1
23687,I1K6M2
23688,I1K6M9
23689,I1K6N1
23690,I1K6N2
23691,I1K6N7
23692,I1K6N8
23693,I1K6P4
23694,I1K6P8
23695,I1K6Q2
23696,I1K6Q3
23697,I1K6Q7
23698,I1K6Q9
23699,I1K6R0
23700,I1K6R2
23701,I1K6R5
23702,I1K6R8
23703,I1K6S1
23704,I1K6S6
23705,I1K6T1
23706,I1K6T3
23707,I1K6T4
23708,I1K6T6
23709,I1K6U5
23710,I1K6U7
23711,I1K6V1
23712,I1K6V7
23713,I1K6W0
23714,I1K6W1
23715,I1K6W3
23716,I1K6W6
23717,I1K6W8
23718,I1K6W9
23719,I1K6X1
23720,I1K6X2
23721,I1K6X4
23722,I1K6X6
23723,I1K6Y3
23724,I1K6Y6
23725,I1K6Y9
23726,I1K6Z1
23727,I1K6Z2
23728,I1K6Z5
23729,I1K6Z8
23730,I1K6Z9
23731,I1K700
23732,I1K701
23733,I1K702
23734,I1K703
23735,I1K708
23736,I1K711
23737,I1K714
23738,I1K715
23739,I1K717
23740,I1K720
23741,I1K723
23742,I1K725
23743,I1K728
23744,I1K730
23745,I1K731
23746,I1K734
23747,I1K738
23748,I1K743
23749,I1K745
23750,I1K751
23751,I1K754
23752,I1K756
23753,I1K759
23754,I1K760
23755,I1K762
23756,I1K763
23757,I1K764
23758,I1K766
23759,I1K767
23760,I1K769
23761,I1K772
23762,I1K773
23763,I1K774
23764,I1K775
23765,I1K777
23766,I1K778
23767,I1K779
23768,I1K784
23769,I1K785
23770,I1K789
23771,I1K790
23772,I1K791
23773,I1K793
23774,I1K795
23775,I1K796
23776,I1K798
23777,I1K799
23778,I1K7A1
23779,I1K7A3
23780,I1K7A4
23781,I1K7A5
23782,I1K7A7
23783,I1K7B0
23784,I1K7B1
23785,I1K7B2
23786,I1K7B5
23787,I1K7B6
23788,I1K7B7
23789,I1K7B8
23790,I1K7C3
23791,I1K7C5
23792,I1K7C7
23793,I1K7C8
23794,I1K7D8
23795,I1K7D9
23796,I1K7E0
23797,I1K7E2
23798,I1K7E3
23799,I1K7E5
23800,I1K7E6
23801,I1K7E7
23802,I1K7F0
23803,I1K7F1
23804,I1K7F3
23805,I1K7F4
23806,I1K7F5
23807,I1K7F8
23808,I1K7G0
23809,I1K7G3
23810,I1K7G6
23811,I1K7G8
23812,I1K7G9
23813,I1K7H0
23814,I1K7H3
23815,I1K7H4
23816,I1K7H5
23817,I1K7H8
23818,I1K7I4
23819,I1K7I5
23820,I1K7J1
23821,I1K7J3
23822,I1K7J4
23823,I1K7J5
23824,I1K7J6
23825,I1K7J7
23826,I1K7K3
23827,I1K7K4
23828,I1K7K7
23829,I1K7K8
23830,I1K7K9
23831,I1K7L1
23832,I1K7L4
23833,I1K7L5
23834,I1K7L6
23835,I1K7L7
23836,I1K7M1
23837,I1K7M4
23838,I1K7M5
23839,I1K7M7
23840,I1K7M8
23841,I1K7N0
23842,I1K7N3
23843,I1K7N5
23844,I1K7N6
23845,I1K7N9
23846,I1K7P2
23847,I1K7P3
23848,I1K7P4
23849,I1K7P6
23850,I1K7P7
23851,I1K7Q0
23852,I1K7Q1
23853,I1K7Q4
23854,I1K7Q5
23855,I1K7Q8
23856,I1K7R0
23857,I1K7R3
23858,I1K7R5
23859,I1K7R8
23860,I1K7S0
23861,I1K7S1
23862,I1K7S2
23863,I1K7S6
23864,I1K7S8
23865,I1K7S9
23866,I1K7T4
23867,I1K7T6
23868,I1K7T9
23869,I1K7U0
23870,I1K7U1
23871,I1K7U3
23872,I1K7U4
23873,I1K7U5
23874,I1K7U8
23875,I1K7V1
23876,I1K7V4
23877,I1K7V5
23878,I1K7V6
23879,I1K7V7
23880,I1K7W4
23881,I1K7W5
23882,I1K7W6
23883,I1K7W7
23884,I1K7W8
23885,I1K7W9
23886,I1K7X1
23887,I1K7X2
23888,I1K7X3
23889,I1K7X6
23890,I1K7Y0
23891,I1K7Y1
23892,I1K7Y3
23893,I1K7Y8
23894,I1K7Y9
23895,I1K7Z2
23896,I1K7Z3
23897,I1K7Z5
23898,I1K7Z6
23899,I1K7Z7
23900,I1K7Z9
23901,I1K802
23902,I1K810
23903,I1K811
23904,I1K813
23905,I1K817
23906,I1K818
23907,I1K821
23908,I1K822
23909,I1K824
23910,I1K828
23911,I1K830
23912,I1K831
23913,I1K832
23914,I1K835
23915,I1K839
23916,I1K843
23917,I1K847
23918,I1K849
23919,I1K850
23920,I1K853
23921,I1K855
23922,I1K858
23923,I1K860
23924,I1K861
23925,I1K863
23926,I1K866
23927,I1K868
23928,I1K873
23929,I1K884
23930,I1K885
23931,I1K886
23932,I1K887
23933,I1K888
23934,I1K889
23935,I1K892
23936,I1K893
23937,I1K896
23938,I1K897
23939,I1K898
23940,I1K8A1
23941,I1K8B0
23942,I1K8B1
23943,I1K8B5
23944,I1K8B7
23945,I1K8B8
23946,I1K8B9
23947,I1K8C0
23948,I1K8C1
23949,I1K8C4
23950,I1K8C9
23951,I1K8D2
23952,I1K8D3
23953,I1K8D4
23954,I1K8D6
23955,I1K8D7
23956,I1K8D8
23957,I1K8D9
23958,I1K8E3
23959,I1K8E5
23960,I1K8E6
23961,I1K8E7
23962,I1K8E9
23963,I1K8F1
23964,I1K8F2
23965,I1K8F4
23966,I1K8F5
23967,I1K8F8
23968,I1K8F9
23969,I1K8G1
23970,I1K8G2
23971,I1K8G3
23972,I1K8G5
23973,I1K8G7
23974,I1K8H4
23975,I1K8H7
23976,I1K8H8
23977,I1K8H9
23978,I1K8I2
23979,I1K8I4
23980,I1K8I6
23981,I1K8I7
23982,I1K8I9
23983,I1K8J0
23984,I1K8J2
23985,I1K8K7
23986,I1K8K9
23987,I1K8L0
23988,I1K8L2
23989,I1K8L5
23990,I1K8L9
23991,I1K8M1
23992,I1K8M2
23993,I1K8M3
23994,I1K8M4
23995,I1K8N0
23996,I1K8N3
23997,I1K8P0
23998,I1K8P2
23999,I1K8P4
24000,I1K8P5
24001,I1K8P7
24002,I1K8P8
24003,I1K8Q1
24004,I1K8Q2
24005,I1K8Q4
24006,I1K8Q6
24007,I1K8Q7
24008,I1K8R0
24009,I1K8R1
24010,I1K8R3
24011,I1K8R4
24012,I1K8R7
24013,I1K8S0
24014,I1K8S3
24015,I1K8S4
24016,I1K8S5
24017,I1K8T2
24018,I1K8T4
24019,I1K8U1
24020,I1K8U2
24021,I1K8U4
24022,I1K8U7
24023,I1K8U8
24024,I1K8V0
24025,I1K8V3
24026,I1K8V5
24027,I1K8V8
24028,I1K8W1
24029,I1K8W3
24030,I1K8W4
24031,I1K8W7
24032,I1K8W8
24033,I1K8X2
24034,I1K8X7
24035,I1K8X9
24036,I1K8Y0
24037,I1K8Y1
24038,I1K8Y2
24039,I1K8Y4
24040,I1K8Y6
24041,I1K8Y7
24042,I1K8Y8
24043,I1K8Z0
24044,I1K8Z1
24045,I1K8Z3
24046,I1K8Z6
24047,I1K8Z7
24048,I1K903
24049,I1K905
24050,I1K906
24051,I1K907
24052,I1K908
24053,I1K910
24054,I1K911
24055,I1K912
24056,I1K913
24057,I1K915
24058,I1K917
24059,I1K925
24060,I1K927
24061,I1K929
24062,I1K931
24063,I1K935
24064,I1K937
24065,I1K938
24066,I1K940
24067,I1K941
24068,I1K946
24069,I1K947
24070,I1K949
24071,I1K951
24072,I1K952
24073,I1K956
24074,I1K961
24075,I1K962
24076,I1K963
24077,I1K964
24078,I1K967
24079,I1K968
24080,I1K969
24081,I1K970
24082,I1K973
24083,I1K974
24084,I1K975
24085,I1K978
24086,I1K981
24087,I1K982
24088,I1K988
24089,I1K992
24090,I1K993
24091,I1K994
24092,I1K995
24093,I1K997
24094,I1K9A0
24095,I1K9A1
24096,I1K9A2
24097,I1K9A3
24098,I1K9A6
24099,I1K9B3
24100,I1K9B7
24101,I1K9B8
24102,I1K9B9
24103,I1K9C2
24104,I1K9C4
24105,I1K9C5
24106,I1K9D1
24107,I1K9D8
24108,I1K9E0
24109,I1K9E3
24110,I1K9E4
24111,I1K9E7
24112,I1K9E8
24113,I1K9F2
24114,I1K9F3
24115,I1K9F6
24116,I1K9F8
24117,I1K9F9
24118,I1K9G1
24119,I1K9G7
24120,I1K9H2
24121,I1K9H3
24122,I1K9I0
24123,I1K9I3
24124,I1K9I6
24125,I1K9I7
24126,I1K9I9
24127,I1K9J0
24128,I1K9J3
24129,I1K9J7
24130,I1K9J8
24131,I1K9J9
24132,I1K9K2
24133,I1K9K7
24134,I1K9K8
24135,I1K9K9
24136,I1K9L1
24137,I1K9L2
24138,I1K9L3
24139,I1K9L5
24140,I1K9L6
24141,I1K9M3
24142,I1K9M7
24143,I1K9N2
24144,I1K9N4
24145,I1K9N5
24146,I1K9N9
24147,I1K9P1
24148,I1K9P4
24149,I1K9P5
24150,I1K9P6
24151,I1K9Q1
24152,I1K9Q2
24153,I1K9Q3
24154,I1K9Q4
24155,I1K9Q8
24156,I1K9Q9
24157,I1K9R1
24158,I1K9R3
24159,I1K9R4
24160,I1K9R6
24161,I1K9R7
24162,I1K9R8
24163,I1K9S0
24164,I1K9S1
24165,I1K9S5
24166,I1K9S6
24167,I1K9S7
24168,I1K9T1
24169,I1K9T5
24170,I1K9T7
24171,I1K9U2
24172,I1K9U4
24173,I1K9U6
24174,I1K9V2
24175,I1K9V4
24176,I1K9V6
24177,I1K9V7
24178,I1K9W2
24179,I1K9W3
24180,I1K9W5
24181,I1K9W7
24182,I1K9W8
24183,I1K9W9
24184,I1K9X5
24185,I1K9X7
24186,I1K9Y8
24187,I1K9Z0
24188,I1K9Z1
24189,I1K9Z2
24190,I1K9Z3
24191,I1KA04
24192,I1KA08
24193,I1KA10
24194,I1KA12
24195,I1KA13
24196,I1KA17
24197,I1KA18
24198,I1KA20
24199,I1KA21
24200,I1KA23
24201,I1KA24
24202,I1KA28
24203,I1KA29
24204,I1KA32
24205,I1KA34
24206,I1KA36
24207,I1KA37
24208,I1KA40
24209,I1KA45
24210,I1KA48
24211,I1KA51
24212,I1KA54
24213,I1KA55
24214,I1KA61
24215,I1KA62
24216,I1KA67
24217,I1KA68
24218,I1KA71
24219,I1KA75
24220,I1KA76
24221,I1KA77
24222,I1KA82
24223,I1KA85
24224,I1KA86
24225,I1KA88
24226,I1KA89
24227,I1KA91
24228,I1KA92
24229,I1KA95
24230,I1KA97
24231,I1KA98
24232,I1KAA0
24233,I1KAA1
24234,I1KAA3
24235,I1KAA6
24236,I1KAA7
24237,I1KAA8
24238,I1KAB0
24239,I1KAB1
24240,I1KAB5
24241,I1KAB7
24242,I1KAC0
24243,I1KAC1
24244,I1KAC2
24245,I1KAC4
24246,I1KAC6
24247,I1KAC9
24248,I1KAD0
24249,I1KAD1
24250,I1KAD3
24251,I1KAD4
24252,I1KAD6
24253,I1KAD9
24254,I1KAE3
24255,I1KAE5
24256,I1KAF0
24257,I1KAF1
24258,I1KAF2
24259,I1KAF3
24260,I1KAG0
24261,I1KAG3
24262,I1KAG4
24263,I1KAG5
24264,I1KAG7
24265,I1KAG8
24266,I1KAH0
24267,I1KAH2
24268,I1KAH6
24269,I1KAH8
24270,I1KAH9
24271,I1KAI6
24272,I1KAI7
24273,I1KAJ2
24274,I1KAJ9
24275,I1KAK1
24276,I1KAK2
24277,I1KAK6
24278,I1KAL1
24279,I1KAL3
24280,I1KAL4
24281,I1KAL8
24282,I1KAM0
24283,I1KAM1
24284,I1KAM5
24285,I1KAM7
24286,I1KAM9
24287,I1KAN0
24288,I1KAN3
24289,I1KAN5
24290,I1KAN9
24291,I1KAP3
24292,I1KAP5
24293,I1KAP8
24294,I1KAP9
24295,I1KAQ0
24296,I1KAQ3
24297,I1KAQ6
24298,I1KAQ7
24299,I1KAQ8
24300,I1KAR1
24301,I1KAR3
24302,I1KAR4
24303,I1KAR6
24304,I1KAR7
24305,I1KAS1
24306,I1KAS2
24307,I1KAS3
24308,I1KAS7
24309,I1KAS8
24310,I1KAS9
24311,I1KAT1
24312,I1KAT2
24313,I1KAT3
24314,I1KAT4
24315,I1KAT6
24316,I1KAU5
24317,I1KAU7
24318,I1KAV1
24319,I1KAV2
24320,I1KAV5
24321,I1KAV6
24322,I1KAV8
24323,I1KAV9
24324,I1KAW1
24325,I1KAW5
24326,I1KAW6
24327,I1KAW7
24328,I1KAW9
24329,I1KAX1
24330,I1KAX2
24331,I1KAX5
24332,I1KAX7
24333,I1KAY2
24334,I1KAY3
24335,I1KAY6
24336,I1KAY9
24337,I1KAZ0
24338,I1KAZ4
24339,I1KAZ5
24340,I1KAZ6
24341,I1KAZ8
24342,I1KAZ9
24343,I1KB00
24344,I1KB01
24345,I1KB03
24346,I1KB06
24347,I1KB09
24348,I1KB10
24349,I1KB11
24350,I1KB12
24351,I1KB13
24352,I1KB15
24353,I1KB18
24354,I1KB19
24355,I1KB20
24356,I1KB21
24357,I1KB23
24358,I1KB25
24359,I1KB26
24360,I1KB28
24361,I1KB37
24362,I1KB42
24363,I1KB44
24364,I1KB48
24365,I1KB49
24366,I1KB51
24367,I1KB52
24368,I1KB54
24369,I1KB56
24370,I1KB57
24371,I1KB59
24372,I1KB60
24373,I1KB66
24374,I1KB67
24375,I1KB69
24376,I1KB70
24377,I1KB73
24378,I1KB74
24379,I1KB76
24380,I1KB84
24381,I1KB85
24382,I1KB88
24383,I1KB90
24384,I1KB91
24385,I1KB92
24386,I1KB95
24387,I1KBA0
24388,I1KBA1
24389,I1KBA3
24390,I1KBA5
24391,I1KBA6
24392,I1KBA7
24393,I1KBB0
24394,I1KBB2
24395,I1KBB3
24396,I1KBB6
24397,I1KBB7
24398,I1KBB9
24399,I1KBC1
24400,I1KBC3
24401,I1KBC5
24402,I1KBC6
24403,I1KBC8
24404,I1KBD0
24405,I1KBD1
24406,I1KBD5
24407,I1KBD6
24408,I1KBD9
24409,I1KBE0
24410,I1KBE2
24411,I1KBE3
24412,I1KBE7
24413,I1KBF6
24414,I1KBF7
24415,I1KBG2
24416,I1KBG6
24417,I1KBH2
24418,I1KBH3
24419,I1KBH4
24420,I1KBH5
24421,I1KBH7
24422,I1KBI1
24423,I1KBI6
24424,I1KBI7
24425,I1KBI8
24426,I1KBI9
24427,I1KBJ1
24428,I1KBJ2
24429,I1KBJ4
24430,I1KBJ5
24431,I1KBJ6
24432,I1KBJ7
24433,I1KBJ8
24434,I1KBJ9
24435,I1KBK0
24436,I1KBK1
24437,I1KBK3
24438,I1KBK4
24439,I1KBK6
24440,I1KBK7
24441,I1KBK8
24442,I1KBL0
24443,I1KBL4
24444,I1KBL7
24445,I1KBM3
24446,I1KBM5
24447,I1KBM6
24448,I1KBM7
24449,I1KBM8
24450,I1KBN0
24451,I1KBN1
24452,I1KBN2
24453,I1KBN3
24454,I1KBN7
24455,I1KBN9
24456,I1KBP3
24457,I1KBP5
24458,I1KBP7
24459,I1KBP8
24460,I1KBQ1
24461,I1KBQ2
24462,I1KBQ5
24463,I1KBQ6
24464,I1KBR3
24465,I1KBR4
24466,I1KBR6
24467,I1KBR9
24468,I1KBS0
24469,I1KBS1
24470,I1KBS3
24471,I1KBS4
24472,I1KBS6
24473,I1KBS7
24474,I1KBT0
24475,I1KBT2
24476,I1KBT7
24477,I1KBT8
24478,I1KBT9
24479,I1KBU0
24480,I1KBU6
24481,I1KBU7
24482,I1KBV2
24483,I1KBV7
24484,I1KBV9
24485,I1KBW3
24486,I1KBW4
24487,I1KBW8
24488,I1KBX0
24489,I1KBX4
24490,I1KBX5
24491,I1KBY0
24492,I1KBY3
24493,I1KBY4
24494,I1KBY5
24495,I1KBY8
24496,I1KBY9
24497,I1KBZ2
24498,I1KBZ9
24499,I1KC00
24500,I1KC01
24501,I1KC02
24502,I1KC06
24503,I1KC07
24504,I1KC09
24505,I1KC11
24506,I1KC16
24507,I1KC18
24508,I1KC19
24509,I1KC20
24510,I1KC22
24511,I1KC24
24512,I1KC25
24513,I1KC26
24514,I1KC32
24515,I1KC33
24516,I1KC34
24517,I1KC35
24518,I1KC37
24519,I1KC40
24520,I1KC47
24521,I1KC49
24522,I1KC50
24523,I1KC54
24524,I1KC56
24525,I1KC60
24526,I1KC61
24527,I1KC70
24528,I1KC72
24529,I1KC74
24530,I1KC77
24531,I1KC81
24532,I1KC82
24533,I1KC83
24534,I1KC85
24535,I1KC87
24536,I1KC88
24537,I1KC89
24538,I1KC90
24539,I1KC97
24540,I1KC98
24541,I1KC99
24542,I1KCA0
24543,I1KCA1
24544,I1KCA3
24545,I1KCA6
24546,I1KCA7
24547,I1KCA8
24548,I1KCA9
24549,I1KCB2
24550,I1KCB3
24551,I1KCB4
24552,I1KCB5
24553,I1KCB7
24554,I1KCB9
24555,I1KCC0
24556,I1KCC2
24557,I1KCC4
24558,I1KCC5
24559,I1KCC8
24560,I1KCD0
24561,I1KCD2
24562,I1KCD5
24563,I1KCD7
24564,I1KCE0
24565,I1KCE9
24566,I1KCF1
24567,I1KCF6
24568,I1KCF8
24569,I1KCG1
24570,I1KCG2
24571,I1KCG4
24572,I1KCG8
24573,I1KCH2
24574,I1KCH4
24575,I1KCH6
24576,I1KCH7
24577,I1KCH8
24578,I1KCH9
24579,I1KCI0
24580,I1KCI1
24581,I1KCI2
24582,I1KCI3
24583,I1KCI8
24584,I1KCI9
24585,I1KCJ1
24586,I1KCJ5
24587,I1KCJ8
24588,I1KCK1
24589,I1KCK9
24590,I1KCL1
24591,I1KCL2
24592,I1KCL5
24593,I1KCL6
24594,I1KCL7
24595,I1KCM0
24596,I1KCM4
24597,I1KCM5
24598,I1KCM6
24599,I1KCM8
24600,I1KCN0
24601,I1KCN1
24602,I1KCN2
24603,I1KCN4
24604,I1KCN7
24605,I1KCN8
24606,I1KCN9
24607,I1KCP0
24608,I1KCP1
24609,I1KCP4
24610,I1KCP6
24611,I1KCP9
24612,I1KCQ0
24613,I1KCQ1
24614,I1KCQ5
24615,I1KCQ8
24616,I1KCR0
24617,I1KCR2
24618,I1KCR4
24619,I1KCR5
24620,I1KCR7
24621,I1KCR8
24622,I1KCS1
24623,I1KCS3
24624,I1KCS5
24625,I1KCS6
24626,I1KCT2
24627,I1KCT4
24628,I1KCT7
24629,I1KCT9
24630,I1KCU0
24631,I1KCU1
24632,I1KCU2
24633,I1KCU4
24634,I1KCU5
24635,I1KCU7
24636,I1KCV1
24637,I1KCV2
24638,I1KCV3
24639,I1KCV4
24640,I1KCV7
24641,I1KCX1
24642,I1KCY1
24643,I1KCY5
24644,I1KCY8
24645,I1KCZ0
24646,I1KCZ8
24647,I1KD00
24648,I1KD07
24649,I1KD09
24650,I1KD19
24651,I1KD23
24652,I1KD29
24653,I1KD31
24654,I1KD34
24655,I1KD37
24656,I1KD40
24657,I1KD45
24658,I1KD46
24659,I1KD47
24660,I1KD49
24661,I1KD50
24662,I1KD54
24663,I1KD57
24664,I1KD58
24665,I1KD65
24666,I1KD66
24667,I1KD67
24668,I1KD70
24669,I1KD73
24670,I1KD75
24671,I1KD80
24672,I1KD81
24673,I1KD82
24674,I1KD85
24675,I1KD87
24676,I1KD93
24677,I1KD94
24678,I1KD99
24679,I1KDA1
24680,I1KDA4
24681,I1KDA6
24682,I1KDB0
24683,I1KDB1
24684,I1KDB2
24685,I1KDB5
24686,I1KDB7
24687,I1KDC0
24688,I1KDC1
24689,I1KDC3
24690,I1KDD0
24691,I1KDD1
24692,I1KDD2
24693,I1KDD3
24694,I1KDD8
24695,I1KDE1
24696,I1KDE2
24697,I1KDE4
24698,I1KDE5
24699,I1KDE7
24700,I1KDF1
24701,I1KDF9
24702,I1KDG1
24703,I1KDG3
24704,I1KDG4
24705,I1KDG5
24706,I1KDG6
24707,I1KDG7
24708,I1KDI6
24709,I1KDI8
24710,I1KDI9
24711,I1KDJ6
24712,I1KDJ8
24713,I1KDK2
24714,I1KDK4
24715,I1KDK5
24716,I1KDK6
24717,I1KDK7
24718,I1KDL0
24719,I1KDL4
24720,I1KDL9
24721,I1KDM0
24722,I1KDM6
24723,I1KDM8
24724,I1KDN1
24725,I1KDN7
24726,I1KDN8
24727,I1KDP2
24728,I1KDP6
24729,I1KDP7
24730,I1KDP8
24731,I1KDP9
24732,I1KDQ1
24733,I1KDQ2
24734,I1KDQ7
24735,I1KDQ9
24736,I1KDR0
24737,I1KDR4
24738,I1KDR5
24739,I1KDS8
24740,I1KDT0
24741,I1KDT1
24742,I1KDT2
24743,I1KDT3
24744,I1KDT7
24745,I1KDT9
24746,I1KDU0
24747,I1KDU2
24748,I1KDU3
24749,I1KDU4
24750,I1KDU5
24751,I1KDU9
24752,I1KDV2
24753,I1KDV5
24754,I1KDV9
24755,I1KDW3
24756,I1KDW4
24757,I1KDW8
24758,I1KDX0
24759,I1KDX6
24760,I1KDX9
24761,I1KDY2
24762,I1KDY6
24763,I1KDZ0
24764,I1KDZ1
24765,I1KDZ9
24766,I1KE00
24767,I1KE01
24768,I1KE04
24769,I1KE05
24770,I1KE06
24771,I1KE09
24772,I1KE11
24773,I1KE12
24774,I1KE13
24775,I1KE14
24776,I1KE21
24777,I1KE44
24778,I1KE50
24779,I1KE52
24780,I1KE56
24781,I1KE57
24782,I1KE60
24783,I1KE62
24784,I1KE67
24785,I1KE68
24786,I1KE70
24787,I1KE73
24788,I1KE75
24789,I1KE79
24790,I1KE88
24791,I1KE90
24792,I1KE91
24793,I1KE92
24794,I1KE93
24795,I1KE94
24796,I1KE98
24797,I1KE99
24798,I1KEA0
24799,I1KEA1
24800,I1KEA6
24801,I1KEA9
24802,I1KEB0
24803,I1KEB1
24804,I1KEB4
24805,I1KEB9
24806,I1KEC5
24807,I1KEC6
24808,I1KEC7
24809,I1KEC8
24810,I1KEC9
24811,I1KED0
24812,I1KED1
24813,I1KEE1
24814,I1KEE7
24815,I1KEE9
24816,I1KEF0
24817,I1KEF1
24818,I1KEG1
24819,I1KEG7
24820,I1KEG8
24821,I1KEH1
24822,I1KEH2
24823,I1KEH3
24824,I1KEH4
24825,I1KEH5
24826,I1KEH9
24827,I1KEI2
24828,I1KEI3
24829,I1KEI4
24830,I1KEI5
24831,I1KEI7
24832,I1KEJ1
24833,I1KEJ9
24834,I1KEK2
24835,I1KEK3
24836,I1KEK6
24837,I1KEL0
24838,I1KEL3
24839,I1KEL4
24840,I1KEL5
24841,I1KEL6
24842,I1KEL7
24843,I1KEL8
24844,I1KEM1
24845,I1KEM7
24846,I1KEM8
24847,I1KEM9
24848,I1KEN3
24849,I1KEN4
24850,I1KEN5
24851,I1KEN6
24852,I1KEN8
24853,I1KEP3
24854,I1KEQ0
24855,I1KEQ2
24856,I1KEQ6
24857,I1KEQ7
24858,I1KEQ9
24859,I1KER0
24860,I1KES2
24861,I1KES3
24862,I1KES7
24863,I1KET3
24864,I1KET7
24865,I1KEU3
24866,I1KEU6
24867,I1KEV1
24868,I1KEV3
24869,I1KEV4
24870,I1KEV5
24871,I1KEV6
24872,I1KEW0
24873,I1KEW1
24874,I1KEW2
24875,I1KEW9
24876,I1KEX1
24877,I1KEX4
24878,I1KEX7
24879,I1KEX8
24880,I1KEY1
24881,I1KEY3
24882,I1KEY5
24883,I1KEY6
24884,I1KEZ0
24885,I1KEZ4
24886,I1KEZ6
24887,I1KEZ7
24888,I1KF05
24889,I1KF12
24890,I1KF16
24891,I1KF17
24892,I1KF18
24893,I1KF21
24894,I1KF23
24895,I1KF24
24896,I1KF26
24897,I1KF31
24898,I1KF33
24899,I1KF36
24900,I1KF41
24901,I1KF43
24902,I1KF44
24903,I1KF47
24904,I1KF52
24905,I1KF55
24906,I1KF57
24907,I1KF61
24908,I1KF62
24909,I1KF64
24910,I1KF65
24911,I1KF67
24912,I1KF70
24913,I1KF73
24914,I1KF74
24915,I1KF75
24916,I1KF77
24917,I1KF79
24918,I1KF81
24919,I1KF82
24920,I1KF87
24921,I1KF88
24922,I1KF89
24923,I1KF90
24924,I1KF92
24925,I1KF96
24926,I1KF97
24927,I1KF99
24928,I1KFA2
24929,I1KFA4
24930,I1KFB0
24931,I1KFB5
24932,I1KFB6
24933,I1KFB7
24934,I1KFB9
24935,I1KFC0
24936,I1KFC1
24937,I1KFC3
24938,I1KFC5
24939,I1KFC6
24940,I1KFC7
24941,I1KFC9
24942,I1KFD0
24943,I1KFD2
24944,I1KFD3
24945,I1KFD4
24946,I1KFD7
24947,I1KFD8
24948,I1KFE7
24949,I1KFE8
24950,I1KFE9
24951,I1KFF8
24952,I1KFG0
24953,I1KFG1
24954,I1KFG2
24955,I1KFG3
24956,I1KFG5
24957,I1KFG9
24958,I1KFH0
24959,I1KFH2
24960,I1KFH6
24961,I1KFH9
24962,I1KFI5
24963,I1KFJ1
24964,I1KFJ2
24965,I1KFJ4
24966,I1KFJ5
24967,I1KFJ6
24968,I1KFK0
24969,I1KFK2
24970,I1KFK3
24971,I1KFK5
24972,I1KFL2
24973,I1KFL5
24974,I1KFL7
24975,I1KFL9
24976,I1KFM4
24977,I1KFM6
24978,I1KFM7
24979,I1KFM9
24980,I1KFN0
24981,I1KFN6
24982,I1KFP3
24983,I1KFP7
24984,I1KFP9
24985,I1KFQ1
24986,I1KFQ2
24987,I1KFQ4
24988,I1KFQ5
24989,I1KFR0
24990,I1KFR3
24991,I1KFR4
24992,I1KFR6
24993,I1KFR9
24994,I1KFS3
24995,I1KFS4
24996,I1KFS6
24997,I1KFS7
24998,I1KFT5
24999,I1KFT9
25000,I1KFU0
25001,I1KFU1
25002,I1KFU2
25003,I1KFU7
25004,I1KFU8
25005,I1KFV0
25006,I1KFV4
25007,I1KFV5
25008,I1KFV6
25009,I1KFV7
25010,I1KFV9
25011,I1KFW3
25012,I1KFW9
25013,I1KFX1
25014,I1KFX4
25015,I1KFX5
25016,I1KFX9
25017,I1KFY0
25018,I1KFY5
25019,I1KFY7
25020,I1KFZ1
25021,I1KFZ3
25022,I1KFZ4
25023,I1KFZ5
25024,I1KFZ6
25025,I1KFZ9
25026,I1KG00
25027,I1KG02
25028,I1KG08
25029,I1KG13
25030,I1KG14
25031,I1KG15
25032,I1KG16
25033,I1KG17
25034,I1KG19
25035,I1KG21
25036,I1KG22
25037,I1KG23
25038,I1KG24
25039,I1KG31
25040,I1KG32
25041,I1KG34
25042,I1KG35
25043,I1KG37
25044,I1KG40
25045,I1KG41
25046,I1KG42
25047,I1KG46
25048,I1KG47
25049,I1KG51
25050,I1KG54
25051,I1KG56
25052,I1KG57
25053,I1KG63
25054,I1KG64
25055,I1KG67
25056,I1KG69
25057,I1KG70
25058,I1KG71
25059,I1KG74
25060,I1KG75
25061,I1KG78
25062,I1KG82
25063,I1KG92
25064,I1KG93
25065,I1KG94
25066,I1KG99
25067,I1KGA6
25068,I1KGB0
25069,I1KGB3
25070,I1KGB5
25071,I1KGB8
25072,I1KGB9
25073,I1KGC2
25074,I1KGC3
25075,I1KGC4
25076,I1KGC5
25077,I1KGD3
25078,I1KGD8
25079,I1KGD9
25080,I1KGE2
25081,I1KGE5
25082,I1KGE6
25083,I1KGF6
25084,I1KGF8
25085,I1KGF9
25086,I1KGG0
25087,I1KGG3
25088,I1KGG7
25089,I1KGH3
25090,I1KGH5
25091,I1KGH6
25092,I1KGH7
25093,I1KGH8
25094,I1KGI1
25095,I1KGI2
25096,I1KGI6
25097,I1KGI8
25098,I1KGJ0
25099,I1KGJ1
25100,I1KGJ4
25101,I1KGJ5
25102,I1KGJ7
25103,I1KGJ8
25104,I1KGJ9
25105,I1KGK2
25106,I1KGK4
25107,I1KGK7
25108,I1KGK8
25109,I1KGL0
25110,I1KGL3
25111,I1KGL7
25112,I1KGM0
25113,I1KGM2
25114,I1KGM3
25115,I1KGM5
25116,I1KGM8
25117,I1KGM9
25118,I1KGN0
25119,I1KGN5
25120,I1KGN6
25121,I1KGN8
25122,I1KGN9
25123,I1KGP0
25124,I1KGP3
25125,I1KGP5
25126,I1KGP6
25127,I1KGP7
25128,I1KGP8
25129,I1KGQ0
25130,I1KGQ1
25131,I1KGQ4
25132,I1KGQ5
25133,I1KGQ7
25134,I1KGR1
25135,I1KGR7
25136,I1KGS6
25137,I1KGS8
25138,I1KGT1
25139,I1KGT2
25140,I1KGT3
25141,I1KGT4
25142,I1KGT5
25143,I1KGT7
25144,I1KGU0
25145,I1KGU2
25146,I1KGU5
25147,I1KGU8
25148,I1KGU9
25149,I1KGV0
25150,I1KGV3
25151,I1KGV8
25152,I1KGW2
25153,I1KGW4
25154,I1KGW5
25155,I1KGW6
25156,I1KGW7
25157,I1KGX1
25158,I1KGY4
25159,I1KGY6
25160,I1KGY8
25161,I1KGY9
25162,I1KGZ1
25163,I1KGZ4
25164,I1KGZ5
25165,I1KGZ6
25166,I1KH00
25167,I1KH02
25168,I1KH05
25169,I1KH06
25170,I1KH10
25171,I1KH12
25172,I1KH22
25173,I1KH24
25174,I1KH25
25175,I1KH29
25176,I1KH31
25177,I1KH35
25178,I1KH36
25179,I1KH38
25180,I1KH41
25181,I1KH45
25182,I1KH48
25183,I1KH49
25184,I1KH50
25185,I1KH51
25186,I1KH53
25187,I1KH54
25188,I1KH55
25189,I1KH57
25190,I1KH58
25191,I1KH60
25192,I1KH61
25193,I1KH62
25194,I1KH63
25195,I1KH65
25196,I1KH67
25197,I1KH70
25198,I1KH71
25199,I1KH74
25200,I1KH77
25201,I1KH83
25202,I1KH84
25203,I1KH92
25204,I1KH93
25205,I1KH95
25206,I1KHA2
25207,I1KHA5
25208,I1KHA7
25209,I1KHA8
25210,I1KHB3
25211,I1KHB5
25212,I1KHB7
25213,I1KHC0
25214,I1KHC2
25215,I1KHC3
25216,I1KHC4
25217,I1KHC5
25218,I1KHC6
25219,I1KHC9
25220,I1KHD3
25221,I1KHD4
25222,I1KHD6
25223,I1KHD7
25224,I1KHD9
25225,I1KHE4
25226,I1KHF1
25227,I1KHF7
25228,I1KHG0
25229,I1KHG3
25230,I1KHG6
25231,I1KHG8
25232,I1KHG9
25233,I1KHH2
25234,I1KHH3
25235,I1KHH8
25236,I1KHI1
25237,I1KHI3
25238,I1KHI7
25239,I1KHI8
25240,I1KHJ0
25241,I1KHJ4
25242,I1KHJ6
25243,I1KHJ7
25244,I1KHJ9
25245,I1KHK0
25246,I1KHK1
25247,I1KHK2
25248,I1KHK4
25249,I1KHK5
25250,I1KHK6
25251,I1KHK7
25252,I1KHL0
25253,I1KHL1
25254,I1KHL2
25255,I1KHL4
25256,I1KHL6
25257,I1KHL8
25258,I1KHM1
25259,I1KHM3
25260,I1KHM5
25261,I1KHM7
25262,I1KHN2
25263,I1KHN6
25264,I1KHN8
25265,I1KHN9
25266,I1KHP4
25267,I1KHP5
25268,I1KHP6
25269,I1KHQ0
25270,I1KHQ1
25271,I1KHQ2
25272,I1KHQ4
25273,I1KHQ5
25274,I1KHQ6
25275,I1KHQ7
25276,I1KHQ8
25277,I1KHR3
25278,I1KHR6
25279,I1KHR7
25280,I1KHR8
25281,I1KHS0
25282,I1KHS1
25283,I1KHS3
25284,I1KHS5
25285,I1KHS6
25286,I1KHS7
25287,I1KHT0
25288,I1KHT7
25289,I1KHT8
25290,I1KHT9
25291,I1KHU0
25292,I1KHU2
25293,I1KHU3
25294,I1KHU6
25295,I1KHU7
25296,I1KHU8
25297,I1KHV0
25298,I1KHV2
25299,I1KHV3
25300,I1KHV4
25301,I1KHV6
25302,I1KHV8
25303,I1KHW2
25304,I1KHW3
25305,I1KHW5
25306,I1KHW7
25307,I1KHW9
25308,I1KHX0
25309,I1KHX1
25310,I1KHX3
25311,I1KHX5
25312,I1KHX6
25313,I1KHX8
25314,I1KHX9
25315,I1KHY2
25316,I1KHY6
25317,I1KHY8
25318,I1KHZ1
25319,I1KHZ3
25320,I1KHZ4
25321,I1KHZ6
25322,I1KHZ7
25323,I1KHZ8
25324,I1KI00
25325,I1KI01
25326,I1KI04
25327,I1KI08
25328,I1KI09
25329,I1KI10
25330,I1KI11
25331,I1KI15
25332,I1KI16
25333,I1KI18
25334,I1KI19
25335,I1KI20
25336,I1KI22
25337,I1KI24
25338,I1KI31
25339,I1KI39
25340,I1KI46
25341,I1KI49
25342,I1KI50
25343,I1KI57
25344,I1KI59
25345,I1KI60
25346,I1KI61
25347,I1KI62
25348,I1KI63
25349,I1KI70
25350,I1KI73
25351,I1KI77
25352,I1KI78
25353,I1KI83
25354,I1KI89
25355,I1KI90
25356,I1KI91
25357,I1KI92
25358,I1KI95
25359,I1KI96
25360,I1KIA0
25361,I1KIA1
25362,I1KIA5
25363,I1KIA7
25364,I1KIA8
25365,I1KIA9
25366,I1KIB3
25367,I1KIB6
25368,I1KIB8
25369,I1KIC0
25370,I1KIC2
25371,I1KIC3
25372,I1KIC5
25373,I1KIC6
25374,I1KID0
25375,I1KID1
25376,I1KID2
25377,I1KID3
25378,I1KID4
25379,I1KID8
25380,I1KIE4
25381,I1KIE5
25382,I1KIE7
25383,I1KIE8
25384,I1KIF0
25385,I1KIF1
25386,I1KIF4
25387,I1KIF8
25388,I1KIF9
25389,I1KIG1
25390,I1KIG2
25391,I1KIG3
25392,I1KIG5
25393,I1KIG6
25394,I1KIG7
25395,I1KIG9
25396,I1KIH2
25397,I1KIH3
25398,I1KIH5
25399,I1KIH6
25400,I1KII4
25401,I1KII7
25402,I1KII8
25403,I1KII9
25404,I1KIJ0
25405,I1KIJ1
25406,I1KIJ3
25407,I1KIJ4
25408,I1KIJ6
25409,I1KIJ7
25410,I1KIK2
25411,I1KIK7
25412,I1KIL1
25413,I1KIL3
25414,I1KIL4
25415,I1KIL5
25416,I1KIL6
25417,I1KIL7
25418,I1KIM3
25419,I1KIM7
25420,I1KIM8
25421,I1KIN3
25422,I1KIN8
25423,I1KIN9
25424,I1KIP3
25425,I1KIP4
25426,I1KIP6
25427,I1KIP8
25428,I1KIP9
25429,I1KIQ2
25430,I1KIQ3
25431,I1KIQ4
25432,I1KIQ6
25433,I1KIQ7
25434,I1KIQ9
25435,I1KIR0
25436,I1KIR3
25437,I1KIR6
25438,I1KIR9
25439,I1KIS0
25440,I1KIS1
25441,I1KIS2
25442,I1KIS3
25443,I1KIS6
25444,I1KIS7
25445,I1KIT0
25446,I1KIT1
25447,I1KIT4
25448,I1KIT8
25449,I1KIT9
25450,I1KIU3
25451,I1KIU5
25452,I1KIU7
25453,I1KIV0
25454,I1KIV1
25455,I1KIV2
25456,I1KIV3
25457,I1KIV5
25458,I1KIV7
25459,I1KIV9
25460,I1KIW2
25461,I1KIW8
25462,I1KIX1
25463,I1KIX5
25464,I1KIX7
25465,I1KIX8
25466,I1KIY0
25467,I1KIY3
25468,I1KIY6
25469,I1KIY7
25470,I1KIZ1
25471,I1KIZ4
25472,I1KJ00
25473,I1KJ06
25474,I1KJ10
25475,I1KJ12
25476,I1KJ13
25477,I1KJ18
25478,I1KJ25
25479,I1KJ26
25480,I1KJ28
25481,I1KJ29
25482,I1KJ30
25483,I1KJ34
25484,I1KJ35
25485,I1KJ36
25486,I1KJ39
25487,I1KJ44
25488,I1KJ50
25489,I1KJ52
25490,I1KJ54
25491,I1KJ56
25492,I1KJ59
25493,I1KJ64
25494,I1KJ66
25495,I1KJ68
25496,I1KJ70
25497,I1KJ71
25498,I1KJ72
25499,I1KJ81
25500,I1KJ83
25501,I1KJ84
25502,I1KJ86
25503,I1KJ87
25504,I1KJ91
25505,I1KJ97
25506,I1KJ98
25507,I1KJ99
25508,I1KJA0
25509,I1KJA4
25510,I1KJA8
25511,I1KJB0
25512,I1KJB1
25513,I1KJB2
25514,I1KJC0
25515,I1KJC4
25516,I1KJC7
25517,I1KJD0
25518,I1KJD2
25519,I1KJD9
25520,I1KJE0
25521,I1KJE1
25522,I1KJF1
25523,I1KJF2
25524,I1KJF7
25525,I1KJG0
25526,I1KJG1
25527,I1KJG4
25528,I1KJG7
25529,I1KJH0
25530,I1KJH1
25531,I1KJH7
25532,I1KJI7
25533,I1KJI9
25534,I1KJJ2
25535,I1KJJ3
25536,I1KJJ6
25537,I1KJJ8
25538,I1KJK0
25539,I1KJK3
25540,I1KJK4
25541,I1KJK8
25542,I1KJL3
25543,I1KJL7
25544,I1KJL9
25545,I1KJM5
25546,I1KJM6
25547,I1KJM9
25548,I1KJN2
25549,I1KJN4
25550,I1KJN6
25551,I1KJN9
25552,I1KJP2
25553,I1KJP6
25554,I1KJP8
25555,I1KJQ2
25556,I1KJQ4
25557,I1KJQ5
25558,I1KJQ8
25559,I1KJR2
25560,I1KJR3
25561,I1KJR5
25562,I1KJR6
25563,I1KJR7
25564,I1KJR8
25565,I1KJR9
25566,I1KJS2
25567,I1KJS8
25568,I1KJS9
25569,I1KJT1
25570,I1KJT2
25571,I1KJT5
25572,I1KJU0
25573,I1KJU2
25574,I1KJU3
25575,I1KJU5
25576,I1KJU7
25577,I1KJU8
25578,I1KJV0
25579,I1KJV5
25580,I1KJV9
25581,I1KJW0
25582,I1KJW4
25583,I1KJW5
25584,I1KJW6
25585,I1KJW8
25586,I1KJW9
25587,I1KJX1
25588,I1KJX2
25589,I1KJX6
25590,I1KJX9
25591,I1KJY2
25592,I1KJY3
25593,I1KJZ0
25594,I1KJZ4
25595,I1KK06
25596,I1KK07
25597,I1KK08
25598,I1KK09
25599,I1KK10
25600,I1KK11
25601,I1KK13
25602,I1KK20
25603,I1KK21
25604,I1KK24
25605,I1KK25
25606,I1KK27
25607,I1KK33
25608,I1KK34
25609,I1KK35
25610,I1KK41
25611,I1KK44
25612,I1KK49
25613,I1KK51
25614,I1KK52
25615,I1KK55
25616,I1KK57
25617,I1KK59
25618,I1KK63
25619,I1KK66
25620,I1KK68
25621,I1KK69
25622,I1KK71
25623,I1KK72
25624,I1KK80
25625,I1KK82
25626,I1KK83
25627,I1KK85
25628,I1KK88
25629,I1KK89
25630,I1KK93
25631,I1KK97
25632,I1KK98
25633,I1KK99
25634,I1KKA0
25635,I1KKA3
25636,I1KKA8
25637,I1KKB0
25638,I1KKB1
25639,I1KKB3
25640,I1KKB5
25641,I1KKB8
25642,I1KKB9
25643,I1KKC0
25644,I1KKD3
25645,I1KKD9
25646,I1KKE1
25647,I1KKE2
25648,I1KKE4
25649,I1KKE6
25650,I1KKE9
25651,I1KKF0
25652,I1KKF3
25653,I1KKF4
25654,I1KKF5
25655,I1KKF7
25656,I1KKF8
25657,I1KKF9
25658,I1KKG0
25659,I1KKG2
25660,I1KKG3
25661,I1KKG6
25662,I1KKH2
25663,I1KKH4
25664,I1KKI1
25665,I1KKI2
25666,I1KKI3
25667,I1KKJ1
25668,I1KKJ3
25669,I1KKJ5
25670,I1KKJ6
25671,I1KKJ7
25672,I1KKK0
25673,I1KKK2
25674,I1KKK3
25675,I1KKK4
25676,I1KKK8
25677,I1KKL0
25678,I1KKL5
25679,I1KKL7
25680,I1KKL9
25681,I1KKM5
25682,I1KKM6
25683,I1KKM7
25684,I1KKN0
25685,I1KKN4
25686,I1KKN7
25687,I1KKN8
25688,I1KKP0
25689,I1KKP1
25690,I1KKP3
25691,I1KKP6
25692,I1KKQ1
25693,I1KKQ3
25694,I1KKQ4
25695,I1KKR2
25696,I1KKR6
25697,I1KKS2
25698,I1KKS3
25699,I1KKS8
25700,I1KKS9
25701,I1KKV2
25702,I1KKV5
25703,I1KKV7
25704,I1KKW1
25705,I1KKW3
25706,I1KKW6
25707,I1KKW7
25708,I1KKW8
25709,I1KKX2
25710,I1KKX6
25711,I1KKX7
25712,I1KKZ1
25713,I1KKZ5
25714,I1KKZ7
25715,I1KL02
25716,I1KL05
25717,I1KL06
25718,I1KL10
25719,I1KL13
25720,I1KL20
25721,I1KL21
25722,I1KL22
25723,I1KL23
25724,I1KL26
25725,I1KL28
25726,I1KL30
25727,I1KL32
25728,I1KL34
25729,I1KL35
25730,I1KL36
25731,I1KL38
25732,I1KL43
25733,I1KL47
25734,I1KL49
25735,I1KL51
25736,I1KL53
25737,I1KL55
25738,I1KL56
25739,I1KL57
25740,I1KL58
25741,I1KL59
25742,I1KL62
25743,I1KL63
25744,I1KL64
25745,I1KL66
25746,I1KL68
25747,I1KL69
25748,I1KL71
25749,I1KL72
25750,I1KL73
25751,I1KL75
25752,I1KL76
25753,I1KL77
25754,I1KL79
25755,I1KL80
25756,I1KL83
25757,I1KL88
25758,I1KL89
25759,I1KL90
25760,I1KL92
25761,I1KL97
25762,I1KLA0
25763,I1KLA2
25764,I1KLA3
25765,I1KLA4
25766,I1KLB0
25767,I1KLB3
25768,I1KLB5
25769,I1KLB7
25770,I1KLC0
25771,I1KLC1
25772,I1KLC3
25773,I1KLC4
25774,I1KLC5
25775,I1KLC6
25776,I1KLC7
25777,I1KLC9
25778,I1KLD4
25779,I1KLD5
25780,I1KLD6
25781,I1KLD8
25782,I1KLE1
25783,I1KLE3
25784,I1KLE7
25785,I1KLF3
25786,I1KLF6
25787,I1KLG0
25788,I1KLG2
25789,I1KLG4
25790,I1KLG6
25791,I1KLH2
25792,I1KLH3
25793,I1KLH4
25794,I1KLH8
25795,I1KLI0
25796,I1KLI2
25797,I1KLI3
25798,I1KLI6
25799,I1KLI7
25800,I1KLI9
25801,I1KLJ1
25802,I1KLJ3
25803,I1KLJ5
25804,I1KLJ6
25805,I1KLJ8
25806,I1KLK0
25807,I1KLK2
25808,I1KLK3
25809,I1KLK4
25810,I1KLK5
25811,I1KLK8
25812,I1KLL4
25813,I1KLL8
25814,I1KLM0
25815,I1KLM2
25816,I1KLM6
25817,I1KLM9
25818,I1KLN0
25819,I1KLN5
25820,I1KLN6
25821,I1KLP0
25822,I1KLP2
25823,I1KLP4
25824,I1KLP7
25825,I1KLQ0
25826,I1KLQ1
25827,I1KLQ2
25828,I1KLQ4
25829,I1KLR2
25830,I1KLR3
25831,I1KLR4
25832,I1KLR6
25833,I1KLS0
25834,I1KLS1
25835,I1KLS4
25836,I1KLS6
25837,I1KLS7
25838,I1KLS8
25839,I1KLS9
25840,I1KLT0
25841,I1KLT2
25842,I1KLT5
25843,I1KLT6
25844,I1KLT7
25845,I1KLT9
25846,I1KLU0
25847,I1KLU8
25848,I1KLV7
25849,I1KLV9
25850,I1KLW3
25851,I1KLW4
25852,I1KLW5
25853,I1KLX0
25854,I1KLX1
25855,I1KLX2
25856,I1KLX3
25857,I1KLX5
25858,I1KLX7
25859,I1KLX9
25860,I1KLY0
25861,I1KLY1
25862,I1KLY2
25863,I1KLY3
25864,I1KLY5
25865,I1KLY6
25866,I1KLZ3
25867,I1KLZ5
25868,I1KLZ7
25869,I1KLZ9
25870,I1KM01
25871,I1KM02
25872,I1KM03
25873,I1KM07
25874,I1KM08
25875,I1KM10
25876,I1KM13
25877,I1KM15
25878,I1KM16
25879,I1KM19
25880,I1KM25
25881,I1KM26
25882,I1KM27
25883,I1KM30
25884,I1KM31
25885,I1KM32
25886,I1KM33
25887,I1KM34
25888,I1KM37
25889,I1KM39
25890,I1KM40
25891,I1KM42
25892,I1KM46
25893,I1KM50
25894,I1KM52
25895,I1KM54
25896,I1KM57
25897,I1KM58
25898,I1KM59
25899,I1KM60
25900,I1KM62
25901,I1KM63
25902,I1KM64
25903,I1KM70
25904,I1KM76
25905,I1KM77
25906,I1KM78
25907,I1KM81
25908,I1KM82
25909,I1KM88
25910,I1KM89
25911,I1KM93
25912,I1KM98
25913,I1KM99
25914,I1KMA2
25915,I1KMA4
25916,I1KMA5
25917,I1KMA6
25918,I1KMA9
25919,I1KMB2
25920,I1KMB5
25921,I1KMB6
25922,I1KMB7
25923,I1KMB9
25924,I1KMC2
25925,I1KMC5
25926,I1KMC7
25927,I1KMC8
25928,I1KMC9
25929,I1KMD0
25930,I1KMD2
25931,I1KMD3
25932,I1KMD4
25933,I1KMD9
25934,I1KME3
25935,I1KME5
25936,I1KME7
25937,I1KME9
25938,I1KMF2
25939,I1KMF4
25940,I1KMF6
25941,I1KMF7
25942,I1KMF9
25943,I1KMG0
25944,I1KMG7
25945,I1KMH1
25946,I1KMH3
25947,I1KMH5
25948,I1KMI0
25949,I1KMI1
25950,I1KMI3
25951,I1KMI5
25952,I1KMJ0
25953,I1KMJ1
25954,I1KMJ2
25955,I1KMJ3
25956,I1KMJ5
25957,I1KMJ7
25958,I1KMJ8
25959,I1KMJ9
25960,I1KMK0
25961,I1KMK2
25962,I1KMK8
25963,I1KML2
25964,I1KML6
25965,I1KML7
25966,I1KMM0
25967,I1KMM2
25968,I1KMM6
25969,I1KMN2
25970,I1KMN3
25971,I1KMN5
25972,I1KMN7
25973,I1KMN8
25974,I1KMN9
25975,I1KMP3
25976,I1KMP4
25977,I1KMP5
25978,I1KMP6
25979,I1KMP7
25980,I1KMP8
25981,I1KMQ0
25982,I1KMQ3
25983,I1KMQ9
25984,I1KMR0
25985,I1KMR1
25986,I1KMR2
25987,I1KMR4
25988,I1KMR6
25989,I1KMR7
25990,I1KMR9
25991,I1KMS4
25992,I1KMS6
25993,I1KMS7
25994,I1KMS8
25995,I1KMT1
25996,I1KMT6
25997,I1KMT7
25998,I1KMU4
25999,I1KMU6
26000,I1KMU7
26001,I1KMU8
26002,I1KMU9
26003,I1KMV3
26004,I1KMV4
26005,I1KMV5
26006,I1KMV6
26007,I1KMW1
26008,I1KMW2
26009,I1KMW4
26010,I1KMW7
26011,I1KMW8
26012,I1KMX0
26013,I1KMX1
26014,I1KMX3
26015,I1KMX4
26016,I1KMX6
26017,I1KMX8
26018,I1KMY0
26019,I1KMY1
26020,I1KMY6
26021,I1KMY7
26022,I1KMY8
26023,I1KMZ0
26024,I1KMZ2
26025,I1KMZ3
26026,I1KMZ8
26027,I1KN03
26028,I1KN04
26029,I1KN05
26030,I1KN06
26031,I1KN07
26032,I1KN08
26033,I1KN10
26034,I1KN11
26035,I1KN13
26036,I1KN17
26037,I1KN18
26038,I1KN20
26039,I1KN21
26040,I1KN22
26041,I1KN23
26042,I1KN24
26043,I1KN28
26044,I1KN30
26045,I1KN33
26046,I1KN39
26047,I1KN40
26048,I1KN44
26049,I1KN45
26050,I1KN49
26051,I1KN51
26052,I1KN53
26053,I1KN54
26054,I1KN56
26055,I1KN61
26056,I1KN62
26057,I1KN63
26058,I1KN68
26059,I1KN70
26060,I1KN71
26061,I1KN74
26062,I1KN75
26063,I1KN78
26064,I1KN80
26065,I1KN81
26066,I1KN82
26067,I1KN85
26068,I1KN91
26069,I1KN92
26070,I1KN93
26071,I1KN97
26072,I1KNA1
26073,I1KNA2
26074,I1KNA4
26075,I1KNA6
26076,I1KNB3
26077,I1KNB5
26078,I1KNB6
26079,I1KNC5
26080,I1KNC6
26081,I1KNC8
26082,I1KND1
26083,I1KND2
26084,I1KND4
26085,I1KND7
26086,I1KNE1
26087,I1KNE4
26088,I1KNE6
26089,I1KNE7
26090,I1KNE8
26091,I1KNF0
26092,I1KNF5
26093,I1KNF6
26094,I1KNF7
26095,I1KNF8
26096,I1KNF9
26097,I1KNG0
26098,I1KNG3
26099,I1KNG4
26100,I1KNG5
26101,I1KNG6
26102,I1KNG9
26103,I1KNH1
26104,I1KNH3
26105,I1KNH4
26106,I1KNH7
26107,I1KNH8
26108,I1KNH9
26109,I1KNI0
26110,I1KNI1
26111,I1KNI2
26112,I1KNI4
26113,I1KNI6
26114,I1KNI7
26115,I1KNI8
26116,I1KNI9
26117,I1KNJ0
26118,I1KNJ2
26119,I1KNJ4
26120,I1KNJ6
26121,I1KNK0
26122,I1KNK2
26123,I1KNK4
26124,I1KNK6
26125,I1KNK8
26126,I1KNK9
26127,I1KNL0
26128,I1KNL5
26129,I1KNL6
26130,I1KNL7
26131,I1KNL9
26132,I1KNM0
26133,I1KNM2
26134,I1KNM4
26135,I1KNN0
26136,I1KNN1
26137,I1KNN4
26138,I1KNN6
26139,I1KNP2
26140,I1KNP5
26141,I1KNP9
26142,I1KNQ2
26143,I1KNQ6
26144,I1KNQ8
26145,I1KNQ9
26146,I1KNR1
26147,I1KNR4
26148,I1KNR6
26149,I1KNR7
26150,I1KNS1
26151,I1KNS5
26152,I1KNS8
26153,I1KNS9
26154,I1KNT0
26155,I1KNT8
26156,I1KNT9
26157,I1KNU2
26158,I1KNV4
26159,I1KNV7
26160,I1KNV8
26161,I1KNW3
26162,I1KNW4
26163,I1KNW6
26164,I1KNX2
26165,I1KNX3
26166,I1KNX5
26167,I1KNX6
26168,I1KNX7
26169,I1KNY0
26170,I1KNY3
26171,I1KNY4
26172,I1KNY6
26173,I1KNY8
26174,I1KNZ1
26175,I1KNZ2
26176,I1KNZ5
26177,I1KNZ6
26178,I1KNZ9
26179,I1KP00
26180,I1KP02
26181,I1KP07
26182,I1KP09
26183,I1KP12
26184,I1KP14
26185,I1KP16
26186,I1KP17
26187,I1KP22
26188,I1KP26
26189,I1KP28
26190,I1KP31
26191,I1KP32
26192,I1KP35
26193,I1KP36
26194,I1KP38
26195,I1KP40
26196,I1KP45
26197,I1KP46
26198,I1KP47
26199,I1KP48
26200,I1KP50
26201,I1KP55
26202,I1KP56
26203,I1KP57
26204,I1KP58
26205,I1KP59
26206,I1KP60
26207,I1KP63
26208,I1KP64
26209,I1KP65
26210,I1KP66
26211,I1KP69
26212,I1KP71
26213,I1KP74
26214,I1KP76
26215,I1KP78
26216,I1KP84
26217,I1KP86
26218,I1KP87
26219,I1KP88
26220,I1KP89
26221,I1KP94
26222,I1KP95
26223,I1KPA0
26224,I1KPA1
26225,I1KPA4
26226,I1KPA5
26227,I1KPA9
26228,I1KPB0
26229,I1KPB4
26230,I1KPB5
26231,I1KPC1
26232,I1KPC2
26233,I1KPD0
26234,I1KPD4
26235,I1KPD5
26236,I1KPD9
26237,I1KPE0
26238,I1KPE2
26239,I1KPE3
26240,I1KPE4
26241,I1KPE7
26242,I1KPE8
26243,I1KPE9
26244,I1KPF0
26245,I1KPF2
26246,I1KPF3
26247,I1KPF4
26248,I1KPF5
26249,I1KPF7
26250,I1KPF9
26251,I1KPG0
26252,I1KPG4
26253,I1KPG5
26254,I1KPG8
26255,I1KPH2
26256,I1KPH5
26257,I1KPH6
26258,I1KPH7
26259,I1KPH8
26260,I1KPI0
26261,I1KPI1
26262,I1KPI6
26263,I1KPI9
26264,I1KPJ1
26265,I1KPJ2
26266,I1KPJ3
26267,I1KPJ5
26268,I1KPK2
26269,I1KPK3
26270,I1KPK6
26271,I1KPK7
26272,I1KPK8
26273,I1KPK9
26274,I1KPL2
26275,I1KPL5
26276,I1KPL9
26277,I1KPM0
26278,I1KPM3
26279,I1KPM5
26280,I1KPM8
26281,I1KPM9
26282,I1KPN2
26283,I1KPN3
26284,I1KPN4
26285,I1KPN5
26286,I1KPN7
26287,I1KPN8
26288,I1KPN9
26289,I1KPP1
26290,I1KPP2
26291,I1KPP3
26292,I1KPP4
26293,I1KPP7
26294,I1KPP8
26295,I1KPQ1
26296,I1KPQ5
26297,I1KPQ8
26298,I1KPR0
26299,I1KPR3
26300,I1KPR5
26301,I1KPR7
26302,I1KPR8
26303,I1KPS1
26304,I1KPS3
26305,I1KPS4
26306,I1KPS6
26307,I1KPS8
26308,I1KPT0
26309,I1KPT1
26310,I1KPT3
26311,I1KPT4
26312,I1KPT7
26313,I1KPU1
26314,I1KPU2
26315,I1KPU4
26316,I1KPU6
26317,I1KPU9
26318,I1KPV0
26319,I1KPV2
26320,I1KPV3
26321,I1KPV4
26322,I1KPV6
26323,I1KPV7
26324,I1KPW0
26325,I1KPW1
26326,I1KPW3
26327,I1KPW4
26328,I1KPW6
26329,I1KPW7
26330,I1KPW8
26331,I1KPW9
26332,I1KPX0
26333,I1KPX1
26334,I1KPX3
26335,I1KPX6
26336,I1KPX7
26337,I1KPX8
26338,I1KPY1
26339,I1KPY6
26340,I1KPY7
26341,I1KPY8
26342,I1KPZ2
26343,I1KPZ3
26344,I1KPZ4
26345,I1KPZ9
26346,I1KQ06
26347,I1KQ10
26348,I1KQ12
26349,I1KQ16
26350,I1KQ18
26351,I1KQ19
26352,I1KQ20
26353,I1KQ25
26354,I1KQ26
26355,I1KQ30
26356,I1KQ33
26357,I1KQ36
26358,I1KQ38
26359,I1KQ42
26360,I1KQ45
26361,I1KQ47
26362,I1KQ49
26363,I1KQ51
26364,I1KQ52
26365,I1KQ56
26366,I1KQ57
26367,I1KQ60
26368,I1KQ64
26369,I1KQ65
26370,I1KQ68
26371,I1KQ70
26372,I1KQ72
26373,I1KQ73
26374,I1KQ77
26375,I1KQ86
26376,I1KQ87
26377,I1KQ89
26378,I1KQ93
26379,I1KQ94
26380,I1KQ96
26381,I1KQ97
26382,I1KQA1
26383,I1KQA4
26384,I1KQA5
26385,I1KQB0
26386,I1KQB1
26387,I1KQB3
26388,I1KQB5
26389,I1KQB7
26390,I1KQB9
26391,I1KQC0
26392,I1KQC1
26393,I1KQC2
26394,I1KQC3
26395,I1KQC4
26396,I1KQC7
26397,I1KQC8
26398,I1KQD2
26399,I1KQD5
26400,I1KQD6
26401,I1KQD8
26402,I1KQE1
26403,I1KQE2
26404,I1KQE3
26405,I1KQE6
26406,I1KQE7
26407,I1KQE8
26408,I1KQE9
26409,I1KQF1
26410,I1KQF3
26411,I1KQF5
26412,I1KQG0
26413,I1KQG1
26414,I1KQG2
26415,I1KQG3
26416,I1KQG4
26417,I1KQG5
26418,I1KQG7
26419,I1KQH1
26420,I1KQH7
26421,I1KQI1
26422,I1KQI5
26423,I1KQI6
26424,I1KQI8
26425,I1KQJ1
26426,I1KQJ4
26427,I1KQJ6
26428,I1KQJ7
26429,I1KQK0
26430,I1KQK1
26431,I1KQK5
26432,I1KQK6
26433,I1KQK9
26434,I1KQL5
26435,I1KQL7
26436,I1KQM0
26437,I1KQM2
26438,I1KQM6
26439,I1KQM7
26440,I1KQN0
26441,I1KQN1
26442,I1KQN6
26443,I1KQP2
26444,I1KQP3
26445,I1KQP4
26446,I1KQP5
26447,I1KQQ0
26448,I1KQQ1
26449,I1KQQ2
26450,I1KQQ3
26451,I1KQQ4
26452,I1KQQ6
26453,I1KQQ7
26454,I1KQQ8
26455,I1KQQ9
26456,I1KQR0
26457,I1KQR1
26458,I1KQR2
26459,I1KQR5
26460,I1KQR8
26461,I1KQR9
26462,I1KQS1
26463,I1KQS4
26464,I1KQS7
26465,I1KQT1
26466,I1KQT2
26467,I1KQT3
26468,I1KQT4
26469,I1KQT5
26470,I1KQT9
26471,I1KQU2
26472,I1KQU3
26473,I1KQU5
26474,I1KQU7
26475,I1KQU9
26476,I1KQV2
26477,I1KQV4
26478,I1KQV6
26479,I1KQV7
26480,I1KQW2
26481,I1KQW5
26482,I1KQW6
26483,I1KQW7
26484,I1KQX0
26485,I1KQX1
26486,I1KQX3
26487,I1KQX5
26488,I1KQX6
26489,I1KQX7
26490,I1KQX8
26491,I1KQY1
26492,I1KQY2
26493,I1KQY5
26494,I1KQY7
26495,I1KQZ0
26496,I1KQZ2
26497,I1KQZ4
26498,I1KQZ5
26499,I1KQZ6
26500,I1KQZ7
26501,I1KQZ9
26502,I1KR03
26503,I1KR04
26504,I1KR06
26505,I1KR15
26506,I1KR16
26507,I1KR17
26508,I1KR22
26509,I1KR24
26510,I1KR29
26511,I1KR32
26512,I1KR35
26513,I1KR39
26514,I1KR41
26515,I1KR42
26516,I1KR44
26517,I1KR46
26518,I1KR47
26519,I1KR50
26520,I1KR51
26521,I1KR53
26522,I1KR56
26523,I1KR58
26524,I1KR60
26525,I1KR61
26526,I1KR62
26527,I1KR64
26528,I1KR66
26529,I1KR67
26530,I1KR70
26531,I1KR74
26532,I1KR76
26533,I1KR79
26534,I1KR80
26535,I1KR83
26536,I1KR84
26537,I1KR88
26538,I1KR95
26539,I1KR96
26540,I1KR98
26541,I1KR99
26542,I1KRA2
26543,I1KRA4
26544,I1KRA5
26545,I1KRA7
26546,I1KRA9
26547,I1KRB0
26548,I1KRB1
26549,I1KRB3
26550,I1KRB4
26551,I1KRB5
26552,I1KRB6
26553,I1KRB8
26554,I1KRC0
26555,I1KRC2
26556,I1KRC3
26557,I1KRC8
26558,I1KRC9
26559,I1KRD0
26560,I1KRD2
26561,I1KRD3
26562,I1KRD4
26563,I1KRD5
26564,I1KRE2
26565,I1KRE5
26566,I1KRE7
26567,I1KRE8
26568,I1KRE9
26569,I1KRF5
26570,I1KRF9
26571,I1KRG2
26572,I1KRG9
26573,I1KRH0
26574,I1KRH4
26575,I1KRI0
26576,I1KRI1
26577,I1KRI3
26578,I1KRI6
26579,I1KRI7
26580,I1KRI8
26581,I1KRI9
26582,I1KRJ0
26583,I1KRJ4
26584,I1KRJ7
26585,I1KRJ9
26586,I1KRK1
26587,I1KRK2
26588,I1KRK3
26589,I1KRK6
26590,I1KRK8
26591,I1KRK9
26592,I1KRL3
26593,I1KRL4
26594,I1KRL6
26595,I1KRL8
26596,I1KRL9
26597,I1KRM0
26598,I1KRM4
26599,I1KRM9
26600,I1KRN0
26601,I1KRN2
26602,I1KRN3
26603,I1KRN4
26604,I1KRN5
26605,I1KRN8
26606,I1KRP1
26607,I1KRP3
26608,I1KRP6
26609,I1KRP8
26610,I1KRQ2
26611,I1KRQ3
26612,I1KRQ6
26613,I1KRQ8
26614,I1KRR2
26615,I1KRR4
26616,I1KRR5
26617,I1KRR6
26618,I1KRR7
26619,I1KRR8
26620,I1KRS0
26621,I1KRS2
26622,I1KRS3
26623,I1KRS6
26624,I1KRS7
26625,I1KRS8
26626,I1KRS9
26627,I1KRT1
26628,I1KRT2
26629,I1KRT6
26630,I1KRT7
26631,I1KRU0
26632,I1KRU1
26633,I1KRU6
26634,I1KRU7
26635,I1KRU8
26636,I1KRV0
26637,I1KRV5
26638,I1KRV6
26639,I1KRV7
26640,I1KRW0
26641,I1KRW1
26642,I1KRW2
26643,I1KRW8
26644,I1KRW9
26645,I1KRX0
26646,I1KRX2
26647,I1KRX4
26648,I1KRX6
26649,I1KRY1
26650,I1KRY2
26651,I1KRY5
26652,I1KRY7
26653,I1KRY8
26654,I1KRY9
26655,I1KRZ0
26656,I1KRZ2
26657,I1KRZ4
26658,I1KRZ7
26659,I1KRZ8
26660,I1KS00
26661,I1KS01
26662,I1KS03
26663,I1KS06
26664,I1KS09
26665,I1KS11
26666,I1KS12
26667,I1KS17
26668,I1KS18
26669,I1KS20
26670,I1KS21
26671,I1KS22
26672,I1KS24
26673,I1KS25
26674,I1KS28
26675,I1KS30
26676,I1KS33
26677,I1KS36
26678,I1KS37
26679,I1KS38
26680,I1KS45
26681,I1KS46
26682,I1KS47
26683,I1KS48
26684,I1KS53
26685,I1KS55
26686,I1KS56
26687,I1KS58
26688,I1KS60
26689,I1KS63
26690,I1KS65
26691,I1KS73
26692,I1KS74
26693,I1KS76
26694,I1KS88
26695,I1KS90
26696,I1KS93
26697,I1KS96
26698,I1KS98
26699,I1KS99
26700,I1KSA2
26701,I1KSA4
26702,I1KSA5
26703,I1KSA6
26704,I1KSA8
26705,I1KSB0
26706,I1KSB2
26707,I1KSB3
26708,I1KSB4
26709,I1KSB6
26710,I1KSB7
26711,I1KSB8
26712,I1KSC1
26713,I1KSC2
26714,I1KSC4
26715,I1KSC6
26716,I1KSC8
26717,I1KSD0
26718,I1KSD7
26719,I1KSD8
26720,I1KSE1
26721,I1KSE3
26722,I1KSF2
26723,I1KSF4
26724,I1KSF7
26725,I1KSG1
26726,I1KSG2
26727,I1KSG3
26728,I1KSG4
26729,I1KSG6
26730,I1KSG7
26731,I1KSH0
26732,I1KSH1
26733,I1KSH4
26734,I1KSH5
26735,I1KSH6
26736,I1KSH8
26737,I1KSI1
26738,I1KSI2
26739,I1KSI5
26740,I1KSJ0
26741,I1KSJ1
26742,I1KSJ3
26743,I1KSJ7
26744,I1KSJ8
26745,I1KSJ9
26746,I1KSK1
26747,I1KSK3
26748,I1KSK4
26749,I1KSK8
26750,I1KSL0
26751,I1KSL2
26752,I1KSL3
26753,I1KSL4
26754,I1KSL6
26755,I1KSM1
26756,I1KSM4
26757,I1KSM6
26758,I1KSM7
26759,I1KSN0
26760,I1KSN2
26761,I1KSN3
26762,I1KSN5
26763,I1KSN6
26764,I1KSN7
26765,I1KSP0
26766,I1KSP1
26767,I1KSP3
26768,I1KSP4
26769,I1KSP8
26770,I1KSP9
26771,I1KSQ0
26772,I1KSQ5
26773,I1KSQ6
26774,I1KSQ7
26775,I1KSQ9
26776,I1KSR1
26777,I1KSR3
26778,I1KSR4
26779,I1KSR5
26780,I1KSR6
26781,I1KSR8
26782,I1KSS1
26783,I1KSS4
26784,I1KSS9
26785,I1KST1
26786,I1KST2
26787,I1KST3
26788,I1KST4
26789,I1KST6
26790,I1KSU2
26791,I1KSW4
26792,I1KSW6
26793,I1KSW7
26794,I1KSW8
26795,I1KSW9
26796,I1KSX0
26797,I1KSX1
26798,I1KSX3
26799,I1KSX5
26800,I1KSX8
26801,I1KSY0
26802,I1KSY3
26803,I1KSY5
26804,I1KSY9
26805,I1KSZ0
26806,I1KSZ2
26807,I1KSZ3
26808,I1KSZ6
26809,I1KSZ7
26810,I1KT03
26811,I1KT05
26812,I1KT06
26813,I1KT07
26814,I1KT08
26815,I1KT09
26816,I1KT10
26817,I1KT11
26818,I1KT12
26819,I1KT24
26820,I1KT31
26821,I1KT32
26822,I1KT33
26823,I1KT34
26824,I1KT36
26825,I1KT37
26826,I1KT38
26827,I1KT40
26828,I1KT43
26829,I1KT48
26830,I1KT54
26831,I1KT56
26832,I1KT60
26833,I1KT64
26834,I1KT65
26835,I1KT67
26836,I1KT72
26837,I1KT78
26838,I1KT81
26839,I1KT85
26840,I1KT86
26841,I1KT87
26842,I1KT88
26843,I1KT90
26844,I1KT92
26845,I1KT94
26846,I1KTA4
26847,I1KTA5
26848,I1KTB0
26849,I1KTB9
26850,I1KTC2
26851,I1KTC3
26852,I1KTC4
26853,I1KTD3
26854,I1KTD4
26855,I1KTD5
26856,I1KTD7
26857,I1KTE1
26858,I1KTE2
26859,I1KTE5
26860,I1KTF2
26861,I1KTF7
26862,I1KTF8
26863,I1KTF9
26864,I1KTG2
26865,I1KTG3
26866,I1KTG4
26867,I1KTG6
26868,I1KTG7
26869,I1KTG8
26870,I1KTG9
26871,I1KTH1
26872,I1KTH6
26873,I1KTI0
26874,I1KTI1
26875,I1KTI4
26876,I1KTJ3
26877,I1KTJ6
26878,I1KTJ7
26879,I1KTK0
26880,I1KTK3
26881,I1KTK7
26882,I1KTK8
26883,I1KTK9
26884,I1KTL3
26885,I1KTL8
26886,I1KTL9
26887,I1KTM1
26888,I1KTM3
26889,I1KTM8
26890,I1KTN4
26891,I1KTN7
26892,I1KTP1
26893,I1KTP2
26894,I1KTP4
26895,I1KTP6
26896,I1KTP9
26897,I1KTQ0
26898,I1KTQ4
26899,I1KTQ5
26900,I1KTQ6
26901,I1KTQ8
26902,I1KTQ9
26903,I1KTR2
26904,I1KTR5
26905,I1KTR7
26906,I1KTS3
26907,I1KTS4
26908,I1KTS9
26909,I1KTT7
26910,I1KTT9
26911,I1KTU1
26912,I1KTU5
26913,I1KTU6
26914,I1KTU7
26915,I1KTV1
26916,I1KTV2
26917,I1KTV3
26918,I1KTV4
26919,I1KTV9
26920,I1KTW0
26921,I1KTW1
26922,I1KTW3
26923,I1KTW4
26924,I1KTW9
26925,I1KTX1
26926,I1KTX5
26927,I1KTX6
26928,I1KTX8
26929,I1KTX9
26930,I1KTY0
26931,I1KTY1
26932,I1KTY2
26933,I1KTY3
26934,I1KTY5
26935,I1KTY6
26936,I1KTY9
26937,I1KTZ8
26938,I1KTZ9
26939,I1KU00
26940,I1KU04
26941,I1KU07
26942,I1KU09
26943,I1KU11
26944,I1KU12
26945,I1KU18
26946,I1KU21
26947,I1KU26
26948,I1KU27
26949,I1KU30
26950,I1KU31
26951,I1KU36
26952,I1KU37
26953,I1KU39
26954,I1KU42
26955,I1KU44
26956,I1KU45
26957,I1KU46
26958,I1KU50
26959,I1KU57
26960,I1KU59
26961,I1KU61
26962,I1KU63
26963,I1KU65
26964,I1KU69
26965,I1KU72
26966,I1KU76
26967,I1KU77
26968,I1KU78
26969,I1KU79
26970,I1KU82
26971,I1KU83
26972,I1KU87
26973,I1KU88
26974,I1KU89
26975,I1KU98
26976,I1KU99
26977,I1KUA7
26978,I1KUA8
26979,I1KUA9
26980,I1KUB0
26981,I1KUB2
26982,I1KUB3
26983,I1KUB4
26984,I1KUB5
26985,I1KUC0
26986,I1KUC2
26987,I1KUC7
26988,I1KUC8
26989,I1KUC9
26990,I1KUD1
26991,I1KUD4
26992,I1KUD5
26993,I1KUE5
26994,I1KUE6
26995,I1KUE7
26996,I1KUE8
26997,I1KUE9
26998,I1KUF0
26999,I1KUF1
27000,I1KUF3
27001,I1KUF4
27002,I1KUF9
27003,I1KUG0
27004,I1KUG4
27005,I1KUG6
27006,I1KUG8
27007,I1KUH2
27008,I1KUH3
27009,I1KUH4
27010,I1KUH5
27011,I1KUI9
27012,I1KUJ2
27013,I1KUJ6
27014,I1KUJ7
27015,I1KUK0
27016,I1KUK4
27017,I1KUK5
27018,I1KUK6
27019,I1KUK8
27020,I1KUK9
27021,I1KUL0
27022,I1KUL4
27023,I1KUL7
27024,I1KUL8
27025,I1KUM0
27026,I1KUM2
27027,I1KUM3
27028,I1KUM4
27029,I1KUM5
27030,I1KUM7
27031,I1KUM8
27032,I1KUN0
27033,I1KUN2
27034,I1KUN4
27035,I1KUN5
27036,I1KUN6
27037,I1KUN7
27038,I1KUN9
27039,I1KUP1
27040,I1KUP2
27041,I1KUP5
27042,I1KUP6
27043,I1KUQ0
27044,I1KUQ2
27045,I1KUQ3
27046,I1KUQ6
27047,I1KUQ7
27048,I1KUQ9
27049,I1KUR0
27050,I1KUR4
27051,I1KUR5
27052,I1KUS2
27053,I1KUS3
27054,I1KUS5
27055,I1KUS8
27056,I1KUT3
27057,I1KUT8
27058,I1KUU0
27059,I1KUU5
27060,I1KUU6
27061,I1KUU7
27062,I1KUU8
27063,I1KUV0
27064,I1KUV3
27065,I1KUV4
27066,I1KUV6
27067,I1KUV8
27068,I1KUW0
27069,I1KUW1
27070,I1KUW2
27071,I1KUW3
27072,I1KUW8
27073,I1KUX3
27074,I1KUX4
27075,I1KUX8
27076,I1KUY0
27077,I1KUY3
27078,I1KV01
27079,I1KV03
27080,I1KV06
27081,I1KV07
27082,I1KV08
27083,I1KV09
27084,I1KV14
27085,I1KV15
27086,I1KV18
27087,I1KV19
27088,I1KV22
27089,I1KV23
27090,I1KV25
27091,I1KV28
27092,I1KV29
27093,I1KV30
27094,I1KV32
27095,I1KV36
27096,I1KV37
27097,I1KV38
27098,I1KV39
27099,I1KV43
27100,I1KV46
27101,I1KV48
27102,I1KV51
27103,I1KV55
27104,I1KV57
27105,I1KV58
27106,I1KV60
27107,I1KV61
27108,I1KV64
27109,I1KV65
27110,I1KV67
27111,I1KV70
27112,I1KV72
27113,I1KV74
27114,I1KV77
27115,I1KV79
27116,I1KV80
27117,I1KV82
27118,I1KV86
27119,I1KV87
27120,I1KV88
27121,I1KV89
27122,I1KV90
27123,I1KV92
27124,I1KV96
27125,I1KV97
27126,I1KV99
27127,I1KVA0
27128,I1KVA1
27129,I1KVA2
27130,I1KVA3
27131,I1KVA4
27132,I1KVA5
27133,I1KVA7
27134,I1KVA8
27135,I1KVA9
27136,I1KVB0
27137,I1KVB6
27138,I1KVB9
27139,I1KVC1
27140,I1KVC4
27141,I1KVC5
27142,I1KVC7
27143,I1KVC8
27144,I1KVD4
27145,I1KVD7
27146,I1KVD9
27147,I1KVE9
27148,I1KVF0
27149,I1KVF1
27150,I1KVF2
27151,I1KVF3
27152,I1KVF5
27153,I1KVF7
27154,I1KVF9
27155,I1KVG2
27156,I1KVG3
27157,I1KVG4
27158,I1KVG6
27159,I1KVG8
27160,I1KVG9
27161,I1KVH4
27162,I1KVI8
27163,I1KVJ0
27164,I1KVJ5
27165,I1KVJ7
27166,I1KVJ8
27167,I1KVK0
27168,I1KVK3
27169,I1KVK5
27170,I1KVK6
27171,I1KVL0
27172,I1KVL4
27173,I1KVL7
27174,I1KVM5
27175,I1KVM7
27176,I1KVM9
27177,I1KVN3
27178,I1KVN8
27179,I1KVN9
27180,I1KVP1
27181,I1KVP4
27182,I1KVP9
27183,I1KVQ2
27184,I1KVQ4
27185,I1KVQ6
27186,I1KVQ7
27187,I1KVR2
27188,I1KVR4
27189,I1KVR6
27190,I1KVR8
27191,I1KVS1
27192,I1KVS3
27193,I1KVS6
27194,I1KVS8
27195,I1KVT1
27196,I1KVT3
27197,I1KVT4
27198,I1KVT5
27199,I1KVT9
27200,I1KVU0
27201,I1KVU2
27202,I1KVU5
27203,I1KVU6
27204,I1KVU7
27205,I1KVV0
27206,I1KVV7
27207,I1KVV8
27208,I1KVW4
27209,I1KVW6
27210,I1KVW9
27211,I1KVX1
27212,I1KVX6
27213,I1KVX7
27214,I1KVX9
27215,I1KVY1
27216,I1KVY3
27217,I1KVY5
27218,I1KVZ0
27219,I1KVZ2
27220,I1KVZ5
27221,I1KVZ9
27222,I1KW02
27223,I1KW03
27224,I1KW08
27225,I1KW09
27226,I1KW13
27227,I1KW14
27228,I1KW15
27229,I1KW16
27230,I1KW20
27231,I1KW21
27232,I1KW22
27233,I1KW26
27234,I1KW27
27235,I1KW28
27236,I1KW32
27237,I1KW34
27238,I1KW41
27239,I1KW46
27240,I1KW47
27241,I1KW51
27242,I1KW53
27243,I1KW54
27244,I1KW55
27245,I1KW58
27246,I1KW60
27247,I1KW74
27248,I1KW78
27249,I1KW85
27250,I1KW87
27251,I1KW90
27252,I1KW91
27253,I1KW96
27254,I1KW97
27255,I1KWA0
27256,I1KWA3
27257,I1KWA5
27258,I1KWA9
27259,I1KWB3
27260,I1KWB6
27261,I1KWB8
27262,I1KWB9
27263,I1KWC0
27264,I1KWC5
27265,I1KWC6
27266,I1KWC8
27267,I1KWC9
27268,I1KWD0
27269,I1KWD5
27270,I1KWD6
27271,I1KWD7
27272,I1KWD8
27273,I1KWD9
27274,I1KWE5
27275,I1KWE6
27276,I1KWE7
27277,I1KWE8
27278,I1KWF2
27279,I1KWF3
27280,I1KWF4
27281,I1KWF6
27282,I1KWF7
27283,I1KWF8
27284,I1KWG1
27285,I1KWG4
27286,I1KWG6
27287,I1KWG9
27288,I1KWH2
27289,I1KWH3
27290,I1KWH6
27291,I1KWH7
27292,I1KWH8
27293,I1KWI0
27294,I1KWI2
27295,I1KWI8
27296,I1KWJ0
27297,I1KWJ3
27298,I1KWJ4
27299,I1KWJ8
27300,I1KWK5
27301,I1KWK6
27302,I1KWK9
27303,I1KWL0
27304,I1KWL1
27305,I1KWL2
27306,I1KWM1
27307,I1KWM4
27308,I1KWM5
27309,I1KWM7
27310,I1KWM8
27311,I1KWN1
27312,I1KWN4
27313,I1KWN6
27314,I1KWN7
27315,I1KWN9
27316,I1KWP1
27317,I1KWP9
27318,I1KWQ2
27319,I1KWQ3
27320,I1KWQ4
27321,I1KWQ5
27322,I1KWR2
27323,I1KWR3
27324,I1KWR5
27325,I1KWR6
27326,I1KWR8
27327,I1KWR9
27328,I1KWS1
27329,I1KWS2
27330,I1KWS3
27331,I1KWS8
27332,I1KWT3
27333,I1KWT4
27334,I1KWT9
27335,I1KWU0
27336,I1KWU1
27337,I1KWU2
27338,I1KWU4
27339,I1KWU5
27340,I1KWU6
27341,I1KWU8
27342,I1KWU9
27343,I1KWV4
27344,I1KWV5
27345,I1KWW6
27346,I1KWX1
27347,I1KWX3
27348,I1KWX4
27349,I1KWX8
27350,I1KWY3
27351,I1KWY6
27352,I1KWZ1
27353,I1KWZ3
27354,I1KWZ5
27355,I1KX00
27356,I1KX04
27357,I1KX07
27358,I1KX10
27359,I1KX12
27360,I1KX15
27361,I1KX21
27362,I1KX25
27363,I1KX28
27364,I1KX34
27365,I1KX38
27366,I1KX40
27367,I1KX41
27368,I1KX42
27369,I1KX44
27370,I1KX47
27371,I1KX48
27372,I1KX49
27373,I1KX51
27374,I1KX54
27375,I1KX56
27376,I1KX60
27377,I1KX75
27378,I1KX76
27379,I1KX80
27380,I1KX83
27381,I1KX90
27382,I1KX92
27383,I1KX93
27384,I1KX97
27385,I1KX98
27386,I1KX99
27387,I1KXA1
27388,I1KXA2
27389,I1KXA7
27390,I1KXB0
27391,I1KXB5
27392,I1KXB6
27393,I1KXB7
27394,I1KXB8
27395,I1KXB9
27396,I1KXC0
27397,I1KXC2
27398,I1KXC5
27399,I1KXC6
27400,I1KXC9
27401,I1KXD0
27402,I1KXD1
27403,I1KXD2
27404,I1KXD4
27405,I1KXD5
27406,I1KXE1
27407,I1KXE6
27408,I1KXE7
27409,I1KXE8
27410,I1KXF0
27411,I1KXF4
27412,I1KXF7
27413,I1KXF9
27414,I1KXG0
27415,I1KXG2
27416,I1KXG3
27417,I1KXG4
27418,I1KXG9
27419,I1KXH0
27420,I1KXH3
27421,I1KXH7
27422,I1KXI0
27423,I1KXI3
27424,I1KXI5
27425,I1KXI7
27426,I1KXI8
27427,I1KXJ3
27428,I1KXJ5
27429,I1KXJ6
27430,I1KXJ7
27431,I1KXJ9
27432,I1KXK1
27433,I1KXK2
27434,I1KXK6
27435,I1KXK7
27436,I1KXL2
27437,I1KXL7
27438,I1KXL8
27439,I1KXL9
27440,I1KXM1
27441,I1KXM5
27442,I1KXM8
27443,I1KXN0
27444,I1KXN1
27445,I1KXN4
27446,I1KXN5
27447,I1KXN7
27448,I1KXN8
27449,I1KXN9
27450,I1KXP0
27451,I1KXP3
27452,I1KXP4
27453,I1KXP5
27454,I1KXP8
27455,I1KXP9
27456,I1KXQ1
27457,I1KXQ2
27458,I1KXQ3
27459,I1KXQ7
27460,I1KXQ8
27461,I1KXR3
27462,I1KXR4
27463,I1KXR7
27464,I1KXR8
27465,I1KXR9
27466,I1KXS0
27467,I1KXS1
27468,I1KXS2
27469,I1KXS4
27470,I1KXS7
27471,I1KXS8
27472,I1KXS9
27473,I1KXT0
27474,I1KXT4
27475,I1KXT7
27476,I1KXU2
27477,I1KXU3
27478,I1KXU4
27479,I1KXU8
27480,I1KXU9
27481,I1KXV2
27482,I1KXV5
27483,I1KXV6
27484,I1KXV7
27485,I1KXW2
27486,I1KXW5
27487,I1KXW6
27488,I1KXW8
27489,I1KXW9
27490,I1KXX0
27491,I1KXX1
27492,I1KXX2
27493,I1KXX3
27494,I1KXX6
27495,I1KXX7
27496,I1KXY2
27497,I1KXY3
27498,I1KXY6
27499,I1KXY7
27500,I1KXZ0
27501,I1KXZ3
27502,I1KXZ5
27503,I1KY00
27504,I1KY01
27505,I1KY04
27506,I1KY05
27507,I1KY06
27508,I1KY08
27509,I1KY09
27510,I1KY13
27511,I1KY15
27512,I1KY16
27513,I1KY20
27514,I1KY22
27515,I1KY24
27516,I1KY25
27517,I1KY27
27518,I1KY31
27519,I1KY33
27520,I1KY39
27521,I1KY41
27522,I1KY45
27523,I1KY46
27524,I1KY47
27525,I1KY49
27526,I1KY50
27527,I1KY51
27528,I1KY57
27529,I1KY58
27530,I1KY68
27531,I1KY70
27532,I1KY73
27533,I1KY75
27534,I1KY77
27535,I1KY80
27536,I1KY82
27537,I1KY83
27538,I1KY86
27539,I1KY89
27540,I1KY91
27541,I1KYA1
27542,I1KYA3
27543,I1KYA5
27544,I1KYA7
27545,I1KYB0
27546,I1KYB1
27547,I1KYB6
27548,I1KYC2
27549,I1KYC3
27550,I1KYC4
27551,I1KYC6
27552,I1KYC8
27553,I1KYD2
27554,I1KYD6
27555,I1KYE1
27556,I1KYE3
27557,I1KYE4
27558,I1KYE5
27559,I1KYE6
27560,I1KYE8
27561,I1KYF1
27562,I1KYF2
27563,I1KYF3
27564,I1KYF4
27565,I1KYF6
27566,I1KYF7
27567,I1KYF8
27568,I1KYF9
27569,I1KYG2
27570,I1KYG3
27571,I1KYG4
27572,I1KYG5
27573,I1KYG7
27574,I1KYG8
27575,I1KYH0
27576,I1KYH1
27577,I1KYH2
27578,I1KYH4
27579,I1KYH7
27580,I1KYH8
27581,I1KYH9
27582,I1KYI0
27583,I1KYI2
27584,I1KYI4
27585,I1KYI8
27586,I1KYI9
27587,I1KYJ0
27588,I1KYJ4
27589,I1KYJ6
27590,I1KYJ7
27591,I1KYK0
27592,I1KYK3
27593,I1KYK7
27594,I1KYK8
27595,I1KYL0
27596,I1KYL2
27597,I1KYL4
27598,I1KYM3
27599,I1KYM4
27600,I1KYM5
27601,I1KYM8
27602,I1KYM9
27603,I1KYN2
27604,I1KYP1
27605,I1KYP3
27606,I1KYP4
27607,I1KYP5
27608,I1KYP9
27609,I1KYQ1
27610,I1KYQ2
27611,I1KYQ3
27612,I1KYQ5
27613,I1KYQ7
27614,I1KYR6
27615,I1KYS1
27616,I1KYS4
27617,I1KYS5
27618,I1KYS6
27619,I1KYS7
27620,I1KYS8
27621,I1KYS9
27622,I1KYT2
27623,I1KYT5
27624,I1KYT6
27625,I1KYT8
27626,I1KYU1
27627,I1KYU6
27628,I1KYU8
27629,I1KYU9
27630,I1KYV2
27631,I1KYV5
27632,I1KYV7
27633,I1KYW3
27634,I1KYW5
27635,I1KYW8
27636,I1KYW9
27637,I1KYX0
27638,I1KYX1
27639,I1KYX2
27640,I1KYX3
27641,I1KYX5
27642,I1KYX6
27643,I1KYX8
27644,I1KYX9
27645,I1KYY0
27646,I1KYY2
27647,I1KYY3
27648,I1KYY4
27649,I1KYY6
27650,I1KYY8
27651,I1KYZ5
27652,I1KYZ7
27653,I1KYZ9
27654,I1KZ04
27655,I1KZ05
27656,I1KZ06
27657,I1KZ08
27658,I1KZ09
27659,I1KZ11
27660,I1KZ12
27661,I1KZ13
27662,I1KZ15
27663,I1KZ20
27664,I1KZ22
27665,I1KZ23
27666,I1KZ25
27667,I1KZ26
27668,I1KZ27
27669,I1KZ28
27670,I1KZ32
27671,I1KZ34
27672,I1KZ37
27673,I1KZ38
27674,I1KZ40
27675,I1KZ41
27676,I1KZ42
27677,I1KZ43
27678,I1KZ45
27679,I1KZ46
27680,I1KZ53
27681,I1KZ54
27682,I1KZ55
27683,I1KZ59
27684,I1KZ61
27685,I1KZ71
27686,I1KZ72
27687,I1KZ76
27688,I1KZ77
27689,I1KZ84
27690,I1KZ85
27691,I1KZ86
27692,I1KZ87
27693,I1KZ90
27694,I1KZ93
27695,I1KZ96
27696,I1KZ97
27697,I1KZ98
27698,I1KZA2
27699,I1KZA3
27700,I1KZA4
27701,I1KZA6
27702,I1KZB1
27703,I1KZB4
27704,I1KZB5
27705,I1KZB7
27706,I1KZB8
27707,I1KZC7
27708,I1KZC9
27709,I1KZD1
27710,I1KZD2
27711,I1KZD4
27712,I1KZD5
27713,I1KZD6
27714,I1KZD7
27715,I1KZD8
27716,I1KZD9
27717,I1KZE2
27718,I1KZE5
27719,I1KZE6
27720,I1KZE8
27721,I1KZF1
27722,I1KZF2
27723,I1KZF8
27724,I1KZG0
27725,I1KZG5
27726,I1KZG6
27727,I1KZG7
27728,I1KZH4
27729,I1KZH6
27730,I1KZH9
27731,I1KZI0
27732,I1KZI1
27733,I1KZI2
27734,I1KZI4
27735,I1KZI6
27736,I1KZI9
27737,I1KZJ0
27738,I1KZJ3
27739,I1KZJ5
27740,I1KZJ6
27741,I1KZJ7
27742,I1KZJ8
27743,I1KZJ9
27744,I1KZK0
27745,I1KZK2
27746,I1KZK6
27747,I1KZK7
27748,I1KZL0
27749,I1KZL2
27750,I1KZL6
27751,I1KZL9
27752,I1KZM0
27753,I1KZM2
27754,I1KZM4
27755,I1KZM6
27756,I1KZM7
27757,I1KZN2
27758,I1KZP3
27759,I1KZP9
27760,I1KZQ1
27761,I1KZQ2
27762,I1KZQ6
27763,I1KZR0
27764,I1KZR2
27765,I1KZR4
27766,I1KZR6
27767,I1KZR7
27768,I1KZS0
27769,I1KZS1
27770,I1KZS2
27771,I1KZS3
27772,I1KZS5
27773,I1KZS6
27774,I1KZT0
27775,I1KZT9
27776,I1KZU0
27777,I1KZU1
27778,I1KZU3
27779,I1KZU4
27780,I1KZU5
27781,I1KZU7
27782,I1KZU8
27783,I1KZU9
27784,I1KZV1
27785,I1KZV6
27786,I1KZV7
27787,I1KZV8
27788,I1KZV9
27789,I1KZW0
27790,I1KZW1
27791,I1KZW3
27792,I1KZW4
27793,I1KZW7
27794,I1KZW8
27795,I1KZW9
27796,I1KZX0
27797,I1KZX1
27798,I1KZX3
27799,I1KZX5
27800,I1KZX6
27801,I1KZX8
27802,I1KZY0
27803,I1KZY3
27804,I1KZY4
27805,I1KZY5
27806,I1KZY7
27807,I1KZY8
27808,I1KZY9
27809,I1KZZ3
27810,I1KZZ6
27811,I1L001
27812,I1L002
27813,I1L003
27814,I1L007
27815,I1L008
27816,I1L009
27817,I1L011
27818,I1L013
27819,I1L016
27820,I1L017
27821,I1L018
27822,I1L021
27823,I1L023
27824,I1L024
27825,I1L026
27826,I1L028
27827,I1L029
27828,I1L032
27829,I1L033
27830,I1L037
27831,I1L038
27832,I1L039
27833,I1L041
27834,I1L044
27835,I1L046
27836,I1L047
27837,I1L048
27838,I1L053
27839,I1L056
27840,I1L057
27841,I1L062
27842,I1L063
27843,I1L066
27844,I1L068
27845,I1L069
27846,I1L070
27847,I1L071
27848,I1L074
27849,I1L075
27850,I1L079
27851,I1L080
27852,I1L084
27853,I1L085
27854,I1L088
27855,I1L089
27856,I1L090
27857,I1L091
27858,I1L092
27859,I1L094
27860,I1L097
27861,I1L0A1
27862,I1L0A2
27863,I1L0A9
27864,I1L0B1
27865,I1L0B2
27866,I1L0B5
27867,I1L0B7
27868,I1L0C5
27869,I1L0C7
27870,I1L0C8
27871,I1L0D0
27872,I1L0D2
27873,I1L0D3
27874,I1L0D5
27875,I1L0D6
27876,I1L0D8
27877,I1L0D9
27878,I1L0E0
27879,I1L0E3
27880,I1L0E5
27881,I1L0E9
27882,I1L0F0
27883,I1L0F5
27884,I1L0F6
27885,I1L0F8
27886,I1L0G0
27887,I1L0G2
27888,I1L0G6
27889,I1L0G8
27890,I1L0G9
27891,I1L0H0
27892,I1L0H3
27893,I1L0H6
27894,I1L0H7
27895,I1L0H8
27896,I1L0H9
27897,I1L0I0
27898,I1L0I8
27899,I1L0J0
27900,I1L0J1
27901,I1L0J3
27902,I1L0J4
27903,I1L0J6
27904,I1L0J7
27905,I1L0J8
27906,I1L0K5
27907,I1L0K8
27908,I1L0L0
27909,I1L0L6
27910,I1L0M1
27911,I1L0M4
27912,I1L0M5
27913,I1L0M6
27914,I1L0M7
27915,I1L0M9
27916,I1L0N0
27917,I1L0N1
27918,I1L0N3
27919,I1L0N4
27920,I1L0P2
27921,I1L0P4
27922,I1L0P5
27923,I1L0P8
27924,I1L0Q4
27925,I1L0Q5
27926,I1L0Q6
27927,I1L0Q9
27928,I1L0R1
27929,I1L0R5
27930,I1L0R6
27931,I1L0R8
27932,I1L0R9
27933,I1L0S0
27934,I1L0S5
27935,I1L0S6
27936,I1L0T1
27937,I1L0T3
27938,I1L0T4
27939,I1L0U0
27940,I1L0U1
27941,I1L0U5
27942,I1L0U6
27943,I1L0U7
27944,I1L0U8
27945,I1L0U9
27946,I1L0V0
27947,I1L0V3
27948,I1L0V9
27949,I1L0W3
27950,I1L0W6
27951,I1L0W7
27952,I1L0W9
27953,I1L0X0
27954,I1L0X1
27955,I1L0X2
27956,I1L0X3
27957,I1L0X6
27958,I1L0X7
27959,I1L0Y0
27960,I1L0Y2
27961,I1L0Y4
27962,I1L0Y5
27963,I1L0Y9
27964,I1L0Z5
27965,I1L0Z6
27966,I1L0Z7
27967,I1L0Z8
27968,I1L100
27969,I1L102
27970,I1L108
27971,I1L109
27972,I1L112
27973,I1L113
27974,I1L117
27975,I1L118
27976,I1L119
27977,I1L122
27978,I1L123
27979,I1L128
27980,I1L129
27981,I1L135
27982,I1L136
27983,I1L138
27984,I1L139
27985,I1L142
27986,I1L146
27987,I1L147
27988,I1L149
27989,I1L151
27990,I1L152
27991,I1L153
27992,I1L157
27993,I1L158
27994,I1L164
27995,I1L165
27996,I1L171
27997,I1L175
27998,I1L178
27999,I1L180
28000,I1L182
28001,I1L193
28002,I1L196
28003,I1L1A1
28004,I1L1A2
28005,I1L1A5
28006,I1L1A6
28007,I1L1A7
28008,I1L1A8
28009,I1L1B0
28010,I1L1B7
28011,I1L1B8
28012,I1L1C3
28013,I1L1C4
28014,I1L1C7
28015,I1L1D1
28016,I1L1D2
28017,I1L1D4
28018,I1L1D5
28019,I1L1D7
28020,I1L1D8
28021,I1L1D9
28022,I1L1E2
28023,I1L1E8
28024,I1L1F0
28025,I1L1F3
28026,I1L1F5
28027,I1L1F6
28028,I1L1F7
28029,I1L1G0
28030,I1L1G9
28031,I1L1H1
28032,I1L1H2
28033,I1L1H5
28034,I1L1H6
28035,I1L1H8
28036,I1L1I2
28037,I1L1I7
28038,I1L1I8
28039,I1L1J0
28040,I1L1J2
28041,I1L1J3
28042,I1L1J8
28043,I1L1K0
28044,I1L1K1
28045,I1L1K3
28046,I1L1K7
28047,I1L1K9
28048,I1L1L1
28049,I1L1L2
28050,I1L1L3
28051,I1L1M1
28052,I1L1M9
28053,I1L1N3
28054,I1L1N4
28055,I1L1N5
28056,I1L1N8
28057,I1L1N9
28058,I1L1P0
28059,I1L1P1
28060,I1L1P4
28061,I1L1P9
28062,I1L1Q3
28063,I1L1Q5
28064,I1L1Q6
28065,I1L1Q7
28066,I1L1Q8
28067,I1L1R1
28068,I1L1R5
28069,I1L1R7
28070,I1L1R9
28071,I1L1S1
28072,I1L1S2
28073,I1L1S4
28074,I1L1S9
28075,I1L1T2
28076,I1L1T5
28077,I1L1T7
28078,I1L1T9
28079,I1L1U0
28080,I1L1U1
28081,I1L1U2
28082,I1L1V1
28083,I1L1V2
28084,I1L1V3
28085,I1L1W0
28086,I1L1W5
28087,I1L1W7
28088,I1L1X0
28089,I1L1X1
28090,I1L1X4
28091,I1L1X6
28092,I1L1X8
28093,I1L1Y0
28094,I1L1Y1
28095,I1L1Y7
28096,I1L1Z5
28097,I1L1Z6
28098,I1L1Z7
28099,I1L1Z9
28100,I1L206
28101,I1L209
28102,I1L210
28103,I1L214
28104,I1L215
28105,I1L219
28106,I1L224
28107,I1L225
28108,I1L226
28109,I1L227
28110,I1L228
28111,I1L229
28112,I1L232
28113,I1L233
28114,I1L234
28115,I1L235
28116,I1L239
28117,I1L241
28118,I1L248
28119,I1L250
28120,I1L252
28121,I1L257
28122,I1L265
28123,I1L267
28124,I1L271
28125,I1L273
28126,I1L280
28127,I1L281
28128,I1L282
28129,I1L285
28130,I1L286
28131,I1L287
28132,I1L288
28133,I1L290
28134,I1L295
28135,I1L298
28136,I1L2A0
28137,I1L2A6
28138,I1L2A8
28139,I1L2B0
28140,I1L2B3
28141,I1L2B4
28142,I1L2B7
28143,I1L2B8
28144,I1L2B9
28145,I1L2C2
28146,I1L2C7
28147,I1L2D3
28148,I1L2D7
28149,I1L2E0
28150,I1L2E2
28151,I1L2E3
28152,I1L2E4
28153,I1L2E9
28154,I1L2F0
28155,I1L2F4
28156,I1L2F8
28157,I1L2G1
28158,I1L2G2
28159,I1L2G5
28160,I1L2G7
28161,I1L2H4
28162,I1L2I0
28163,I1L2I7
28164,I1L2J1
28165,I1L2J3
28166,I1L2J6
28167,I1L2J7
28168,I1L2K5
28169,I1L2K9
28170,I1L2L1
28171,I1L2L4
28172,I1L2L8
28173,I1L2M0
28174,I1L2M2
28175,I1L2M5
28176,I1L2M6
28177,I1L2N0
28178,I1L2N2
28179,I1L2N3
28180,I1L2N9
28181,I1L2P3
28182,I1L2P4
28183,I1L2P7
28184,I1L2Q0
28185,I1L2Q4
28186,I1L2Q5
28187,I1L2R2
28188,I1L2R6
28189,I1L2S0
28190,I1L2S6
28191,I1L2S8
28192,I1L2T0
28193,I1L2T1
28194,I1L2T4
28195,I1L2T5
28196,I1L2T8
28197,I1L2U1
28198,I1L2U8
28199,I1L2V6
28200,I1L2V9
28201,I1L2W3
28202,I1L2W4
28203,I1L2W5
28204,I1L2W9
28205,I1L2X5
28206,I1L2X9
28207,I1L2Y3
28208,I1L2Y4
28209,I1L2Y5
28210,I1L2Y7
28211,I1L2Z0
28212,I1L2Z1
28213,I1L2Z2
28214,I1L2Z5
28215,I1L2Z8
28216,I1L2Z9
28217,I1L304
28218,I1L307
28219,I1L309
28220,I1L311
28221,I1L312
28222,I1L314
28223,I1L317
28224,I1L319
28225,I1L324
28226,I1L327
28227,I1L330
28228,I1L332
28229,I1L338
28230,I1L339
28231,I1L340
28232,I1L341
28233,I1L345
28234,I1L348
28235,I1L354
28236,I1L363
28237,I1L364
28238,I1L365
28239,I1L367
28240,I1L372
28241,I1L377
28242,I1L386
28243,I1L387
28244,I1L396
28245,I1L397
28246,I1L3A0
28247,I1L3A7
28248,I1L3A9
28249,I1L3B0
28250,I1L3B1
28251,I1L3B4
28252,I1L3B8
28253,I1L3C1
28254,I1L3C2
28255,I1L3C5
28256,I1L3C6
28257,I1L3C9
28258,I1L3D1
28259,I1L3D3
28260,I1L3E1
28261,I1L3E3
28262,I1L3F0
28263,I1L3F5
28264,I1L3F6
28265,I1L3F8
28266,I1L3F9
28267,I1L3G0
28268,I1L3G4
28269,I1L3H0
28270,I1L3H1
28271,I1L3H6
28272,I1L3H8
28273,I1L3I1
28274,I1L3I9
28275,I1L3J0
28276,I1L3J2
28277,I1L3J4
28278,I1L3J5
28279,I1L3J6
28280,I1L3J8
28281,I1L3K0
28282,I1L3K1
28283,I1L3K3
28284,I1L3K5
28285,I1L3K6
28286,I1L3K7
28287,I1L3K8
28288,I1L3L0
28289,I1L3L1
28290,I1L3L2
28291,I1L3L3
28292,I1L3L5
28293,I1L3L7
28294,I1L3L8
28295,I1L3M3
28296,I1L3M6
28297,I1L3N3
28298,I1L3N4
28299,I1L3N6
28300,I1L3N8
28301,I1L3P0
28302,I1L3P1
28303,I1L3P2
28304,I1L3P5
28305,I1L3P6
28306,I1L3P9
28307,I1L3Q2
28308,I1L3Q3
28309,I1L3Q4
28310,I1L3Q5
28311,I1L3Q6
28312,I1L3Q7
28313,I1L3R0
28314,I1L3R1
28315,I1L3R2
28316,I1L3R4
28317,I1L3R6
28318,I1L3R9
28319,I1L3S1
28320,I1L3S2
28321,I1L3S5
28322,I1L3S8
28323,I1L3S9
28324,I1L3T1
28325,I1L3T2
28326,I1L3T4
28327,I1L3T6
28328,I1L3T9
28329,I1L3U0
28330,I1L3V2
28331,I1L3V3
28332,I1L3V4
28333,I1L3V7
28334,I1L3W2
28335,I1L3W4
28336,I1L3W7
28337,I1L3W9
28338,I1L3X2
28339,I1L3X6
28340,I1L3X9
28341,I1L3Y3
28342,I1L3Y5
28343,I1L3Y8
28344,I1L3Y9
28345,I1L3Z1
28346,I1L3Z2
28347,I1L3Z6
28348,I1L3Z7
28349,I1L3Z8
28350,I1L3Z9
28351,I1L401
28352,I1L402
28353,I1L405
28354,I1L409
28355,I1L412
28356,I1L414
28357,I1L419
28358,I1L420
28359,I1L423
28360,I1L425
28361,I1L435
28362,I1L437
28363,I1L441
28364,I1L443
28365,I1L447
28366,I1L456
28367,I1L460
28368,I1L462
28369,I1L464
28370,I1L467
28371,I1L468
28372,I1L474
28373,I1L475
28374,I1L478
28375,I1L481
28376,I1L482
28377,I1L484
28378,I1L485
28379,I1L486
28380,I1L490
28381,I1L491
28382,I1L494
28383,I1L495
28384,I1L496
28385,I1L497
28386,I1L4A0
28387,I1L4A9
28388,I1L4B0
28389,I1L4B1
28390,I1L4B4
28391,I1L4B5
28392,I1L4B6
28393,I1L4B8
28394,I1L4C4
28395,I1L4C5
28396,I1L4C8
28397,I1L4D2
28398,I1L4D3
28399,I1L4D5
28400,I1L4D9
28401,I1L4E0
28402,I1L4E2
28403,I1L4E4
28404,I1L4E5
28405,I1L4E6
28406,I1L4F2
28407,I1L4F3
28408,I1L4F4
28409,I1L4F7
28410,I1L4F8
28411,I1L4G5
28412,I1L4G7
28413,I1L4H0
28414,I1L4H1
28415,I1L4H4
28416,I1L4I0
28417,I1L4I1
28418,I1L4I2
28419,I1L4I3
28420,I1L4I4
28421,I1L4I5
28422,I1L4I7
28423,I1L4I8
28424,I1L4I9
28425,I1L4J2
28426,I1L4J5
28427,I1L4J6
28428,I1L4J8
28429,I1L4J9
28430,I1L4K0
28431,I1L4K1
28432,I1L4K3
28433,I1L4K7
28434,I1L4K9
28435,I1L4L0
28436,I1L4L2
28437,I1L4L3
28438,I1L4L5
28439,I1L4L8
28440,I1L4L9
28441,I1L4M1
28442,I1L4M5
28443,I1L4M9
28444,I1L4N0
28445,I1L4N1
28446,I1L4N4
28447,I1L4N6
28448,I1L4N8
28449,I1L4P0
28450,I1L4P2
28451,I1L4P3
28452,I1L4P7
28453,I1L4Q0
28454,I1L4Q1
28455,I1L4Q4
28456,I1L4Q5
28457,I1L4Q8
28458,I1L4R0
28459,I1L4R2
28460,I1L4R3
28461,I1L4R4
28462,I1L4R5
28463,I1L4R7
28464,I1L4R9
28465,I1L4S0
28466,I1L4S1
28467,I1L4S3
28468,I1L4S5
28469,I1L4S6
28470,I1L4S8
28471,I1L4T1
28472,I1L4T3
28473,I1L4T5
28474,I1L4T9
28475,I1L4U1
28476,I1L4U2
28477,I1L4U3
28478,I1L4U7
28479,I1L4V4
28480,I1L4V5
28481,I1L4V8
28482,I1L4V9
28483,I1L4W2
28484,I1L4W3
28485,I1L4W8
28486,I1L4X7
28487,I1L4X9
28488,I1L4Y2
28489,I1L4Y3
28490,I1L4Y5
28491,I1L4Y6
28492,I1L4Y7
28493,I1L4Z2
28494,I1L4Z3
28495,I1L505
28496,I1L506
28497,I1L507
28498,I1L510
28499,I1L513
28500,I1L515
28501,I1L516
28502,I1L519
28503,I1L520
28504,I1L524
28505,I1L528
28506,I1L531
28507,I1L532
28508,I1L535
28509,I1L537
28510,I1L540
28511,I1L543
28512,I1L546
28513,I1L549
28514,I1L554
28515,I1L555
28516,I1L558
28517,I1L559
28518,I1L561
28519,I1L564
28520,I1L565
28521,I1L566
28522,I1L567
28523,I1L571
28524,I1L574
28525,I1L578
28526,I1L586
28527,I1L594
28528,I1L595
28529,I1L596
28530,I1L597
28531,I1L5A1
28532,I1L5A7
28533,I1L5A9
28534,I1L5B1
28535,I1L5B3
28536,I1L5B6
28537,I1L5B8
28538,I1L5C0
28539,I1L5C1
28540,I1L5C9
28541,I1L5D0
28542,I1L5D1
28543,I1L5D2
28544,I1L5D4
28545,I1L5D5
28546,I1L5D7
28547,I1L5D9
28548,I1L5E4
28549,I1L5E5
28550,I1L5E7
28551,I1L5F0
28552,I1L5F1
28553,I1L5F2
28554,I1L5F5
28555,I1L5F6
28556,I1L5F7
28557,I1L5G0
28558,I1L5G1
28559,I1L5G4
28560,I1L5G6
28561,I1L5G8
28562,I1L5G9
28563,I1L5H1
28564,I1L5H5
28565,I1L5H6
28566,I1L5H8
28567,I1L5H9
28568,I1L5I1
28569,I1L5I2
28570,I1L5I3
28571,I1L5I7
28572,I1L5I9
28573,I1L5J0
28574,I1L5J4
28575,I1L5J6
28576,I1L5K0
28577,I1L5K3
28578,I1L5K6
28579,I1L5L0
28580,I1L5L1
28581,I1L5L2
28582,I1L5L4
28583,I1L5L5
28584,I1L5L6
28585,I1L5L8
28586,I1L5M2
28587,I1L5M7
28588,I1L5M8
28589,I1L5N3
28590,I1L5N4
28591,I1L5N5
28592,I1L5N9
28593,I1L5P0
28594,I1L5P2
28595,I1L5P6
28596,I1L5P7
28597,I1L5P9
28598,I1L5Q2
28599,I1L5Q4
28600,I1L5Q5
28601,I1L5Q8
28602,I1L5R3
28603,I1L5R5
28604,I1L5R7
28605,I1L5R8
28606,I1L5S1
28607,I1L5S5
28608,I1L5T0
28609,I1L5T1
28610,I1L5T4
28611,I1L5U2
28612,I1L5U7
28613,I1L5U9
28614,I1L5V3
28615,I1L5V5
28616,I1L5V8
28617,I1L5W0
28618,I1L5W1
28619,I1L5W3
28620,I1L5W4
28621,I1L5W6
28622,I1L5W7
28623,I1L5W9
28624,I1L5X2
28625,I1L5X5
28626,I1L5X6
28627,I1L5X7
28628,I1L5Y1
28629,I1L5Y3
28630,I1L5Y7
28631,I1L5Y8
28632,I1L5Z0
28633,I1L5Z1
28634,I1L5Z2
28635,I1L5Z4
28636,I1L5Z5
28637,I1L5Z7
28638,I1L602
28639,I1L603
28640,I1L605
28641,I1L611
28642,I1L613
28643,I1L614
28644,I1L615
28645,I1L617
28646,I1L620
28647,I1L625
28648,I1L627
28649,I1L632
28650,I1L633
28651,I1L634
28652,I1L636
28653,I1L641
28654,I1L645
28655,I1L648
28656,I1L649
28657,I1L651
28658,I1L652
28659,I1L653
28660,I1L655
28661,I1L656
28662,I1L657
28663,I1L659
28664,I1L665
28665,I1L667
28666,I1L670
28667,I1L672
28668,I1L674
28669,I1L677
28670,I1L681
28671,I1L683
28672,I1L690
28673,I1L691
28674,I1L693
28675,I1L694
28676,I1L696
28677,I1L697
28678,I1L698
28679,I1L699
28680,I1L6A0
28681,I1L6A2
28682,I1L6A3
28683,I1L6A5
28684,I1L6B0
28685,I1L6B1
28686,I1L6B5
28687,I1L6B9
28688,I1L6C1
28689,I1L6C2
28690,I1L6C3
28691,I1L6C6
28692,I1L6D1
28693,I1L6D2
28694,I1L6D9
28695,I1L6E5
28696,I1L6E8
28697,I1L6F2
28698,I1L6F3
28699,I1L6F5
28700,I1L6F6
28701,I1L6F7
28702,I1L6F8
28703,I1L6G3
28704,I1L6G6
28705,I1L6G7
28706,I1L6G8
28707,I1L6H1
28708,I1L6H3
28709,I1L6H7
28710,I1L6I1
28711,I1L6I5
28712,I1L6I6
28713,I1L6I8
28714,I1L6I9
28715,I1L6J2
28716,I1L6J3
28717,I1L6J4
28718,I1L6J5
28719,I1L6J7
28720,I1L6K7
28721,I1L6K8
28722,I1L6L3
28723,I1L6L7
28724,I1L6M0
28725,I1L6M1
28726,I1L6M4
28727,I1L6M5
28728,I1L6M9
28729,I1L6N5
28730,I1L6N7
28731,I1L6N8
28732,I1L6P1
28733,I1L6P2
28734,I1L6P4
28735,I1L6P8
28736,I1L6P9
28737,I1L6Q0
28738,I1L6Q4
28739,I1L6Q5
28740,I1L6Q8
28741,I1L6R1
28742,I1L6R2
28743,I1L6R3
28744,I1L6R5
28745,I1L6S0
28746,I1L6S1
28747,I1L6S2
28748,I1L6S3
28749,I1L6S4
28750,I1L6S7
28751,I1L6T0
28752,I1L6T2
28753,I1L6T4
28754,I1L6T5
28755,I1L6T7
28756,I1L6T8
28757,I1L6U0
28758,I1L6U2
28759,I1L6U3
28760,I1L6U7
28761,I1L6U8
28762,I1L6V0
28763,I1L6V1
28764,I1L6V2
28765,I1L6V3
28766,I1L6V4
28767,I1L6V6
28768,I1L6W0
28769,I1L6W1
28770,I1L6W5
28771,I1L6W7
28772,I1L6W8
28773,I1L6W9
28774,I1L6X0
28775,I1L6X2
28776,I1L6X3
28777,I1L6Y1
28778,I1L6Y8
28779,I1L6Y9
28780,I1L6Z0
28781,I1L6Z1
28782,I1L6Z5
28783,I1L6Z6
28784,I1L6Z7
28785,I1L6Z9
28786,I1L703
28787,I1L708
28788,I1L709
28789,I1L710
28790,I1L711
28791,I1L712
28792,I1L715
28793,I1L722
28794,I1L723
28795,I1L725
28796,I1L726
28797,I1L729
28798,I1L730
28799,I1L735
28800,I1L737
28801,I1L738
28802,I1L739
28803,I1L740
28804,I1L742
28805,I1L744
28806,I1L748
28807,I1L749
28808,I1L750
28809,I1L753
28810,I1L754
28811,I1L755
28812,I1L757
28813,I1L759
28814,I1L761
28815,I1L762
28816,I1L763
28817,I1L765
28818,I1L768
28819,I1L770
28820,I1L774
28821,I1L776
28822,I1L780
28823,I1L784
28824,I1L785
28825,I1L786
28826,I1L788
28827,I1L789
28828,I1L792
28829,I1L796
28830,I1L797
28831,I1L798
28832,I1L7A0
28833,I1L7A2
28834,I1L7A3
28835,I1L7A5
28836,I1L7A6
28837,I1L7A9
28838,I1L7B1
28839,I1L7B2
28840,I1L7B5
28841,I1L7B7
28842,I1L7B8
28843,I1L7C0
28844,I1L7C4
28845,I1L7C6
28846,I1L7C7
28847,I1L7C8
28848,I1L7C9
28849,I1L7D1
28850,I1L7D4
28851,I1L7E1
28852,I1L7E2
28853,I1L7E3
28854,I1L7E5
28855,I1L7F0
28856,I1L7F1
28857,I1L7F3
28858,I1L7F4
28859,I1L7F8
28860,I1L7G0
28861,I1L7G1
28862,I1L7G2
28863,I1L7G4
28864,I1L7G8
28865,I1L7G9
28866,I1L7H1
28867,I1L7H4
28868,I1L7H9
28869,I1L7I1
28870,I1L7I2
28871,I1L7I3
28872,I1L7I4
28873,I1L7I6
28874,I1L7I9
28875,I1L7J1
28876,I1L7J3
28877,I1L7J7
28878,I1L7J9
28879,I1L7K2
28880,I1L7K3
28881,I1L7K4
28882,I1L7K9
28883,I1L7L2
28884,I1L7L4
28885,I1L7L9
28886,I1L7M3
28887,I1L7M4
28888,I1L7M6
28889,I1L7M7
28890,I1L7M8
28891,I1L7N0
28892,I1L7N2
28893,I1L7N4
28894,I1L7N5
28895,I1L7N6
28896,I1L7N7
28897,I1L7N8
28898,I1L7P0
28899,I1L7P2
28900,I1L7P6
28901,I1L7P7
28902,I1L7Q2
28903,I1L7Q4
28904,I1L7R0
28905,I1L7R1
28906,I1L7R2
28907,I1L7R5
28908,I1L7R6
28909,I1L7R7
28910,I1L7R8
28911,I1L7R9
28912,I1L7S0
28913,I1L7S5
28914,I1L7S6
28915,I1L7S7
28916,I1L7S8
28917,I1L7T5
28918,I1L7T7
28919,I1L7T9
28920,I1L7U5
28921,I1L7U6
28922,I1L7U8
28923,I1L7U9
28924,I1L7V1
28925,I1L7V6
28926,I1L7V8
28927,I1L7V9
28928,I1L7W1
28929,I1L7W4
28930,I1L7W8
28931,I1L7X0
28932,I1L7X1
28933,I1L7X3
28934,I1L7X6
28935,I1L7X7
28936,I1L7X8
28937,I1L7Y5
28938,I1L7Y7
28939,I1L7Z0
28940,I1L7Z3
28941,I1L7Z5
28942,I1L7Z8
28943,I1L801
28944,I1L803
28945,I1L805
28946,I1L806
28947,I1L811
28948,I1L813
28949,I1L815
28950,I1L816
28951,I1L819
28952,I1L822
28953,I1L823
28954,I1L825
28955,I1L826
28956,I1L829
28957,I1L830
28958,I1L833
28959,I1L837
28960,I1L838
28961,I1L840
28962,I1L844
28963,I1L846
28964,I1L849
28965,I1L850
28966,I1L851
28967,I1L852
28968,I1L856
28969,I1L857
28970,I1L860
28971,I1L864
28972,I1L867
28973,I1L868
28974,I1L869
28975,I1L870
28976,I1L872
28977,I1L876
28978,I1L878
28979,I1L879
28980,I1L880
28981,I1L889
28982,I1L890
28983,I1L898
28984,I1L899
28985,I1L8A4
28986,I1L8A7
28987,I1L8A8
28988,I1L8A9
28989,I1L8B2
28990,I1L8B4
28991,I1L8B7
28992,I1L8B9
28993,I1L8C4
28994,I1L8C5
28995,I1L8C6
28996,I1L8C7
28997,I1L8C8
28998,I1L8D1
28999,I1L8D2
29000,I1L8D5
29001,I1L8E4
29002,I1L8E5
29003,I1L8E6
29004,I1L8E7
29005,I1L8E8
29006,I1L8E9
29007,I1L8F1
29008,I1L8F7
29009,I1L8G2
29010,I1L8G3
29011,I1L8G4
29012,I1L8G5
29013,I1L8H1
29014,I1L8H3
29015,I1L8H4
29016,I1L8H6
29017,I1L8H7
29018,I1L8H9
29019,I1L8I0
29020,I1L8I1
29021,I1L8I2
29022,I1L8J4
29023,I1L8J6
29024,I1L8J7
29025,I1L8K4
29026,I1L8K7
29027,I1L8K9
29028,I1L8L2
29029,I1L8L5
29030,I1L8L6
29031,I1L8L7
29032,I1L8M2
29033,I1L8M4
29034,I1L8M5
29035,I1L8M8
29036,I1L8N2
29037,I1L8N3
29038,I1L8N4
29039,I1L8N5
29040,I1L8N6
29041,I1L8N7
29042,I1L8P0
29043,I1L8P2
29044,I1L8P4
29045,I1L8Q0
29046,I1L8Q5
29047,I1L8Q6
29048,I1L8Q7
29049,I1L8Q8
29050,I1L8R1
29051,I1L8R3
29052,I1L8R4
29053,I1L8R7
29054,I1L8R9
29055,I1L8S1
29056,I1L8S7
29057,I1L8S9
29058,I1L8T1
29059,I1L8T3
29060,I1L8T6
29061,I1L8T7
29062,I1L8U0
29063,I1L8U2
29064,I1L8V0
29065,I1L8V1
29066,I1L8V3
29067,I1L8V7
29068,I1L8V8
29069,I1L8V9
29070,I1L8W7
29071,I1L8W9
29072,I1L8X2
29073,I1L8X4
29074,I1L8X6
29075,I1L8X7
29076,I1L8X8
29077,I1L8Y0
29078,I1L8Y4
29079,I1L8Y5
29080,I1L8Y6
29081,I1L8Y9
29082,I1L8Z0
29083,I1L8Z1
29084,I1L8Z2
29085,I1L8Z3
29086,I1L8Z5
29087,I1L8Z7
29088,I1L900
29089,I1L901
29090,I1L903
29091,I1L905
29092,I1L906
29093,I1L907
29094,I1L909
29095,I1L910
29096,I1L911
29097,I1L913
29098,I1L918
29099,I1L919
29100,I1L922
29101,I1L923
29102,I1L924
29103,I1L925
29104,I1L927
29105,I1L930
29106,I1L932
29107,I1L933
29108,I1L934
29109,I1L936
29110,I1L941
29111,I1L942
29112,I1L943
29113,I1L944
29114,I1L947
29115,I1L949
29116,I1L950
29117,I1L954
29118,I1L955
29119,I1L957
29120,I1L958
29121,I1L959
29122,I1L961
29123,I1L963
29124,I1L964
29125,I1L966
29126,I1L967
29127,I1L969
29128,I1L972
29129,I1L974
29130,I1L977
29131,I1L981
29132,I1L983
29133,I1L984
29134,I1L989
29135,I1L999
29136,I1L9A1
29137,I1L9A2
29138,I1L9A8
29139,I1L9A9
29140,I1L9B0
29141,I1L9B1
29142,I1L9B6
29143,I1L9B7
29144,I1L9B8
29145,I1L9B9
29146,I1L9C6
29147,I1L9C7
29148,I1L9C8
29149,I1L9D1
29150,I1L9D7
29151,I1L9D8
29152,I1L9D9
29153,I1L9E3
29154,I1L9E6
29155,I1L9E7
29156,I1L9E9
29157,I1L9F0
29158,I1L9F3
29159,I1L9F4
29160,I1L9F5
29161,I1L9F8
29162,I1L9F9
29163,I1L9G0
29164,I1L9G1
29165,I1L9G2
29166,I1L9G9
29167,I1L9H0
29168,I1L9H2
29169,I1L9H4
29170,I1L9H8
29171,I1L9I1
29172,I1L9I4
29173,I1L9I5
29174,I1L9I9
29175,I1L9J0
29176,I1L9J2
29177,I1L9J7
29178,I1L9K2
29179,I1L9K4
29180,I1L9K6
29181,I1L9K7
29182,I1L9L1
29183,I1L9L2
29184,I1L9L3
29185,I1L9L6
29186,I1L9L7
29187,I1L9M0
29188,I1L9M1
29189,I1L9M4
29190,I1L9M7
29191,I1L9M9
29192,I1L9N4
29193,I1L9N8
29194,I1L9P2
29195,I1L9P5
29196,I1L9Q1
29197,I1L9Q2
29198,I1L9Q4
29199,I1L9Q5
29200,I1L9R1
29201,I1L9R4
29202,I1L9R5
29203,I1L9R9
29204,I1L9S3
29205,I1L9S4
29206,I1L9S7
29207,I1L9T0
29208,I1L9T7
29209,I1L9T8
29210,I1L9U2
29211,I1L9U8
29212,I1L9U9
29213,I1L9V0
29214,I1L9V1
29215,I1L9V5
29216,I1L9V7
29217,I1L9W4
29218,I1L9W6
29219,I1L9W7
29220,I1L9W8
29221,I1L9X0
29222,I1L9X1
29223,I1L9X2
29224,I1L9X8
29225,I1L9Y1
29226,I1L9Y5
29227,I1L9Y6
29228,I1L9Y9
29229,I1L9Z3
29230,I1L9Z4
29231,I1L9Z6
29232,I1L9Z7
29233,I1L9Z8
29234,I1LA00
29235,I1LA03
29236,I1LA04
29237,I1LA06
29238,I1LA07
29239,I1LA12
29240,I1LA26
29241,I1LA27
29242,I1LA33
29243,I1LA34
29244,I1LA39
29245,I1LA40
29246,I1LA42
29247,I1LA43
29248,I1LA46
29249,I1LA47
29250,I1LA49
29251,I1LA53
29252,I1LA55
29253,I1LA71
29254,I1LA73
29255,I1LA80
29256,I1LA81
29257,I1LA88
29258,I1LA89
29259,I1LA93
29260,I1LA99
29261,I1LAA1
29262,I1LAA9
29263,I1LAB4
29264,I1LAB5
29265,I1LAB6
29266,I1LAB7
29267,I1LAB8
29268,I1LAB9
29269,I1LAC2
29270,I1LAC3
29271,I1LAE7
29272,I1LAF1
29273,I1LAF3
29274,I1LAF4
29275,I1LAF8
29276,I1LAG3
29277,I1LAG4
29278,I1LAG7
29279,I1LAG8
29280,I1LAH1
29281,I1LAH2
29282,I1LAH4
29283,I1LAH7
29284,I1LAH8
29285,I1LAI6
29286,I1LAI7
29287,I1LAJ3
29288,I1LAJ4
29289,I1LAK2
29290,I1LAK5
29291,I1LAK7
29292,I1LAK8
29293,I1LAK9
29294,I1LAL2
29295,I1LAL4
29296,I1LAL9
29297,I1LAM2
29298,I1LAN2
29299,I1LAN4
29300,I1LAN6
29301,I1LAN8
29302,I1LAP5
29303,I1LAP8
29304,I1LAQ0
29305,I1LAQ3
29306,I1LAQ4
29307,I1LAQ5
29308,I1LAR0
29309,I1LAR7
29310,I1LAS8
29311,I1LAS9
29312,I1LAT0
29313,I1LAT2
29314,I1LAT4
29315,I1LAT7
29316,I1LAT9
29317,I1LAU6
29318,I1LAU7
29319,I1LAV9
29320,I1LAW0
29321,I1LAW4
29322,I1LAW5
29323,I1LAW6
29324,I1LAW9
29325,I1LAX0
29326,I1LAX1
29327,I1LAX2
29328,I1LAX4
29329,I1LAX5
29330,I1LAX9
29331,I1LAY0
29332,I1LAY2
29333,I1LAY5
29334,I1LAY7
29335,I1LAY8
29336,I1LAZ0
29337,I1LAZ1
29338,I1LAZ2
29339,I1LAZ3
29340,I1LAZ8
29341,I1LAZ9
29342,I1LB04
29343,I1LB09
29344,I1LB10
29345,I1LB20
29346,I1LB22
29347,I1LB26
29348,I1LB29
29349,I1LB31
29350,I1LB32
29351,I1LB36
29352,I1LB41
29353,I1LB48
29354,I1LB52
29355,I1LB53
29356,I1LB56
29357,I1LB58
29358,I1LB62
29359,I1LB63
29360,I1LB64
29361,I1LB65
29362,I1LB66
29363,I1LB67
29364,I1LB68
29365,I1LB70
29366,I1LB71
29367,I1LB72
29368,I1LB73
29369,I1LB75
29370,I1LB78
29371,I1LB84
29372,I1LB85
29373,I1LB93
29374,I1LB97
29375,I1LB99
29376,I1LBA0
29377,I1LBA2
29378,I1LBA3
29379,I1LBA4
29380,I1LBA7
29381,I1LBA8
29382,I1LBB0
29383,I1LBB3
29384,I1LBB6
29385,I1LBB9
29386,I1LBC4
29387,I1LBC5
29388,I1LBC7
29389,I1LBC8
29390,I1LBD0
29391,I1LBD1
29392,I1LBD2
29393,I1LBD3
29394,I1LBD4
29395,I1LBD5
29396,I1LBD6
29397,I1LBD7
29398,I1LBD9
29399,I1LBE1
29400,I1LBE3
29401,I1LBE5
29402,I1LBF1
29403,I1LBF4
29404,I1LBF7
29405,I1LBF9
29406,I1LBG8
29407,I1LBH1
29408,I1LBH2
29409,I1LBH3
29410,I1LBH6
29411,I1LBH7
29412,I1LBI3
29413,I1LBJ5
29414,I1LBJ7
29415,I1LBJ8
29416,I1LBJ9
29417,I1LBK1
29418,I1LBK2
29419,I1LBK4
29420,I1LBK5
29421,I1LBK9
29422,I1LBL0
29423,I1LBL1
29424,I1LBL2
29425,I1LBL6
29426,I1LBM1
29427,I1LBM4
29428,I1LBM5
29429,I1LBM6
29430,I1LBM7
29431,I1LBM8
29432,I1LBM9
29433,I1LBN0
29434,I1LBN1
29435,I1LBN4
29436,I1LBN5
29437,I1LBN7
29438,I1LBN9
29439,I1LBP0
29440,I1LBP4
29441,I1LBP5
29442,I1LBP8
29443,I1LBP9
29444,I1LBQ2
29445,I1LBQ3
29446,I1LBQ5
29447,I1LBQ7
29448,I1LBQ9
29449,I1LBR4
29450,I1LBR5
29451,I1LBR6
29452,I1LBR8
29453,I1LBS0
29454,I1LBS2
29455,I1LBS3
29456,I1LBS5
29457,I1LBS6
29458,I1LBS7
29459,I1LBT0
29460,I1LBT1
29461,I1LBT2
29462,I1LBU3
29463,I1LBU4
29464,I1LBU9
29465,I1LBV2
29466,I1LBV3
29467,I1LBV4
29468,I1LBV6
29469,I1LBV8
29470,I1LBW1
29471,I1LBW2
29472,I1LBW5
29473,I1LBW9
29474,I1LBX1
29475,I1LBX4
29476,I1LBX5
29477,I1LBX6
29478,I1LBX8
29479,I1LBX9
29480,I1LBY0
29481,I1LBY1
29482,I1LBY5
29483,I1LBY6
29484,I1LBZ3
29485,I1LBZ4
29486,I1LBZ8
29487,I1LBZ9
29488,I1LC01
29489,I1LC03
29490,I1LC08
29491,I1LC11
29492,I1LC12
29493,I1LC13
29494,I1LC14
29495,I1LC15
29496,I1LC17
29497,I1LC19
29498,I1LC20
29499,I1LC21
29500,I1LC26
29501,I1LC30
29502,I1LC37
29503,I1LC39
29504,I1LC42
29505,I1LC43
29506,I1LC47
29507,I1LC48
29508,I1LC49
29509,I1LC56
29510,I1LC57
29511,I1LC58
29512,I1LC61
29513,I1LC62
29514,I1LC64
29515,I1LC70
29516,I1LC74
29517,I1LC77
29518,I1LC78
29519,I1LC83
29520,I1LC85
29521,I1LC87
29522,I1LC89
29523,I1LC92
29524,I1LC95
29525,I1LC96
29526,I1LCB2
29527,I1LCB7
29528,I1LCB8
29529,I1LCB9
29530,I1LCC2
29531,I1LCC3
29532,I1LCC6
29533,I1LCC7
29534,I1LCD0
29535,I1LCD2
29536,I1LCD4
29537,I1LCD5
29538,I1LCD7
29539,I1LCE0
29540,I1LCE1
29541,I1LCE3
29542,I1LCE6
29543,I1LCE8
29544,I1LCE9
29545,I1LCF0
29546,I1LCF1
29547,I1LCF2
29548,I1LCF3
29549,I1LCF4
29550,I1LCF6
29551,I1LCF7
29552,I1LCF9
29553,I1LCG0
29554,I1LCG1
29555,I1LCG2
29556,I1LCG3
29557,I1LCG9
29558,I1LCH2
29559,I1LCH6
29560,I1LCH7
29561,I1LCI1
29562,I1LCI2
29563,I1LCI3
29564,I1LCI6
29565,I1LCI8
29566,I1LCI9
29567,I1LCJ0
29568,I1LCJ1
29569,I1LCJ2
29570,I1LCJ5
29571,I1LCJ8
29572,I1LCJ9
29573,I1LCK1
29574,I1LCK4
29575,I1LCK5
29576,I1LCK9
29577,I1LCL0
29578,I1LCL1
29579,I1LCL7
29580,I1LCL8
29581,I1LCL9
29582,I1LCM0
29583,I1LCM3
29584,I1LCM4
29585,I1LCM8
29586,I1LCN0
29587,I1LCN1
29588,I1LCN4
29589,I1LCN7
29590,I1LCN8
29591,I1LCN9
29592,I1LCP2
29593,I1LCP4
29594,I1LCP5
29595,I1LCP6
29596,I1LCP7
29597,I1LCQ1
29598,I1LCQ5
29599,I1LCQ6
29600,I1LCQ8
29601,I1LCQ9
29602,I1LCR1
29603,I1LCR3
29604,I1LCR6
29605,I1LCR7
29606,I1LCS3
29607,I1LCS5
29608,I1LCS9
29609,I1LCT0
29610,I1LCT2
29611,I1LCT5
29612,I1LCT8
29613,I1LCU5
29614,I1LCU6
29615,I1LCU7
29616,I1LCU8
29617,I1LCV3
29618,I1LCV9
29619,I1LCW0
29620,I1LCW4
29621,I1LCX0
29622,I1LCX1
29623,I1LCX3
29624,I1LCX5
29625,I1LCX7
29626,I1LCY1
29627,I1LCY2
29628,I1LCY5
29629,I1LCY6
29630,I1LCZ0
29631,I1LCZ2
29632,I1LCZ4
29633,I1LCZ6
29634,I1LD00
29635,I1LD03
29636,I1LD05
29637,I1LD08
29638,I1LD10
29639,I1LD14
29640,I1LD15
29641,I1LD16
29642,I1LD20
29643,I1LD21
29644,I1LD22
29645,I1LD23
29646,I1LD24
29647,I1LD28
29648,I1LD31
29649,I1LD36
29650,I1LD38
29651,I1LD42
29652,I1LD50
29653,I1LD52
29654,I1LD53
29655,I1LD56
29656,I1LD60
29657,I1LD61
29658,I1LD65
29659,I1LD67
29660,I1LD68
29661,I1LD73
29662,I1LD74
29663,I1LD76
29664,I1LD80
29665,I1LD82
29666,I1LD84
29667,I1LD85
29668,I1LD86
29669,I1LD87
29670,I1LD88
29671,I1LD89
29672,I1LD90
29673,I1LD92
29674,I1LD94
29675,I1LD97
29676,I1LD98
29677,I1LDA3
29678,I1LDA4
29679,I1LDA6
29680,I1LDA7
29681,I1LDA8
29682,I1LDA9
29683,I1LDB0
29684,I1LDB1
29685,I1LDB4
29686,I1LDB5
29687,I1LDB6
29688,I1LDB9
29689,I1LDC1
29690,I1LDC4
29691,I1LDC5
29692,I1LDC9
29693,I1LDD7
29694,I1LDD8
29695,I1LDD9
29696,I1LDE1
29697,I1LDE2
29698,I1LDE3
29699,I1LDE4
29700,I1LDE6
29701,I1LDE7
29702,I1LDE9
29703,I1LDF2
29704,I1LDF4
29705,I1LDG0
29706,I1LDG1
29707,I1LDG2
29708,I1LDG3
29709,I1LDG6
29710,I1LDG7
29711,I1LDG8
29712,I1LDH1
29713,I1LDH2
29714,I1LDI2
29715,I1LDI3
29716,I1LDI8
29717,I1LDI9
29718,I1LDJ0
29719,I1LDJ1
29720,I1LDJ2
29721,I1LDJ4
29722,I1LDJ8
29723,I1LDK4
29724,I1LDK5
29725,I1LDK6
29726,I1LDK8
29727,I1LDL1
29728,I1LDL3
29729,I1LDL4
29730,I1LDL8
29731,I1LDM1
29732,I1LDM4
29733,I1LDM5
29734,I1LDM6
29735,I1LDM8
29736,I1LDM9
29737,I1LDN0
29738,I1LDN4
29739,I1LDN7
29740,I1LDP2
29741,I1LDP3
29742,I1LDP8
29743,I1LDP9
29744,I1LDQ6
29745,I1LDQ7
29746,I1LDQ8
29747,I1LDR2
29748,I1LDS0
29749,I1LDS8
29750,I1LDT0
29751,I1LDT1
29752,I1LDT2
29753,I1LDT7
29754,I1LDT9
29755,I1LDU2
29756,I1LDU4
29757,I1LDU7
29758,I1LDV0
29759,I1LDV2
29760,I1LDV3
29761,I1LDW0
29762,I1LDW1
29763,I1LDW4
29764,I1LDW7
29765,I1LDW8
29766,I1LDW9
29767,I1LDX0
29768,I1LDX5
29769,I1LDX6
29770,I1LDX7
29771,I1LDX9
29772,I1LDY0
29773,I1LDY4
29774,I1LDY5
29775,I1LDY7
29776,I1LDY8
29777,I1LDY9
29778,I1LDZ0
29779,I1LDZ2
29780,I1LDZ4
29781,I1LDZ8
29782,I1LE01
29783,I1LE02
29784,I1LE03
29785,I1LE06
29786,I1LE16
29787,I1LE17
29788,I1LE19
29789,I1LE20
29790,I1LE22
29791,I1LE27
29792,I1LE29
29793,I1LE35
29794,I1LE36
29795,I1LE37
29796,I1LE38
29797,I1LE39
29798,I1LE40
29799,I1LE41
29800,I1LE43
29801,I1LE45
29802,I1LE46
29803,I1LE51
29804,I1LE54
29805,I1LE57
29806,I1LE59
29807,I1LE61
29808,I1LE62
29809,I1LE63
29810,I1LE65
29811,I1LE66
29812,I1LE69
29813,I1LE74
29814,I1LE76
29815,I1LE77
29816,I1LE83
29817,I1LE84
29818,I1LE85
29819,I1LE97
29820,I1LEA0
29821,I1LEA3
29822,I1LEA4
29823,I1LEA5
29824,I1LEA9
29825,I1LEB0
29826,I1LEB2
29827,I1LEB5
29828,I1LEB8
29829,I1LEC1
29830,I1LEC2
29831,I1LEC3
29832,I1LEC4
29833,I1LEC5
29834,I1LEC9
29835,I1LED0
29836,I1LED1
29837,I1LED2
29838,I1LED4
29839,I1LED7
29840,I1LED9
29841,I1LEE1
29842,I1LEE2
29843,I1LEE3
29844,I1LEE5
29845,I1LEF1
29846,I1LEF5
29847,I1LEF8
29848,I1LEF9
29849,I1LEG4
29850,I1LEG7
29851,I1LEG8
29852,I1LEG9
29853,I1LEH0
29854,I1LEH2
29855,I1LEI1
29856,I1LEI3
29857,I1LEI5
29858,I1LEI8
29859,I1LEI9
29860,I1LEJ2
29861,I1LEJ5
29862,I1LEJ8
29863,I1LEJ9
29864,I1LEK0
29865,I1LEK1
29866,I1LEK3
29867,I1LEK4
29868,I1LEK6
29869,I1LEK7
29870,I1LEK8
29871,I1LEL1
29872,I1LEL2
29873,I1LEL3
29874,I1LEL4
29875,I1LEM0
29876,I1LEM1
29877,I1LEM3
29878,I1LEM9
29879,I1LEN1
29880,I1LEN2
29881,I1LEN3
29882,I1LEN5
29883,I1LEN6
29884,I1LEN7
29885,I1LEN8
29886,I1LEP0
29887,I1LEP1
29888,I1LEP3
29889,I1LEP8
29890,I1LEQ3
29891,I1LEQ5
29892,I1LEQ8
29893,I1LER0
29894,I1LER5
29895,I1LER8
29896,I1LES0
29897,I1LES4
29898,I1LES5
29899,I1LES7
29900,I1LES8
29901,I1LES9
29902,I1LET0
29903,I1LET3
29904,I1LET5
29905,I1LET6
29906,I1LET9
29907,I1LEU0
29908,I1LEU4
29909,I1LEU5
29910,I1LEU7
29911,I1LEV1
29912,I1LEV2
29913,I1LEV3
29914,I1LEV4
29915,I1LEV6
29916,I1LEV7
29917,I1LEV9
29918,I1LEW1
29919,I1LEW2
29920,I1LEW7
29921,I1LEW9
29922,I1LEX1
29923,I1LEX2
29924,I1LEX3
29925,I1LEX5
29926,I1LEY0
29927,I1LEY1
29928,I1LEY2
29929,I1LEY3
29930,I1LEY4
29931,I1LEY5
29932,I1LEY6
29933,I1LEY9
29934,I1LEZ1
29935,I1LEZ2
29936,I1LEZ3
29937,I1LEZ4
29938,I1LEZ5
29939,I1LEZ6
29940,I1LF04
29941,I1LF06
29942,I1LF07
29943,I1LF08
29944,I1LF10
29945,I1LF16
29946,I1LF17
29947,I1LF24
29948,I1LF27
29949,I1LF29
29950,I1LF33
29951,I1LF37
29952,I1LF38
29953,I1LF43
29954,I1LF44
29955,I1LF47
29956,I1LF51
29957,I1LF54
29958,I1LF55
29959,I1LF57
29960,I1LF60
29961,I1LF63
29962,I1LF64
29963,I1LF66
29964,I1LF67
29965,I1LF74
29966,I1LF76
29967,I1LF77
29968,I1LF83
29969,I1LF84
29970,I1LF85
29971,I1LF87
29972,I1LF88
29973,I1LF90
29974,I1LF91
29975,I1LF92
29976,I1LF93
29977,I1LF96
29978,I1LF97
29979,I1LF98
29980,I1LFA0
29981,I1LFA4
29982,I1LFA9
29983,I1LFB0
29984,I1LFB1
29985,I1LFB2
29986,I1LFB3
29987,I1LFB7
29988,I1LFB8
29989,I1LFC1
29990,I1LFC4
29991,I1LFC6
29992,I1LFC8
29993,I1LFC9
29994,I1LFD0
29995,I1LFD1
29996,I1LFD2
29997,I1LFD3
29998,I1LFD4
29999,I1LFD6
30000,I1LFD7
30001,I1LFD8
30002,I1LFE3
30003,I1LFE4
30004,I1LFE8
30005,I1LFE9
30006,I1LFF1
30007,I1LFF8
30008,I1LFG0
30009,I1LFG4
30010,I1LFG6
30011,I1LFG7
30012,I1LFH1
30013,I1LFH2
30014,I1LFH9
30015,I1LFI1
30016,I1LFJ5
30017,I1LFJ6
30018,I1LFK0
30019,I1LFK1
30020,I1LFK3
30021,I1LFK7
30022,I1LFL0
30023,I1LFL1
30024,I1LFL2
30025,I1LFL6
30026,I1LFL7
30027,I1LFL9
30028,I1LFM1
30029,I1LFM6
30030,I1LFN1
30031,I1LFN3
30032,I1LFN5
30033,I1LFP1
30034,I1LFP5
30035,I1LFP7
30036,I1LFP9
30037,I1LFQ1
30038,I1LFQ3
30039,I1LFQ4
30040,I1LFQ5
30041,I1LFQ7
30042,I1LFR0
30043,I1LFR2
30044,I1LFR3
30045,I1LFR5
30046,I1LFS1
30047,I1LFS4
30048,I1LFS6
30049,I1LFS7
30050,I1LFS8
30051,I1LFT0
30052,I1LFT2
30053,I1LFT3
30054,I1LFT4
30055,I1LFT6
30056,I1LFU2
30057,I1LFU4
30058,I1LFU6
30059,I1LFU8
30060,I1LFV0
30061,I1LFV1
30062,I1LFV3
30063,I1LFV4
30064,I1LFV5
30065,I1LFV6
30066,I1LFW0
30067,I1LFW1
30068,I1LFW4
30069,I1LFW5
30070,I1LFW6
30071,I1LFW9
30072,I1LFX1
30073,I1LFX2
30074,I1LFX6
30075,I1LFX7
30076,I1LFY0
30077,I1LFY1
30078,I1LFY4
30079,I1LFY5
30080,I1LFY6
30081,I1LFY7
30082,I1LFY8
30083,I1LFY9
30084,I1LFZ3
30085,I1LFZ7
30086,I1LG05
30087,I1LG08
30088,I1LG10
30089,I1LG12
30090,I1LG13
30091,I1LG16
30092,I1LG17
30093,I1LG21
30094,I1LG22
30095,I1LG24
30096,I1LG27
30097,I1LG29
30098,I1LG31
30099,I1LG37
30100,I1LG41
30101,I1LG46
30102,I1LG49
30103,I1LG50
30104,I1LG51
30105,I1LG52
30106,I1LG54
30107,I1LG60
30108,I1LG61
30109,I1LG62
30110,I1LG63
30111,I1LG65
30112,I1LG67
30113,I1LG72
30114,I1LG73
30115,I1LG74
30116,I1LG81
30117,I1LG83
30118,I1LG89
30119,I1LG91
30120,I1LG94
30121,I1LG95
30122,I1LG98
30123,I1LGA1
30124,I1LGA5
30125,I1LGA6
30126,I1LGA7
30127,I1LGA9
30128,I1LGB1
30129,I1LGB2
30130,I1LGB4
30131,I1LGB7
30132,I1LGB8
30133,I1LGC0
30134,I1LGC1
30135,I1LGC2
30136,I1LGC3
30137,I1LGC5
30138,I1LGD0
30139,I1LGD4
30140,I1LGD5
30141,I1LGD6
30142,I1LGE1
30143,I1LGE2
30144,I1LGE4
30145,I1LGE6
30146,I1LGF2
30147,I1LGF4
30148,I1LGG0
30149,I1LGG2
30150,I1LGG5
30151,I1LGG6
30152,I1LGG7
30153,I1LGG8
30154,I1LGG9
30155,I1LGH0
30156,I1LGH5
30157,I1LGH9
30158,I1LGI1
30159,I1LGI2
30160,I1LGI3
30161,I1LGI5
30162,I1LGI7
30163,I1LGI8
30164,I1LGJ5
30165,I1LGJ8
30166,I1LGJ9
30167,I1LGK0
30168,I1LGK2
30169,I1LGK4
30170,I1LGK5
30171,I1LGK6
30172,I1LGK8
30173,I1LGK9
30174,I1LGL0
30175,I1LGL1
30176,I1LGL2
30177,I1LGL4
30178,I1LGL6
30179,I1LGL7
30180,I1LGL8
30181,I1LGM0
30182,I1LGM2
30183,I1LGM4
30184,I1LGM5
30185,I1LGM7
30186,I1LGM9
30187,I1LGN1
30188,I1LGN3
30189,I1LGN6
30190,I1LGN7
30191,I1LGP0
30192,I1LGP7
30193,I1LGP9
30194,I1LGQ0
30195,I1LGQ1
30196,I1LGQ3
30197,I1LGQ4
30198,I1LGQ5
30199,I1LGQ6
30200,I1LGQ7
30201,I1LGR2
30202,I1LGR6
30203,I1LGR9
30204,I1LGS0
30205,I1LGS4
30206,I1LGS7
30207,I1LGT2
30208,I1LGT5
30209,I1LGT9
30210,I1LGU1
30211,I1LGU4
30212,I1LGU5
30213,I1LGU6
30214,I1LGU8
30215,I1LGV3
30216,I1LGV6
30217,I1LGV9
30218,I1LGW0
30219,I1LGW3
30220,I1LGW4
30221,I1LGW5
30222,I1LGX2
30223,I1LGX3
30224,I1LGX6
30225,I1LGX8
30226,I1LGY0
30227,I1LGZ1
30228,I1LGZ4
30229,I1LGZ7
30230,I1LH02
30231,I1LH06
30232,I1LH08
30233,I1LH09
30234,I1LH11
30235,I1LH14
30236,I1LH16
30237,I1LH18
30238,I1LH23
30239,I1LH25
30240,I1LH27
30241,I1LH30
30242,I1LH32
30243,I1LH34
30244,I1LH38
30245,I1LH45
30246,I1LH46
30247,I1LH48
30248,I1LH49
30249,I1LH53
30250,I1LH56
30251,I1LH58
30252,I1LH59
30253,I1LH60
30254,I1LH66
30255,I1LH70
30256,I1LH71
30257,I1LH72
30258,I1LH73
30259,I1LH74
30260,I1LH79
30261,I1LH80
30262,I1LH83
30263,I1LH85
30264,I1LH87
30265,I1LH91
30266,I1LH97
30267,I1LHA7
30268,I1LHA8
30269,I1LHA9
30270,I1LHB1
30271,I1LHB2
30272,I1LHB7
30273,I1LHC6
30274,I1LHC7
30275,I1LHC8
30276,I1LHC9
30277,I1LHD1
30278,I1LHD5
30279,I1LHD9
30280,I1LHE0
30281,I1LHE1
30282,I1LHE5
30283,I1LHE6
30284,I1LHE7
30285,I1LHE9
30286,I1LHF1
30287,I1LHF2
30288,I1LHF3
30289,I1LHF4
30290,I1LHF5
30291,I1LHF6
30292,I1LHG2
30293,I1LHG3
30294,I1LHG7
30295,I1LHG8
30296,I1LHG9
30297,I1LHH0
30298,I1LHH2
30299,I1LHH6
30300,I1LHH9
30301,I1LHI0
30302,I1LHI3
30303,I1LHI5
30304,I1LHI6
30305,I1LHI8
30306,I1LHI9
30307,I1LHJ3
30308,I1LHJ5
30309,I1LHJ6
30310,I1LHJ7
30311,I1LHK4
30312,I1LHK8
30313,I1LHL2
30314,I1LHL3
30315,I1LHL6
30316,I1LHL9
30317,I1LHM2
30318,I1LHM3
30319,I1LHM6
30320,I1LHN1
30321,I1LHN4
30322,I1LHN5
30323,I1LHN6
30324,I1LHP0
30325,I1LHP1
30326,I1LHP2
30327,I1LHP6
30328,I1LHP8
30329,I1LHP9
30330,I1LHQ0
30331,I1LHQ1
30332,I1LHQ2
30333,I1LHQ3
30334,I1LHQ4
30335,I1LHQ6
30336,I1LHR1
30337,I1LHR3
30338,I1LHR4
30339,I1LHR6
30340,I1LHR7
30341,I1LHR9
30342,I1LHS1
30343,I1LHS2
30344,I1LHS7
30345,I1LHS8
30346,I1LHT2
30347,I1LHT3
30348,I1LHT6
30349,I1LHT8
30350,I1LHU2
30351,I1LHU3
30352,I1LHU6
30353,I1LHV3
30354,I1LHV5
30355,I1LHV7
30356,I1LHV8
30357,I1LHW0
30358,I1LHW1
30359,I1LHW3
30360,I1LHW4
30361,I1LHW6
30362,I1LHW7
30363,I1LHW9
30364,I1LHX0
30365,I1LHX1
30366,I1LHX3
30367,I1LHX5
30368,I1LHX7
30369,I1LHY1
30370,I1LHY4
30371,I1LHY5
30372,I1LHY9
30373,I1LHZ2
30374,I1LHZ9
30375,I1LI00
30376,I1LI02
30377,I1LI03
30378,I1LI05
30379,I1LI06
30380,I1LI08
30381,I1LI09
30382,I1LI12
30383,I1LI15
30384,I1LI17
30385,I1LI18
30386,I1LI20
30387,I1LI21
30388,I1LI22
30389,I1LI24
30390,I1LI25
30391,I1LI26
30392,I1LI29
30393,I1LI31
30394,I1LI32
30395,I1LI35
30396,I1LI36
30397,I1LI39
30398,I1LI42
30399,I1LI43
30400,I1LI44
30401,I1LI46
30402,I1LI47
30403,I1LI48
30404,I1LI50
30405,I1LI58
30406,I1LI62
30407,I1LI63
30408,I1LI64
30409,I1LI65
30410,I1LI71
30411,I1LI72
30412,I1LI78
30413,I1LI79
30414,I1LI80
30415,I1LI81
30416,I1LI82
30417,I1LI83
30418,I1LI84
30419,I1LI87
30420,I1LI89
30421,I1LI90
30422,I1LI93
30423,I1LI96
30424,I1LI97
30425,I1LI99
30426,I1LIA1
30427,I1LIA4
30428,I1LIA8
30429,I1LIB7
30430,I1LIB8
30431,I1LIC2
30432,I1LIC4
30433,I1LIC5
30434,I1LIC7
30435,I1LIC8
30436,I1LIC9
30437,I1LID0
30438,I1LID1
30439,I1LID2
30440,I1LID3
30441,I1LID6
30442,I1LID7
30443,I1LIE1
30444,I1LIE2
30445,I1LIE6
30446,I1LIE7
30447,I1LIE8
30448,I1LIF3
30449,I1LIF5
30450,I1LIF7
30451,I1LIF8
30452,I1LIF9
30453,I1LIG0
30454,I1LIG2
30455,I1LIG5
30456,I1LIG9
30457,I1LIH0
30458,I1LIH1
30459,I1LIH2
30460,I1LIH4
30461,I1LIH7
30462,I1LIH8
30463,I1LII3
30464,I1LII4
30465,I1LII8
30466,I1LIJ1
30467,I1LIJ3
30468,I1LIJ4
30469,I1LIJ5
30470,I1LIJ6
30471,I1LIJ7
30472,I1LIJ8
30473,I1LIJ9
30474,I1LIK5
30475,I1LIK7
30476,I1LIK8
30477,I1LIK9
30478,I1LIL0
30479,I1LIL1
30480,I1LIL2
30481,I1LIL4
30482,I1LIL5
30483,I1LIL7
30484,I1LIL8
30485,I1LIM0
30486,I1LIM1
30487,I1LIM2
30488,I1LIM7
30489,I1LIM9
30490,I1LIN1
30491,I1LIN2
30492,I1LIN3
30493,I1LIN4
30494,I1LIN9
30495,I1LIP1
30496,I1LIP2
30497,I1LIP3
30498,I1LIP4
30499,I1LIP5
30500,I1LIQ0
30501,I1LIQ1
30502,I1LIQ3
30503,I1LIQ7
30504,I1LIQ8
30505,I1LIR0
30506,I1LIR1
30507,I1LIR4
30508,I1LIR5
30509,I1LIR6
30510,I1LIR8
30511,I1LIR9
30512,I1LIS0
30513,I1LIS1
30514,I1LIS3
30515,I1LIS4
30516,I1LIS9
30517,I1LIT1
30518,I1LIT2
30519,I1LIT5
30520,I1LIT6
30521,I1LIU0
30522,I1LIU2
30523,I1LIU7
30524,I1LIV3
30525,I1LIV4
30526,I1LIV5
30527,I1LIV8
30528,I1LIV9
30529,I1LIW0
30530,I1LIW1
30531,I1LIW2
30532,I1LIW6
30533,I1LIX1
30534,I1LIX4
30535,I1LIX6
30536,I1LIX9
30537,I1LIY1
30538,I1LIY2
30539,I1LIY3
30540,I1LIY4
30541,I1LIY5
30542,I1LIY6
30543,I1LJ09
30544,I1LJ10
30545,I1LJ11
30546,I1LJ12
30547,I1LJ14
30548,I1LJ15
30549,I1LJ16
30550,I1LJ17
30551,I1LJ18
30552,I1LJ20
30553,I1LJ22
30554,I1LJ26
30555,I1LJ27
30556,I1LJ28
30557,I1LJ29
30558,I1LJ31
30559,I1LJ34
30560,I1LJ36
30561,I1LJ39
30562,I1LJ44
30563,I1LJ46
30564,I1LJ50
30565,I1LJ54
30566,I1LJ63
30567,I1LJ67
30568,I1LJ68
30569,I1LJ75
30570,I1LJ81
30571,I1LJ83
30572,I1LJ84
30573,I1LJ88
30574,I1LJ90
30575,I1LJ91
30576,I1LJ93
30577,I1LJ94
30578,I1LJ95
30579,I1LJA1
30580,I1LJA4
30581,I1LJA7
30582,I1LJB0
30583,I1LJB3
30584,I1LJB4
30585,I1LJB5
30586,I1LJB8
30587,I1LJB9
30588,I1LJC1
30589,I1LJC2
30590,I1LJC4
30591,I1LJC8
30592,I1LJC9
30593,I1LJD0
30594,I1LJD2
30595,I1LJD7
30596,I1LJD8
30597,I1LJD9
30598,I1LJE0
30599,I1LJE1
30600,I1LJE2
30601,I1LJE7
30602,I1LJF4
30603,I1LJF5
30604,I1LJF6
30605,I1LJF7
30606,I1LJF9
30607,I1LJG0
30608,I1LJG1
30609,I1LJG3
30610,I1LJG4
30611,I1LJG7
30612,I1LJG8
30613,I1LJG9
30614,I1LJH0
30615,I1LJH2
30616,I1LJH5
30617,I1LJH6
30618,I1LJI0
30619,I1LJI1
30620,I1LJI4
30621,I1LJI5
30622,I1LJI7
30623,I1LJI8
30624,I1LJJ0
30625,I1LJJ1
30626,I1LJJ2
30627,I1LJJ4
30628,I1LJJ5
30629,I1LJJ9
30630,I1LJK0
30631,I1LJK6
30632,I1LJK8
30633,I1LJL7
30634,I1LJL8
30635,I1LJM0
30636,I1LJM2
30637,I1LJM5
30638,I1LJN1
30639,I1LJN2
30640,I1LJN3
30641,I1LJN4
30642,I1LJN6
30643,I1LJN8
30644,I1LJP1
30645,I1LJP3
30646,I1LJP5
30647,I1LJQ0
30648,I1LJQ5
30649,I1LJQ6
30650,I1LJR0
30651,I1LJR3
30652,I1LJR4
30653,I1LJR9
30654,I1LJS0
30655,I1LJS1
30656,I1LJS4
30657,I1LJS6
30658,I1LJS8
30659,I1LJT1
30660,I1LJT4
30661,I1LJT5
30662,I1LJU0
30663,I1LJU1
30664,I1LJU5
30665,I1LJV0
30666,I1LJV1
30667,I1LJV3
30668,I1LJV4
30669,I1LJV7
30670,I1LJV8
30671,I1LJW0
30672,I1LJW2
30673,I1LJW4
30674,I1LJW6
30675,I1LJW9
30676,I1LJX1
30677,I1LJX5
30678,I1LJX6
30679,I1LJX8
30680,I1LJX9
30681,I1LJY0
30682,I1LJY1
30683,I1LJY2
30684,I1LJY4
30685,I1LJY6
30686,I1LJY8
30687,I1LJZ0
30688,I1LJZ1
30689,I1LJZ2
30690,I1LJZ4
30691,I1LJZ8
30692,I1LK01
30693,I1LK02
30694,I1LK04
30695,I1LK05
30696,I1LK06
30697,I1LK07
30698,I1LK10
30699,I1LK18
30700,I1LK20
30701,I1LK24
30702,I1LK27
30703,I1LK28
30704,I1LK30
30705,I1LK31
30706,I1LK32
30707,I1LK36
30708,I1LK37
30709,I1LK41
30710,I1LK43
30711,I1LK44
30712,I1LK48
30713,I1LK53
30714,I1LK57
30715,I1LK59
30716,I1LK60
30717,I1LK70
30718,I1LK73
30719,I1LK74
30720,I1LK76
30721,I1LK78
30722,I1LK79
30723,I1LK80
30724,I1LK82
30725,I1LK84
30726,I1LK85
30727,I1LK95
30728,I1LK96
30729,I1LK97
30730,I1LKA0
30731,I1LKA1
30732,I1LKD9
30733,I1LKK8
30734,I1LKM2
30735,I1LKM5
30736,I1LKM7
30737,I1LKM8
30738,I1LKM9
30739,I1LKN2
30740,I1LKN3
30741,I1LKN4
30742,I1LKN5
30743,I1LKN8
30744,I1LKN9
30745,I1LKP0
30746,I1LKP2
30747,I1LKP6
30748,I1LKP7
30749,I1LKP9
30750,I1LKQ0
30751,I1LKQ4
30752,I1LKQ5
30753,I1LKQ8
30754,I1LKR0
30755,I1LKR1
30756,I1LKR2
30757,I1LKS6
30758,I1LKS8
30759,I1LKS9
30760,I1LKT0
30761,I1LKT1
30762,I1LKT2
30763,I1LKT4
30764,I1LKT6
30765,I1LKT9
30766,I1LKU1
30767,I1LKU2
30768,I1LKU4
30769,I1LKU5
30770,I1LKU7
30771,I1LKU8
30772,I1LKV0
30773,I1LKV3
30774,I1LKV4
30775,I1LKV5
30776,I1LKV6
30777,I1LKV8
30778,I1LKV9
30779,I1LKW2
30780,I1LKW4
30781,I1LKW7
30782,I1LKX3
30783,I1LKX8
30784,I1LKY1
30785,I1LKY2
30786,I1LKY4
30787,I1LKY7
30788,I1LKY8
30789,I1LKY9
30790,I1LKZ0
30791,I1LKZ2
30792,I1LKZ5
30793,I1LKZ6
30794,I1LL00
30795,I1LL01
30796,I1LL05
30797,I1LL06
30798,I1LL09
30799,I1LL11
30800,I1LL12
30801,I1LL14
30802,I1LL17
30803,I1LL18
30804,I1LL19
30805,I1LL21
30806,I1LL23
30807,I1LL24
30808,I1LL36
30809,I1LL41
30810,I1LL42
30811,I1LL44
30812,I1LL46
30813,I1LL49
30814,I1LL50
30815,I1LL54
30816,I1LL57
30817,I1LL59
30818,I1LL60
30819,I1LL61
30820,I1LL66
30821,I1LL67
30822,I1LL68
30823,I1LL69
30824,I1LL70
30825,I1LL77
30826,I1LL78
30827,I1LL79
30828,I1LL80
30829,I1LL85
30830,I1LL87
30831,I1LL89
30832,I1LL90
30833,I1LL97
30834,I1LL99
30835,I1LLA0
30836,I1LLA5
30837,I1LLA6
30838,I1LLA7
30839,I1LLA9
30840,I1LLB4
30841,I1LLB7
30842,I1LLC2
30843,I1LLC3
30844,I1LLC6
30845,I1LLC8
30846,I1LLD5
30847,I1LLD6
30848,I1LLE0
30849,I1LLE9
30850,I1LLF4
30851,I1LLF5
30852,I1LLF6
30853,I1LLG1
30854,I1LLG2
30855,I1LLG3
30856,I1LLG4
30857,I1LLG5
30858,I1LLG6
30859,I1LLH0
30860,I1LLH3
30861,I1LLH5
30862,I1LLH6
30863,I1LLH7
30864,I1LLH8
30865,I1LLI0
30866,I1LLI1
30867,I1LLI8
30868,I1LLJ1
30869,I1LLJ4
30870,I1LLK0
30871,I1LLK1
30872,I1LLK2
30873,I1LLK7
30874,I1LLL3
30875,I1LLL6
30876,I1LLL9
30877,I1LLM1
30878,I1LLM2
30879,I1LLM3
30880,I1LLM4
30881,I1LLM7
30882,I1LLM9
30883,I1LLN2
30884,I1LLN3
30885,I1LLN6
30886,I1LLN9
30887,I1LLP0
30888,I1LLP4
30889,I1LLP9
30890,I1LLQ0
30891,I1LLQ4
30892,I1LLR0
30893,I1LLR1
30894,I1LLR3
30895,I1LLR5
30896,I1LLR7
30897,I1LLR9
30898,I1LLS0
30899,I1LLS4
30900,I1LLS6
30901,I1LLS7
30902,I1LLS8
30903,I1LLS9
30904,I1LLT3
30905,I1LLT4
30906,I1LLT6
30907,I1LLT7
30908,I1LLT8
30909,I1LLT9
30910,I1LLU2
30911,I1LLU6
30912,I1LLU8
30913,I1LLU9
30914,I1LLV0
30915,I1LLV4
30916,I1LLV5
30917,I1LLV7
30918,I1LLX0
30919,I1LLX2
30920,I1LLX5
30921,I1LLX9
30922,I1LLY6
30923,I1LLY9
30924,I1LLZ0
30925,I1LLZ2
30926,I1LLZ5
30927,I1LLZ6
30928,I1LLZ7
30929,I1LM00
30930,I1LM02
30931,I1LM07
30932,I1LM10
30933,I1LM11
30934,I1LM14
30935,I1LM15
30936,I1LM16
30937,I1LM17
30938,I1LM18
30939,I1LM19
30940,I1LM20
30941,I1LM25
30942,I1LM26
30943,I1LM27
30944,I1LM28
30945,I1LM47
30946,I1LM48
30947,I1LM52
30948,I1LM53
30949,I1LM57
30950,I1LM64
30951,I1LM66
30952,I1LM68
30953,I1LM70
30954,I1LM72
30955,I1LM73
30956,I1LM74
30957,I1LM76
30958,I1LM79
30959,I1LM80
30960,I1LM81
30961,I1LM82
30962,I1LM84
30963,I1LM87
30964,I1LM96
30965,I1LM99
30966,I1LMA0
30967,I1LMA1
30968,I1LMA2
30969,I1LMA3
30970,I1LMA4
30971,I1LMA5
30972,I1LMA6
30973,I1LMA7
30974,I1LMA8
30975,I1LMB5
30976,I1LMB6
30977,I1LMB7
30978,I1LMB8
30979,I1LMB9
30980,I1LMC1
30981,I1LMC4
30982,I1LMC8
30983,I1LMD3
30984,I1LMD7
30985,I1LMD9
30986,I1LME0
30987,I1LME2
30988,I1LME3
30989,I1LME6
30990,I1LME7
30991,I1LME8
30992,I1LMF4
30993,I1LMF7
30994,I1LMF9
30995,I1LMG0
30996,I1LMG2
30997,I1LMG3
30998,I1LMG4
30999,I1LMG6
31000,I1LMG7
31001,I1LMG8
31002,I1LMH1
31003,I1LMH6
31004,I1LMH8
31005,I1LMI1
31006,I1LMI2
31007,I1LMI8
31008,I1LMI9
31009,I1LMJ1
31010,I1LMJ3
31011,I1LMJ6
31012,I1LMJ9
31013,I1LMK1
31014,I1LMK2
31015,I1LMK4
31016,I1LMK6
31017,I1LMK8
31018,I1LML0
31019,I1LML3
31020,I1LML4
31021,I1LML5
31022,I1LML6
31023,I1LML7
31024,I1LML8
31025,I1LML9
31026,I1LMM0
31027,I1LMM1
31028,I1LMM4
31029,I1LMM9
31030,I1LMN0
31031,I1LMN2
31032,I1LMN5
31033,I1LMN6
31034,I1LMN8
31035,I1LMP2
31036,I1LMP3
31037,I1LMP4
31038,I1LMP7
31039,I1LMP8
31040,I1LMQ2
31041,I1LMQ4
31042,I1LMQ5
31043,I1LMQ7
31044,I1LMQ8
31045,I1LMR0
31046,I1LMR2
31047,I1LMR4
31048,I1LMR9
31049,I1LMS0
31050,I1LMS2
31051,I1LMS5
31052,I1LMS9
31053,I1LMT0
31054,I1LMT1
31055,I1LMT2
31056,I1LMT4
31057,I1LMT7
31058,I1LMT9
31059,I1LMU0
31060,I1LMU1
31061,I1LMU2
31062,I1LMU3
31063,I1LMU4
31064,I1LMU7
31065,I1LMV1
31066,I1LMV3
31067,I1LMV4
31068,I1LMV9
31069,I1LMW0
31070,I1LMW1
31071,I1LMW2
31072,I1LMW4
31073,I1LMW6
31074,I1LMW7
31075,I1LMW8
31076,I1LMW9
31077,I1LMX0
31078,I1LMX4
31079,I1LMX6
31080,I1LMX7
31081,I1LMY0
31082,I1LMY5
31083,I1LMY7
31084,I1LMY8
31085,I1LMZ7
31086,I1LN00
31087,I1LN02
31088,I1LN03
31089,I1LN08
31090,I1LN10
31091,I1LN13
31092,I1LN15
31093,I1LN18
31094,I1LN20
31095,I1LN22
31096,I1LN24
31097,I1LN25
31098,I1LN27
31099,I1LN28
31100,I1LN30
31101,I1LN31
31102,I1LN32
31103,I1LN34
31104,I1LN35
31105,I1LN37
31106,I1LN40
31107,I1LN41
31108,I1LN44
31109,I1LN45
31110,I1LN46
31111,I1LN47
31112,I1LN49
31113,I1LN51
31114,I1LN52
31115,I1LN54
31116,I1LN58
31117,I1LN61
31118,I1LN62
31119,I1LN65
31120,I1LN68
31121,I1LN72
31122,I1LN74
31123,I1LN75
31124,I1LN76
31125,I1LN78
31126,I1LN79
31127,I1LN83
31128,I1LN85
31129,I1LN88
31130,I1LN92
31131,I1LN93
31132,I1LN94
31133,I1LN96
31134,I1LNA0
31135,I1LNA7
31136,I1LNA8
31137,I1LNA9
31138,I1LNB1
31139,I1LNB2
31140,I1LNB5
31141,I1LNB6
31142,I1LNB8
31143,I1LNB9
31144,I1LNC3
31145,I1LNC5
31146,I1LNC8
31147,I1LND2
31148,I1LND7
31149,I1LND8
31150,I1LNE1
31151,I1LNE2
31152,I1LNE3
31153,I1LNE4
31154,I1LNE5
31155,I1LNE6
31156,I1LNE8
31157,I1LNE9
31158,I1LNF0
31159,I1LNF5
31160,I1LNF8
31161,I1LNF9
31162,I1LNG0
31163,I1LNG1
31164,I1LNG4
31165,I1LNG5
31166,I1LNG8
31167,I1LNG9
31168,I1LNH0
31169,I1LNH1
31170,I1LNH2
31171,I1LNH4
31172,I1LNH5
31173,I1LNH6
31174,I1LNH7
31175,I1LNI1
31176,I1LNJ4
31177,I1LNJ6
31178,I1LNJ8
31179,I1LNJ9
31180,I1LNK3
31181,I1LNK6
31182,I1LNK7
31183,I1LNL1
31184,I1LNL3
31185,I1LNL4
31186,I1LNL6
31187,I1LNL7
31188,I1LNL8
31189,I1LNM2
31190,I1LNM3
31191,I1LNM8
31192,I1LNN1
31193,I1LNN3
31194,I1LNN5
31195,I1LNN6
31196,I1LNN7
31197,I1LNN8
31198,I1LNN9
31199,I1LNP0
31200,I1LNP2
31201,I1LNP3
31202,I1LNP4
31203,I1LNP8
31204,I1LNQ4
31205,I1LNQ5
31206,I1LNQ9
31207,I1LNR2
31208,I1LNR7
31209,I1LNR8
31210,I1LNR9
31211,I1LNS2
31212,I1LNS3
31213,I1LNS4
31214,I1LNS5
31215,I1LNS7
31216,I1LNT0
31217,I1LNT1
31218,I1LNT7
31219,I1LNT8
31220,I1LNT9
31221,I1LNU1
31222,I1LNU2
31223,I1LNU6
31224,I1LNU9
31225,I1LNV1
31226,I1LNV9
31227,I1LNW1
31228,I1LNW6
31229,I1LNW8
31230,I1LNX0
31231,I1LNX3
31232,I1LNX7
31233,I1LNX8
31234,I1LNX9
31235,I1LNY1
31236,I1LNY2
31237,I1LNY5
31238,I1LNY6
31239,I1LNY8
31240,I1LNZ1
31241,I1LNZ2
31242,I1LNZ3
31243,I1LNZ5
31244,I1LNZ9
31245,I1LP01
31246,I1LP02
31247,I1LP11
31248,I1LP13
31249,I1LP14
31250,I1LP16
31251,I1LP17
31252,I1LP18
31253,I1LP19
31254,I1LP21
31255,I1LP24
31256,I1LP25
31257,I1LP26
31258,I1LP27
31259,I1LP28
31260,I1LP29
31261,I1LP30
31262,I1LP31
31263,I1LP35
31264,I1LP39
31265,I1LP42
31266,I1LP48
31267,I1LP50
31268,I1LP52
31269,I1LP54
31270,I1LP56
31271,I1LP57
31272,I1LP63
31273,I1LP66
31274,I1LP67
31275,I1LP68
31276,I1LP70
31277,I1LP71
31278,I1LP72
31279,I1LP75
31280,I1LP77
31281,I1LP79
31282,I1LP80
31283,I1LP81
31284,I1LP87
31285,I1LP88
31286,I1LP93
31287,I1LP95
31288,I1LP96
31289,I1LP98
31290,I1LP99
31291,I1LPA0
31292,I1LPA3
31293,I1LPA6
31294,I1LPA7
31295,I1LPA8
31296,I1LPA9
31297,I1LPB4
31298,I1LPB5
31299,I1LPC2
31300,I1LPC3
31301,I1LPC4
31302,I1LPC8
31303,I1LPC9
31304,I1LPD0
31305,I1LPD1
31306,I1LPD3
31307,I1LPD6
31308,I1LPD8
31309,I1LPE1
31310,I1LPE3
31311,I1LPE4
31312,I1LPE8
31313,I1LPE9
31314,I1LPF0
31315,I1LPF3
31316,I1LPF6
31317,I1LPF7
31318,I1LPG0
31319,I1LPG2
31320,I1LPG3
31321,I1LPG7
31322,I1LPH2
31323,I1LPH7
31324,I1LPH9
31325,I1LPI0
31326,I1LPI1
31327,I1LPI3
31328,I1LPI4
31329,I1LPI5
31330,I1LPI7
31331,I1LPJ0
31332,I1LPJ3
31333,I1LPJ4
31334,I1LPJ5
31335,I1LPJ8
31336,I1LPJ9
31337,I1LPK1
31338,I1LPK4
31339,I1LPK5
31340,I1LPK6
31341,I1LPK7
31342,I1LPK8
31343,I1LPL0
31344,I1LPL2
31345,I1LPL6
31346,I1LPM0
31347,I1LPM1
31348,I1LPM3
31349,I1LPN1
31350,I1LPN3
31351,I1LPN4
31352,I1LPN5
31353,I1LPN7
31354,I1LPR0
31355,I1LPR1
31356,I1LPR3
31357,I1LPR5
31358,I1LPS4
31359,I1LPT1
31360,I1LPT2
31361,I1LPT3
31362,I1LPT4
31363,I1LPT5
31364,I1LPU0
31365,I1LPU5
31366,I1LPU6
31367,I1LPU7
31368,I1LPU9
31369,I1LPV2
31370,I1LPV3
31371,I1LPV4
31372,I1LPV6
31373,I1LPV7
31374,I1LPV8
31375,I1LPW0
31376,I1LPW2
31377,I1LPW4
31378,I1LPW5
31379,I1LPW6
31380,I1LPX1
31381,I1LPX2
31382,I1LPX4
31383,I1LPX6
31384,I1LPX7
31385,I1LPY2
31386,I1LPY6
31387,I1LPY7
31388,I1LPY8
31389,I1LPZ1
31390,I1LPZ2
31391,I1LPZ3
31392,I1LPZ4
31393,I1LPZ5
31394,I1LQ02
31395,I1LQ04
31396,I1LQ06
31397,I1LQ11
31398,I1LQ12
31399,I1LQ13
31400,I1LQ16
31401,I1LQ17
31402,I1LQ18
31403,I1LQ19
31404,I1LQ21
31405,I1LQ22
31406,I1LQ23
31407,I1LQ24
31408,I1LQ25
31409,I1LQ27
31410,I1LQ29
31411,I1LQ35
31412,I1LQ39
31413,I1LQ41
31414,I1LQ43
31415,I1LQ45
31416,I1LQ46
31417,I1LQ51
31418,I1LQ54
31419,I1LQ55
31420,I1LQ56
31421,I1LQ57
31422,I1LQ60
31423,I1LQ61
31424,I1LQ62
31425,I1LQ64
31426,I1LQ66
31427,I1LQ69
31428,I1LQ74
31429,I1LQ75
31430,I1LQ81
31431,I1LQ90
31432,I1LQ91
31433,I1LQ93
31434,I1LQ96
31435,I1LQA2
31436,I1LQA4
31437,I1LQA7
31438,I1LQB0
31439,I1LQB1
31440,I1LQB2
31441,I1LQB4
31442,I1LQB5
31443,I1LQB6
31444,I1LQC1
31445,I1LQC4
31446,I1LQD4
31447,I1LQD6
31448,I1LQE3
31449,I1LQF1
31450,I1LQF2
31451,I1LQF3
31452,I1LQF4
31453,I1LQF6
31454,I1LQF7
31455,I1LQF9
31456,I1LQG1
31457,I1LQG6
31458,I1LQG7
31459,I1LQG9
31460,I1LQH0
31461,I1LQH2
31462,I1LQH6
31463,I1LQH9
31464,I1LQI0
31465,I1LQI6
31466,I1LQI8
31467,I1LQI9
31468,I1LQJ1
31469,I1LQJ4
31470,I1LQJ5
31471,I1LQJ9
31472,I1LQK6
31473,I1LQK7
31474,I1LQK9
31475,I1LQL3
31476,I1LQL5
31477,I1LQL6
31478,I1LQL7
31479,I1LQM0
31480,I1LQM5
31481,I1LQM9
31482,I1LQN4
31483,I1LQN6
31484,I1LQN7
31485,I1LQN8
31486,I1LQN9
31487,I1LQP3
31488,I1LQP5
31489,I1LQP6
31490,I1LQP7
31491,I1LQP9
31492,I1LQQ2
31493,I1LQQ6
31494,I1LQR0
31495,I1LQR1
31496,I1LQR4
31497,I1LQR5
31498,I1LQR7
31499,I1LQR8
31500,I1LQS4
31501,I1LQS5
31502,I1LQT0
31503,I1LQT2
31504,I1LQT5
31505,I1LQT8
31506,I1LQT9
31507,I1LQU6
31508,I1LQU7
31509,I1LQV0
31510,I1LQV3
31511,I1LQV6
31512,I1LQV7
31513,I1LQV9
31514,I1LQW4
31515,I1LQW9
31516,I1LQX2
31517,I1LQX7
31518,I1LQX8
31519,I1LQX9
31520,I1LQY0
31521,I1LQY2
31522,I1LQY4
31523,I1LQY5
31524,I1LQY7
31525,I1LQZ0
31526,I1LQZ6
31527,I1LQZ8
31528,I1LR01
31529,I1LR08
31530,I1LR10
31531,I1LR16
31532,I1LR21
31533,I1LR23
31534,I1LR24
31535,I1LR27
31536,I1LR28
31537,I1LR30
31538,I1LR31
31539,I1LR32
31540,I1LR33
31541,I1LR34
31542,I1LR38
31543,I1LR40
31544,I1LR42
31545,I1LR43
31546,I1LR46
31547,I1LR48
31548,I1LR49
31549,I1LR51
31550,I1LR55
31551,I1LR56
31552,I1LR58
31553,I1LR60
31554,I1LR62
31555,I1LR63
31556,I1LR65
31557,I1LR66
31558,I1LR68
31559,I1LR70
31560,I1LR72
31561,I1LR75
31562,I1LR76
31563,I1LR80
31564,I1LR87
31565,I1LR88
31566,I1LR92
31567,I1LR93
31568,I1LR94
31569,I1LR95
31570,I1LRA5
31571,I1LRA6
31572,I1LRA7
31573,I1LRA9
31574,I1LRB0
31575,I1LRB1
31576,I1LRB4
31577,I1LRC1
31578,I1LRC2
31579,I1LRC3
31580,I1LRC5
31581,I1LRC6
31582,I1LRC7
31583,I1LRD0
31584,I1LRD1
31585,I1LRD2
31586,I1LRD3
31587,I1LRD5
31588,I1LRE1
31589,I1LRE2
31590,I1LRE3
31591,I1LRE4
31592,I1LRE5
31593,I1LRE7
31594,I1LRE9
31595,I1LRF1
31596,I1LRF2
31597,I1LRF3
31598,I1LRF4
31599,I1LRG6
31600,I1LRH0
31601,I1LRH3
31602,I1LRH4
31603,I1LRH5
31604,I1LRH6
31605,I1LRH8
31606,I1LRI2
31607,I1LRI3
31608,I1LRI4
31609,I1LRI5
31610,I1LRI6
31611,I1LRI7
31612,I1LRJ6
31613,I1LRJ7
31614,I1LRJ8
31615,I1LRJ9
31616,I1LRK0
31617,I1LRK1
31618,I1LRK3
31619,I1LRK5
31620,I1LRK6
31621,I1LRK7
31622,I1LRL0
31623,I1LRL1
31624,I1LRL5
31625,I1LRL7
31626,I1LRL9
31627,I1LRM4
31628,I1LRM8
31629,I1LRM9
31630,I1LRN2
31631,I1LRN4
31632,I1LRN9
31633,I1LRP0
31634,I1LRP2
31635,I1LRP3
31636,I1LRP4
31637,I1LRP6
31638,I1LRQ0
31639,I1LRQ2
31640,I1LRQ4
31641,I1LRQ6
31642,I1LRQ7
31643,I1LRR2
31644,I1LRR3
31645,I1LRR4
31646,I1LRR9
31647,I1LRS5
31648,I1LRS8
31649,I1LRT0
31650,I1LRT2
31651,I1LRT5
31652,I1LRT6
31653,I1LRU0
31654,I1LRU2
31655,I1LRU3
31656,I1LRU4
31657,I1LRU9
31658,I1LRV0
31659,I1LRV1
31660,I1LRV3
31661,I1LRV5
31662,I1LRW1
31663,I1LRW2
31664,I1LRW8
31665,I1LRX5
31666,I1LRX8
31667,I1LRY0
31668,I1LRY1
31669,I1LRY3
31670,I1LRY8
31671,I1LRY9
31672,I1LRZ0
31673,I1LRZ4
31674,I1LRZ5
31675,I1LS00
31676,I1LS03
31677,I1LS05
31678,I1LS07
31679,I1LS12
31680,I1LS13
31681,I1LS18
31682,I1LS19
31683,I1LS23
31684,I1LS24
31685,I1LS27
31686,I1LS28
31687,I1LS31
31688,I1LS34
31689,I1LS35
31690,I1LS36
31691,I1LS37
31692,I1LS39
31693,I1LS43
31694,I1LS44
31695,I1LS46
31696,I1LS49
31697,I1LS50
31698,I1LS51
31699,I1LS52
31700,I1LS53
31701,I1LS55
31702,I1LS58
31703,I1LS60
31704,I1LS61
31705,I1LS62
31706,I1LS70
31707,I1LS71
31708,I1LS73
31709,I1LS77
31710,I1LS78
31711,I1LS80
31712,I1LS81
31713,I1LS89
31714,I1LS90
31715,I1LS93
31716,I1LS94
31717,I1LS95
31718,I1LS96
31719,I1LSA0
31720,I1LSA1
31721,I1LSA3
31722,I1LSA4
31723,I1LSA5
31724,I1LSA8
31725,I1LSB3
31726,I1LSB4
31727,I1LSB5
31728,I1LSC0
31729,I1LSC4
31730,I1LSC9
31731,I1LSD5
31732,I1LSD6
31733,I1LSD8
31734,I1LSE5
31735,I1LSE7
31736,I1LSE8
31737,I1LSE9
31738,I1LSF3
31739,I1LSF5
31740,I1LSF8
31741,I1LSF9
31742,I1LSG0
31743,I1LSG2
31744,I1LSG6
31745,I1LSG8
31746,I1LSG9
31747,I1LSH4
31748,I1LSH5
31749,I1LSH6
31750,I1LSH8
31751,I1LSI0
31752,I1LSI6
31753,I1LSJ1
31754,I1LSJ9
31755,I1LSK3
31756,I1LSK5
31757,I1LSK8
31758,I1LSK9
31759,I1LSL6
31760,I1LSM1
31761,I1LSM2
31762,I1LSM4
31763,I1LSM6
31764,I1LSM9
31765,I1LSN3
31766,I1LSN4
31767,I1LSN9
31768,I1LSP8
31769,I1LSP9
31770,I1LSQ9
31771,I1LSR4
31772,I1LSR5
31773,I1LSR6
31774,I1LSR9
31775,I1LSS1
31776,I1LSS4
31777,I1LSS5
31778,I1LSS7
31779,I1LSS9
31780,I1LST3
31781,I1LST5
31782,I1LST6
31783,I1LST9
31784,I1LSU8
31785,I1LSW2
31786,I1LSW3
31787,I1LSW7
31788,I1LSX0
31789,I1LSX3
31790,I1LSX6
31791,I1LSX8
31792,I1LSY1
31793,I1LSY2
31794,I1LSY4
31795,I1LSY9
31796,I1LSZ2
31797,I1LSZ6
31798,I1LSZ7
31799,I1LT08
31800,I1LT09
31801,I1LT10
31802,I1LT11
31803,I1LT12
31804,I1LT13
31805,I1LT16
31806,I1LT24
31807,I1LT26
31808,I1LT27
31809,I1LT30
31810,I1LT34
31811,I1LT39
31812,I1LT42
31813,I1LT43
31814,I1LT47
31815,I1LT49
31816,I1LT50
31817,I1LT51
31818,I1LT55
31819,I1LT56
31820,I1LT58
31821,I1LT60
31822,I1LT62
31823,I1LT63
31824,I1LT64
31825,I1LT65
31826,I1LT75
31827,I1LT78
31828,I1LT79
31829,I1LT85
31830,I1LT87
31831,I1LT88
31832,I1LT89
31833,I1LT90
31834,I1LT91
31835,I1LT93
31836,I1LT95
31837,I1LT96
31838,I1LT97
31839,I1LTA4
31840,I1LTA8
31841,I1LTB2
31842,I1LTB7
31843,I1LTC1
31844,I1LTC9
31845,I1LTD0
31846,I1LTD1
31847,I1LTD2
31848,I1LTD5
31849,I1LTD7
31850,I1LTE3
31851,I1LTE6
31852,I1LTF0
31853,I1LTF4
31854,I1LTF5
31855,I1LTF6
31856,I1LTF8
31857,I1LTG0
31858,I1LTG4
31859,I1LTG7
31860,I1LTG8
31861,I1LTG9
31862,I1LTH1
31863,I1LTH3
31864,I1LTH4
31865,I1LTI2
31866,I1LTI5
31867,I1LTJ0
31868,I1LTJ1
31869,I1LTJ5
31870,I1LTJ7
31871,I1LTJ8
31872,I1LTK0
31873,I1LTK1
31874,I1LTK2
31875,I1LTK4
31876,I1LTK5
31877,I1LTK6
31878,I1LTL4
31879,I1LTL7
31880,I1LTL8
31881,I1LTL9
31882,I1LTM0
31883,I1LTM1
31884,I1LTM3
31885,I1LTM6
31886,I1LTM8
31887,I1LTN0
31888,I1LTN1
31889,I1LTN2
31890,I1LTN3
31891,I1LTN4
31892,I1LTN6
31893,I1LTN7
31894,I1LTP5
31895,I1LTP6
31896,I1LTP7
31897,I1LTP9
31898,I1LTQ0
31899,I1LTQ1
31900,I1LTQ3
31901,I1LTQ5
31902,I1LTQ7
31903,I1LTR0
31904,I1LTR2
31905,I1LTR4
31906,I1LTR5
31907,I1LTR6
31908,I1LTR7
31909,I1LTS0
31910,I1LTS1
31911,I1LTS2
31912,I1LTS5
31913,I1LTS8
31914,I1LTS9
31915,I1LTT0
31916,I1LTT3
31917,I1LTT4
31918,I1LTT8
31919,I1LTU0
31920,I1LTU1
31921,I1LTU2
31922,I1LTU4
31923,I1LTU5
31924,I1LTU6
31925,I1LTU8
31926,I1LTV2
31927,I1LTV8
31928,I1LTW2
31929,I1LTW8
31930,I1LTW9
31931,I1LTX0
31932,I1LTX1
31933,I1LTX4
31934,I1LTX8
31935,I1LTY2
31936,I1LTY3
31937,I1LTY4
31938,I1LTY5
31939,I1LTY7
31940,I1LTZ2
31941,I1LTZ9
31942,I1LU00
31943,I1LU01
31944,I1LU02
31945,I1LU03
31946,I1LU04
31947,I1LU06
31948,I1LU07
31949,I1LU10
31950,I1LU20
31951,I1LU28
31952,I1LU29
31953,I1LU31
31954,I1LU32
31955,I1LU33
31956,I1LU34
31957,I1LU35
31958,I1LU36
31959,I1LU37
31960,I1LU38
31961,I1LU43
31962,I1LU45
31963,I1LU49
31964,I1LU50
31965,I1LU52
31966,I1LU53
31967,I1LU56
31968,I1LU57
31969,I1LU59
31970,I1LU61
31971,I1LU65
31972,I1LU69
31973,I1LU76
31974,I1LU77
31975,I1LU78
31976,I1LU79
31977,I1LU85
31978,I1LU86
31979,I1LU88
31980,I1LU90
31981,I1LU92
31982,I1LU93
31983,I1LU96
31984,I1LU97
31985,I1LU98
31986,I1LU99
31987,I1LUA3
31988,I1LUA5
31989,I1LUB2
31990,I1LUB3
31991,I1LUB4
31992,I1LUB5
31993,I1LUB6
31994,I1LUB7
31995,I1LUB9
31996,I1LUC0
31997,I1LUC3
31998,I1LUC4
31999,I1LUC8
32000,I1LUC9
32001,I1LUD0
32002,I1LUD2
32003,I1LUD8
32004,I1LUE0
32005,I1LUE4
32006,I1LUF0
32007,I1LUF3
32008,I1LUF4
32009,I1LUF8
32010,I1LUF9
32011,I1LUG5
32012,I1LUG6
32013,I1LUH0
32014,I1LUH2
32015,I1LUH4
32016,I1LUH6
32017,I1LUH8
32018,I1LUH9
32019,I1LUI0
32020,I1LUI2
32021,I1LUI3
32022,I1LUI4
32023,I1LUI7
32024,I1LUI8
32025,I1LUI9
32026,I1LUJ0
32027,I1LUJ1
32028,I1LUJ2
32029,I1LUJ6
32030,I1LUJ9
32031,I1LUK7
32032,I1LUK8
32033,I1LUK9
32034,I1LUL0
32035,I1LUL1
32036,I1LUL2
32037,I1LUL3
32038,I1LUL4
32039,I1LUL6
32040,I1LUL7
32041,I1LUL9
32042,I1LUM1
32043,I1LUM2
32044,I1LUM5
32045,I1LUM7
32046,I1LUM8
32047,I1LUN3
32048,I1LUN6
32049,I1LUN7
32050,I1LUP0
32051,I1LUP3
32052,I1LUP5
32053,I1LUP8
32054,I1LUQ2
32055,I1LUQ4
32056,I1LUQ5
32057,I1LUR0
32058,I1LUR4
32059,I1LUR9
32060,I1LUS0
32061,I1LUS1
32062,I1LUS3
32063,I1LUS5
32064,I1LUS6
32065,I1LUT1
32066,I1LUT2
32067,I1LUT3
32068,I1LUT4
32069,I1LUT6
32070,I1LUT9
32071,I1LUU8
32072,I1LUV0
32073,I1LUV3
32074,I1LUV4
32075,I1LUV5
32076,I1LUV6
32077,I1LUV8
32078,I1LUW2
32079,I1LUW5
32080,I1LUW6
32081,I1LUW7
32082,I1LUX0
32083,I1LUX2
32084,I1LUX5
32085,I1LUX6
32086,I1LUX7
32087,I1LUX8
32088,I1LUY0
32089,I1LUY2
32090,I1LUY9
32091,I1LUZ1
32092,I1LUZ5
32093,I1LUZ6
32094,I1LUZ7
32095,I1LUZ8
32096,I1LUZ9
32097,I1LV00
32098,I1LV03
32099,I1LV04
32100,I1LV06
32101,I1LV08
32102,I1LV11
32103,I1LV16
32104,I1LV17
32105,I1LV18
32106,I1LV19
32107,I1LV24
32108,I1LV25
32109,I1LV27
32110,I1LV29
32111,I1LV30
32112,I1LV32
32113,I1LV35
32114,I1LV37
32115,I1LV38
32116,I1LV40
32117,I1LV41
32118,I1LV43
32119,I1LV45
32120,I1LV46
32121,I1LV51
32122,I1LV52
32123,I1LV53
32124,I1LV54
32125,I1LV56
32126,I1LV57
32127,I1LV66
32128,I1LV72
32129,I1LV74
32130,I1LV78
32131,I1LV79
32132,I1LV81
32133,I1LV82
32134,I1LV84
32135,I1LV85
32136,I1LV87
32137,I1LV96
32138,I1LV98
32139,I1LVA5
32140,I1LVA6
32141,I1LVA7
32142,I1LVA8
32143,I1LVB0
32144,I1LVB1
32145,I1LVB2
32146,I1LVB3
32147,I1LVB4
32148,I1LVB5
32149,I1LVB6
32150,I1LVB7
32151,I1LVC1
32152,I1LVC2
32153,I1LVC3
32154,I1LVC4
32155,I1LVC5
32156,I1LVC6
32157,I1LVC8
32158,I1LVC9
32159,I1LVD1
32160,I1LVD2
32161,I1LVD3
32162,I1LVD6
32163,I1LVD9
32164,I1LVE2
32165,I1LVE5
32166,I1LVE6
32167,I1LVE9
32168,I1LVF0
32169,I1LVF2
32170,I1LVF3
32171,I1LVF4
32172,I1LVF8
32173,I1LVG0
32174,I1LVG3
32175,I1LVG6
32176,I1LVH0
32177,I1LVH1
32178,I1LVH2
32179,I1LVH4
32180,I1LVH5
32181,I1LVH8
32182,I1LVI0
32183,I1LVI1
32184,I1LVI3
32185,I1LVI4
32186,I1LVJ0
32187,I1LVJ1
32188,I1LVJ3
32189,I1LVJ8
32190,I1LVK0
32191,I1LVK1
32192,I1LVK3
32193,I1LVK5
32194,I1LVK6
32195,I1LVK7
32196,I1LVK8
32197,I1LVL0
32198,I1LVL6
32199,I1LVL7
32200,I1LVL8
32201,I1LVL9
32202,I1LVM1
32203,I1LVM2
32204,I1LVM5
32205,I1LVM8
32206,I1LVM9
32207,I1LVN2
32208,I1LVN3
32209,I1LVP1
32210,I1LVP2
32211,I1LVP7
32212,I1LVQ2
32213,I1LVQ3
32214,I1LVQ4
32215,I1LVQ5
32216,I1LVQ6
32217,I1LVQ7
32218,I1LVQ8
32219,I1LVR1
32220,I1LVR2
32221,I1LVR4
32222,I1LVR5
32223,I1LVS0
32224,I1LVS2
32225,I1LVS3
32226,I1LVS4
32227,I1LVS8
32228,I1LVT0
32229,I1LVT1
32230,I1LVT6
32231,I1LVT7
32232,I1LVT9
32233,I1LVU0
32234,I1LVU3
32235,I1LVU7
32236,I1LVU9
32237,I1LVV2
32238,I1LVV6
32239,I1LVV7
32240,I1LVV8
32241,I1LVW2
32242,I1LVW3
32243,I1LVW5
32244,I1LVW7
32245,I1LVX1
32246,I1LVX2
32247,I1LVX3
32248,I1LVX4
32249,I1LVX5
32250,I1LVX6
32251,I1LVX7
32252,I1LVX8
32253,I1LVX9
32254,I1LVY0
32255,I1LVY3
32256,I1LVY4
32257,I1LVY6
32258,I1LVZ0
32259,I1LVZ1
32260,I1LVZ4
32261,I1LVZ7
32262,I1LVZ8
32263,I1LW00
32264,I1LW01
32265,I1LW02
32266,I1LW07
32267,I1LW10
32268,I1LW12
32269,I1LW14
32270,I1LW17
32271,I1LW18
32272,I1LW22
32273,I1LW26
32274,I1LW27
32275,I1LW28
32276,I1LW29
32277,I1LW30
32278,I1LW31
32279,I1LW34
32280,I1LW36
32281,I1LW38
32282,I1LW39
32283,I1LW41
32284,I1LW52
32285,I1LW54
32286,I1LW57
32287,I1LW58
32288,I1LW61
32289,I1LW63
32290,I1LW65
32291,I1LW70
32292,I1LW74
32293,I1LW80
32294,I1LW83
32295,I1LW88
32296,I1LW89
32297,I1LW90
32298,I1LW99
32299,I1LWA0
32300,I1LWA1
32301,I1LWA3
32302,I1LWB0
32303,I1LWB2
32304,I1LWB3
32305,I1LWB4
32306,I1LWB5
32307,I1LWB8
32308,I1LWC2
32309,I1LWC4
32310,I1LWC8
32311,I1LWD2
32312,I1LWD3
32313,I1LWD5
32314,I1LWD6
32315,I1LWD7
32316,I1LWD8
32317,I1LWE0
32318,I1LWE2
32319,I1LWE3
32320,I1LWE5
32321,I1LWF0
32322,I1LWF2
32323,I1LWF7
32324,I1LWF9
32325,I1LWG0
32326,I1LWG7
32327,I1LWH0
32328,I1LWH3
32329,I1LWH4
32330,I1LWH6
32331,I1LWI1
32332,I1LWI2
32333,I1LWI3
32334,I1LWI5
32335,I1LWJ1
32336,I1LWJ2
32337,I1LWJ5
32338,I1LWJ6
32339,I1LWJ8
32340,I1LWJ9
32341,I1LWK2
32342,I1LWK3
32343,I1LWK4
32344,I1LWK5
32345,I1LWK9
32346,I1LWL0
32347,I1LWL4
32348,I1LWL6
32349,I1LWM0
32350,I1LWM1
32351,I1LWM3
32352,I1LWM4
32353,I1LWN0
32354,I1LWN4
32355,I1LWN6
32356,I1LWN8
32357,I1LWN9
32358,I1LWP0
32359,I1LWP2
32360,I1LWP4
32361,I1LWP5
32362,I1LWQ0
32363,I1LWQ1
32364,I1LWQ5
32365,I1LWR1
32366,I1LWR2
32367,I1LWR4
32368,I1LWR5
32369,I1LWR6
32370,I1LWR7
32371,I1LWR8
32372,I1LWS0
32373,I1LWS1
32374,I1LWS3
32375,I1LWS6
32376,I1LWS8
32377,I1LWT2
32378,I1LWT4
32379,I1LWT5
32380,I1LWT6
32381,I1LWU0
32382,I1LWU1
32383,I1LWU2
32384,I1LWU6
32385,I1LWV0
32386,I1LWV2
32387,I1LWV3
32388,I1LWV4
32389,I1LWV7
32390,I1LWW0
32391,I1LWW4
32392,I1LWW5
32393,I1LWW7
32394,I1LWX3
32395,I1LWX5
32396,I1LWX8
32397,I1LWX9
32398,I1LWY2
32399,I1LWY3
32400,I1LWY6
32401,I1LWY7
32402,I1LWY9
32403,I1LWZ0
32404,I1LWZ1
32405,I1LWZ4
32406,I1LWZ5
32407,I1LWZ7
32408,I1LX01
32409,I1LX03
32410,I1LX09
32411,I1LX15
32412,I1LX18
32413,I1LX20
32414,I1LX21
32415,I1LX24
32416,I1LX25
32417,I1LX30
32418,I1LX34
32419,I1LX37
32420,I1LX38
32421,I1LX43
32422,I1LX46
32423,I1LX49
32424,I1LX50
32425,I1LX52
32426,I1LX53
32427,I1LX63
32428,I1LX64
32429,I1LX65
32430,I1LX67
32431,I1LX70
32432,I1LX73
32433,I1LX74
32434,I1LX80
32435,I1LX81
32436,I1LX83
32437,I1LX91
32438,I1LX92
32439,I1LX95
32440,I1LX97
32441,I1LX98
32442,I1LXA5
32443,I1LXA6
32444,I1LXA8
32445,I1LXA9
32446,I1LXB0
32447,I1LXB2
32448,I1LXB5
32449,I1LXC1
32450,I1LXC2
32451,I1LXC7
32452,I1LXD0
32453,I1LXD2
32454,I1LXD3
32455,I1LXD7
32456,I1LXD9
32457,I1LXE1
32458,I1LXE8
32459,I1LXF8
32460,I1LXF9
32461,I1LXG2
32462,I1LXG5
32463,I1LXG7
32464,I1LXH0
32465,I1LXH2
32466,I1LXH8
32467,I1LXH9
32468,I1LXI0
32469,I1LXI6
32470,I1LXI9
32471,I1LXJ0
32472,I1LXJ1
32473,I1LXJ6
32474,I1LXJ7
32475,I1LXK1
32476,I1LXK4
32477,I1LXK6
32478,I1LXK7
32479,I1LXK8
32480,I1LXK9
32481,I1LXL0
32482,I1LXL5
32483,I1LXL6
32484,I1LXM2
32485,I1LXM6
32486,I1LXM9
32487,I1LXN4
32488,I1LXN5
32489,I1LXN6
32490,I1LXP0
32491,I1LXP8
32492,I1LXQ1
32493,I1LXQ3
32494,I1LXR2
32495,I1LXR9
32496,I1LXT1
32497,I1LXU2
32498,I1LXV3
32499,I1LXV4
32500,I1LXW1
32501,I1LXW2
32502,I1LXW3
32503,I1LXW5
32504,I1LXW7
32505,I1LXX4
32506,I1LXX8
32507,I1LXY0
32508,I1LXY1
32509,I1LXY7
32510,I1LXZ4
32511,I1LXZ6
32512,I1LXZ7
32513,I1LY02
32514,I1LY05
32515,I1LY11
32516,I1LY13
32517,I1LY15
32518,I1LY18
32519,I1LY24
32520,I1LY25
32521,I1LY26
32522,I1LY27
32523,I1LY29
32524,I1LY30
32525,I1LY31
32526,I1LY34
32527,I1LY35
32528,I1LY37
32529,I1LY39
32530,I1LY42
32531,I1LY44
32532,I1LY46
32533,I1LY51
32534,I1LY54
32535,I1LY59
32536,I1LY62
32537,I1LY63
32538,I1LY64
32539,I1LY66
32540,I1LY67
32541,I1LY70
32542,I1LY74
32543,I1LY75
32544,I1LY76
32545,I1LY77
32546,I1LY79
32547,I1LY81
32548,I1LY82
32549,I1LY83
32550,I1LY84
32551,I1LY86
32552,I1LY90
32553,I1LY92
32554,I1LY93
32555,I1LY94
32556,I1LY95
32557,I1LY98
32558,I1LY99
32559,I1LYA1
32560,I1LYA3
32561,I1LYA4
32562,I1LYA9
32563,I1LYB0
32564,I1LYB2
32565,I1LYB3
32566,I1LYB7
32567,I1LYC0
32568,I1LYC1
32569,I1LYC2
32570,I1LYC3
32571,I1LYC4
32572,I1LYC6
32573,I1LYC8
32574,I1LYC9
32575,I1LYD2
32576,I1LYD4
32577,I1LYD6
32578,I1LYE1
32579,I1LYE2
32580,I1LYE3
32581,I1LYE7
32582,I1LYF3
32583,I1LYF5
32584,I1LYF7
32585,I1LYG0
32586,I1LYG1
32587,I1LYG2
32588,I1LYG4
32589,I1LYG5
32590,I1LYG8
32591,I1LYH1
32592,I1LYH2
32593,I1LYH5
32594,I1LYH7
32595,I1LYI0
32596,I1LYI2
32597,I1LYI3
32598,I1LYI4
32599,I1LYJ0
32600,I1LYJ1
32601,I1LYJ2
32602,I1LYJ3
32603,I1LYJ4
32604,I1LYJ6
32605,I1LYK0
32606,I1LYK2
32607,I1LYK3
32608,I1LYK5
32609,I1LYK6
32610,I1LYL1
32611,I1LYL5
32612,I1LYL9
32613,I1LYM0
32614,I1LYM1
32615,I1LYM3
32616,I1LYM4
32617,I1LYM5
32618,I1LYM9
32619,I1LYN0
32620,I1LYN1
32621,I1LYN2
32622,I1LYN7
32623,I1LYP1
32624,I1LYP2
32625,I1LYP4
32626,I1LYP7
32627,I1LYP9
32628,I1LYQ3
32629,I1LYQ5
32630,I1LYQ6
32631,I1LYQ8
32632,I1LYQ9
32633,I1LYR2
32634,I1LYR4
32635,I1LYR7
32636,I1LYR9
32637,I1LYS6
32638,I1LYS7
32639,I1LYS8
32640,I1LYT4
32641,I1LYT7
32642,I1LYU0
32643,I1LYU2
32644,I1LYU3
32645,I1LYU4
32646,I1LYU6
32647,I1LYU9
32648,I1LYV7
32649,I1LYW0
32650,I1LYW1
32651,I1LYW2
32652,I1LYW3
32653,I1LYW4
32654,I1LYW5
32655,I1LYW7
32656,I1LYW8
32657,I1LYX3
32658,I1LYX4
32659,I1LYX6
32660,I1LYX9
32661,I1LYY0
32662,I1LYY3
32663,I1LYY5
32664,I1LYZ1
32665,I1LYZ2
32666,I1LYZ7
32667,I1LYZ8
32668,I1LYZ9
32669,I1LZ03
32670,I1LZ09
32671,I1LZ12
32672,I1LZ13
32673,I1LZ19
32674,I1LZ20
32675,I1LZ27
32676,I1LZ33
32677,I1LZ35
32678,I1LZ37
32679,I1LZ38
32680,I1LZ39
32681,I1LZ40
32682,I1LZ42
32683,I1LZ47
32684,I1LZ51
32685,I1LZ52
32686,I1LZ59
32687,I1LZ60
32688,I1LZ62
32689,I1LZ65
32690,I1LZ66
32691,I1LZ70
32692,I1LZ77
32693,I1LZ78
32694,I1LZ82
32695,I1LZ84
32696,I1LZ87
32697,I1LZ91
32698,I1LZ92
32699,I1LZ93
32700,I1LZ94
32701,I1LZ99
32702,I1LZA1
32703,I1LZA4
32704,I1LZA5
32705,I1LZA6
32706,I1LZA7
32707,I1LZA9
32708,I1LZB0
32709,I1LZB1
32710,I1LZB9
32711,I1LZC1
32712,I1LZC4
32713,I1LZC5
32714,I1LZC6
32715,I1LZC9
32716,I1LZD0
32717,I1LZD1
32718,I1LZD4
32719,I1LZD7
32720,I1LZD8
32721,I1LZE0
32722,I1LZE1
32723,I1LZE4
32724,I1LZE5
32725,I1LZF0
32726,I1LZF1
32727,I1LZF4
32728,I1LZF5
32729,I1LZF7
32730,I1LZF8
32731,I1LZG1
32732,I1LZG3
32733,I1LZG4
32734,I1LZG8
32735,I1LZH4
32736,I1LZH7
32737,I1LZH9
32738,I1LZI0
32739,I1LZI1
32740,I1LZI3
32741,I1LZI6
32742,I1LZI7
32743,I1LZI8
32744,I1LZI9
32745,I1LZJ2
32746,I1LZJ5
32747,I1LZJ6
32748,I1LZJ8
32749,I1LZK6
32750,I1LZK7
32751,I1LZK9
32752,I1LZL0
32753,I1LZL4
32754,I1LZL5
32755,I1LZL8
32756,I1LZL9
32757,I1LZM0
32758,I1LZM1
32759,I1LZM2
32760,I1LZM3
32761,I1LZM6
32762,I1LZM7
32763,I1LZM9
32764,I1LZN0
32765,I1LZN1
32766,I1LZN2
32767,I1LZN3
32768,I1LZN4
32769,I1LZN6
32770,I1LZN8
32771,I1LZP0
32772,I1LZP3
32773,I1LZP4
32774,I1LZP6
32775,I1LZP7
32776,I1LZP8
32777,I1LZQ1
32778,I1LZQ2
32779,I1LZQ3
32780,I1LZQ4
32781,I1LZQ5
32782,I1LZQ9
32783,I1LZR2
32784,I1LZR3
32785,I1LZR5
32786,I1LZR8
32787,I1LZR9
32788,I1LZS3
32789,I1LZS5
32790,I1LZS8
32791,I1LZT0
32792,I1LZT2
32793,I1LZT3
32794,I1LZT5
32795,I1LZT6
32796,I1LZU0
32797,I1LZU1
32798,I1LZU3
32799,I1LZU4
32800,I1LZU6
32801,I1LZU9
32802,I1LZV0
32803,I1LZV2
32804,I1LZV7
32805,I1LZV9
32806,I1LZW1
32807,I1LZW3
32808,I1LZW4
32809,I1LZW6
32810,I1LZW8
32811,I1LZW9
32812,I1LZX1
32813,I1LZX2
32814,I1LZX3
32815,I1LZX7
32816,I1LZX9
32817,I1LZY0
32818,I1LZZ0
32819,I1LZZ1
32820,I1LZZ2
32821,I1LZZ3
32822,I1LZZ5
32823,I1LZZ7
32824,I1LZZ9
32825,I1M003
32826,I1M008
32827,I1M010
32828,I1M011
32829,I1M016
32830,I1M017
32831,I1M021
32832,I1M022
32833,I1M023
32834,I1M024
32835,I1M025
32836,I1M026
32837,I1M028
32838,I1M032
32839,I1M033
32840,I1M038
32841,I1M039
32842,I1M042
32843,I1M044
32844,I1M046
32845,I1M048
32846,I1M049
32847,I1M050
32848,I1M052
32849,I1M053
32850,I1M054
32851,I1M057
32852,I1M058
32853,I1M064
32854,I1M065
32855,I1M066
32856,I1M068
32857,I1M069
32858,I1M070
32859,I1M071
32860,I1M072
32861,I1M073
32862,I1M075
32863,I1M076
32864,I1M077
32865,I1M079
32866,I1M081
32867,I1M082
32868,I1M083
32869,I1M086
32870,I1M087
32871,I1M089
32872,I1M090
32873,I1M091
32874,I1M092
32875,I1M094
32876,I1M096
32877,I1M097
32878,I1M099
32879,I1M0A2
32880,I1M0A4
32881,I1M0A5
32882,I1M0A7
32883,I1M0A8
32884,I1M0A9
32885,I1M0B0
32886,I1M0B1
32887,I1M0B2
32888,I1M0B3
32889,I1M0B5
32890,I1M0B6
32891,I1M0B7
32892,I1M0B8
32893,I1M0B9
32894,I1M0C1
32895,I1M0C2
32896,I1M0C3
32897,I1M0C5
32898,I1M0C6
32899,I1M0C8
32900,I1M0C9
32901,I1M0D0
32902,I1M0D1
32903,I1M0D3
32904,I1M0D4
32905,I1M0D7
32906,I1M0D9
32907,I1M0E4
32908,I1M0E5
32909,I1M0E8
32910,I1M0F2
32911,I1M0F4
32912,I1M0F7
32913,I1M0G0
32914,I1M0G5
32915,I1M0G8
32916,I1M0H1
32917,I1M0H3
32918,I1M0H4
32919,I1M0H9
32920,I1M0I1
32921,I1M0I3
32922,I1M0I4
32923,I1M0I7
32924,I1M0J2
32925,I1M0J3
32926,I1M0J9
32927,I1M0K0
32928,I1M0K3
32929,I1M0K4
32930,I1M0K8
32931,I1M0L1
32932,I1M0L4
32933,I1M0M1
32934,I1M0M2
32935,I1M0M5
32936,I1M0N0
32937,I1M0N1
32938,I1M0N2
32939,I1M0N4
32940,I1M0N5
32941,I1M0N9
32942,I1M0P2
32943,I1M0P6
32944,I1M0P8
32945,I1M0P9
32946,I1M0Q0
32947,I1M0Q4
32948,I1M0Q9
32949,I1M0R0
32950,I1M0R1
32951,I1M0R4
32952,I1M0R6
32953,I1M0S0
32954,I1M0S1
32955,I1M0S2
32956,I1M0S4
32957,I1M0S8
32958,I1M0T0
32959,I1M0T1
32960,I1M0T5
32961,I1M0T6
32962,I1M0T7
32963,I1M0U3
32964,I1M0U4
32965,I1M0U5
32966,I1M0U8
32967,I1M0V2
32968,I1M0V3
32969,I1M0V4
32970,I1M0V5
32971,I1M0V6
32972,I1M0V7
32973,I1M0V9
32974,I1M0W1
32975,I1M0W2
32976,I1M0W3
32977,I1M0W4
32978,I1M0W7
32979,I1M0W9
32980,I1M0X0
32981,I1M0X4
32982,I1M0X5
32983,I1M0X8
32984,I1M0Y0
32985,I1M0Y3
32986,I1M0Y6
32987,I1M0Z0
32988,I1M0Z1
32989,I1M0Z7
32990,I1M0Z8
32991,I1M100
32992,I1M102
32993,I1M104
32994,I1M106
32995,I1M107
32996,I1M108
32997,I1M109
32998,I1M113
32999,I1M118
33000,I1M119
33001,I1M124
33002,I1M125
33003,I1M130
33004,I1M131
33005,I1M133
33006,I1M135
33007,I1M136
33008,I1M137
33009,I1M138
33010,I1M142
33011,I1M143
33012,I1M144
33013,I1M146
33014,I1M149
33015,I1M151
33016,I1M152
33017,I1M155
33018,I1M156
33019,I1M157
33020,I1M158
33021,I1M159
33022,I1M160
33023,I1M162
33024,I1M163
33025,I1M166
33026,I1M167
33027,I1M170
33028,I1M176
33029,I1M177
33030,I1M178
33031,I1M181
33032,I1M187
33033,I1M188
33034,I1M189
33035,I1M190
33036,I1M192
33037,I1M198
33038,I1M199
33039,I1M1A1
33040,I1M1A4
33041,I1M1B4
33042,I1M1B6
33043,I1M1B7
33044,I1M1C2
33045,I1M1C4
33046,I1M1C5
33047,I1M1C9
33048,I1M1D0
33049,I1M1D1
33050,I1M1D2
33051,I1M1D3
33052,I1M1D5
33053,I1M1E0
33054,I1M1E5
33055,I1M1E7
33056,I1M1F0
33057,I1M1F2
33058,I1M1F8
33059,I1M1G0
33060,I1M1G2
33061,I1M1G3
33062,I1M1G4
33063,I1M1H5
33064,I1M1H8
33065,I1M1H9
33066,I1M1I0
33067,I1M1I1
33068,I1M1I2
33069,I1M1I3
33070,I1M1I6
33071,I1M1I7
33072,I1M1I8
33073,I1M1I9
33074,I1M1J1
33075,I1M1J3
33076,I1M1J4
33077,I1M1J8
33078,I1M1K5
33079,I1M1K8
33080,I1M1L5
33081,I1M1L6
33082,I1M1L8
33083,I1M1L9
33084,I1M1M0
33085,I1M1M2
33086,I1M1M4
33087,I1M1M7
33088,I1M1N0
33089,I1M1N4
33090,I1M1N6
33091,I1M1P0
33092,I1M1P1
33093,I1M1P3
33094,I1M1P7
33095,I1M1P9
33096,I1M1Q6
33097,I1M1Q7
33098,I1M1Q8
33099,I1M1R0
33100,I1M1R3
33101,I1M1R4
33102,I1M1S3
33103,I1M1S5
33104,I1M1S7
33105,I1M1S8
33106,I1M1T4
33107,I1M1T5
33108,I1M1T7
33109,I1M1T8
33110,I1M1T9
33111,I1M1U0
33112,I1M1U7
33113,I1M1V0
33114,I1M1V2
33115,I1M1V3
33116,I1M1V8
33117,I1M1W0
33118,I1M1W2
33119,I1M1W3
33120,I1M1W6
33121,I1M1W8
33122,I1M1X6
33123,I1M1X7
33124,I1M1Y0
33125,I1M1Y1
33126,I1M1Y4
33127,I1M1Y5
33128,I1M1Y6
33129,I1M1Y8
33130,I1M1Z1
33131,I1M1Z2
33132,I1M1Z5
33133,I1M1Z6
33134,I1M1Z8
33135,I1M204
33136,I1M206
33137,I1M208
33138,I1M219
33139,I1M220
33140,I1M221
33141,I1M222
33142,I1M223
33143,I1M225
33144,I1M228
33145,I1M233
33146,I1M234
33147,I1M236
33148,I1M240
33149,I1M241
33150,I1M244
33151,I1M247
33152,I1M250
33153,I1M253
33154,I1M259
33155,I1M261
33156,I1M269
33157,I1M271
33158,I1M273
33159,I1M277
33160,I1M279
33161,I1M280
33162,I1M281
33163,I1M283
33164,I1M284
33165,I1M285
33166,I1M287
33167,I1M289
33168,I1M290
33169,I1M292
33170,I1M294
33171,I1M296
33172,I1M299
33173,I1M2A2
33174,I1M2A3
33175,I1M2A6
33176,I1M2B3
33177,I1M2B4
33178,I1M2B6
33179,I1M2B7
33180,I1M2B9
33181,I1M2C2
33182,I1M2C3
33183,I1M2C8
33184,I1M2D0
33185,I1M2D3
33186,I1M2D4
33187,I1M2D6
33188,I1M2D8
33189,I1M2D9
33190,I1M2E0
33191,I1M2E2
33192,I1M2E4
33193,I1M2E5
33194,I1M2E7
33195,I1M2E9
33196,I1M2F0
33197,I1M2F3
33198,I1M2G2
33199,I1M2G3
33200,I1M2G5
33201,I1M2G6
33202,I1M2G8
33203,I1M2G9
33204,I1M2H1
33205,I1M2H3
33206,I1M2H5
33207,I1M2I4
33208,I1M2I5
33209,I1M2I7
33210,I1M2I9
33211,I1M2J1
33212,I1M2J2
33213,I1M2J4
33214,I1M2J8
33215,I1M2J9
33216,I1M2K0
33217,I1M2K1
33218,I1M2K6
33219,I1M2K7
33220,I1M2K8
33221,I1M2K9
33222,I1M2L4
33223,I1M2L5
33224,I1M2L7
33225,I1M2L8
33226,I1M2L9
33227,I1M2M2
33228,I1M2M3
33229,I1M2M7
33230,I1M2M9
33231,I1M2N0
33232,I1M2N8
33233,I1M2P0
33234,I1M2P3
33235,I1M2P6
33236,I1M2P7
33237,I1M2Q0
33238,I1M2Q1
33239,I1M2Q3
33240,I1M2R5
33241,I1M2R6
33242,I1M2R7
33243,I1M2S4
33244,I1M2S6
33245,I1M2S7
33246,I1M2S8
33247,I1M2T2
33248,I1M2T3
33249,I1M2T5
33250,I1M2T7
33251,I1M2U5
33252,I1M2U6
33253,I1M2V0
33254,I1M2V2
33255,I1M2V4
33256,I1M2V6
33257,I1M2V7
33258,I1M2V8
33259,I1M2W0
33260,I1M2W4
33261,I1M2W8
33262,I1M2X1
33263,I1M2X3
33264,I1M2X5
33265,I1M2X7
33266,I1M2X8
33267,I1M2Y2
33268,I1M2Y6
33269,I1M2Z0
33270,I1M2Z2
33271,I1M2Z5
33272,I1M2Z6
33273,I1M2Z8
33274,I1M301
33275,I1M303
33276,I1M306
33277,I1M307
33278,I1M309
33279,I1M311
33280,I1M319
33281,I1M320
33282,I1M322
33283,I1M323
33284,I1M324
33285,I1M325
33286,I1M328
33287,I1M329
33288,I1M331
33289,I1M336
33290,I1M338
33291,I1M341
33292,I1M343
33293,I1M344
33294,I1M347
33295,I1M348
33296,I1M351
33297,I1M353
33298,I1M355
33299,I1M358
33300,I1M359
33301,I1M360
33302,I1M361
33303,I1M367
33304,I1M368
33305,I1M371
33306,I1M373
33307,I1M375
33308,I1M377
33309,I1M379
33310,I1M382
33311,I1M384
33312,I1M390
33313,I1M392
33314,I1M393
33315,I1M396
33316,I1M397
33317,I1M399
33318,I1M3A3
33319,I1M3A7
33320,I1M3A9
33321,I1M3B0
33322,I1M3B1
33323,I1M3B6
33324,I1M3B9
33325,I1M3C1
33326,I1M3C3
33327,I1M3C4
33328,I1M3C5
33329,I1M3C6
33330,I1M3D0
33331,I1M3D2
33332,I1M3D4
33333,I1M3D5
33334,I1M3D6
33335,I1M3D9
33336,I1M3E4
33337,I1M3E6
33338,I1M3E7
33339,I1M3E8
33340,I1M3F1
33341,I1M3F6
33342,I1M3F9
33343,I1M3G0
33344,I1M3G2
33345,I1M3G4
33346,I1M3G7
33347,I1M3H0
33348,I1M3H4
33349,I1M3H5
33350,I1M3H7
33351,I1M3H9
33352,I1M3I1
33353,I1M3I2
33354,I1M3I7
33355,I1M3I8
33356,I1M3J1
33357,I1M3J2
33358,I1M3J3
33359,I1M3J4
33360,I1M3J5
33361,I1M3J6
33362,I1M3J8
33363,I1M3J9
33364,I1M3K1
33365,I1M3K3
33366,I1M3K4
33367,I1M3K6
33368,I1M3L5
33369,I1M3L6
33370,I1M3L7
33371,I1M3L8
33372,I1M3M2
33373,I1M3M3
33374,I1M3M4
33375,I1M3M9
33376,I1M3N0
33377,I1M3P0
33378,I1M3P1
33379,I1M3P3
33380,I1M3P4
33381,I1M3P6
33382,I1M3P7
33383,I1M3P9
33384,I1M3Q3
33385,I1M3Q8
33386,I1M3R0
33387,I1M3R4
33388,I1M3R5
33389,I1M3S1
33390,I1M3S2
33391,I1M3S3
33392,I1M3S4
33393,I1M3S5
33394,I1M3S6
33395,I1M3S8
33396,I1M3T6
33397,I1M3T8
33398,I1M3U1
33399,I1M3U2
33400,I1M3U3
33401,I1M3U4
33402,I1M3U8
33403,I1M3V0
33404,I1M3V1
33405,I1M3V2
33406,I1M3V6
33407,I1M3V7
33408,I1M3W1
33409,I1M3W5
33410,I1M3W6
33411,I1M3W8
33412,I1M3X1
33413,I1M3X2
33414,I1M3X6
33415,I1M3X7
33416,I1M3X9
33417,I1M3Y1
33418,I1M3Y2
33419,I1M3Y3
33420,I1M3Y7
33421,I1M3Y8
33422,I1M3Z4
33423,I1M3Z6
33424,I1M3Z8
33425,I1M3Z9
33426,I1M401
33427,I1M406
33428,I1M407
33429,I1M410
33430,I1M411
33431,I1M415
33432,I1M418
33433,I1M420
33434,I1M423
33435,I1M427
33436,I1M432
33437,I1M433
33438,I1M436
33439,I1M440
33440,I1M441
33441,I1M442
33442,I1M444
33443,I1M445
33444,I1M450
33445,I1M456
33446,I1M458
33447,I1M459
33448,I1M465
33449,I1M466
33450,I1M467
33451,I1M469
33452,I1M480
33453,I1M482
33454,I1M484
33455,I1M485
33456,I1M487
33457,I1M488
33458,I1M489
33459,I1M490
33460,I1M491
33461,I1M492
33462,I1M493
33463,I1M495
33464,I1M497
33465,I1M4A0
33466,I1M4A3
33467,I1M4A4
33468,I1M4A5
33469,I1M4A9
33470,I1M4B2
33471,I1M4B3
33472,I1M4B4
33473,I1M4B5
33474,I1M4B6
33475,I1M4B9
33476,I1M4C0
33477,I1M4C1
33478,I1M4C2
33479,I1M4C5
33480,I1M4D8
33481,I1M4E5
33482,I1M4E6
33483,I1M4E7
33484,I1M4E9
33485,I1M4F6
33486,I1M4F8
33487,I1M4G0
33488,I1M4G2
33489,I1M4G4
33490,I1M4G6
33491,I1M4G8
33492,I1M4G9
33493,I1M4H0
33494,I1M4H1
33495,I1M4H2
33496,I1M4H4
33497,I1M4H7
33498,I1M4H8
33499,I1M4I0
33500,I1M4I1
33501,I1M4I3
33502,I1M4I4
33503,I1M4I7
33504,I1M4J3
33505,I1M4J4
33506,I1M4J5
33507,I1M4J7
33508,I1M4J8
33509,I1M4J9
33510,I1M4K9
33511,I1M4L1
33512,I1M4L2
33513,I1M4L4
33514,I1M4L5
33515,I1M4L7
33516,I1M4M2
33517,I1M4M9
33518,I1M4N3
33519,I1M4N8
33520,I1M4N9
33521,I1M4P0
33522,I1M4P1
33523,I1M4P2
33524,I1M4P4
33525,I1M4P9
33526,I1M4Q1
33527,I1M4Q3
33528,I1M4Q4
33529,I1M4Q5
33530,I1M4Q6
33531,I1M4Q7
33532,I1M4Q9
33533,I1M4R0
33534,I1M4R4
33535,I1M4R7
33536,I1M4S0
33537,I1M4S4
33538,I1M4S7
33539,I1M4S8
33540,I1M4T4
33541,I1M4T8
33542,I1M4U1
33543,I1M4U3
33544,I1M4U4
33545,I1M4U5
33546,I1M4U8
33547,I1M4U9
33548,I1M4V1
33549,I1M4V5
33550,I1M4V9
33551,I1M4W1
33552,I1M4W2
33553,I1M4W4
33554,I1M4W7
33555,I1M4X6
33556,I1M4Y2
33557,I1M4Y5
33558,I1M4Y6
33559,I1M4Y7
33560,I1M4Y8
33561,I1M4Y9
33562,I1M4Z1
33563,I1M4Z3
33564,I1M4Z7
33565,I1M502
33566,I1M503
33567,I1M505
33568,I1M506
33569,I1M507
33570,I1M508
33571,I1M510
33572,I1M512
33573,I1M513
33574,I1M514
33575,I1M515
33576,I1M520
33577,I1M522
33578,I1M525
33579,I1M527
33580,I1M528
33581,I1M529
33582,I1M530
33583,I1M533
33584,I1M540
33585,I1M541
33586,I1M544
33587,I1M546
33588,I1M554
33589,I1M555
33590,I1M556
33591,I1M561
33592,I1M564
33593,I1M567
33594,I1M570
33595,I1M571
33596,I1M575
33597,I1M578
33598,I1M581
33599,I1M584
33600,I1M585
33601,I1M586
33602,I1M587
33603,I1M589
33604,I1M592
33605,I1M595
33606,I1M596
33607,I1M599
33608,I1M5A0
33609,I1M5A7
33610,I1M5A9
33611,I1M5B0
33612,I1M5B4
33613,I1M5B5
33614,I1M5B6
33615,I1M5B9
33616,I1M5C0
33617,I1M5C1
33618,I1M5C4
33619,I1M5C5
33620,I1M5C8
33621,I1M5C9
33622,I1M5D1
33623,I1M5D5
33624,I1M5D7
33625,I1M5D9
33626,I1M5E0
33627,I1M5E1
33628,I1M5E2
33629,I1M5E3
33630,I1M5E5
33631,I1M5E9
33632,I1M5F0
33633,I1M5F2
33634,I1M5F3
33635,I1M5F6
33636,I1M5F7
33637,I1M5G0
33638,I1M5G4
33639,I1M5G5
33640,I1M5G8
33641,I1M5H2
33642,I1M5H3
33643,I1M5H4
33644,I1M5H7
33645,I1M5H8
33646,I1M5I2
33647,I1M5I5
33648,I1M5I6
33649,I1M5J0
33650,I1M5J5
33651,I1M5K0
33652,I1M5K1
33653,I1M5K5
33654,I1M5K6
33655,I1M5K9
33656,I1M5L0
33657,I1M5L3
33658,I1M5L4
33659,I1M5L7
33660,I1M5L9
33661,I1M5M2
33662,I1M5M5
33663,I1M5M7
33664,I1M5M8
33665,I1M5N0
33666,I1M5N2
33667,I1M5N3
33668,I1M5N4
33669,I1M5N6
33670,I1M5N7
33671,I1M5N9
33672,I1M5P4
33673,I1M5P5
33674,I1M5Q0
33675,I1M5Q3
33676,I1M5Q4
33677,I1M5Q5
33678,I1M5Q9
33679,I1M5R2
33680,I1M5R6
33681,I1M5R8
33682,I1M5S0
33683,I1M5S1
33684,I1M5S3
33685,I1M5S4
33686,I1M5S6
33687,I1M5S8
33688,I1M5T2
33689,I1M5T4
33690,I1M5T6
33691,I1M5T8
33692,I1M5U0
33693,I1M5U1
33694,I1M5U3
33695,I1M5U7
33696,I1M5U8
33697,I1M5V1
33698,I1M5V2
33699,I1M5V3
33700,I1M5V4
33701,I1M5W1
33702,I1M5W3
33703,I1M5W5
33704,I1M5W8
33705,I1M5X0
33706,I1M5X1
33707,I1M5X5
33708,I1M5X6
33709,I1M5X7
33710,I1M5X8
33711,I1M5X9
33712,I1M5Y0
33713,I1M5Y5
33714,I1M5Y6
33715,I1M5Y7
33716,I1M5Y9
33717,I1M5Z1
33718,I1M5Z4
33719,I1M5Z6
33720,I1M5Z7
33721,I1M5Z8
33722,I1M5Z9
33723,I1M601
33724,I1M603
33725,I1M606
33726,I1M608
33727,I1M610
33728,I1M611
33729,I1M616
33730,I1M617
33731,I1M619
33732,I1M622
33733,I1M625
33734,I1M627
33735,I1M628
33736,I1M630
33737,I1M631
33738,I1M634
33739,I1M635
33740,I1M643
33741,I1M646
33742,I1M647
33743,I1M649
33744,I1M650
33745,I1M652
33746,I1M653
33747,I1M655
33748,I1M657
33749,I1M658
33750,I1M660
33751,I1M662
33752,I1M663
33753,I1M665
33754,I1M666
33755,I1M668
33756,I1M670
33757,I1M671
33758,I1M672
33759,I1M675
33760,I1M676
33761,I1M677
33762,I1M679
33763,I1M680
33764,I1M682
33765,I1M684
33766,I1M685
33767,I1M686
33768,I1M687
33769,I1M688
33770,I1M689
33771,I1M690
33772,I1M692
33773,I1M693
33774,I1M6A1
33775,I1M6A4
33776,I1M6A7
33777,I1M6B1
33778,I1M6B2
33779,I1M6B8
33780,I1M6B9
33781,I1M6C0
33782,I1M6C1
33783,I1M6C5
33784,I1M6C9
33785,I1M6D0
33786,I1M6D2
33787,I1M6D3
33788,I1M6D4
33789,I1M6D5
33790,I1M6D7
33791,I1M6D9
33792,I1M6E1
33793,I1M6E2
33794,I1M6E3
33795,I1M6E4
33796,I1M6E5
33797,I1M6E6
33798,I1M6E7
33799,I1M6E9
33800,I1M6F0
33801,I1M6F2
33802,I1M6F4
33803,I1M6G3
33804,I1M6G4
33805,I1M6G5
33806,I1M6G6
33807,I1M6G9
33808,I1M6H2
33809,I1M6H4
33810,I1M6I0
33811,I1M6I2
33812,I1M6I4
33813,I1M6I7
33814,I1M6J3
33815,I1M6J5
33816,I1M6J6
33817,I1M6J9
33818,I1M6K2
33819,I1M6K4
33820,I1M6K5
33821,I1M6K6
33822,I1M6K8
33823,I1M6K9
33824,I1M6L0
33825,I1M6L1
33826,I1M6L3
33827,I1M6L4
33828,I1M6L5
33829,I1M6L7
33830,I1M6M4
33831,I1M6M6
33832,I1M6M7
33833,I1M6M9
33834,I1M6N2
33835,I1M6N3
33836,I1M6N5
33837,I1M6N8
33838,I1M6P0
33839,I1M6P3
33840,I1M6P7
33841,I1M6P8
33842,I1M6Q5
33843,I1M6Q8
33844,I1M6R1
33845,I1M6R4
33846,I1M6R8
33847,I1M6S1
33848,I1M6S7
33849,I1M6T0
33850,I1M6T8
33851,I1M6T9
33852,I1M6U2
33853,I1M6U4
33854,I1M6U5
33855,I1M6U7
33856,I1M6U9
33857,I1M6V0
33858,I1M6V1
33859,I1M6V5
33860,I1M6V6
33861,I1M6V7
33862,I1M6V9
33863,I1M6W2
33864,I1M6W5
33865,I1M6W6
33866,I1M6W9
33867,I1M6X0
33868,I1M6X1
33869,I1M6X2
33870,I1M6X3
33871,I1M6X4
33872,I1M6X6
33873,I1M6X9
33874,I1M6Y0
33875,I1M6Y2
33876,I1M6Y4
33877,I1M6Y5
33878,I1M6Y8
33879,I1M6Z4
33880,I1M6Z7
33881,I1M703
33882,I1M704
33883,I1M705
33884,I1M706
33885,I1M710
33886,I1M712
33887,I1M713
33888,I1M717
33889,I1M718
33890,I1M719
33891,I1M723
33892,I1M727
33893,I1M732
33894,I1M733
33895,I1M734
33896,I1M737
33897,I1M738
33898,I1M740
33899,I1M741
33900,I1M743
33901,I1M744
33902,I1M745
33903,I1M751
33904,I1M752
33905,I1M753
33906,I1M756
33907,I1M757
33908,I1M760
33909,I1M761
33910,I1M762
33911,I1M763
33912,I1M765
33913,I1M769
33914,I1M770
33915,I1M771
33916,I1M773
33917,I1M784
33918,I1M786
33919,I1M788
33920,I1M789
33921,I1M791
33922,I1M792
33923,I1M796
33924,I1M798
33925,I1M7A0
33926,I1M7A1
33927,I1M7A2
33928,I1M7A4
33929,I1M7A6
33930,I1M7A9
33931,I1M7B0
33932,I1M7B9
33933,I1M7C1
33934,I1M7C3
33935,I1M7C5
33936,I1M7C6
33937,I1M7C7
33938,I1M7C9
33939,I1M7D3
33940,I1M7D7
33941,I1M7D8
33942,I1M7D9
33943,I1M7E1
33944,I1M7E3
33945,I1M7E5
33946,I1M7E7
33947,I1M7F0
33948,I1M7F1
33949,I1M7F5
33950,I1M7F7
33951,I1M7G1
33952,I1M7G5
33953,I1M7G7
33954,I1M7I0
33955,I1M7I2
33956,I1M7I6
33957,I1M7J4
33958,I1M7J9
33959,I1M7K0
33960,I1M7K1
33961,I1M7K2
33962,I1M7K5
33963,I1M7K6
33964,I1M7K7
33965,I1M7M2
33966,I1M7M5
33967,I1M7N0
33968,I1M7N1
33969,I1M7N4
33970,I1M7N5
33971,I1M7N6
33972,I1M7N7
33973,I1M7N8
33974,I1M7P3
33975,I1M7P6
33976,I1M7Q3
33977,I1M7Q9
33978,I1M7R0
33979,I1M7R1
33980,I1M7R2
33981,I1M7R4
33982,I1M7R5
33983,I1M7R6
33984,I1M7R7
33985,I1M7R8
33986,I1M7S0
33987,I1M7S2
33988,I1M7S3
33989,I1M7S7
33990,I1M7S9
33991,I1M7T1
33992,I1M7T8
33993,I1M7U5
33994,I1M7U9
33995,I1M7V3
33996,I1M7V6
33997,I1M7V7
33998,I1M7V9
33999,I1M7W2
34000,I1M7W5
34001,I1M7X4
34002,I1M7X5
34003,I1M7X7
34004,I1M7Y1
34005,I1M7Y2
34006,I1M7Y3
34007,I1M7Y4
34008,I1M7Y8
34009,I1M7Z0
34010,I1M7Z8
34011,I1M800
34012,I1M801
34013,I1M803
34014,I1M812
34015,I1M813
34016,I1M826
34017,I1M828
34018,I1M832
34019,I1M833
34020,I1M834
34021,I1M841
34022,I1M843
34023,I1M845
34024,I1M847
34025,I1M849
34026,I1M850
34027,I1M855
34028,I1M856
34029,I1M859
34030,I1M860
34031,I1M862
34032,I1M867
34033,I1M869
34034,I1M870
34035,I1M871
34036,I1M874
34037,I1M875
34038,I1M876
34039,I1M877
34040,I1M880
34041,I1M883
34042,I1M885
34043,I1M887
34044,I1M889
34045,I1M890
34046,I1M894
34047,I1M8A0
34048,I1M8A1
34049,I1M8A4
34050,I1M8A5
34051,I1M8A6
34052,I1M8B1
34053,I1M8B3
34054,I1M8B6
34055,I1M8B7
34056,I1M8C2
34057,I1M8C3
34058,I1M8C8
34059,I1M8D2
34060,I1M8D3
34061,I1M8D6
34062,I1M8D7
34063,I1M8E0
34064,I1M8E3
34065,I1M8E6
34066,I1M8F0
34067,I1M8F1
34068,I1M8F2
34069,I1M8F3
34070,I1M8F6
34071,I1M8G0
34072,I1M8G3
34073,I1M8G4
34074,I1M8G8
34075,I1M8G9
34076,I1M8H7
34077,I1M8I3
34078,I1M8I4
34079,I1M8I5
34080,I1M8J0
34081,I1M8J1
34082,I1M8J3
34083,I1M8J4
34084,I1M8J6
34085,I1M8J8
34086,I1M8J9
34087,I1M8K1
34088,I1M8K2
34089,I1M8K4
34090,I1M8K5
34091,I1M8K6
34092,I1M8K9
34093,I1M8L1
34094,I1M8L2
34095,I1M8L3
34096,I1M8L4
34097,I1M8L5
34098,I1M8L8
34099,I1M8M3
34100,I1M8M5
34101,I1M8M9
34102,I1M8N2
34103,I1M8N6
34104,I1M8N8
34105,I1M8P0
34106,I1M8P2
34107,I1M8P4
34108,I1M8P8
34109,I1M8P9
34110,I1M8Q0
34111,I1M8Q4
34112,I1M8Q5
34113,I1M8Q6
34114,I1M8Q7
34115,I1M8R0
34116,I1M8R4
34117,I1M8R5
34118,I1M8R6
34119,I1M8R8
34120,I1M8S0
34121,I1M8S3
34122,I1M8S4
34123,I1M8S7
34124,I1M8T1
34125,I1M8U0
34126,I1M8U3
34127,I1M8U4
34128,I1M8U6
34129,I1M8V0
34130,I1M8V1
34131,I1M8V2
34132,I1M8V4
34133,I1M8V6
34134,I1M8W0
34135,I1M8W6
34136,I1M8W7
34137,I1M8W9
34138,I1M8X1
34139,I1M8X2
34140,I1M8X4
34141,I1M8X5
34142,I1M8X6
34143,I1M8X7
34144,I1M8X8
34145,I1M8Y0
34146,I1M8Y1
34147,I1M8Y5
34148,I1M8Y6
34149,I1M8Z1
34150,I1M8Z3
34151,I1M903
34152,I1M904
34153,I1M910
34154,I1M912
34155,I1M915
34156,I1M917
34157,I1M918
34158,I1M922
34159,I1M923
34160,I1M926
34161,I1M928
34162,I1M929
34163,I1M933
34164,I1M934
34165,I1M938
34166,I1M939
34167,I1M940
34168,I1M941
34169,I1M944
34170,I1M945
34171,I1M946
34172,I1M953
34173,I1M955
34174,I1M956
34175,I1M957
34176,I1M958
34177,I1M961
34178,I1M965
34179,I1M971
34180,I1M972
34181,I1M974
34182,I1M978
34183,I1M981
34184,I1M984
34185,I1M987
34186,I1M988
34187,I1M989
34188,I1M992
34189,I1M995
34190,I1M997
34191,I1M998
34192,I1M9A4
34193,I1M9A5
34194,I1M9B0
34195,I1M9B2
34196,I1M9B3
34197,I1M9B4
34198,I1M9C0
34199,I1M9C3
34200,I1M9C6
34201,I1M9D0
34202,I1M9D1
34203,I1M9D7
34204,I1M9E1
34205,I1M9E2
34206,I1M9E4
34207,I1M9E8
34208,I1M9F0
34209,I1M9F2
34210,I1M9F3
34211,I1M9F6
34212,I1M9F7
34213,I1M9F9
34214,I1M9G1
34215,I1M9G3
34216,I1M9G4
34217,I1M9G9
34218,I1M9H0
34219,I1M9H2
34220,I1M9H5
34221,I1M9I8
34222,I1M9I9
34223,I1M9J0
34224,I1M9J3
34225,I1M9J4
34226,I1M9J8
34227,I1M9K0
34228,I1M9K9
34229,I1M9L1
34230,I1M9L4
34231,I1M9M1
34232,I1M9M2
34233,I1M9M3
34234,I1M9M6
34235,I1M9N1
34236,I1M9N4
34237,I1M9P3
34238,I1M9P5
34239,I1M9P8
34240,I1M9Q3
34241,I1M9Q5
34242,I1M9Q6
34243,I1M9Q7
34244,I1M9Q8
34245,I1M9Q9
34246,I1M9R2
34247,I1M9R5
34248,I1M9R6
34249,I1M9S1
34250,I1M9S8
34251,I1M9T1
34252,I1M9T4
34253,I1M9T5
34254,I1M9T9
34255,I1M9U2
34256,I1M9U6
34257,I1M9V5
34258,I1M9V7
34259,I1M9V9
34260,I1M9W0
34261,I1M9W5
34262,I1M9W9
34263,I1M9X1
34264,I1M9X2
34265,I1M9X5
34266,I1M9X6
34267,I1M9X7
34268,I1M9X8
34269,I1M9X9
34270,I1M9Z0
34271,I1M9Z8
34272,I1MA01
34273,I1MA03
34274,I1MA04
34275,I1MA07
34276,I1MA08
34277,I1MA09
34278,I1MA13
34279,I1MA16
34280,I1MA21
34281,I1MA26
34282,I1MA27
34283,I1MA28
34284,I1MA29
34285,I1MA31
34286,I1MA32
34287,I1MA39
34288,I1MA40
34289,I1MA45
34290,I1MA46
34291,I1MA51
34292,I1MA53
34293,I1MA57
34294,I1MA59
34295,I1MA62
34296,I1MA63
34297,I1MA73
34298,I1MA81
34299,I1MA86
34300,I1MA91
34301,I1MA92
34302,I1MA99
34303,I1MAA1
34304,I1MAA3
34305,I1MAA4
34306,I1MAA6
34307,I1MAB5
34308,I1MAC0
34309,I1MAC4
34310,I1MAC5
34311,I1MAC6
34312,I1MAC7
34313,I1MAC8
34314,I1MAD0
34315,I1MAD5
34316,I1MAD8
34317,I1MAE2
34318,I1MAE5
34319,I1MAE6
34320,I1MAE7
34321,I1MAE8
34322,I1MAE9
34323,I1MAF1
34324,I1MAF3
34325,I1MAF4
34326,I1MAG6
34327,I1MAH0
34328,I1MAH2
34329,I1MAH3
34330,I1MAH8
34331,I1MAI0
34332,I1MAI3
34333,I1MAI7
34334,I1MAJ1
34335,I1MAJ4
34336,I1MAJ6
34337,I1MAJ9
34338,I1MAK3
34339,I1MAK4
34340,I1MAK5
34341,I1MAK6
34342,I1MAK8
34343,I1MAL1
34344,I1MAL3
34345,I1MAL7
34346,I1MAM4
34347,I1MAM5
34348,I1MAM7
34349,I1MAN0
34350,I1MAN1
34351,I1MAN3
34352,I1MAN6
34353,I1MAN9
34354,I1MAP2
34355,I1MAP4
34356,I1MAP6
34357,I1MAP9
34358,I1MAQ0
34359,I1MAQ1
34360,I1MAQ3
34361,I1MAQ6
34362,I1MAQ7
34363,I1MAQ9
34364,I1MAR5
34365,I1MAR8
34366,I1MAR9
34367,I1MAS1
34368,I1MAS2
34369,I1MAS5
34370,I1MAS9
34371,I1MAT2
34372,I1MAT3
34373,I1MAU6
34374,I1MAU7
34375,I1MAV0
34376,I1MAV1
34377,I1MAV2
34378,I1MAV4
34379,I1MAV6
34380,I1MAV8
34381,I1MAV9
34382,I1MAW2
34383,I1MAW4
34384,I1MAW7
34385,I1MAW8
34386,I1MAX0
34387,I1MAX1
34388,I1MAX2
34389,I1MAX3
34390,I1MAX6
34391,I1MAX7
34392,I1MAX9
34393,I1MAY0
34394,I1MAY2
34395,I1MAY4
34396,I1MAY5
34397,I1MAY6
34398,I1MAY7
34399,I1MAZ0
34400,I1MAZ6
34401,I1MAZ7
34402,I1MAZ8
34403,I1MB04
34404,I1MB05
34405,I1MB07
34406,I1MB08
34407,I1MB09
34408,I1MB11
34409,I1MB13
34410,I1MB15
34411,I1MB16
34412,I1MB18
34413,I1MB27
34414,I1MB28
34415,I1MB29
34416,I1MB30
34417,I1MB34
34418,I1MB39
34419,I1MB48
34420,I1MB49
34421,I1MB50
34422,I1MB54
34423,I1MB56
34424,I1MB58
34425,I1MB59
34426,I1MB62
34427,I1MB67
34428,I1MB68
34429,I1MB71
34430,I1MB72
34431,I1MB74
34432,I1MB75
34433,I1MB76
34434,I1MB79
34435,I1MB82
34436,I1MB83
34437,I1MB84
34438,I1MB86
34439,I1MB88
34440,I1MB90
34441,I1MB91
34442,I1MB92
34443,I1MB94
34444,I1MB96
34445,I1MB97
34446,I1MB99
34447,I1MBA1
34448,I1MBA2
34449,I1MBA3
34450,I1MBA4
34451,I1MBA5
34452,I1MBA7
34453,I1MBA8
34454,I1MBA9
34455,I1MBB2
34456,I1MBB4
34457,I1MBB5
34458,I1MBB6
34459,I1MBC1
34460,I1MBC4
34461,I1MBC5
34462,I1MBC7
34463,I1MBD1
34464,I1MBD6
34465,I1MBD7
34466,I1MBE5
34467,I1MBE7
34468,I1MBE8
34469,I1MBF1
34470,I1MBF3
34471,I1MBF5
34472,I1MBG0
34473,I1MBG1
34474,I1MBG2
34475,I1MBG5
34476,I1MBG6
34477,I1MBG9
34478,I1MBH0
34479,I1MBH2
34480,I1MBI5
34481,I1MBI6
34482,I1MBI7
34483,I1MBI9
34484,I1MBJ1
34485,I1MBJ2
34486,I1MBJ5
34487,I1MBJ7
34488,I1MBJ9
34489,I1MBK1
34490,I1MBK4
34491,I1MBK7
34492,I1MBL2
34493,I1MBL4
34494,I1MBL5
34495,I1MBL6
34496,I1MBL7
34497,I1MBM0
34498,I1MBM1
34499,I1MBM2
34500,I1MBM5
34501,I1MBM6
34502,I1MBN1
34503,I1MBN2
34504,I1MBN3
34505,I1MBN4
34506,I1MBN8
34507,I1MBP3
34508,I1MBP4
34509,I1MBP5
34510,I1MBP6
34511,I1MBP7
34512,I1MBQ0
34513,I1MBQ1
34514,I1MBQ3
34515,I1MBQ7
34516,I1MBQ9
34517,I1MBR0
34518,I1MBR1
34519,I1MBR3
34520,I1MBR5
34521,I1MBR6
34522,I1MBR7
34523,I1MBS2
34524,I1MBS4
34525,I1MBS6
34526,I1MBS7
34527,I1MBS8
34528,I1MBT5
34529,I1MBT7
34530,I1MBT8
34531,I1MBU0
34532,I1MBU9
34533,I1MBV5
34534,I1MBV7
34535,I1MBV8
34536,I1MBV9
34537,I1MBW2
34538,I1MBW3
34539,I1MBW8
34540,I1MBW9
34541,I1MBX0
34542,I1MBX1
34543,I1MBX4
34544,I1MBX5
34545,I1MBX8
34546,I1MBY1
34547,I1MBY3
34548,I1MBZ0
34549,I1MBZ3
34550,I1MBZ5
34551,I1MBZ8
34552,I1MC04
34553,I1MC10
34554,I1MC13
34555,I1MC15
34556,I1MC16
34557,I1MC17
34558,I1MC18
34559,I1MC21
34560,I1MC22
34561,I1MC24
34562,I1MC26
34563,I1MC27
34564,I1MC28
34565,I1MC29
34566,I1MC30
34567,I1MC31
34568,I1MC36
34569,I1MC38
34570,I1MC39
34571,I1MC45
34572,I1MC48
34573,I1MC49
34574,I1MC52
34575,I1MC53
34576,I1MC56
34577,I1MC57
34578,I1MC59
34579,I1MC62
34580,I1MC65
34581,I1MC67
34582,I1MC68
34583,I1MC70
34584,I1MC77
34585,I1MC78
34586,I1MC83
34587,I1MC84
34588,I1MC85
34589,I1MC87
34590,I1MC89
34591,I1MC91
34592,I1MC93
34593,I1MC96
34594,I1MC99
34595,I1MCA2
34596,I1MCA3
34597,I1MCA5
34598,I1MCA9
34599,I1MCB0
34600,I1MCB4
34601,I1MCB5
34602,I1MCB7
34603,I1MCB8
34604,I1MCB9
34605,I1MCC1
34606,I1MCC2
34607,I1MCC4
34608,I1MCC9
34609,I1MCD0
34610,I1MCD1
34611,I1MCD3
34612,I1MCD4
34613,I1MCD5
34614,I1MCE2
34615,I1MCE6
34616,I1MCE8
34617,I1MCE9
34618,I1MCF0
34619,I1MCF1
34620,I1MCF3
34621,I1MCF7
34622,I1MCG2
34623,I1MCG4
34624,I1MCG5
34625,I1MCG6
34626,I1MCH3
34627,I1MCH6
34628,I1MCH7
34629,I1MCH9
34630,I1MCI0
34631,I1MCI2
34632,I1MCI6
34633,I1MCI8
34634,I1MCI9
34635,I1MCJ0
34636,I1MCJ1
34637,I1MCJ2
34638,I1MCJ7
34639,I1MCJ9
34640,I1MCK0
34641,I1MCK1
34642,I1MCK2
34643,I1MCK5
34644,I1MCK6
34645,I1MCL2
34646,I1MCL4
34647,I1MCL9
34648,I1MCM1
34649,I1MCM2
34650,I1MCM4
34651,I1MCM6
34652,I1MCM8
34653,I1MCM9
34654,I1MCN1
34655,I1MCN3
34656,I1MCN4
34657,I1MCN5
34658,I1MCP1
34659,I1MCP5
34660,I1MCP6
34661,I1MCQ5
34662,I1MCQ6
34663,I1MCQ9
34664,I1MCR0
34665,I1MCR3
34666,I1MCR5
34667,I1MCR9
34668,I1MCS0
34669,I1MCS2
34670,I1MCS8
34671,I1MCT0
34672,I1MCT5
34673,I1MCT6
34674,I1MCT7
34675,I1MCU1
34676,I1MCU2
34677,I1MCU3
34678,I1MCU4
34679,I1MCV4
34680,I1MCV5
34681,I1MCV7
34682,I1MCV8
34683,I1MCV9
34684,I1MCW0
34685,I1MCW3
34686,I1MCW5
34687,I1MCW6
34688,I1MCX0
34689,I1MCX3
34690,I1MCX7
34691,I1MCY1
34692,I1MCY4
34693,I1MCY6
34694,I1MCY7
34695,I1MCY9
34696,I1MCZ0
34697,I1MCZ2
34698,I1MCZ3
34699,I1MCZ5
34700,I1MCZ6
34701,I1MCZ9
34702,I1MD00
34703,I1MD01
34704,I1MD02
34705,I1MD04
34706,I1MD11
34707,I1MD14
34708,I1MD23
34709,I1MD25
34710,I1MD26
34711,I1MD27
34712,I1MD28
34713,I1MD29
34714,I1MD33
34715,I1MD36
34716,I1MD37
34717,I1MD42
34718,I1MD43
34719,I1MD44
34720,I1MD46
34721,I1MD47
34722,I1MD49
34723,I1MD54
34724,I1MD60
34725,I1MD61
34726,I1MD62
34727,I1MD68
34728,I1MD76
34729,I1MD84
34730,I1MD86
34731,I1MD87
34732,I1MD91
34733,I1MD92
34734,I1MD96
34735,I1MD97
34736,I1MD98
34737,I1MDA0
34738,I1MDA2
34739,I1MDA4
34740,I1MDA5
34741,I1MDA6
34742,I1MDB1
34743,I1MDB2
34744,I1MDB3
34745,I1MDB4
34746,I1MDB5
34747,I1MDC4
34748,I1MDC5
34749,I1MDC7
34750,I1MDD1
34751,I1MDD2
34752,I1MDD3
34753,I1MDD4
34754,I1MDD7
34755,I1MDD8
34756,I1MDE5
34757,I1MDE6
34758,I1MDE7
34759,I1MDE8
34760,I1MDE9
34761,I1MDF6
34762,I1MDF7
34763,I1MDF8
34764,I1MDG1
34765,I1MDG2
34766,I1MDG3
34767,I1MDG5
34768,I1MDH3
34769,I1MDH5
34770,I1MDH7
34771,I1MDH9
34772,I1MDI3
34773,I1MDI7
34774,I1MDJ2
34775,I1MDJ7
34776,I1MDK2
34777,I1MDK4
34778,I1MDK5
34779,I1MDL2
34780,I1MDL7
34781,I1MDM7
34782,I1MDN0
34783,I1MDN1
34784,I1MDN3
34785,I1MDN4
34786,I1MDN5
34787,I1MDP1
34788,I1MDP2
34789,I1MDP3
34790,I1MDP4
34791,I1MDP6
34792,I1MDQ0
34793,I1MDQ3
34794,I1MDQ4
34795,I1MDQ7
34796,I1MDQ9
34797,I1MDR1
34798,I1MDR4
34799,I1MDR5
34800,I1MDS1
34801,I1MDS2
34802,I1MDS4
34803,I1MDS5
34804,I1MDS7
34805,I1MDS8
34806,I1MDS9
34807,I1MDT0
34808,I1MDT4
34809,I1MDT8
34810,I1MDU1
34811,I1MDU2
34812,I1MDU5
34813,I1MDU6
34814,I1MDU8
34815,I1MDU9
34816,I1MDV2
34817,I1MDV5
34818,I1MDV8
34819,I1MDV9
34820,I1MDW4
34821,I1MDW6
34822,I1MDW9
34823,I1MDX0
34824,I1MDX5
34825,I1MDX7
34826,I1MDX9
34827,I1MDY3
34828,I1MDY5
34829,I1MDY6
34830,I1MDY7
34831,I1MDY9
34832,I1MDZ1
34833,I1MDZ2
34834,I1MDZ4
34835,I1ME01
34836,I1ME02
34837,I1ME04
34838,I1ME08
34839,I1ME12
34840,I1ME13
34841,I1ME15
34842,I1ME16
34843,I1ME19
34844,I1ME21
34845,I1ME25
34846,I1ME26
34847,I1ME27
34848,I1ME28
34849,I1ME31
34850,I1ME34
34851,I1ME35
34852,I1ME36
34853,I1ME37
34854,I1ME40
34855,I1ME41
34856,I1ME45
34857,I1ME47
34858,I1ME49
34859,I1ME52
34860,I1ME53
34861,I1ME54
34862,I1ME56
34863,I1ME57
34864,I1ME58
34865,I1ME60
34866,I1ME62
34867,I1ME63
34868,I1ME64
34869,I1ME69
34870,I1ME71
34871,I1ME75
34872,I1ME78
34873,I1ME81
34874,I1ME83
34875,I1ME84
34876,I1ME85
34877,I1ME88
34878,I1ME93
34879,I1ME95
34880,I1ME96
34881,I1MEA0
34882,I1MEA1
34883,I1MEA2
34884,I1MEA5
34885,I1MEA7
34886,I1MEA8
34887,I1MEA9
34888,I1MEB0
34889,I1MEB2
34890,I1MEB4
34891,I1MEB5
34892,I1MEC0
34893,I1MEC5
34894,I1MEC6
34895,I1MEC8
34896,I1MEC9
34897,I1MED1
34898,I1MED3
34899,I1MED8
34900,I1MEE0
34901,I1MEE1
34902,I1MEE6
34903,I1MEE7
34904,I1MEF1
34905,I1MEF2
34906,I1MEF5
34907,I1MEF8
34908,I1MEG0
34909,I1MEG7
34910,I1MEG8
34911,I1MEH3
34912,I1MEH7
34913,I1MEH8
34914,I1MEH9
34915,I1MEI0
34916,I1MEI2
34917,I1MEJ0
34918,I1MEJ1
34919,I1MEJ2
34920,I1MEJ4
34921,I1MEJ5
34922,I1MEJ6
34923,I1MEJ7
34924,I1MEK0
34925,I1MEK1
34926,I1MEK2
34927,I1MEK5
34928,I1MEK7
34929,I1MEK8
34930,I1MEK9
34931,I1MEL1
34932,I1MEL2
34933,I1MEL4
34934,I1MEL7
34935,I1MEL8
34936,I1MEL9
34937,I1MEM7
34938,I1MEN0
34939,I1MEN1
34940,I1MEN2
34941,I1MEN3
34942,I1MEN6
34943,I1MEP0
34944,I1MEP1
34945,I1MEP5
34946,I1MEP6
34947,I1MEQ1
34948,I1MEQ2
34949,I1MEQ3
34950,I1MEQ6
34951,I1MER1
34952,I1MER2
34953,I1MER3
34954,I1MER4
34955,I1MER5
34956,I1MER6
34957,I1MER7
34958,I1MER8
34959,I1MER9
34960,I1MES0
34961,I1MES4
34962,I1MES6
34963,I1MES9
34964,I1MET0
34965,I1MET1
34966,I1MET8
34967,I1MET9
34968,I1MEU1
34969,I1MEU5
34970,I1MEU9
34971,I1MEV0
34972,I1MEV1
34973,I1MEV2
34974,I1MEV4
34975,I1MEV5
34976,I1MEV7
34977,I1MEV9
34978,I1MEW0
34979,I1MEW4
34980,I1MEW5
34981,I1MEW6
34982,I1MEW7
34983,I1MEW8
34984,I1MEX0
34985,I1MEX4
34986,I1MEY3
34987,I1MEY4
34988,I1MEY6
34989,I1MEZ0
34990,I1MEZ1
34991,I1MEZ4
34992,I1MEZ6
34993,I1MEZ7
34994,I1MF03
34995,I1MF04
34996,I1MF06
34997,I1MF07
34998,I1MF08
34999,I1MF12
35000,I1MF15
35001,I1MF21
35002,I1MF23
35003,I1MF24
35004,I1MF25
35005,I1MF26
35006,I1MF29
35007,I1MF31
35008,I1MF32
35009,I1MF33
35010,I1MF37
35011,I1MF38
35012,I1MF39
35013,I1MF42
35014,I1MF45
35015,I1MF48
35016,I1MF50
35017,I1MF53
35018,I1MF54
35019,I1MF55
35020,I1MF56
35021,I1MF58
35022,I1MF62
35023,I1MF63
35024,I1MF65
35025,I1MF71
35026,I1MF73
35027,I1MF78
35028,I1MF82
35029,I1MF85
35030,I1MF86
35031,I1MF88
35032,I1MF89
35033,I1MF99
35034,I1MFA1
35035,I1MFA2
35036,I1MFA3
35037,I1MFA4
35038,I1MFA5
35039,I1MFA7
35040,I1MFB1
35041,I1MFB4
35042,I1MFB5
35043,I1MFB7
35044,I1MFB9
35045,I1MFC1
35046,I1MFC4
35047,I1MFC8
35048,I1MFC9
35049,I1MFD0
35050,I1MFD1
35051,I1MFD7
35052,I1MFD9
35053,I1MFE0
35054,I1MFE1
35055,I1MFE2
35056,I1MFE3
35057,I1MFE4
35058,I1MFE5
35059,I1MFE6
35060,I1MFE8
35061,I1MFE9
35062,I1MFF3
35063,I1MFF8
35064,I1MFF9
35065,I1MFG0
35066,I1MFG1
35067,I1MFG2
35068,I1MFG5
35069,I1MFG6
35070,I1MFG7
35071,I1MFG8
35072,I1MFG9
35073,I1MFH0
35074,I1MFH1
35075,I1MFH3
35076,I1MFH5
35077,I1MFH7
35078,I1MFH9
35079,I1MFI0
35080,I1MFI3
35081,I1MFI4
35082,I1MFI6
35083,I1MFJ5
35084,I1MFJ8
35085,I1MFK4
35086,I1MFK5
35087,I1MFK6
35088,I1MFK8
35089,I1MFK9
35090,I1MFL0
35091,I1MFL2
35092,I1MFL4
35093,I1MFL5
35094,I1MFL6
35095,I1MFL9
35096,I1MFM1
35097,I1MFM4
35098,I1MFM5
35099,I1MFM6
35100,I1MFM7
35101,I1MFM8
35102,I1MFN0
35103,I1MFN3
35104,I1MFN6
35105,I1MFN9
35106,I1MFP0
35107,I1MFP1
35108,I1MFP3
35109,I1MFP5
35110,I1MFP6
35111,I1MFP9
35112,I1MFQ0
35113,I1MFQ2
35114,I1MFQ3
35115,I1MFQ4
35116,I1MFQ5
35117,I1MFQ9
35118,I1MFR0
35119,I1MFR1
35120,I1MFR2
35121,I1MFR6
35122,I1MFR7
35123,I1MFR8
35124,I1MFS0
35125,I1MFS5
35126,I1MFS9
35127,I1MFT0
35128,I1MFT1
35129,I1MFT2
35130,I1MFT3
35131,I1MFT4
35132,I1MFU1
35133,I1MFU3
35134,I1MFU5
35135,I1MFV0
35136,I1MFV2
35137,I1MFV7
35138,I1MFX0
35139,I1MFX1
35140,I1MFX3
35141,I1MFX5
35142,I1MFX7
35143,I1MFX9
35144,I1MFY0
35145,I1MFY3
35146,I1MFY4
35147,I1MFY6
35148,I1MFZ3
35149,I1MFZ5
35150,I1MFZ7
35151,I1MFZ9
35152,I1MG01
35153,I1MG08
35154,I1MG10
35155,I1MG13
35156,I1MG15
35157,I1MG16
35158,I1MG17
35159,I1MG20
35160,I1MG21
35161,I1MG29
35162,I1MG30
35163,I1MG31
35164,I1MG33
35165,I1MG34
35166,I1MG36
35167,I1MG37
35168,I1MG38
35169,I1MG40
35170,I1MG41
35171,I1MG42
35172,I1MG43
35173,I1MG44
35174,I1MG48
35175,I1MG49
35176,I1MG54
35177,I1MG56
35178,I1MG59
35179,I1MG60
35180,I1MG61
35181,I1MG62
35182,I1MG63
35183,I1MG66
35184,I1MG67
35185,I1MG68
35186,I1MG74
35187,I1MG76
35188,I1MG78
35189,I1MG79
35190,I1MG80
35191,I1MG81
35192,I1MG83
35193,I1MG85
35194,I1MG86
35195,I1MG87
35196,I1MG91
35197,I1MG92
35198,I1MG96
35199,I1MGA3
35200,I1MGA8
35201,I1MGA9
35202,I1MGB0
35203,I1MGB1
35204,I1MGB3
35205,I1MGB7
35206,I1MGB9
35207,I1MGC0
35208,I1MGC8
35209,I1MGD1
35210,I1MGD6
35211,I1MGD7
35212,I1MGE4
35213,I1MGE5
35214,I1MGE7
35215,I1MGE9
35216,I1MGF2
35217,I1MGF3
35218,I1MGF5
35219,I1MGF6
35220,I1MGG3
35221,I1MGG6
35222,I1MGG7
35223,I1MGG9
35224,I1MGH0
35225,I1MGH1
35226,I1MGH2
35227,I1MGI3
35228,I1MGI5
35229,I1MGI6
35230,I1MGI7
35231,I1MGI8
35232,I1MGI9
35233,I1MGJ5
35234,I1MGJ7
35235,I1MGK1
35236,I1MGK2
35237,I1MGK6
35238,I1MGK7
35239,I1MGK8
35240,I1MGL3
35241,I1MGL4
35242,I1MGL5
35243,I1MGL6
35244,I1MGL7
35245,I1MGL9
35246,I1MGM0
35247,I1MGM3
35248,I1MGM6
35249,I1MGM8
35250,I1MGN0
35251,I1MGN3
35252,I1MGN4
35253,I1MGP0
35254,I1MGP1
35255,I1MGP4
35256,I1MGP5
35257,I1MGP8
35258,I1MGP9
35259,I1MGR0
35260,I1MGR5
35261,I1MGR7
35262,I1MGS0
35263,I1MGS2
35264,I1MGS5
35265,I1MGS7
35266,I1MGS8
35267,I1MGT0
35268,I1MGT1
35269,I1MGT5
35270,I1MGT7
35271,I1MGT8
35272,I1MGT9
35273,I1MGU8
35274,I1MGU9
35275,I1MGV2
35276,I1MGV3
35277,I1MGV4
35278,I1MGV5
35279,I1MGV6
35280,I1MGV8
35281,I1MGW5
35282,I1MGW6
35283,I1MGW7
35284,I1MGX1
35285,I1MGX8
35286,I1MGY1
35287,I1MGY8
35288,I1MGY9
35289,I1MGZ1
35290,I1MGZ2
35291,I1MGZ7
35292,I1MH24
35293,I1MH26
35294,I1MH28
35295,I1MH29
35296,I1MH33
35297,I1MH35
35298,I1MH41
35299,I1MH45
35300,I1MH47
35301,I1MH51
35302,I1MH53
35303,I1MH54
35304,I1MH55
35305,I1MH56
35306,I1MH58
35307,I1MH62
35308,I1MH65
35309,I1MH66
35310,I1MH70
35311,I1MH73
35312,I1MH75
35313,I1MH79
35314,I1MH82
35315,I1MH86
35316,I1MH91
35317,I1MHA1
35318,I1MHA4
35319,I1MHA5
35320,I1MHB1
35321,I1MHB2
35322,I1MHB5
35323,I1MHB6
35324,I1MHB9
35325,I1MHC1
35326,I1MHC2
35327,I1MHC3
35328,I1MHC7
35329,I1MHD7
35330,I1MHD8
35331,I1MHE0
35332,I1MHE2
35333,I1MHE8
35334,I1MHE9
35335,I1MHF0
35336,I1MHF1
35337,I1MHF5
35338,I1MHF8
35339,I1MHF9
35340,I1MHG0
35341,I1MHG2
35342,I1MHG6
35343,I1MHH6
35344,I1MHH7
35345,I1MHH8
35346,I1MHH9
35347,I1MHI7
35348,I1MHI8
35349,I1MHJ1
35350,I1MHJ3
35351,I1MHJ6
35352,I1MHK1
35353,I1MHK4
35354,I1MHK7
35355,I1MHK8
35356,I1MHL0
35357,I1MHL2
35358,I1MHL4
35359,I1MHL7
35360,I1MHL9
35361,I1MHM0
35362,I1MHM1
35363,I1MHM4
35364,I1MHN1
35365,I1MHN2
35366,I1MHN7
35367,I1MHN9
35368,I1MHQ0
35369,I1MHQ4
35370,I1MHQ7
35371,I1MHQ9
35372,I1MHR0
35373,I1MHR3
35374,I1MHR4
35375,I1MHR5
35376,I1MHR7
35377,I1MHS1
35378,I1MHT0
35379,I1MHT2
35380,I1MHT6
35381,I1MHT9
35382,I1MHU4
35383,I1MHU7
35384,I1MHU8
35385,I1MHV4
35386,I1MHV7
35387,I1MHW2
35388,I1MHW5
35389,I1MHW6
35390,I1MHW9
35391,I1MHX0
35392,I1MHX1
35393,I1MHX4
35394,I1MHX5
35395,I1MHX6
35396,I1MHX7
35397,I1MHY1
35398,I1MHY4
35399,I1MHY6
35400,I1MHZ0
35401,I1MHZ1
35402,I1MHZ3
35403,I1MHZ4
35404,I1MHZ5
35405,I1MHZ7
35406,I1MI02
35407,I1MI05
35408,I1MI06
35409,I1MI08
35410,I1MI09
35411,I1MI11
35412,I1MI12
35413,I1MI16
35414,I1MI18
35415,I1MI21
35416,I1MI22
35417,I1MI23
35418,I1MI24
35419,I1MI27
35420,I1MI28
35421,I1MI30
35422,I1MI35
35423,I1MI36
35424,I1MI49
35425,I1MI51
35426,I1MI52
35427,I1MI54
35428,I1MI57
35429,I1MI58
35430,I1MI59
35431,I1MI61
35432,I1MI67
35433,I1MI68
35434,I1MI74
35435,I1MI76
35436,I1MI78
35437,I1MI86
35438,I1MI88
35439,I1MI91
35440,I1MI92
35441,I1MI98
35442,I1MIA5
35443,I1MIA7
35444,I1MIA8
35445,I1MIB4
35446,I1MIB6
35447,I1MIC1
35448,I1MID5
35449,I1MID6
35450,I1MID7
35451,I1MIE1
35452,I1MIE5
35453,I1MIF4
35454,I1MIG3
35455,I1MIG7
35456,I1MIG9
35457,I1MIH4
35458,I1MIH5
35459,I1MIH9
35460,I1MII0
35461,I1MII6
35462,I1MII7
35463,I1MII8
35464,I1MII9
35465,I1MIJ4
35466,I1MIJ9
35467,I1MIK0
35468,I1MIK4
35469,I1MIK6
35470,I1MIL1
35471,I1MIL7
35472,I1MIM0
35473,I1MIM1
35474,I1MIM2
35475,I1MIM3
35476,I1MIM6
35477,I1MIN5
35478,I1MIN6
35479,I1MIP6
35480,I1MIP9
35481,I1MIQ1
35482,I1MIQ4
35483,I1MIQ6
35484,I1MIQ7
35485,I1MIQ8
35486,I1MIR4
35487,I1MIR8
35488,I1MIR9
35489,I1MIS0
35490,I1MIS4
35491,I1MIS9
35492,I1MIT2
35493,I1MIT7
35494,I1MIU8
35495,I1MIV4
35496,I1MIW1
35497,I1MIW3
35498,I1MIW4
35499,I1MIW5
35500,I1MIX1
35501,I1MIX2
35502,I1MIX4
35503,I1MIX5
35504,I1MIX6
35505,I1MIY3
35506,I1MIY4
35507,I1MIY5
35508,I1MIZ1
35509,I1MJ03
35510,I1MJ08
35511,I1MJ12
35512,I1MJ14
35513,I1MJ16
35514,I1MJ19
35515,I1MJ21
35516,I1MJ23
35517,I1MJ28
35518,I1MJ29
35519,I1MJ32
35520,I1MJ34
35521,I1MJ37
35522,I1MJ38
35523,I1MJ40
35524,I1MJ41
35525,I1MJ44
35526,I1MJ45
35527,I1MJ49
35528,I1MJ53
35529,I1MJ61
35530,I1MJ65
35531,I1MJ67
35532,I1MJ68
35533,I1MJ71
35534,I1MJ75
35535,I1MJ79
35536,I1MJ80
35537,I1MJ83
35538,I1MJ84
35539,I1MJ86
35540,I1MJ87
35541,I1MJ89
35542,I1MJ97
35543,I1MJA0
35544,I1MJA2
35545,I1MJA3
35546,I1MJA9
35547,I1MJB1
35548,I1MJB2
35549,I1MJB3
35550,I1MJB6
35551,I1MJB7
35552,I1MJB8
35553,I1MJC0
35554,I1MJC1
35555,I1MJC5
35556,I1MJC8
35557,I1MJD0
35558,I1MJD2
35559,I1MJD4
35560,I1MJD5
35561,I1MJD7
35562,I1MJD8
35563,I1MJE0
35564,I1MJE2
35565,I1MJE4
35566,I1MJE9
35567,I1MJF0
35568,I1MJF2
35569,I1MJF5
35570,I1MJF6
35571,I1MJF7
35572,I1MJF8
35573,I1MJG1
35574,I1MJG2
35575,I1MJG4
35576,I1MJG6
35577,I1MJG8
35578,I1MJG9
35579,I1MJH0
35580,I1MJH1
35581,I1MJH3
35582,I1MJH5
35583,I1MJH7
35584,I1MJH8
35585,I1MJI4
35586,I1MJI5
35587,I1MJI9
35588,I1MJJ2
35589,I1MJJ6
35590,I1MJJ9
35591,I1MJK2
35592,I1MJK5
35593,I1MJK6
35594,I1MJK8
35595,I1MJL6
35596,I1MJL8
35597,I1MJM1
35598,I1MJM3
35599,I1MJM4
35600,I1MJM5
35601,I1MJM6
35602,I1MJM7
35603,I1MJM9
35604,I1MJN0
35605,I1MJN1
35606,I1MJN2
35607,I1MJN7
35608,I1MJP3
35609,I1MJP4
35610,I1MJP7
35611,I1MJP8
35612,I1MJQ3
35613,I1MJQ4
35614,I1MJQ6
35615,I1MJQ7
35616,I1MJR2
35617,I1MJR9
35618,I1MJS6
35619,I1MJS7
35620,I1MJS9
35621,I1MJT4
35622,I1MJU0
35623,I1MJU4
35624,I1MJU7
35625,I1MJU8
35626,I1MJU9
35627,I1MJV0
35628,I1MJV1
35629,I1MJV5
35630,I1MJV9
35631,I1MJW0
35632,I1MJW1
35633,I1MJW5
35634,I1MJW7
35635,I1MJW9
35636,I1MJX0
35637,I1MJX6
35638,I1MJX7
35639,I1MJY7
35640,I1MJY9
35641,I1MJZ1
35642,I1MJZ5
35643,I1MJZ6
35644,I1MJZ9
35645,I1MK02
35646,I1MK04
35647,I1MK06
35648,I1MK07
35649,I1MK08
35650,I1MK09
35651,I1MK10
35652,I1MK11
35653,I1MK12
35654,I1MK14
35655,I1MK18
35656,I1MK19
35657,I1MK24
35658,I1MK29
35659,I1MK36
35660,I1MK39
35661,I1MK41
35662,I1MK43
35663,I1MK47
35664,I1MK53
35665,I1MK54
35666,I1MK55
35667,I1MK56
35668,I1MK58
35669,I1MK60
35670,I1MK61
35671,I1MK64
35672,I1MK72
35673,I1MK76
35674,I1MK81
35675,I1MK83
35676,I1MK87
35677,I1MK88
35678,I1MK89
35679,I1MK90
35680,I1MK91
35681,I1MK93
35682,I1MK96
35683,I1MKA0
35684,I1MKA2
35685,I1MKB1
35686,I1MKB2
35687,I1MKB4
35688,I1MKC2
35689,I1MKC3
35690,I1MKC6
35691,I1MKC8
35692,I1MKD1
35693,I1MKD2
35694,I1MKD8
35695,I1MKD9
35696,I1MKE0
35697,I1MKE1
35698,I1MKE2
35699,I1MKE3
35700,I1MKE7
35701,I1MKF1
35702,I1MKF3
35703,I1MKF4
35704,I1MKF6
35705,I1MKF7
35706,I1MKF8
35707,I1MKG1
35708,I1MKG3
35709,I1MKG4
35710,I1MKG5
35711,I1MKH5
35712,I1MKH8
35713,I1MKI1
35714,I1MKI4
35715,I1MKJ2
35716,I1MKJ6
35717,I1MKJ8
35718,I1MKK6
35719,I1MKL0
35720,I1MKL2
35721,I1MKL4
35722,I1MKL5
35723,I1MKL8
35724,I1MKL9
35725,I1MKM3
35726,I1MKM4
35727,I1MKM5
35728,I1MKM9
35729,I1MKN2
35730,I1MKN3
35731,I1MKN5
35732,I1MKN6
35733,I1MKN8
35734,I1MKP1
35735,I1MKP2
35736,I1MKP3
35737,I1MKP7
35738,I1MKP8
35739,I1MKP9
35740,I1MKQ1
35741,I1MKQ6
35742,I1MKR0
35743,I1MKR3
35744,I1MKR8
35745,I1MKS0
35746,I1MKS2
35747,I1MKS3
35748,I1MKS4
35749,I1MKS7
35750,I1MKS9
35751,I1MKT0
35752,I1MKT1
35753,I1MKT6
35754,I1MKT7
35755,I1MKT8
35756,I1MKU0
35757,I1MKV0
35758,I1MKV1
35759,I1MKV3
35760,I1MKV6
35761,I1MKV8
35762,I1MKV9
35763,I1MKW3
35764,I1MKW7
35765,I1MKX0
35766,I1MKX3
35767,I1MKX6
35768,I1MKX7
35769,I1MKY0
35770,I1MKY2
35771,I1MKY3
35772,I1MKY6
35773,I1MKY7
35774,I1MKZ3
35775,I1MKZ4
35776,I1MKZ6
35777,I1ML02
35778,I1ML03
35779,I1ML04
35780,I1ML09
35781,I1ML11
35782,I1ML12
35783,I1ML13
35784,I1ML17
35785,I1ML23
35786,I1ML24
35787,I1ML28
35788,I1ML29
35789,I1ML30
35790,I1ML36
35791,I1ML38
35792,I1ML39
35793,I1ML41
35794,I1ML43
35795,I1ML44
35796,I1ML51
35797,I1ML53
35798,I1ML54
35799,I1ML63
35800,I1ML65
35801,I1ML66
35802,I1ML70
35803,I1ML72
35804,I1ML74
35805,I1ML76
35806,I1ML78
35807,I1ML79
35808,I1ML86
35809,I1ML92
35810,I1ML93
35811,I1ML94
35812,I1MLA1
35813,I1MLA2
35814,I1MLA5
35815,I1MLA9
35816,I1MLB1
35817,I1MLB3
35818,I1MLB7
35819,I1MLB9
35820,I1MLC0
35821,I1MLC2
35822,I1MLC3
35823,I1MLC5
35824,I1MLC6
35825,I1MLC7
35826,I1MLC9
35827,I1MLD2
35828,I1MLD5
35829,I1MLD8
35830,I1MLE0
35831,I1MLE3
35832,I1MLE4
35833,I1MLE5
35834,I1MLE6
35835,I1MLE9
35836,I1MLF1
35837,I1MLF3
35838,I1MLF4
35839,I1MLF5
35840,I1MLF6
35841,I1MLF7
35842,I1MLG1
35843,I1MLG2
35844,I1MLG3
35845,I1MLG5
35846,I1MLG6
35847,I1MLH0
35848,I1MLH1
35849,I1MLH2
35850,I1MLH3
35851,I1MLH6
35852,I1MLH9
35853,I1MLI2
35854,I1MLI4
35855,I1MLI5
35856,I1MLJ0
35857,I1MLJ1
35858,I1MLJ3
35859,I1MLK3
35860,I1MLK5
35861,I1MLK6
35862,I1MLL4
35863,I1MLL7
35864,I1MLL9
35865,I1MLM1
35866,I1MLM5
35867,I1MLM9
35868,I1MLN2
35869,I1MLN6
35870,I1MLN7
35871,I1MLN9
35872,I1MLP4
35873,I1MLP5
35874,I1MLP7
35875,I1MLP8
35876,I1MLQ4
35877,I1MLQ6
35878,I1MLQ7
35879,I1MLR2
35880,I1MLR4
35881,I1MLR5
35882,I1MLR6
35883,I1MLS1
35884,I1MLS3
35885,I1MLS5
35886,I1MLS6
35887,I1MLS7
35888,I1MLS9
35889,I1MLT0
35890,I1MLT5
35891,I1MLT8
35892,I1MLU0
35893,I1MLU1
35894,I1MLU4
35895,I1MLU6
35896,I1MLU7
35897,I1MLV5
35898,I1MLV9
35899,I1MLW3
35900,I1MLW5
35901,I1MLW7
35902,I1MLW9
35903,I1MLX0
35904,I1MLX4
35905,I1MLX8
35906,I1MLY2
35907,I1MLY5
35908,I1MLY7
35909,I1MLZ0
35910,I1MLZ1
35911,I1MLZ2
35912,I1MLZ6
35913,I1MLZ7
35914,I1MM01
35915,I1MM02
35916,I1MM03
35917,I1MM08
35918,I1MM11
35919,I1MM12
35920,I1MM13
35921,I1MM16
35922,I1MM17
35923,I1MM19
35924,I1MM20
35925,I1MM26
35926,I1MM30
35927,I1MM35
35928,I1MM37
35929,I1MM41
35930,I1MM44
35931,I1MM57
35932,I1MM58
35933,I1MM59
35934,I1MM62
35935,I1MM63
35936,I1MM64
35937,I1MM65
35938,I1MM67
35939,I1MM68
35940,I1MM75
35941,I1MM76
35942,I1MM77
35943,I1MM78
35944,I1MM79
35945,I1MM85
35946,I1MM86
35947,I1MM88
35948,I1MM89
35949,I1MM91
35950,I1MM94
35951,I1MM96
35952,I1MM97
35953,I1MMA1
35954,I1MMA3
35955,I1MMA5
35956,I1MMA9
35957,I1MMB1
35958,I1MMB5
35959,I1MMB6
35960,I1MMC1
35961,I1MMC2
35962,I1MMC8
35963,I1MMC9
35964,I1MMD3
35965,I1MME0
35966,I1MME3
35967,I1MME7
35968,I1MMF3
35969,I1MMF4
35970,I1MMF5
35971,I1MMG1
35972,I1MMG2
35973,I1MMG3
35974,I1MMG5
35975,I1MMH3
35976,I1MMH4
35977,I1MMH5
35978,I1MMI0
35979,I1MMI1
35980,I1MMI3
35981,I1MMI4
35982,I1MMI6
35983,I1MMJ1
35984,I1MMJ2
35985,I1MMJ3
35986,I1MMJ4
35987,I1MMJ5
35988,I1MMJ8
35989,I1MMK3
35990,I1MML3
35991,I1MML5
35992,I1MML8
35993,I1MML9
35994,I1MMM3
35995,I1MMM4
35996,I1MMM7
35997,I1MMM9
35998,I1MMN5
35999,I1MMN7
36000,I1MMN9
36001,I1MMP3
36002,I1MMQ6
36003,I1MMQ7
36004,I1MMQ9
36005,I1MMR4
36006,I1MMR8
36007,I1MMS0
36008,I1MMS1
36009,I1MMS2
36010,I1MMS3
36011,I1MMS6
36012,I1MMS9
36013,I1MMT0
36014,I1MMT2
36015,I1MMT3
36016,I1MMT4
36017,I1MMT5
36018,I1MMT6
36019,I1MMT8
36020,I1MMU1
36021,I1MMU2
36022,I1MMU7
36023,I1MMV2
36024,I1MMV5
36025,I1MMW0
36026,I1MMW2
36027,I1MMX7
36028,I1MMX8
36029,I1MMY0
36030,I1MMY1
36031,I1MMY2
36032,I1MMY5
36033,I1MMY9
36034,I1MMZ0
36035,I1MN10
36036,I1MN14
36037,I1MN16
36038,I1MN21
36039,I1MN22
36040,I1MN26
36041,I1MN27
36042,I1MN29
36043,I1MN39
36044,I1MN40
36045,I1MN42
36046,I1MN46
36047,I1MN48
36048,I1MN50
36049,I1MN55
36050,I1MN56
36051,I1MN61
36052,I1MN64
36053,I1MN67
36054,I1MN70
36055,I1MN71
36056,I1MN72
36057,I1MN73
36058,I1MN74
36059,I1MN79
36060,I1MN82
36061,I1MN89
36062,I1MN90
36063,I1MN91
36064,I1MNA3
36065,I1MNA4
36066,I1MNA9
36067,I1MNB4
36068,I1MNB8
36069,I1MNC2
36070,I1MNC5
36071,I1MNC7
36072,I1MND3
36073,I1MND4
36074,I1MND5
36075,I1MNE2
36076,I1MNE4
36077,I1MNE6
36078,I1MNE7
36079,I1MNE9
36080,I1MNF1
36081,I1MNF7
36082,I1MNF8
36083,I1MNG0
36084,I1MNG2
36085,I1MNG8
36086,I1MNG9
36087,I1MNH0
36088,I1MNH3
36089,I1MNH4
36090,I1MNH6
36091,I1MNI2
36092,I1MNI3
36093,I1MNI5
36094,I1MNI7
36095,I1MNI9
36096,I1MNJ2
36097,I1MNJ7
36098,I1MNJ8
36099,I1MNJ9
36100,I1MNK0
36101,I1MNK1
36102,I1MNK2
36103,I1MNK3
36104,I1MNK8
36105,I1MNK9
36106,I1MNL4
36107,I1MNL5
36108,I1MNL7
36109,I1MNL9
36110,I1MNM0
36111,I1MNM2
36112,I1MNM3
36113,I1MNM5
36114,I1MNM8
36115,I1MNN0
36116,I1MNN1
36117,I1MNN2
36118,I1MNN3
36119,I1MNN5
36120,I1MNN7
36121,I1MNP0
36122,I1MNP1
36123,I1MNP5
36124,I1MNP6
36125,I1MNP8
36126,I1MNQ2
36127,I1MNQ3
36128,I1MNQ4
36129,I1MNQ6
36130,I1MNQ7
36131,I1MNR1
36132,I1MNR3
36133,I1MNR6
36134,I1MNS0
36135,I1MNS3
36136,I1MNS4
36137,I1MNS7
36138,I1MNS8
36139,I1MNT1
36140,I1MNT3
36141,I1MNT5
36142,I1MNT7
36143,I1MNU1
36144,I1MNU2
36145,I1MNU3
36146,I1MNU6
36147,I1MNU7
36148,I1MNV0
36149,I1MNV2
36150,I1MNV3
36151,I1MNV4
36152,I1MNV5
36153,I1MNV8
36154,I1MNV9
36155,I1MNX4
36156,I1MNX6
36157,I1MNX8
36158,I1MNX9
36159,I1MNY0
36160,I1MNY2
36161,I1MNY3
36162,I1MNY6
36163,I1MNY7
36164,I1MNY8
36165,I1MNY9
36166,I1MNZ0
36167,I1MNZ3
36168,I1MNZ4
36169,I1MNZ6
36170,I1MNZ8
36171,I1MP01
36172,I1MP02
36173,I1MP04
36174,I1MP11
36175,I1MP14
36176,I1MP18
36177,I1MP19
36178,I1MP20
36179,I1MP25
36180,I1MP29
36181,I1MP32
36182,I1MP33
36183,I1MP35
36184,I1MP36
36185,I1MP38
36186,I1MP39
36187,I1MP44
36188,I1MP45
36189,I1MP46
36190,I1MP48
36191,I1MP51
36192,I1MP53
36193,I1MP61
36194,I1MP63
36195,I1MP65
36196,I1MP67
36197,I1MP70
36198,I1MP72
36199,I1MP74
36200,I1MP75
36201,I1MP78
36202,I1MP97
36203,I1MP98
36204,I1MPA0
36205,I1MPC2
36206,I1MPC3
36207,I1MPC4
36208,I1MPC6
36209,I1MPC8
36210,I1MPD0
36211,I1MPD1
36212,I1MPD2
36213,I1MPE8
36214,I1MPF0
36215,I1MPF1
36216,I1MPF3
36217,I1MPF4
36218,I1MPF6
36219,I1MPG4
36220,I1MPG5
36221,I1MPG9
36222,I1MPH0
36223,I1MPH4
36224,I1MPH6
36225,I1MPH8
36226,I1MPH9
36227,I1MPI1
36228,I1MPI2
36229,I1MPJ0
36230,I1MPJ4
36231,I1MPJ5
36232,I1MPJ6
36233,I1MPJ8
36234,I1MPK0
36235,I1MPK1
36236,I1MPK4
36237,I1MPK6
36238,I1MPL1
36239,I1MPL5
36240,I1MPL7
36241,I1MPM0
36242,I1MPM2
36243,I1MPM3
36244,I1MPT8
36245,I1MPT9
36246,I1MPU3
36247,I1MPU8
36248,I1MPW0
36249,I1MPY4
36250,I1MPZ2
36251,I1MPZ5
36252,I1MPZ6
36253,I1MPZ9
36254,I1MQ02
36255,I1MQ05
36256,I1MQ07
36257,I1MQ10
36258,I1MQ11
36259,I1MQ14
36260,I1MQ16
36261,I1MQ17
36262,I1MQ20
36263,I1MQ22
36264,I1MQ27
36265,I1MQ30
36266,I1MQ33
36267,I1MQ34
36268,I1MQ35
36269,I1MQ37
36270,I1MQ40
36271,I1MQ42
36272,I1MQ45
36273,I1MQ50
36274,I1MQ52
36275,I1MQ54
36276,I1MQ59
36277,I1MQ61
36278,I1MQ62
36279,I1MQ63
36280,I1MQ65
36281,I1MQ67
36282,I1MQ68
36283,I1MQ75
36284,I1MQ76
36285,I1MQ79
36286,I1MQ81
36287,I1MQ83
36288,I1MQ84
36289,I1MQ89
36290,I1MQ90
36291,I1MQ93
36292,I1MQ94
36293,I1MQ95
36294,I1MQ97
36295,I1MQ98
36296,I1MQ99
36297,I1MQA1
36298,I1MQA2
36299,I1MQA3
36300,I1MQA4
36301,I1MQA6
36302,I1MQA8
36303,I1MQA9
36304,I1MQB2
36305,I1MQB5
36306,I1MQB8
36307,I1MQB9
36308,I1MQC0
36309,I1MQC1
36310,I1MQC2
36311,I1MQC3
36312,I1MQC4
36313,I1MQC8
36314,I1MQD0
36315,I1MQD2
36316,I1MQD3
36317,I1MQD4
36318,I1MQD5
36319,I1MQD6
36320,I1MQD7
36321,I1MQD9
36322,I1MQE1
36323,I1MQE7
36324,I1MQF2
36325,I1MQG1
36326,I1MQG2
36327,I1MQG3
36328,I1MQH0
36329,I1MQH2
36330,I1MQH3
36331,I1MQH5
36332,I1MQI3
36333,I1MQJ5
36334,I1MQJ7
36335,I1MQJ8
36336,I1MQJ9
36337,I1MQK0
36338,I1MQK2
36339,I1MQK5
36340,I1MQL1
36341,I1MQL2
36342,I1MQL3
36343,I1MQL5
36344,I1MQL7
36345,I1MQL8
36346,I1MQM1
36347,I1MQM2
36348,I1MQM4
36349,I1MQM8
36350,I1MQM9
36351,I1MQN0
36352,I1MQN2
36353,I1MQN4
36354,I1MQN7
36355,I1MQP1
36356,I1MQP2
36357,I1MQP4
36358,I1MQP7
36359,I1MQQ0
36360,I1MQQ2
36361,I1MQQ3
36362,I1MQQ4
36363,I1MQQ6
36364,I1MQQ8
36365,I1MQR1
36366,I1MQS1
36367,I1MQS2
36368,I1MQS6
36369,I1MQT0
36370,I1MQT4
36371,I1MQT5
36372,I1MQT7
36373,I1MQT8
36374,I1MQT9
36375,I1MQU1
36376,I1MQU2
36377,I1MQU3
36378,I1MQU6
36379,I1MQV2
36380,I1MQV6
36381,I1MQW1
36382,I1MQW5
36383,I1MQW6
36384,I1MQW7
36385,I1MQW9
36386,I1MQX2
36387,I1MQX3
36388,I1MQY0
36389,I1MQY4
36390,I1MQY6
36391,I1MQY8
36392,I1MQY9
36393,I1MQZ0
36394,I1MQZ1
36395,I1MQZ2
36396,I1MQZ3
36397,I1MQZ7
36398,I1MQZ9
36399,I1MR00
36400,I1MR04
36401,I1MR05
36402,I1MR08
36403,I1MR10
36404,I1MR11
36405,I1MR19
36406,I1MR20
36407,I1MR21
36408,I1MR22
36409,I1MR29
36410,I1MR33
36411,I1MR35
36412,I1MR38
36413,I1MR39
36414,I1MR40
36415,I1MR41
36416,I1MR44
36417,I1MR45
36418,I1MR46
36419,I1MR47
36420,I1MR50
36421,I1MR51
36422,I1MR52
36423,I1MR54
36424,I1MR57
36425,I1MR60
36426,I1MR61
36427,I1MR65
36428,I1MR67
36429,I1MR71
36430,I1MR73
36431,I1MR75
36432,I1MR76
36433,I1MR77
36434,I1MR79
36435,I1MR80
36436,I1MR81
36437,I1MR83
36438,I1MR84
36439,I1MR85
36440,I1MR88
36441,I1MR91
36442,I1MR92
36443,I1MR95
36444,I1MR96
36445,I1MRA4
36446,I1MRA6
36447,I1MRA7
36448,I1MRA8
36449,I1MRA9
36450,I1MRB1
36451,I1MRB2
36452,I1MRB3
36453,I1MRB4
36454,I1MRB7
36455,I1MRC1
36456,I1MRC2
36457,I1MRC4
36458,I1MRC5
36459,I1MRC7
36460,I1MRC8
36461,I1MRD1
36462,I1MRD2
36463,I1MRD9
36464,I1MRE0
36465,I1MRE3
36466,I1MRE4
36467,I1MRE7
36468,I1MRE9
36469,I1MRF0
36470,I1MRF4
36471,I1MRF6
36472,I1MRF7
36473,I1MRF8
36474,I1MRF9
36475,I1MRG7
36476,I1MRG8
36477,I1MRH0
36478,I1MRH1
36479,I1MRH3
36480,I1MRH5
36481,I1MRH6
36482,I1MRH7
36483,I1MRH9
36484,I1MRI4
36485,I1MRI5
36486,I1MRI9
36487,I1MRJ1
36488,I1MRJ3
36489,I1MRJ8
36490,I1MRK1
36491,I1MRK2
36492,I1MRK3
36493,I1MRK4
36494,I1MRL0
36495,I1MRL1
36496,I1MRL3
36497,I1MRL4
36498,I1MRL7
36499,I1MRL9
36500,I1MRM1
36501,I1MRM3
36502,I1MRM4
36503,I1MRM5
36504,I1MRN2
36505,I1MRN4
36506,I1MRN5
36507,I1MRN6
36508,I1MRP0
36509,I1MRP1
36510,I1MRP4
36511,I1MRP6
36512,I1MRP7
36513,I1MRP8
36514,I1MRP9
36515,I1MRQ0
36516,I1MRQ3
36517,I1MRQ4
36518,I1MRQ6
36519,I1MRQ7
36520,I1MRQ9
36521,I1MRR0
36522,I1MRR2
36523,I1MRS0
36524,I1MRS1
36525,I1MRS4
36526,I1MRS5
36527,I1MRS6
36528,I1MRS9
36529,I1MRT0
36530,I1MRT2
36531,I1MRT3
36532,I1MRT6
36533,I1MRT8
36534,I1MRT9
36535,I1MRU5
36536,I1MRU9
36537,I1MRV0
36538,I1MRV3
36539,I1MRV5
36540,I1MRV6
36541,I1MRV7
36542,I1MRW2
36543,I1MRW3
36544,I1MRW6
36545,I1MRW7
36546,I1MRW8
36547,I1MRW9
36548,I1MRX0
36549,I1MRX2
36550,I1MRX8
36551,I1MRY0
36552,I1MRY2
36553,I1MRY5
36554,I1MRY9
36555,I1MRZ0
36556,I1MRZ2
36557,I1MRZ3
36558,I1MRZ6
36559,I1MRZ8
36560,I1MRZ9
36561,I1MS00
36562,I1MS01
36563,I1MS02
36564,I1MS04
36565,I1MS06
36566,I1MS08
36567,I1MS09
36568,I1MS12
36569,I1MS13
36570,I1MS14
36571,I1MS15
36572,I1MS20
36573,I1MS21
36574,I1MS22
36575,I1MS23
36576,I1MS24
36577,I1MS25
36578,I1MS26
36579,I1MS29
36580,I1MS31
36581,I1MS32
36582,I1MS33
36583,I1MS36
36584,I1MS37
36585,I1MS38
36586,I1MS42
36587,I1MS45
36588,I1MS47
36589,I1MS48
36590,I1MS49
36591,I1MS50
36592,I1MS55
36593,I1MS58
36594,I1MS59
36595,I1MS60
36596,I1MS61
36597,I1MS62
36598,I1MS63
36599,I1MS67
36600,I1MS71
36601,I1MS73
36602,I1MS74
36603,I1MS75
36604,I1MS80
36605,I1MS81
36606,I1MS82
36607,I1MS86
36608,I1MS89
36609,I1MS92
36610,I1MS93
36611,I1MS95
36612,I1MS97
36613,I1MSA0
36614,I1MSA3
36615,I1MSA4
36616,I1MSA6
36617,I1MSA9
36618,I1MSB0
36619,I1MSB1
36620,I1MSB2
36621,I1MSB3
36622,I1MSB4
36623,I1MSB8
36624,I1MSC4
36625,I1MSC5
36626,I1MSC6
36627,I1MSC7
36628,I1MSD1
36629,I1MSD4
36630,I1MSD7
36631,I1MSD9
36632,I1MSE0
36633,I1MSE1
36634,I1MSE4
36635,I1MSE8
36636,I1MSF0
36637,I1MSF2
36638,I1MSF4
36639,I1MSF5
36640,I1MSG4
36641,I1MSG5
36642,I1MSG8
36643,I1MSH2
36644,I1MSH3
36645,I1MSH4
36646,I1MSH5
36647,I1MSH6
36648,I1MSH9
36649,I1MSI3
36650,I1MSI4
36651,I1MSI5
36652,I1MSI9
36653,I1MSJ3
36654,I1MSJ6
36655,I1MSJ7
36656,I1MSJ8
36657,I1MSJ9
36658,I1MSK1
36659,I1MSK4
36660,I1MSK5
36661,I1MSK8
36662,I1MSL0
36663,I1MSL2
36664,I1MSL3
36665,I1MSL6
36666,I1MSL7
36667,I1MSM4
36668,I1MSM5
36669,I1MSM6
36670,I1MSN3
36671,I1MSN5
36672,I1MSN6
36673,I1MSN7
36674,I1MSP3
36675,I1MSP4
36676,I1MSP5
36677,I1MSP6
36678,I1MSP7
36679,I1MSP8
36680,I1MSQ0
36681,I1MSQ1
36682,I1MSQ6
36683,I1MSQ9
36684,I1MSR0
36685,I1MSR1
36686,I1MSR3
36687,I1MSR4
36688,I1MSR7
36689,I1MSR8
36690,I1MSR9
36691,I1MSS0
36692,I1MSS1
36693,I1MSS3
36694,I1MSS5
36695,I1MSS9
36696,I1MST0
36697,I1MST1
36698,I1MST3
36699,I1MST6
36700,I1MSU0
36701,I1MSU1
36702,I1MSU2
36703,I1MSU3
36704,I1MSU6
36705,I1MSU7
36706,I1MSV0
36707,I1MSV1
36708,I1MSV3
36709,I1MSV7
36710,I1MSV8
36711,I1MSW1
36712,I1MSW2
36713,I1MSW3
36714,I1MSW4
36715,I1MSW5
36716,I1MSW7
36717,I1MSW9
36718,I1MSX3
36719,I1MSX8
36720,I1MSX9
36721,I1MSY4
36722,I1MSY7
36723,I1MSY8
36724,I1MSY9
36725,I1MSZ0
36726,I1MSZ1
36727,I1MSZ4
36728,I1MSZ5
36729,I1MT00
36730,I1MT01
36731,I1MT03
36732,I1MT07
36733,I1MT09
36734,I1MT10
36735,I1MT11
36736,I1MT12
36737,I1MT15
36738,I1MT17
36739,I1MT19
36740,I1MT21
36741,I1MT23
36742,I1MT24
36743,I1MT28
36744,I1MT29
36745,I1MT30
36746,I1MT31
36747,I1MT35
36748,I1MT36
36749,I1MT39
36750,I1MT43
36751,I1MT49
36752,I1MT53
36753,I1MT57
36754,I1MT63
36755,I1MT65
36756,I1MT67
36757,I1MT69
36758,I1MT72
36759,I1MT74
36760,I1MT77
36761,I1MT78
36762,I1MT80
36763,I1MT82
36764,I1MT85
36765,I1MT86
36766,I1MT87
36767,I1MT91
36768,I1MT93
36769,I1MT95
36770,I1MT98
36771,I1MTA1
36772,I1MTA5
36773,I1MTA6
36774,I1MTA8
36775,I1MTB0
36776,I1MTB1
36777,I1MTB4
36778,I1MTB5
36779,I1MTB8
36780,I1MTC3
36781,I1MTC4
36782,I1MTC5
36783,I1MTC7
36784,I1MTC8
36785,I1MTC9
36786,I1MTD2
36787,I1MTD7
36788,I1MTD8
36789,I1MTD9
36790,I1MTE2
36791,I1MTE5
36792,I1MTE8
36793,I1MTF2
36794,I1MTF9
36795,I1MTG2
36796,I1MTG3
36797,I1MTG4
36798,I1MTG6
36799,I1MTH0
36800,I1MTH1
36801,I1MTH5
36802,I1MTH6
36803,I1MTI0
36804,I1MTI4
36805,I1MTI5
36806,I1MTI6
36807,I1MTI7
36808,I1MTI9
36809,I1MTJ0
36810,I1MTJ1
36811,I1MTJ2
36812,I1MTJ3
36813,I1MTJ4
36814,I1MTJ7
36815,I1MTJ9
36816,I1MTK0
36817,I1MTK9
36818,I1MTL1
36819,I1MTL3
36820,I1MTL4
36821,I1MTL6
36822,I1MTM0
36823,I1MTM9
36824,I1MTN1
36825,I1MTN2
36826,I1MTN4
36827,I1MTN5
36828,I1MTN7
36829,I1MTN8
36830,I1MTN9
36831,I1MTP0
36832,I1MTP1
36833,I1MTP8
36834,I1MTP9
36835,I1MTQ0
36836,I1MTQ5
36837,I1MTQ6
36838,I1MTQ9
36839,I1MTR4
36840,I1MTR6
36841,I1MTR7
36842,I1MTS0
36843,I1MTS1
36844,I1MTS2
36845,I1MTS4
36846,I1MTS7
36847,I1MTT1
36848,I1MTT3
36849,I1MTT4
36850,I1MTT6
36851,I1MTT7
36852,I1MTT8
36853,I1MTU3
36854,I1MTU4
36855,I1MTU7
36856,I1MTV0
36857,I1MTV4
36858,I1MTV5
36859,I1MTV9
36860,I1MTW0
36861,I1MTW4
36862,I1MTW5
36863,I1MTW6
36864,I1MTW9
36865,I1MTX1
36866,I1MTX3
36867,I1MTX4
36868,I1MTX5
36869,I1MTX6
36870,I1MTX8
36871,I1MTX9
36872,I1MTY2
36873,I1MTY3
36874,I1MTY4
36875,I1MTY9
36876,I1MTZ3
36877,I1MTZ4
36878,I1MTZ5
36879,I1MTZ7
36880,I1MTZ8
36881,I1MU00
36882,I1MU01
36883,I1MU04
36884,I1MU06
36885,I1MU07
36886,I1MU08
36887,I1MU09
36888,I1MU10
36889,I1MU11
36890,I1MU14
36891,I1MU15
36892,I1MU18
36893,I1MU20
36894,I1MU21
36895,I1MU23
36896,I1MU24
36897,I1MU26
36898,I1MU28
36899,I1MU29
36900,I1MU32
36901,I1MU33
36902,I1MU40
36903,I1MU41
36904,I1MU42
36905,I1MU43
36906,I1MU50
36907,I1MU51
36908,I1MU52
36909,I1MU53
36910,I1MU56
36911,I1MU60
36912,I1MU62
36913,I1MU67
36914,I1MU69
36915,I1MU70
36916,I1MU74
36917,I1MU75
36918,I1MU77
36919,I1MU79
36920,I1MU80
36921,I1MU83
36922,I1MU84
36923,I1MU85
36924,I1MU89
36925,I1MU94
36926,I1MU95
36927,I1MU97
36928,I1MU98
36929,I1MUA0
36930,I1MUA1
36931,I1MUA9
36932,I1MUB2
36933,I1MUB6
36934,I1MUC0
36935,I1MUC4
36936,I1MUC6
36937,I1MUC8
36938,I1MUC9
36939,I1MUD0
36940,I1MUD4
36941,I1MUD6
36942,I1MUD9
36943,I1MUE0
36944,I1MUE1
36945,I1MUE2
36946,I1MUE3
36947,I1MUE4
36948,I1MUE5
36949,I1MUE6
36950,I1MUE7
36951,I1MUF2
36952,I1MUF4
36953,I1MUF8
36954,I1MUF9
36955,I1MUG0
36956,I1MUG1
36957,I1MUG2
36958,I1MUG4
36959,I1MUG7
36960,I1MUG9
36961,I1MUH0
36962,I1MUH1
36963,I1MUH4
36964,I1MUH5
36965,I1MUH6
36966,I1MUH8
36967,I1MUH9
36968,I1MUI0
36969,I1MUI1
36970,I1MUI3
36971,I1MUI4
36972,I1MUI5
36973,I1MUI7
36974,I1MUI8
36975,I1MUI9
36976,I1MUJ4
36977,I1MUJ5
36978,I1MUJ8
36979,I1MUJ9
36980,I1MUK0
36981,I1MUK6
36982,I1MUK7
36983,I1MUK8
36984,I1MUK9
36985,I1MUL0
36986,I1MUL2
36987,I1MUL4
36988,I1MUL7
36989,I1MUL9
36990,I1MUM0
36991,I1MUM2
36992,I1MUM3
36993,I1MUM6
36994,I1MUM7
36995,I1MUM8
36996,I1MUN3
36997,I1MUN6
36998,I1MUN9
36999,I1MUP0
37000,I1MUP1
37001,I1MUP5
37002,I1MUP7
37003,I1MUP9
37004,I1MUQ0
37005,I1MUQ1
37006,I1MUQ4
37007,I1MUQ5
37008,I1MUQ6
37009,I1MUQ7
37010,I1MUQ9
37011,I1MUR0
37012,I1MUR1
37013,I1MUR2
37014,I1MUR3
37015,I1MUR4
37016,I1MUR5
37017,I1MUR6
37018,I1MUR9
37019,I1MUS0
37020,I1MUS1
37021,I1MUS2
37022,I1MUS3
37023,I1MUS7
37024,I1MUT1
37025,I1MUT2
37026,I1MUT6
37027,I1MUT7
37028,I1MUT8
37029,I1MUT9
37030,I1MUU1
37031,I1MUU3
37032,I1MUU4
37033,I1MUU5
37034,I1MUU6
37035,I1MUU9
37036,I1MUV0
37037,I1MUV2
37038,I1MUV6
37039,I1MUV8
37040,I1MUW2
37041,I1MUW3
37042,I1MUW6
37043,I1MUW7
37044,I1MUW8
37045,I1MUX2
37046,I1MUX4
37047,I1MUX5
37048,I1MUX7
37049,I1MUX8
37050,I1MUY0
37051,I1MUY1
37052,I1MUY4
37053,I1MUY5
37054,I1MUY7
37055,I1MUY9
37056,I1MUZ0
37057,I1MUZ1
37058,I1MUZ2
37059,I1MUZ3
37060,I1MUZ6
37061,I1MUZ7
37062,I1MUZ8
37063,I1MV02
37064,I1MV03
37065,I1MV04
37066,I1MV07
37067,I1MV08
37068,I1MV13
37069,I1MV15
37070,I1MV17
37071,I1MV19
37072,I1MV20
37073,I1MV22
37074,I1MV23
37075,I1MV24
37076,I1MV28
37077,I1MV31
37078,I1MV35
37079,I1MV38
37080,I1MV42
37081,I1MV43
37082,I1MV44
37083,I1MV52
37084,I1MV53
37085,I1MV56
37086,I1MV57
37087,I1MV59
37088,I1MV62
37089,I1MV63
37090,I1MV65
37091,I1MV69
37092,I1MV70
37093,I1MV71
37094,I1MV72
37095,I1MV74
37096,I1MV75
37097,I1MV76
37098,I1MV80
37099,I1MV84
37100,I1MV90
37101,I1MV91
37102,I1MV96
37103,I1MV98
37104,I1MV99
37105,I1MVA1
37106,I1MVA5
37107,I1MVA8
37108,I1MVA9
37109,I1MVB0
37110,I1MVB1
37111,I1MVB4
37112,I1MVB9
37113,I1MVC1
37114,I1MVC2
37115,I1MVC5
37116,I1MVC6
37117,I1MVD0
37118,I1MVD1
37119,I1MVD3
37120,I1MVD9
37121,I1MVE1
37122,I1MVE2
37123,I1MVE5
37124,I1MVE7
37125,I1MVE9
37126,I1MVF4
37127,I1MVF6
37128,I1MVF8
37129,I1MVF9
37130,I1MVG1
37131,I1MVG5
37132,I1MVG7
37133,I1MVH2
37134,I1MVH5
37135,I1MVH6
37136,I1MVH7
37137,I1MVI6
37138,I1MVI7
37139,I1MVI9
37140,I1MVJ0
37141,I1MVJ2
37142,I1MVJ4
37143,I1MVJ7
37144,I1MVK4
37145,I1MVK7
37146,I1MVK8
37147,I1MVK9
37148,I1MVL1
37149,I1MVL2
37150,I1MVM0
37151,I1MVM1
37152,I1MVM2
37153,I1MVM5
37154,I1MVM6
37155,I1MVM8
37156,I1MVN0
37157,I1MVN4
37158,I1MVN5
37159,I1MVP0
37160,I1MVP2
37161,I1MVP3
37162,I1MVP6
37163,I1MVP9
37164,I1MVQ0
37165,I1MVQ2
37166,I1MVQ3
37167,I1MVQ5
37168,I1MVQ6
37169,I1MVQ7
37170,I1MVR0
37171,I1MVR1
37172,I1MVR2
37173,I1MVR5
37174,I1MVR8
37175,I1MVS7
37176,I1MVS9
37177,I1MVT0
37178,I1MVT1
37179,I1MVT2
37180,I1MVT4
37181,I1MVT5
37182,I1MVT7
37183,I1MVT8
37184,I1MVU0
37185,I1MVU2
37186,I1MVU3
37187,I1MVU7
37188,I1MVV0
37189,I1MVV4
37190,I1MVV5
37191,I1MVW0
37192,I1MVW9
37193,I1MVX1
37194,I1MVX4
37195,I1MVX6
37196,I1MVX7
37197,I1MVX8
37198,I1MVX9
37199,I1MVY3
37200,I1MVY6
37201,I1MVY7
37202,I1MVZ2
37203,I1MVZ4
37204,I1MVZ6
37205,I1MVZ9
37206,I1MW04
37207,I1MW08
37208,I1MW11
37209,I1MW14
37210,I1MW17
37211,I1MW18
37212,I1MW20
37213,I1MW22
37214,I1MW24
37215,I1MW40
37216,I1MW41
37217,I1MW49
37218,I1MW51
37219,I1MW53
37220,I1MW56
37221,I1MW66
37222,I1MW67
37223,I1MW70
37224,I1MW74
37225,I1MW76
37226,I1MW79
37227,I1MW80
37228,I1MWA2
37229,I1MWA8
37230,I1MWA9
37231,I1MWB4
37232,I1MWB9
37233,I1MWC2
37234,I1MWC3
37235,I1MWC4
37236,I1MWC8
37237,I1MWD2
37238,I1MWD4
37239,I1MWD6
37240,I1MWE2
37241,I1MWF0
37242,I1MWF2
37243,I1MWF4
37244,I1MWF7
37245,I1MWG2
37246,I1MWG7
37247,I1MWH0
37248,I1MWH7
37249,I1MWI0
37250,I1MWI1
37251,I1MWI9
37252,I1MWJ1
37253,I1MWJ3
37254,I1MWJ6
37255,I1MWJ7
37256,I1MWJ8
37257,I1MWJ9
37258,I1MWK1
37259,I1MWK2
37260,I1MWK5
37261,I1MWL0
37262,I1MWL4
37263,I1MWL9
37264,I1MWM0
37265,I1MWM4
37266,I1MWM7
37267,I1MWM9
37268,I1MWN3
37269,I1MWN6
37270,I1MWN9
37271,I1MWP1
37272,I1MWP3
37273,I1MWP6
37274,I1MWP7
37275,I1MWQ0
37276,I1MWQ8
37277,I1MWR0
37278,I1MWR8
37279,I1MWS0
37280,I1MWS3
37281,I1MWS6
37282,I1MWS9
37283,I1MWT0
37284,I1MWT3
37285,I1MWT4
37286,I1MWT6
37287,I1MWU3
37288,I1MWX0
37289,I1MWX1
37290,I1MWX3
37291,I1MWX4
37292,I1MWX5
37293,I1MWX9
37294,I1MWY0
37295,I1MWY2
37296,I1MWY5
37297,I1MWY7
37298,I1MWY8
37299,I1MWY9
37300,I1MWZ2
37301,I1MWZ4
37302,I1MWZ6
37303,I1MWZ7
37304,I1MWZ8
37305,I1MWZ9
37306,I1MX00
37307,I1MX06
37308,I1MX08
37309,I1MX09
37310,I1MX10
37311,I1MX12
37312,I1MX14
37313,I1MX16
37314,I1MX21
37315,I1MX26
37316,I1MX28
37317,I1MX33
37318,I1MX35
37319,I1MX36
37320,I1MX41
37321,I1MX45
37322,I1MX47
37323,I1MX49
37324,I1MX53
37325,I1MX54
37326,I1MX56
37327,I1MX58
37328,I1MX60
37329,I1MX63
37330,I1MX68
37331,I1MX69
37332,I1MX72
37333,I1MX76
37334,I1MX78
37335,I1MX79
37336,I1MX80
37337,I1MX81
37338,I1MX83
37339,I1MX85
37340,I1MX88
37341,I1MX92
37342,I1MX93
37343,I1MX94
37344,I1MX98
37345,I1MX99
37346,I1MXA0
37347,I1MXA6
37348,I1MXA9
37349,I1MXB1
37350,I1MXB3
37351,I1MXB9
37352,I1MXC3
37353,I1MXC4
37354,I1MXC6
37355,I1MXC8
37356,I1MXD1
37357,I1MXD2
37358,I1MXD3
37359,I1MXD5
37360,I1MXD7
37361,I1MXD9
37362,I1MXE4
37363,I1MXE5
37364,I1MXE8
37365,I1MXF8
37366,I1MXF9
37367,I1MXG0
37368,I1MXG2
37369,I1MXG3
37370,I1MXG4
37371,I1MXG5
37372,I1MXG8
37373,I1MXH0
37374,I1MXH1
37375,I1MXH2
37376,I1MXH3
37377,I1MXH4
37378,I1MXH5
37379,I1MXH7
37380,I1MXI0
37381,I1MXI5
37382,I1MXI7
37383,I1MXJ0
37384,I1MXJ1
37385,I1MXJ2
37386,I1MXJ5
37387,I1MXJ6
37388,I1MXK0
37389,I1MXK1
37390,I1MXK2
37391,I1MXK4
37392,I1MXK5
37393,I1MXL0
37394,I1MXL1
37395,I1MXL2
37396,I1MXL3
37397,I1MXL5
37398,I1MXL6
37399,I1MXM3
37400,I1MXM4
37401,I1MXM6
37402,I1MXN1
37403,I1MXN2
37404,I1MXN6
37405,I1MXN9
37406,I1MXP0
37407,I1MXP2
37408,I1MXP3
37409,I1MXP5
37410,I1MXP6
37411,I1MXP8
37412,I1MXQ0
37413,I1MXQ1
37414,I1MXQ4
37415,I1MXQ7
37416,I1MXQ8
37417,I1MXR2
37418,I1MXR4
37419,I1MXR5
37420,I1MXR6
37421,I1MXR8
37422,I1MXS1
37423,I1MXS2
37424,I1MXS3
37425,I1MXS4
37426,I1MXS7
37427,I1MXT0
37428,I1MXT2
37429,I1MXT3
37430,I1MXU0
37431,I1MXU1
37432,I1MXU2
37433,I1MXU3
37434,I1MXU4
37435,I1MXU7
37436,I1MXU8
37437,I1MXU9
37438,I1MXV1
37439,I1MXV3
37440,I1MXV4
37441,I1MXV5
37442,I1MXV6
37443,I1MXV9
37444,I1MXW3
37445,I1MXW4
37446,I1MXW6
37447,I1MXW8
37448,I1MXW9
37449,I1MXX2
37450,I1MXX3
37451,I1MXX4
37452,I1MXX5
37453,I1MXX7
37454,I1MXY0
37455,I1MXY9
37456,I1MXZ0
37457,I1MXZ1
37458,I1MXZ2
37459,I1MXZ3
37460,I1MXZ4
37461,I1MXZ6
37462,I1MY05
37463,I1MY10
37464,I1MY15
37465,I1MY18
37466,I1MY19
37467,I1MY20
37468,I1MY27
37469,I1MY28
37470,I1MY29
37471,I1MY33
37472,I1MY36
37473,I1MY38
37474,I1MY40
37475,I1MY41
37476,I1MY42
37477,I1MY43
37478,I1MY44
37479,I1MY45
37480,I1MY46
37481,I1MY47
37482,I1MY48
37483,I1MY49
37484,I1MY52
37485,I1MY53
37486,I1MY63
37487,I1MY65
37488,I1MY68
37489,I1MY69
37490,I1MY72
37491,I1MY74
37492,I1MY75
37493,I1MY79
37494,I1MY81
37495,I1MY82
37496,I1MY83
37497,I1MY84
37498,I1MY91
37499,I1MY92
37500,I1MY95
37501,I1MY98
37502,I1MY99
37503,I1MYA1
37504,I1MYA3
37505,I1MYA5
37506,I1MYA7
37507,I1MYA8
37508,I1MYB0
37509,I1MYB4
37510,I1MYB9
37511,I1MYC1
37512,I1MYC2
37513,I1MYC3
37514,I1MYD0
37515,I1MYD2
37516,I1MYD6
37517,I1MYE0
37518,I1MYF0
37519,I1MYF3
37520,I1MYF4
37521,I1MYF9
37522,I1MYG3
37523,I1MYG5
37524,I1MYG7
37525,I1MYG9
37526,I1MYH1
37527,I1MYI1
37528,I1MYI2
37529,I1MYI4
37530,I1MYI5
37531,I1MYI6
37532,I1MYJ0
37533,I1MYJ1
37534,I1MYJ3
37535,I1MYJ4
37536,I1MYJ6
37537,I1MYK2
37538,I1MYK3
37539,I1MYK6
37540,I1MYL1
37541,I1MYL2
37542,I1MYL3
37543,I1MYL4
37544,I1MYL5
37545,I1MYL7
37546,I1MYL8
37547,I1MYL9
37548,I1MYM2
37549,I1MYM3
37550,I1MYM7
37551,I1MYM9
37552,I1MYN0
37553,I1MYN1
37554,I1MYN2
37555,I1MYN3
37556,I1MYN5
37557,I1MYP1
37558,I1MYP2
37559,I1MYP4
37560,I1MYQ3
37561,I1MYQ4
37562,I1MYQ5
37563,I1MYQ7
37564,I1MYQ8
37565,I1MYR0
37566,I1MYR2
37567,I1MYR4
37568,I1MYR5
37569,I1MYR6
37570,I1MYR8
37571,I1MYR9
37572,I1MYS1
37573,I1MYS4
37574,I1MYS7
37575,I1MYS8
37576,I1MYS9
37577,I1MYT0
37578,I1MYT2
37579,I1MYT3
37580,I1MYT4
37581,I1MYT5
37582,I1MYT6
37583,I1MYU2
37584,I1MYU4
37585,I1MYU6
37586,I1MYU7
37587,I1MYU8
37588,I1MYV1
37589,I1MYV2
37590,I1MYV4
37591,I1MYV6
37592,I1MYV7
37593,I1MYV8
37594,I1MYV9
37595,I1MYW1
37596,I1MYW7
37597,I1MYW9
37598,I1MYX1
37599,I1MYX3
37600,I1MYX4
37601,I1MYX5
37602,I1MYX7
37603,I1MYX8
37604,I1MYX9
37605,I1MYY1
37606,I1MYY2
37607,I1MYY4
37608,I1MYY6
37609,I1MYY9
37610,I1MYZ4
37611,I1MYZ5
37612,I1MYZ6
37613,I1MYZ7
37614,I1MYZ8
37615,I1MZ01
37616,I1MZ03
37617,I1MZ04
37618,I1MZ05
37619,I1MZ08
37620,I1MZ09
37621,I1MZ10
37622,I1MZ11
37623,I1MZ12
37624,I1MZ13
37625,I1MZ14
37626,I1MZ15
37627,I1MZ17
37628,I1MZ18
37629,I1MZ20
37630,I1MZ21
37631,I1MZ23
37632,I1MZ24
37633,I1MZ32
37634,I1MZ35
37635,I1MZ36
37636,I1MZ39
37637,I1MZ42
37638,I1MZ46
37639,I1MZ47
37640,I1MZ48
37641,I1MZ50
37642,I1MZ51
37643,I1MZ53
37644,I1MZ54
37645,I1MZ55
37646,I1MZ56
37647,I1MZ59
37648,I1MZ60
37649,I1MZ62
37650,I1MZ63
37651,I1MZ64
37652,I1MZ67
37653,I1MZ70
37654,I1MZ71
37655,I1MZ73
37656,I1MZ74
37657,I1MZ80
37658,I1MZ81
37659,I1MZ84
37660,I1MZ85
37661,I1MZ86
37662,I1MZ87
37663,I1MZ92
37664,I1MZ94
37665,I1MZ96
37666,I1MZ99
37667,I1MZA2
37668,I1MZA3
37669,I1MZA4
37670,I1MZA5
37671,I1MZA8
37672,I1MZB2
37673,I1MZB3
37674,I1MZB5
37675,I1MZC1
37676,I1MZC3
37677,I1MZC5
37678,I1MZC7
37679,I1MZD0
37680,I1MZD1
37681,I1MZD3
37682,I1MZD4
37683,I1MZD5
37684,I1MZD7
37685,I1MZD8
37686,I1MZE0
37687,I1MZE1
37688,I1MZE2
37689,I1MZE4
37690,I1MZE6
37691,I1MZE7
37692,I1MZE8
37693,I1MZF1
37694,I1MZF2
37695,I1MZF8
37696,I1MZF9
37697,I1MZG2
37698,I1MZG3
37699,I1MZG4
37700,I1MZG8
37701,I1MZH0
37702,I1MZH2
37703,I1MZH4
37704,I1MZI0
37705,I1MZI2
37706,I1MZI3
37707,I1MZI8
37708,I1MZI9
37709,I1MZJ1
37710,I1MZJ4
37711,I1MZJ5
37712,I1MZJ7
37713,I1MZJ8
37714,I1MZK2
37715,I1MZK5
37716,I1MZK6
37717,I1MZK7
37718,I1MZK9
37719,I1MZL0
37720,I1MZL2
37721,I1MZL3
37722,I1MZL8
37723,I1MZM7
37724,I1MZM8
37725,I1MZM9
37726,I1MZN0
37727,I1MZN1
37728,I1MZN2
37729,I1MZN4
37730,I1MZN5
37731,I1MZN6
37732,I1MZN8
37733,I1MZP9
37734,I1MZQ0
37735,I1MZQ2
37736,I1MZR2
37737,I1MZR3
37738,I1MZR9
37739,I1MZS1
37740,I1MZS6
37741,I1MZS7
37742,I1MZT0
37743,I1MZT2
37744,I1MZT4
37745,I1MZT5
37746,I1MZT7
37747,I1MZU0
37748,I1MZU1
37749,I1MZU2
37750,I1MZU5
37751,I1MZU6
37752,I1MZU9
37753,I1MZV0
37754,I1MZV3
37755,I1MZV4
37756,I1MZV5
37757,I1MZV7
37758,I1MZV8
37759,I1MZW0
37760,I1MZW2
37761,I1MZW3
37762,I1MZW5
37763,I1MZW6
37764,I1MZX0
37765,I1MZX1
37766,I1MZX3
37767,I1MZX4
37768,I1MZX5
37769,I1MZX6
37770,I1MZY0
37771,I1MZY6
37772,I1MZY7
37773,I1MZY8
37774,I1MZZ2
37775,I1MZZ3
37776,I1MZZ5
37777,I1MZZ7
37778,I1N001
37779,I1N004
37780,I1N006
37781,I1N007
37782,I1N008
37783,I1N012
37784,I1N013
37785,I1N014
37786,I1N015
37787,I1N019
37788,I1N022
37789,I1N026
37790,I1N029
37791,I1N030
37792,I1N032
37793,I1N035
37794,I1N036
37795,I1N037
37796,I1N040
37797,I1N045
37798,I1N047
37799,I1N048
37800,I1N049
37801,I1N050
37802,I1N055
37803,I1N056
37804,I1N057
37805,I1N058
37806,I1N059
37807,I1N060
37808,I1N061
37809,I1N062
37810,I1N063
37811,I1N064
37812,I1N067
37813,I1N068
37814,I1N070
37815,I1N071
37816,I1N072
37817,I1N075
37818,I1N077
37819,I1N081
37820,I1N083
37821,I1N084
37822,I1N085
37823,I1N086
37824,I1N087
37825,I1N088
37826,I1N089
37827,I1N091
37828,I1N092
37829,I1N094
37830,I1N095
37831,I1N0A3
37832,I1N0A5
37833,I1N0A9
37834,I1N0B2
37835,I1N0B3
37836,I1N0B4
37837,I1N0B5
37838,I1N0B6
37839,I1N0B7
37840,I1N0C0
37841,I1N0C3
37842,I1N0C4
37843,I1N0C6
37844,I1N0C7
37845,I1N0D0
37846,I1N0D2
37847,I1N0D3
37848,I1N0D5
37849,I1N0D6
37850,I1N0D7
37851,I1N0E0
37852,I1N0E1
37853,I1N0E2
37854,I1N0E5
37855,I1N0F1
37856,I1N0F2
37857,I1N0F3
37858,I1N0F4
37859,I1N0F5
37860,I1N0F9
37861,I1N0G1
37862,I1N0I5
37863,I1N0I7
37864,I1N0I9
37865,I1N0J0
37866,I1N0J2
37867,I1N0J4
37868,I1N0J5
37869,I1N0J7
37870,I1N0J9
37871,I1N0K0
37872,I1N0K1
37873,I1N0K2
37874,I1N0K3
37875,I1N0K6
37876,I1N0K7
37877,I1N0K8
37878,I1N0L0
37879,I1N0L1
37880,I1N0L5
37881,I1N0L6
37882,I1N0L8
37883,I1N0L9
37884,I1N0M5
37885,I1N0M8
37886,I1N0N0
37887,I1N0N7
37888,I1N0N8
37889,I1N0N9
37890,I1N0P1
37891,I1N0P3
37892,I1N0P5
37893,I1N0P8
37894,I1N0Q0
37895,I1N0Q7
37896,I1N0Q9
37897,I1N0R4
37898,I1N0R5
37899,I1N0R6
37900,I1N0S0
37901,I1N0S2
37902,I1N0S3
37903,I1N0S4
37904,I1N0S5
37905,I1N0S7
37906,I1N0T2
37907,I1N0T4
37908,I1N0T6
37909,I1N0T8
37910,I1N0T9
37911,I1N0U0
37912,I1N0U1
37913,I1N0U3
37914,I1N0U4
37915,I1N0U5
37916,I1N0U6
37917,I1N0U7
37918,I1N0W4
37919,I1N0W6
37920,I1N0W7
37921,I1N0W9
37922,I1N0X0
37923,I1N0X2
37924,I1N0X8
37925,I1N0X9
37926,I1N0Y0
37927,I1N0Y1
37928,I1N0Y4
37929,I1N0Y9
37930,I1N0Z7
37931,I1N104
37932,I1N107
37933,I1N108
37934,I1N111
37935,I1N112
37936,I1N115
37937,I1N118
37938,I1N120
37939,I1N122
37940,I1N123
37941,I1N127
37942,I1N131
37943,I1N132
37944,I1N133
37945,I1N137
37946,I1N143
37947,I1N144
37948,I1N146
37949,I1N149
37950,I1N150
37951,I1N151
37952,I1N156
37953,I1N157
37954,I1N162
37955,I1N164
37956,I1N167
37957,I1N170
37958,I1N171
37959,I1N172
37960,I1N183
37961,I1N192
37962,I1N194
37963,I1N195
37964,I1N197
37965,I1N198
37966,I1N1A3
37967,I1N1A4
37968,I1N1A7
37969,I1N1B4
37970,I1N1B7
37971,I1N1B9
37972,I1N1C1
37973,I1N1D2
37974,I1N1D5
37975,I1N1D7
37976,I1N1E3
37977,I1N1E8
37978,I1N1F1
37979,I1N1F2
37980,I1N1F3
37981,I1N1F6
37982,I1N1F7
37983,I1N1F9
37984,I1N1G3
37985,I1N1G8
37986,I1N1H4
37987,I1N1H5
37988,I1N1I1
37989,I1N1I2
37990,I1N1I4
37991,I1N1J1
37992,I1N1J3
37993,I1N1J4
37994,I1N1K0
37995,I1N1K1
37996,I1N1K3
37997,I1N1K4
37998,I1N1K6
37999,I1N1K8
38000,I1N1L2
38001,I1N1L4
38002,I1N1L7
38003,I1N1M0
38004,I1N1M5
38005,I1N1N2
38006,I1N1N3
38007,I1N1N4
38008,I1N1N5
38009,I1N1N8
38010,I1N1N9
38011,I1N1P2
38012,I1N1P3
38013,I1N1P6
38014,I1N1Q9
38015,I1N1R1
38016,I1N1R5
38017,I1N1R7
38018,I1N1R8
38019,I1N1S3
38020,I1N1S4
38021,I1N1T0
38022,I1N1T2
38023,I1N1T5
38024,I1N1T9
38025,I1N1U2
38026,I1N1U5
38027,I1N1U6
38028,I1N1U9
38029,I1N1V1
38030,I1N1V3
38031,I1N1V4
38032,I1N1V5
38033,I1N1V6
38034,I1N1W0
38035,I1N1W2
38036,I1N1W5
38037,I1N1W6
38038,I1N1W7
38039,I1N1X2
38040,I1N1X8
38041,I1N1Y2
38042,I1N1Y5
38043,I1N1Y6
38044,I1N1Y7
38045,I1N1Y9
38046,I1N1Z0
38047,I1N1Z1
38048,I1N1Z2
38049,I1N1Z4
38050,I1N1Z5
38051,I1N1Z6
38052,I1N1Z8
38053,I1N201
38054,I1N203
38055,I1N204
38056,I1N220
38057,I1N230
38058,I1N257
38059,I1N259
38060,I1N263
38061,I1N264
38062,I1N265
38063,I1N268
38064,I1N270
38065,I1N272
38066,I1N274
38067,I1N275
38068,I1N287
38069,I1N288
38070,I1N293
38071,I1N296
38072,I1N2A0
38073,I1N2A2
38074,I1N2A5
38075,I1N2B5
38076,I1N2C1
38077,I1N2C2
38078,I1N2C3
38079,I1N2C5
38080,I1N2D3
38081,I1N2D4
38082,I1N2D6
38083,I1N2D9
38084,I1N2E0
38085,I1N2E2
38086,I1N2E3
38087,I1N2E4
38088,I1N2E6
38089,I1N2E7
38090,I1N2E8
38091,I1N2F6
38092,I1N2G0
38093,I1N2G1
38094,I1N2G6
38095,I1N2G8
38096,I1N2H2
38097,I1N2H6
38098,I1N2H7
38099,I1N2H8
38100,I1N2I4
38101,I1N2I6
38102,I1N2I9
38103,I1N2J2
38104,I1N2J3
38105,I1N2J5
38106,I1N2J8
38107,I1N2K4
38108,I1N2K7
38109,I1N2K8
38110,I1N2L0
38111,I1N2L1
38112,I1N2L2
38113,I1N2M8
38114,I1N2N2
38115,I1N2N4
38116,I1N2N5
38117,I1N2N6
38118,I1N2N7
38119,I1N2N8
38120,I1N2N9
38121,I1N2P1
38122,I1N2P3
38123,I1N2P4
38124,I1N2P6
38125,I1N2P9
38126,I1N2Q1
38127,I1N2Q2
38128,I1N2Q3
38129,I1N2R0
38130,I1N2R2
38131,I1N2R6
38132,I1N2R9
38133,I1N2T3
38134,I1N2U4
38135,I1N2U5
38136,I1N2U6
38137,I1N2U7
38138,I1N2U8
38139,I1N2V5
38140,I1N2W7
38141,I1N2W8
38142,I1N2W9
38143,I1N2X1
38144,I1N2X4
38145,I1N2X5
38146,I1N2X7
38147,I1N2X9
38148,I1N2Y0
38149,I1N2Y6
38150,I1N2Y9
38151,I1N2Z4
38152,I1N2Z5
38153,I1N303
38154,I1N306
38155,I1N308
38156,I1N309
38157,I1N313
38158,I1N314
38159,I1N317
38160,I1N318
38161,I1N321
38162,I1N324
38163,I1N333
38164,I1N334
38165,I1N335
38166,I1N337
38167,I1N339
38168,I1N340
38169,I1N341
38170,I1N342
38171,I1N344
38172,I1N348
38173,I1N349
38174,I1N351
38175,I1N356
38176,I1N357
38177,I1N359
38178,I1N362
38179,I1N364
38180,I1N370
38181,I1N371
38182,I1N372
38183,I1N373
38184,I1N375
38185,I1N377
38186,I1N382
38187,I1N383
38188,I1N387
38189,I1N388
38190,I1N389
38191,I1N390
38192,I1N391
38193,I1N393
38194,I1N394
38195,I1N3A1
38196,I1N3A3
38197,I1N3A4
38198,I1N3A5
38199,I1N3A6
38200,I1N3A7
38201,I1N3A8
38202,I1N3B2
38203,I1N3B5
38204,I1N3B8
38205,I1N3B9
38206,I1N3C0
38207,I1N3C2
38208,I1N3C3
38209,I1N3C4
38210,I1N3C8
38211,I1N3D0
38212,I1N3D1
38213,I1N3D3
38214,I1N3D9
38215,I1N3E0
38216,I1N3E1
38217,I1N3E5
38218,I1N3E7
38219,I1N3F1
38220,I1N3F2
38221,I1N3F3
38222,I1N3F4
38223,I1N3F6
38224,I1N3G0
38225,I1N3G2
38226,I1N3G3
38227,I1N3H3
38228,I1N3H5
38229,I1N3I1
38230,I1N3I2
38231,I1N3I4
38232,I1N3I5
38233,I1N3I6
38234,I1N3I7
38235,I1N3J7
38236,I1N3K1
38237,I1N3K6
38238,I1N3K8
38239,I1N3K9
38240,I1N3L0
38241,I1N3L1
38242,I1N3L2
38243,I1N3L3
38244,I1N3L5
38245,I1N3L9
38246,I1N3M0
38247,I1N3M1
38248,I1N3M2
38249,I1N3M5
38250,I1N3M6
38251,I1N3M9
38252,I1N3N2
38253,I1N3N3
38254,I1N3N6
38255,I1N3P0
38256,I1N3P4
38257,I1N3P6
38258,I1N3P8
38259,I1N3P9
38260,I1N3Q2
38261,I1N3R1
38262,I1N3R4
38263,I1N3R8
38264,I1N3S1
38265,I1N3S6
38266,I1N3S9
38267,I1N3T0
38268,I1N3T3
38269,I1N3T7
38270,I1N3T8
38271,I1N3U0
38272,I1N3U1
38273,I1N3U2
38274,I1N3U3
38275,I1N3U5
38276,I1N3U8
38277,I1N3U9
38278,I1N3V1
38279,I1N3V4
38280,I1N3V5
38281,I1N3V8
38282,I1N3W0
38283,I1N3W4
38284,I1N3W7
38285,I1N3X4
38286,I1N3X7
38287,I1N3Y0
38288,I1N3Y1
38289,I1N3Y4
38290,I1N3Y5
38291,I1N3Y7
38292,I1N3Y9
38293,I1N3Z2
38294,I1N3Z3
38295,I1N3Z5
38296,I1N3Z6
38297,I1N3Z7
38298,I1N3Z8
38299,I1N402
38300,I1N403
38301,I1N404
38302,I1N405
38303,I1N407
38304,I1N409
38305,I1N411
38306,I1N413
38307,I1N414
38308,I1N422
38309,I1N429
38310,I1N433
38311,I1N434
38312,I1N435
38313,I1N437
38314,I1N438
38315,I1N439
38316,I1N441
38317,I1N443
38318,I1N445
38319,I1N446
38320,I1N447
38321,I1N448
38322,I1N453
38323,I1N462
38324,I1N463
38325,I1N464
38326,I1N466
38327,I1N470
38328,I1N478
38329,I1N481
38330,I1N483
38331,I1N484
38332,I1N487
38333,I1N489
38334,I1N490
38335,I1N491
38336,I1N492
38337,I1N498
38338,I1N499
38339,I1N4A0
38340,I1N4A4
38341,I1N4A7
38342,I1N4A8
38343,I1N4A9
38344,I1N4B2
38345,I1N4B8
38346,I1N4C0
38347,I1N4C1
38348,I1N4C2
38349,I1N4C4
38350,I1N4D2
38351,I1N4D6
38352,I1N4D7
38353,I1N4D8
38354,I1N4D9
38355,I1N4E0
38356,I1N4E2
38357,I1N4E4
38358,I1N4E5
38359,I1N4E7
38360,I1N4F0
38361,I1N4F1
38362,I1N4F3
38363,I1N4F6
38364,I1N4F8
38365,I1N4F9
38366,I1N4G1
38367,I1N4G3
38368,I1N4G7
38369,I1N4H1
38370,I1N4H2
38371,I1N4H5
38372,I1N4I0
38373,I1N4I2
38374,I1N4I3
38375,I1N4I4
38376,I1N4I6
38377,I1N4I7
38378,I1N4J1
38379,I1N4J2
38380,I1N4J3
38381,I1N4J4
38382,I1N4J7
38383,I1N4J8
38384,I1N4J9
38385,I1N4K0
38386,I1N4K1
38387,I1N4K3
38388,I1N4K4
38389,I1N4K6
38390,I1N4L1
38391,I1N4L2
38392,I1N4L3
38393,I1N4L4
38394,I1N4L5
38395,I1N4L8
38396,I1N4L9
38397,I1N4M1
38398,I1N4M3
38399,I1N4M6
38400,I1N4M9
38401,I1N4N1
38402,I1N4N2
38403,I1N4N4
38404,I1N4N6
38405,I1N4N7
38406,I1N4P1
38407,I1N4P3
38408,I1N4P4
38409,I1N4P5
38410,I1N4P6
38411,I1N4P8
38412,I1N4P9
38413,I1N4Q1
38414,I1N4Q4
38415,I1N4Q6
38416,I1N4Q7
38417,I1N4R3
38418,I1N4R4
38419,I1N4R5
38420,I1N4R6
38421,I1N4S0
38422,I1N4S1
38423,I1N4S3
38424,I1N4S5
38425,I1N4S6
38426,I1N4S9
38427,I1N4T0
38428,I1N4T2
38429,I1N4T4
38430,I1N4T6
38431,I1N4T9
38432,I1N4U0
38433,I1N4U1
38434,I1N4U6
38435,I1N4U7
38436,I1N4V0
38437,I1N4V1
38438,I1N4V3
38439,I1N4V8
38440,I1N4W0
38441,I1N4W1
38442,I1N4X6
38443,I1N4X7
38444,I1N4Y2
38445,I1N4Y4
38446,I1N4Y5
38447,I1N4Y7
38448,I1N4Z1
38449,I1N4Z3
38450,I1N4Z5
38451,I1N4Z6
38452,I1N4Z7
38453,I1N4Z9
38454,I1N500
38455,I1N502
38456,I1N504
38457,I1N505
38458,I1N506
38459,I1N508
38460,I1N509
38461,I1N512
38462,I1N514
38463,I1N515
38464,I1N516
38465,I1N519
38466,I1N520
38467,I1N521
38468,I1N522
38469,I1N523
38470,I1N525
38471,I1N527
38472,I1N529
38473,I1N530
38474,I1N531
38475,I1N534
38476,I1N535
38477,I1N537
38478,I1N541
38479,I1N543
38480,I1N544
38481,I1N548
38482,I1N551
38483,I1N552
38484,I1N554
38485,I1N559
38486,I1N565
38487,I1N566
38488,I1N570
38489,I1N573
38490,I1N574
38491,I1N576
38492,I1N577
38493,I1N579
38494,I1N581
38495,I1N583
38496,I1N584
38497,I1N587
38498,I1N594
38499,I1N596
38500,I1N599
38501,I1N5A1
38502,I1N5A3
38503,I1N5A4
38504,I1N5A8
38505,I1N5B0
38506,I1N5B1
38507,I1N5B3
38508,I1N5B4
38509,I1N5B5
38510,I1N5B6
38511,I1N5B7
38512,I1N5B8
38513,I1N5C2
38514,I1N5C3
38515,I1N5C6
38516,I1N5C7
38517,I1N5D0
38518,I1N5D4
38519,I1N5D5
38520,I1N5D8
38521,I1N5D9
38522,I1N5E0
38523,I1N5E4
38524,I1N5E5
38525,I1N5E8
38526,I1N5F0
38527,I1N5F1
38528,I1N5F2
38529,I1N5F6
38530,I1N5F7
38531,I1N5F8
38532,I1N5F9
38533,I1N5G0
38534,I1N5G3
38535,I1N5H2
38536,I1N5H5
38537,I1N5H8
38538,I1N5H9
38539,I1N5I2
38540,I1N5I4
38541,I1N5I6
38542,I1N5I8
38543,I1N5J0
38544,I1N5J4
38545,I1N5J6
38546,I1N5J7
38547,I1N5J9
38548,I1N5K0
38549,I1N5K3
38550,I1N5K6
38551,I1N5K7
38552,I1N5L2
38553,I1N5L4
38554,I1N5L5
38555,I1N5L9
38556,I1N5M1
38557,I1N5M2
38558,I1N5M3
38559,I1N5M4
38560,I1N5M5
38561,I1N5M7
38562,I1N5M8
38563,I1N5N0
38564,I1N5N2
38565,I1N5N4
38566,I1N5P1
38567,I1N5P4
38568,I1N5P5
38569,I1N5P8
38570,I1N5Q0
38571,I1N5Q1
38572,I1N5Q9
38573,I1N5R1
38574,I1N5R3
38575,I1N5R5
38576,I1N5R6
38577,I1N5R7
38578,I1N5R9
38579,I1N5S0
38580,I1N5S4
38581,I1N5S8
38582,I1N5T2
38583,I1N5T3
38584,I1N5T4
38585,I1N5T6
38586,I1N5T7
38587,I1N5U1
38588,I1N5U5
38589,I1N5U6
38590,I1N5U7
38591,I1N5U9
38592,I1N5V2
38593,I1N5V6
38594,I1N5V9
38595,I1N5W5
38596,I1N5W6
38597,I1N5W9
38598,I1N5X2
38599,I1N5X4
38600,I1N5X5
38601,I1N5X8
38602,I1N5Y1
38603,I1N5Y2
38604,I1N5Y3
38605,I1N5Y9
38606,I1N5Z2
38607,I1N5Z3
38608,I1N5Z4
38609,I1N5Z5
38610,I1N5Z6
38611,I1N5Z8
38612,I1N5Z9
38613,I1N600
38614,I1N602
38615,I1N607
38616,I1N608
38617,I1N610
38618,I1N612
38619,I1N614
38620,I1N615
38621,I1N617
38622,I1N619
38623,I1N627
38624,I1N628
38625,I1N629
38626,I1N630
38627,I1N631
38628,I1N632
38629,I1N634
38630,I1N635
38631,I1N639
38632,I1N640
38633,I1N641
38634,I1N643
38635,I1N646
38636,I1N648
38637,I1N650
38638,I1N651
38639,I1N653
38640,I1N654
38641,I1N659
38642,I1N660
38643,I1N665
38644,I1N666
38645,I1N667
38646,I1N671
38647,I1N672
38648,I1N673
38649,I1N675
38650,I1N678
38651,I1N687
38652,I1N688
38653,I1N690
38654,I1N694
38655,I1N696
38656,I1N6A0
38657,I1N6A2
38658,I1N6A5
38659,I1N6A6
38660,I1N6A7
38661,I1N6B2
38662,I1N6B3
38663,I1N6B4
38664,I1N6B5
38665,I1N6C1
38666,I1N6C3
38667,I1N6C4
38668,I1N6C7
38669,I1N6D2
38670,I1N6D4
38671,I1N6E0
38672,I1N6E2
38673,I1N6E3
38674,I1N6E7
38675,I1N6E8
38676,I1N6F0
38677,I1N6F3
38678,I1N6F5
38679,I1N6F6
38680,I1N6G2
38681,I1N6G4
38682,I1N6G8
38683,I1N6H0
38684,I1N6H2
38685,I1N6H6
38686,I1N6H7
38687,I1N6H9
38688,I1N6I0
38689,I1N6I1
38690,I1N6I2
38691,I1N6I6
38692,I1N6I8
38693,I1N6J0
38694,I1N6J2
38695,I1N6J4
38696,I1N6J5
38697,I1N6J6
38698,I1N6J7
38699,I1N6L0
38700,I1N6L1
38701,I1N6L3
38702,I1N6L5
38703,I1N6L8
38704,I1N6M2
38705,I1N6M4
38706,I1N6M9
38707,I1N6N9
38708,I1N6P4
38709,I1N6P9
38710,I1N6Q0
38711,I1N6Q1
38712,I1N6R1
38713,I1N6R2
38714,I1N6S0
38715,I1N6T0
38716,I1N6T4
38717,I1N6T6
38718,I1N6T7
38719,I1N6U0
38720,I1N6U2
38721,I1N6U4
38722,I1N6U6
38723,I1N6V2
38724,I1N6V6
38725,I1N6V9
38726,I1N6W0
38727,I1N6W2
38728,I1N6W6
38729,I1N6X4
38730,I1N6X6
38731,I1N6Y1
38732,I1N6Y7
38733,I1N6Y9
38734,I1N6Z0
38735,I1N6Z2
38736,I1N6Z4
38737,I1N6Z5
38738,I1N6Z6
38739,I1N6Z9
38740,I1N701
38741,I1N710
38742,I1N727
38743,I1N729
38744,I1N735
38745,I1N738
38746,I1N743
38747,I1N747
38748,I1N750
38749,I1N751
38750,I1N753
38751,I1N761
38752,I1N762
38753,I1N770
38754,I1N774
38755,I1N780
38756,I1N783
38757,I1N786
38758,I1N791
38759,I1N798
38760,I1N7A0
38761,I1N7A3
38762,I1N7B0
38763,I1N7B1
38764,I1N7B5
38765,I1N7B8
38766,I1N7B9
38767,I1N7C5
38768,I1N7C6
38769,I1N7C9
38770,I1N7D2
38771,I1N7D3
38772,I1N7D5
38773,I1N7D8
38774,I1N7D9
38775,I1N7E1
38776,I1N7E6
38777,I1N7E7
38778,I1N7F0
38779,I1N7F1
38780,I1N7F4
38781,I1N7F5
38782,I1N7F6
38783,I1N7F7
38784,I1N7F8
38785,I1N7G1
38786,I1N7G2
38787,I1N7G3
38788,I1N7G4
38789,I1N7G6
38790,I1N7G7
38791,I1N7G8
38792,I1N7H1
38793,I1N7H2
38794,I1N7H8
38795,I1N7I1
38796,I1N7I2
38797,I1N7I7
38798,I1N7J0
38799,I1N7J2
38800,I1N7J7
38801,I1N7K5
38802,I1N7K6
38803,I1N7K8
38804,I1N7L0
38805,I1N7L1
38806,I1N7L3
38807,I1N7L8
38808,I1N7M0
38809,I1N7M3
38810,I1N7M4
38811,I1N7M7
38812,I1N7N2
38813,I1N7N9
38814,I1N7P2
38815,I1N7P3
38816,I1N7Q9
38817,I1N7R1
38818,I1N7R3
38819,I1N7R4
38820,I1N7R5
38821,I1N7R7
38822,I1N7S1
38823,I1N7S3
38824,I1N7S6
38825,I1N7S9
38826,I1N7T3
38827,I1N7T5
38828,I1N7T6
38829,I1N7T7
38830,I1N7U0
38831,I1N7U1
38832,I1N7U3
38833,I1N7U4
38834,I1N7U7
38835,I1N7U8
38836,I1N7V2
38837,I1N7V5
38838,I1N7V6
38839,I1N7V7
38840,I1N7W5
38841,I1N7X2
38842,I1N7X5
38843,I1N7X6
38844,I1N7X9
38845,I1N7Y1
38846,I1N7Y6
38847,I1N7Y7
38848,I1N7Y8
38849,I1N7Z0
38850,I1N7Z4
38851,I1N7Z9
38852,I1N803
38853,I1N804
38854,I1N805
38855,I1N806
38856,I1N811
38857,I1N812
38858,I1N814
38859,I1N816
38860,I1N828
38861,I1N831
38862,I1N832
38863,I1N833
38864,I1N836
38865,I1N838
38866,I1N839
38867,I1N840
38868,I1N842
38869,I1N843
38870,I1N844
38871,I1N846
38872,I1N850
38873,I1N854
38874,I1N859
38875,I1N864
38876,I1N869
38877,I1N870
38878,I1N872
38879,I1N873
38880,I1N874
38881,I1N877
38882,I1N887
38883,I1N888
38884,I1N892
38885,I1N895
38886,I1N897
38887,I1N898
38888,I1N899
38889,I1N8A0
38890,I1N8A2
38891,I1N8A7
38892,I1N8B0
38893,I1N8B5
38894,I1N8B6
38895,I1N8B7
38896,I1N8C0
38897,I1N8C2
38898,I1N8C3
38899,I1N8C6
38900,I1N8C9
38901,I1N8D1
38902,I1N8D3
38903,I1N8D4
38904,I1N8D5
38905,I1N8E0
38906,I1N8E1
38907,I1N8E2
38908,I1N8E6
38909,I1N8E9
38910,I1N8F4
38911,I1N8F5
38912,I1N8F6
38913,I1N8F8
38914,I1N8G1
38915,I1N8G3
38916,I1N8G7
38917,I1N8G8
38918,I1N8G9
38919,I1N8H3
38920,I1N8H5
38921,I1N8H9
38922,I1N8I1
38923,I1N8I3
38924,I1N8I7
38925,I1N8I8
38926,I1N8I9
38927,I1N8J0
38928,I1N8J1
38929,I1N8J5
38930,I1N8J6
38931,I1N8K2
38932,I1N8K6
38933,I1N8K8
38934,I1N8L0
38935,I1N8L1
38936,I1N8L6
38937,I1N8L7
38938,I1N8M0
38939,I1N8M4
38940,I1N8M6
38941,I1N8M7
38942,I1N8M8
38943,I1N8N2
38944,I1N8N3
38945,I1N8N4
38946,I1N8N8
38947,I1N8N9
38948,I1N8P2
38949,I1N8P5
38950,I1N8P6
38951,I1N8P9
38952,I1N8Q1
38953,I1N8Q3
38954,I1N8Q5
38955,I1N8Q6
38956,I1N8Q9
38957,I1N8R0
38958,I1N8R4
38959,I1N8R6
38960,I1N8R7
38961,I1N8R8
38962,I1N8R9
38963,I1N8S2
38964,I1N8S5
38965,I1N8S8
38966,I1N8S9
38967,I1N8T2
38968,I1N8T3
38969,I1N8T4
38970,I1N8T8
38971,I1N8U1
38972,I1N8U4
38973,I1N8U7
38974,I1N8V0
38975,I1N8V2
38976,I1N8V4
38977,I1N8V6
38978,I1N8V7
38979,I1N8V9
38980,I1N8W4
38981,I1N8W5
38982,I1N8W8
38983,I1N8X2
38984,I1N8X6
38985,I1N8X8
38986,I1N8Y3
38987,I1N8Y6
38988,I1N8Y7
38989,I1N8Z3
38990,I1N8Z6
38991,I1N8Z7
38992,I1N8Z8
38993,I1N903
38994,I1N906
38995,I1N910
38996,I1N912
38997,I1N913
38998,I1N915
38999,I1N918
39000,I1N919
39001,I1N920
39002,I1N926
39003,I1N929
39004,I1N930
39005,I1N933
39006,I1N934
39007,I1N935
39008,I1N936
39009,I1N937
39010,I1N938
39011,I1N939
39012,I1N942
39013,I1N943
39014,I1N944
39015,I1N946
39016,I1N948
39017,I1N951
39018,I1N954
39019,I1N958
39020,I1N963
39021,I1N964
39022,I1N969
39023,I1N972
39024,I1N974
39025,I1N976
39026,I1N977
39027,I1N978
39028,I1N979
39029,I1N982
39030,I1N984
39031,I1N985
39032,I1N989
39033,I1N992
39034,I1N996
39035,I1N9A1
39036,I1N9A4
39037,I1N9A6
39038,I1N9B1
39039,I1N9B2
39040,I1N9B3
39041,I1N9B7
39042,I1N9B9
39043,I1N9C0
39044,I1N9C1
39045,I1N9C2
39046,I1N9C3
39047,I1N9C4
39048,I1N9C6
39049,I1N9D0
39050,I1N9D1
39051,I1N9D6
39052,I1N9D7
39053,I1N9E0
39054,I1N9E1
39055,I1N9E4
39056,I1N9E5
39057,I1N9E6
39058,I1N9E7
39059,I1N9E8
39060,I1N9F1
39061,I1N9F3
39062,I1N9F8
39063,I1N9F9
39064,I1N9G0
39065,I1N9G3
39066,I1N9G4
39067,I1N9G5
39068,I1N9G7
39069,I1N9H0
39070,I1N9H1
39071,I1N9H2
39072,I1N9H4
39073,I1N9H5
39074,I1N9H7
39075,I1N9I2
39076,I1N9I5
39077,I1N9I9
39078,I1N9J1
39079,I1N9J4
39080,I1N9J5
39081,I1N9J7
39082,I1N9J8
39083,I1N9K0
39084,I1N9K2
39085,I1N9K5
39086,I1N9K8
39087,I1N9K9
39088,I1N9L0
39089,I1N9L1
39090,I1N9L3
39091,I1N9L6
39092,I1N9L7
39093,I1N9L8
39094,I1N9L9
39095,I1N9M2
39096,I1N9M3
39097,I1N9M7
39098,I1N9N1
39099,I1N9N3
39100,I1N9N4
39101,I1N9N7
39102,I1N9N8
39103,I1N9P1
39104,I1N9P5
39105,I1N9P6
39106,I1N9P9
39107,I1N9Q0
39108,I1N9Q1
39109,I1N9Q5
39110,I1N9Q7
39111,I1N9R1
39112,I1N9R3
39113,I1N9R7
39114,I1N9S3
39115,I1N9S4
39116,I1N9S5
39117,I1N9S6
39118,I1N9S7
39119,I1N9S8
39120,I1N9T1
39121,I1N9T4
39122,I1N9T6
39123,I1N9T8
39124,I1N9T9
39125,I1N9U0
39126,I1N9U1
39127,I1N9U4
39128,I1N9V0
39129,I1N9V6
39130,I1N9V7
39131,I1N9W1
39132,I1N9W2
39133,I1N9X0
39134,I1N9X1
39135,I1N9X3
39136,I1N9X6
39137,I1N9X8
39138,I1N9X9
39139,I1N9Y0
39140,I1N9Y1
39141,I1N9Y2
39142,I1N9Y3
39143,I1N9Y4
39144,I1N9Y5
39145,I1N9Y6
39146,I1N9Y7
39147,I1N9Z0
39148,I1N9Z5
39149,I1N9Z6
39150,I1N9Z8
39151,I1NA00
39152,I1NA01
39153,I1NA06
39154,I1NA08
39155,I1NA10
39156,I1NA13
39157,I1NA14
39158,I1NA16
39159,I1NA18
39160,I1NA19
39161,I1NA20
39162,I1NA24
39163,I1NA25
39164,I1NA26
39165,I1NA27
39166,I1NA32
39167,I1NA34
39168,I1NA36
39169,I1NA37
39170,I1NA38
39171,I1NA42
39172,I1NA43
39173,I1NA44
39174,I1NA46
39175,I1NA51
39176,I1NA52
39177,I1NA53
39178,I1NA64
39179,I1NA65
39180,I1NA66
39181,I1NA70
39182,I1NA71
39183,I1NA73
39184,I1NA76
39185,I1NA77
39186,I1NA82
39187,I1NA83
39188,I1NA84
39189,I1NA88
39190,I1NA89
39191,I1NA92
39192,I1NA94
39193,I1NA96
39194,I1NA97
39195,I1NA98
39196,I1NA99
39197,I1NAA0
39198,I1NAA1
39199,I1NAA3
39200,I1NAA5
39201,I1NAA6
39202,I1NAB2
39203,I1NAB3
39204,I1NAB4
39205,I1NAB5
39206,I1NAB6
39207,I1NAC0
39208,I1NAC2
39209,I1NAC3
39210,I1NAC5
39211,I1NAC6
39212,I1NAD3
39213,I1NAD6
39214,I1NAD7
39215,I1NAE3
39216,I1NAE6
39217,I1NAE9
39218,I1NAF3
39219,I1NAF6
39220,I1NAF8
39221,I1NAG1
39222,I1NAG2
39223,I1NAG3
39224,I1NAG9
39225,I1NAH1
39226,I1NAH2
39227,I1NAH6
39228,I1NAH8
39229,I1NAH9
39230,I1NAI0
39231,I1NAI1
39232,I1NAI2
39233,I1NAI6
39234,I1NAI7
39235,I1NAI8
39236,I1NAI9
39237,I1NAJ0
39238,I1NAJ5
39239,I1NAJ7
39240,I1NAJ9
39241,I1NAK0
39242,I1NAK1
39243,I1NAK6
39244,I1NAK8
39245,I1NAL6
39246,I1NAL7
39247,I1NAL9
39248,I1NAM1
39249,I1NAM3
39250,I1NAM6
39251,I1NAM7
39252,I1NAM9
39253,I1NAP8
39254,I1NAP9
39255,I1NAQ3
39256,I1NAQ4
39257,I1NAQ6
39258,I1NAR0
39259,I1NAR1
39260,I1NAR3
39261,I1NAR8
39262,I1NAS0
39263,I1NAS1
39264,I1NAS2
39265,I1NAS4
39266,I1NAS8
39267,I1NAS9
39268,I1NAT3
39269,I1NAT5
39270,I1NAT7
39271,I1NAT8
39272,I1NAT9
39273,I1NAU1
39274,I1NAU2
39275,I1NAU4
39276,I1NAU6
39277,I1NAU9
39278,I1NAV1
39279,I1NAV2
39280,I1NAV4
39281,I1NAV6
39282,I1NAV7
39283,I1NAW5
39284,I1NAW9
39285,I1NAX0
39286,I1NAX1
39287,I1NAX3
39288,I1NAX4
39289,I1NAX6
39290,I1NAX9
39291,I1NAY0
39292,I1NAY2
39293,I1NAY3
39294,I1NAY7
39295,I1NAY9
39296,I1NAZ1
39297,I1NAZ2
39298,I1NAZ3
39299,I1NAZ4
39300,I1NB01
39301,I1NB04
39302,I1NB12
39303,I1NB13
39304,I1NB14
39305,I1NB15
39306,I1NB17
39307,I1NB22
39308,I1NB24
39309,I1NB26
39310,I1NB27
39311,I1NB32
39312,I1NB34
39313,I1NB35
39314,I1NB39
39315,I1NB40
39316,I1NB41
39317,I1NB42
39318,I1NB43
39319,I1NB44
39320,I1NB45
39321,I1NB48
39322,I1NB49
39323,I1NB50
39324,I1NB53
39325,I1NB55
39326,I1NB57
39327,I1NB59
39328,I1NB70
39329,I1NB76
39330,I1NB78
39331,I1NB82
39332,I1NB83
39333,I1NB85
39334,I1NB87
39335,I1NB93
39336,I1NB97
39337,I1NB98
39338,I1NBA2
39339,I1NBA3
39340,I1NBA4
39341,I1NBA5
39342,I1NBA6
39343,I1NBA8
39344,I1NBB0
39345,I1NBB1
39346,I1NBB4
39347,I1NBB5
39348,I1NBB6
39349,I1NBB7
39350,I1NBB8
39351,I1NBB9
39352,I1NBC2
39353,I1NBC5
39354,I1NBD1
39355,I1NBD4
39356,I1NBD6
39357,I1NBD7
39358,I1NBD9
39359,I1NBE0
39360,I1NBE5
39361,I1NBE6
39362,I1NBE7
39363,I1NBE8
39364,I1NBE9
39365,I1NBF0
39366,I1NBF1
39367,I1NBF3
39368,I1NBG1
39369,I1NBG2
39370,I1NBG3
39371,I1NBG4
39372,I1NBG6
39373,I1NBG9
39374,I1NBH1
39375,I1NBH8
39376,I1NBH9
39377,I1NBI0
39378,I1NBI4
39379,I1NBI6
39380,I1NBI8
39381,I1NBJ0
39382,I1NBJ2
39383,I1NBJ6
39384,I1NBJ7
39385,I1NBK4
39386,I1NBK5
39387,I1NBK6
39388,I1NBK8
39389,I1NBL1
39390,I1NBL2
39391,I1NBL5
39392,I1NBL7
39393,I1NBL9
39394,I1NBM1
39395,I1NBM2
39396,I1NBM6
39397,I1NBM7
39398,I1NBM9
39399,I1NBN0
39400,I1NBN1
39401,I1NBN5
39402,I1NBN8
39403,I1NBP3
39404,I1NBP5
39405,I1NBP7
39406,I1NBQ2
39407,I1NBQ4
39408,I1NBQ6
39409,I1NBQ9
39410,I1NBR0
39411,I1NBR5
39412,I1NBR6
39413,I1NBR9
39414,I1NBS1
39415,I1NBS4
39416,I1NBS5
39417,I1NBS6
39418,I1NBS7
39419,I1NBT0
39420,I1NBT2
39421,I1NBT4
39422,I1NBT6
39423,I1NBT8
39424,I1NBU1
39425,I1NBU4
39426,I1NBU5
39427,I1NBU6
39428,I1NBU8
39429,I1NBU9
39430,I1NBV0
39431,I1NBV8
39432,I1NBW2
39433,I1NBW7
39434,I1NBW9
39435,I1NBX1
39436,I1NBX4
39437,I1NBX5
39438,I1NBX9
39439,I1NBY2
39440,I1NBY3
39441,I1NBY4
39442,I1NBY7
39443,I1NBY8
39444,I1NBY9
39445,I1NBZ0
39446,I1NBZ1
39447,I1NBZ3
39448,I1NBZ4
39449,I1NBZ6
39450,I1NBZ7
39451,I1NBZ9
39452,I1NC02
39453,I1NC04
39454,I1NC08
39455,I1NC10
39456,I1NC14
39457,I1NC18
39458,I1NC22
39459,I1NC24
39460,I1NC37
39461,I1NC38
39462,I1NC40
39463,I1NC41
39464,I1NC44
39465,I1NC48
39466,I1NC49
39467,I1NC50
39468,I1NC51
39469,I1NC55
39470,I1NC58
39471,I1NC59
39472,I1NC65
39473,I1NC67
39474,I1NC68
39475,I1NC70
39476,I1NC72
39477,I1NC73
39478,I1NC74
39479,I1NC75
39480,I1NC77
39481,I1NC79
39482,I1NC80
39483,I1NC81
39484,I1NC83
39485,I1NC89
39486,I1NC91
39487,I1NC92
39488,I1NC93
39489,I1NC94
39490,I1NC96
39491,I1NC98
39492,I1NC99
39493,I1NCA0
39494,I1NCA1
39495,I1NCA3
39496,I1NCA4
39497,I1NCA5
39498,I1NCA6
39499,I1NCB1
39500,I1NCB3
39501,I1NCB4
39502,I1NCB5
39503,I1NCB8
39504,I1NCC0
39505,I1NCC9
39506,I1NCD2
39507,I1NCD8
39508,I1NCE1
39509,I1NCE2
39510,I1NCE6
39511,I1NCE9
39512,I1NCF0
39513,I1NCF1
39514,I1NCF2
39515,I1NCF4
39516,I1NCF6
39517,I1NCF7
39518,I1NCF8
39519,I1NCG0
39520,I1NCH0
39521,I1NCH1
39522,I1NCH4
39523,I1NCH8
39524,I1NCI1
39525,I1NCI2
39526,I1NCI3
39527,I1NCI5
39528,I1NCI6
39529,I1NCI8
39530,I1NCI9
39531,I1NCJ2
39532,I1NCJ3
39533,I1NCJ4
39534,I1NCJ5
39535,I1NCK2
39536,I1NCK3
39537,I1NCK6
39538,I1NCK8
39539,I1NCL2
39540,I1NCL4
39541,I1NCL5
39542,I1NCL7
39543,I1NCL8
39544,I1NCL9
39545,I1NCM3
39546,I1NCM4
39547,I1NCM8
39548,I1NCN1
39549,I1NCN7
39550,I1NCN9
39551,I1NCP0
39552,I1NCP1
39553,I1NCP2
39554,I1NCP4
39555,I1NCP5
39556,I1NCP6
39557,I1NCP9
39558,I1NCQ0
39559,I1NCQ1
39560,I1NCQ2
39561,I1NCQ4
39562,I1NCQ6
39563,I1NCR0
39564,I1NCR1
39565,I1NCR2
39566,I1NCR4
39567,I1NCR5
39568,I1NCR6
39569,I1NCS0
39570,I1NCS4
39571,I1NCS8
39572,I1NCS9
39573,I1NCT4
39574,I1NCT6
39575,I1NCT8
39576,I1NCU0
39577,I1NCU2
39578,I1NCU3
39579,I1NCU6
39580,I1NCU7
39581,I1NCV0
39582,I1NCV1
39583,I1NCV2
39584,I1NCV3
39585,I1NCV4
39586,I1NCV5
39587,I1NCV6
39588,I1NCV7
39589,I1NCV9
39590,I1NCW2
39591,I1NCW3
39592,I1NCW9
39593,I1NCX2
39594,I1NCX4
39595,I1NCX5
39596,I1NCX7
39597,I1NCX8
39598,I1NCY1
39599,I1NCY4
39600,I1NCY8
39601,I1NCZ1
39602,I1NCZ4
39603,I1NCZ7
39604,I1NCZ8
39605,I1NCZ9
39606,I1ND00
39607,I1ND03
39608,I1ND04
39609,I1ND06
39610,I1ND08
39611,I1ND10
39612,I1ND11
39613,I1ND14
39614,I1ND16
39615,I1ND18
39616,I1ND21
39617,I1ND22
39618,I1ND23
39619,I1ND24
39620,I1ND26
39621,I1ND31
39622,I1ND32
39623,I1ND33
39624,I1ND35
39625,I1ND40
39626,I1ND41
39627,I1ND42
39628,I1ND43
39629,I1ND44
39630,I1ND45
39631,I1ND46
39632,I1ND48
39633,I1ND49
39634,I1ND50
39635,I1ND52
39636,I1ND53
39637,I1ND56
39638,I1ND59
39639,I1ND62
39640,I1ND63
39641,I1ND65
39642,I1ND66
39643,I1ND67
39644,I1ND68
39645,I1ND69
39646,I1ND71
39647,I1ND72
39648,I1ND75
39649,I1ND77
39650,I1ND82
39651,I1ND84
39652,I1ND86
39653,I1ND90
39654,I1ND92
39655,I1ND95
39656,I1ND97
39657,I1ND98
39658,I1NDA1
39659,I1NDA5
39660,I1NDB4
39661,I1NDB5
39662,I1NDB6
39663,I1NDB8
39664,I1NDC0
39665,I1NDC1
39666,I1NDC6
39667,I1NDC7
39668,I1NDD4
39669,I1NDD7
39670,I1NDE0
39671,I1NDE1
39672,I1NDE2
39673,I1NDE3
39674,I1NDE4
39675,I1NDE6
39676,I1NDE8
39677,I1NDE9
39678,I1NDF2
39679,I1NDF8
39680,I1NDG0
39681,I1NDG2
39682,I1NDG6
39683,I1NDG8
39684,I1NDG9
39685,I1NDH4
39686,I1NDH5
39687,I1NDH8
39688,I1NDI0
39689,I1NDI3
39690,I1NDI4
39691,I1NDJ4
39692,I1NDJ5
39693,I1NDJ8
39694,I1NDJ9
39695,I1NDL1
39696,I1NDL5
39697,I1NDL8
39698,I1NDL9
39699,I1NDM3
39700,I1NDM4
39701,I1NDM7
39702,I1NDM8
39703,I1NDM9
39704,I1NDN0
39705,I1NDN1
39706,I1NDP1
39707,I1NDP8
39708,I1NDQ1
39709,I1NDR0
39710,I1NDS2
39711,I1NDS3
39712,I1NDT2
39713,I1NDT8
39714,I1NDU1
39715,I1NDU7
39716,I1NDV2
39717,I1NDV7
39718,I1NDW4
39719,I1NDW5
39720,I1NDX2
39721,I1NDX3
39722,I1NDX7
39723,I1NDX8
39724,I1NDX9
39725,I1NDY1
39726,I1NDY2
39727,I1NDY4
39728,I1NDY7
39729,I1NDZ2
39730,I1NDZ3
39731,I1NDZ9
39732,I1NE01
39733,I1NE02
39734,I1NE03
39735,I1NE04
39736,I1NE09
39737,I1NE10
39738,I1NE13
39739,I1NE15
39740,I1NE19
39741,I1NE22
39742,I1NE25
39743,I1NE34
39744,I1NE39
39745,I1NE42
39746,I1NE43
39747,I1NE44
39748,I1NE45
39749,I1NE46
39750,I1NE48
39751,I1NE49
39752,I1NE55
39753,I1NE62
39754,I1NE73
39755,I1NE75
39756,I1NE76
39757,I1NE78
39758,I1NE79
39759,I1NE84
39760,I1NE88
39761,I1NE92
39762,I1NE96
39763,I1NE97
39764,I1NE99
39765,I1NEA7
39766,I1NEA8
39767,I1NEA9
39768,I1NEB4
39769,I1NEB8
39770,I1NEC9
39771,I1NED2
39772,I1NED8
39773,I1NEF1
39774,I1NEF7
39775,I1NEG8
39776,I1NEG9
39777,I1NEH3
39778,I1NEH6
39779,I1NEI5
39780,I1NEI7
39781,I1NEJ1
39782,I1NEJ2
39783,I1NEJ3
39784,I1NEJ5
39785,I1NEK1
39786,I1NEK7
39787,I1NEL1
39788,I1NEL3
39789,I1NEL5
39790,I1NEL6
39791,I1NEL7
39792,I1NEL9
39793,I1NEM6
39794,I1NEM7
39795,I1NEN0
39796,I1NEN3
39797,I1NEN5
39798,I1NEN8
39799,I1NEQ0
39800,I1NEQ1
39801,I1NEQ6
39802,I1NER1
39803,I1NER6
39804,I1NES0
39805,I1NES2
39806,I1NES3
39807,I1NES7
39808,I1NES8
39809,I1NET2
39810,I1NET3
39811,I1NET4
39812,I1NEU1
39813,I1NEU2
39814,I1NEU4
39815,I1NEU8
39816,I1NEV1
39817,I1NEV3
39818,I1NEV7
39819,I1NEV9
39820,I1NEW2
39821,I1NEW3
39822,I1NEX3
39823,I1NEX4
39824,I1NEX8
39825,I1NEY0
39826,I1NEY4
39827,I1NEY5
39828,I1NEZ6
39829,I1NEZ7
39830,I1NEZ9
39831,I1NF01
39832,I1NF03
39833,I1NF07
39834,I1NF12
39835,I1NF20
39836,I1NF22
39837,I1NF24
39838,I1NF29
39839,I1NF36
39840,I1NF39
39841,I1NF40
39842,I1NF41
39843,I1NF42
39844,I1NF43
39845,I1NF44
39846,I1NF46
39847,I1NF47
39848,I1NF48
39849,I1NF49
39850,I1NF52
39851,I1NF53
39852,I1NF54
39853,I1NF56
39854,I1NF57
39855,I1NF59
39856,I1NF60
39857,I1NF61
39858,I1NF64
39859,I1NF67
39860,I1NF68
39861,I1NF70
39862,I1NF71
39863,I1NF73
39864,I1NF74
39865,I1NF75
39866,I1NF77
39867,I1NF78
39868,I1NF79
39869,I1NF81
39870,I1NF84
39871,I1NF89
39872,I1NF91
39873,I1NF97
39874,I1NF98
39875,I1NFA5
39876,I1NFA6
39877,I1NFA7
39878,I1NFB0
39879,I1NFB2
39880,I1NFB3
39881,I1NFB9
39882,I1NFC2
39883,I1NFC6
39884,I1NFD1
39885,I1NFD2
39886,I1NFD3
39887,I1NFE1
39888,I1NFE3
39889,I1NFE4
39890,I1NFE8
39891,I1NFE9
39892,I1NFF3
39893,I1NFF5
39894,I1NFF6
39895,I1NFF7
39896,I1NFF9
39897,I1NFG0
39898,I1NFG2
39899,I1NFG6
39900,I1NFG8
39901,I1NFG9
39902,I1NFH1
39903,I1NFH2
39904,I1NFH4
39905,I1NFH7
39906,I1NFI1
39907,I1NFI2
39908,I1NFI4
39909,I1NFI5
39910,I1NFI7
39911,I1NFI8
39912,I1NFI9
39913,I1NFJ1
39914,I1NFJ5
39915,I1NFJ7
39916,I1NFK4
39917,I1NFK5
39918,I1NFK8
39919,I1NFK9
39920,I1NFL0
39921,I1NFL5
39922,I1NFM6
39923,I1NFM8
39924,I1NFN0
39925,I1NFN9
39926,I1NFP1
39927,I1NFP5
39928,I1NFP6
39929,I1NFP8
39930,I1NFP9
39931,I1NFQ2
39932,I1NFQ3
39933,I1NFQ5
39934,I1NFQ6
39935,I1NFQ8
39936,I1NFR2
39937,I1NFR3
39938,I1NFR4
39939,I1NFR8
39940,I1NFR9
39941,I1NFS4
39942,I1NFS6
39943,I1NFS9
39944,I1NFT2
39945,I1NFT3
39946,I1NFT5
39947,I1NFT7
39948,I1NFU0
39949,I1NFU1
39950,I1NFU5
39951,I1NFU7
39952,I1NFU8
39953,I1NFU9
39954,I1NFV2
39955,I1NFV4
39956,I1NFV5
39957,I1NFV7
39958,I1NFV9
39959,I1NFW0
39960,I1NFW3
39961,I1NFW4
39962,I1NFW9
39963,I1NFX0
39964,I1NFX2
39965,I1NFX3
39966,I1NFX4
39967,I1NFX6
39968,I1NFX7
39969,I1NFY0
39970,I1NFY2
39971,I1NFY4
39972,I1NFY5
39973,I1NFY6
39974,I1NFY8
39975,I1NG02
39976,I1NG04
39977,I1NG05
39978,I1NG06
39979,I1NG07
39980,I1NG08
39981,I1NG12
39982,I1NG13
39983,I1NG15
39984,I1NG16
39985,I1NG17
39986,I1NG19
39987,I1NG21
39988,I1NG24
39989,I1NG28
39990,I1NG29
39991,I1NG30
39992,I1NG31
39993,I1NG32
39994,I1NG36
39995,I1NG37
39996,I1NG38
39997,I1NG45
39998,I1NG47
39999,I1NG48
40000,I1NG49
40001,I1NG50
40002,I1NG53
40003,I1NG54
40004,I1NG55
40005,I1NG59
40006,I1NG62
40007,I1NG63
40008,I1NG65
40009,I1NG66
40010,I1NG67
40011,I1NG71
40012,I1NG73
40013,I1NG74
40014,I1NG76
40015,I1NG80
40016,I1NG82
40017,I1NG83
40018,I1NG87
40019,I1NG88
40020,I1NG91
40021,I1NG92
40022,I1NG95
40023,I1NG96
40024,I1NGA4
40025,I1NGA5
40026,I1NGA6
40027,I1NGA7
40028,I1NGA8
40029,I1NGB3
40030,I1NGB4
40031,I1NGB5
40032,I1NGB6
40033,I1NGB7
40034,I1NGC0
40035,I1NGC1
40036,I1NGC2
40037,I1NGC4
40038,I1NGC5
40039,I1NGC7
40040,I1NGD0
40041,I1NGD2
40042,I1NGD4
40043,I1NGE0
40044,I1NGE1
40045,I1NGE4
40046,I1NGF0
40047,I1NGF2
40048,I1NGF6
40049,I1NGF9
40050,I1NGG1
40051,I1NGG2
40052,I1NGG3
40053,I1NGG4
40054,I1NGG7
40055,I1NGG8
40056,I1NGH4
40057,I1NGH5
40058,I1NGH7
40059,I1NGI3
40060,I1NGI6
40061,I1NGJ1
40062,I1NGJ2
40063,I1NGJ4
40064,I1NGJ5
40065,I1NGJ7
40066,I1NGJ8
40067,I1NGK0
40068,I1NGK2
40069,I1NGK8
40070,I1NGL0
40071,I1NGL1
40072,I1NGL2
40073,I1NGL3
40074,I1NGL5
40075,I1NGL6
40076,I1NGL9
40077,I1NGM0
40078,I1NGM2
40079,I1NGM4
40080,I1NGM6
40081,I1NGM8
40082,I1NGN1
40083,I1NGN2
40084,I1NGN3
40085,I1NGN4
40086,I1NGN5
40087,I1NGN8
40088,I1NGN9
40089,I1NGP3
40090,I1NGP4
40091,I1NGP6
40092,I1NGP8
40093,I1NGP9
40094,I1NGQ1
40095,I1NGQ3
40096,I1NGQ5
40097,I1NGQ6
40098,I1NGR1
40099,I1NGR2
40100,I1NGR3
40101,I1NGR6
40102,I1NGR8
40103,I1NGR9
40104,I1NGS1
40105,I1NGS2
40106,I1NGS5
40107,I1NGS9
40108,I1NGT0
40109,I1NGT2
40110,I1NGT6
40111,I1NGT9
40112,I1NGU1
40113,I1NGU4
40114,I1NGU7
40115,I1NGU8
40116,I1NGV6
40117,I1NGV8
40118,I1NGW2
40119,I1NGW3
40120,I1NGW5
40121,I1NGW9
40122,I1NGX0
40123,I1NGX1
40124,I1NGX2
40125,I1NGX3
40126,I1NGX4
40127,I1NGY3
40128,I1NGY4
40129,I1NGY5
40130,I1NGY6
40131,I1NGY7
40132,I1NGY9
40133,I1NGZ0
40134,I1NGZ3
40135,I1NGZ5
40136,I1NGZ9
40137,I1NH00
40138,I1NH01
40139,I1NH02
40140,I1NH07
40141,I1NH14
40142,I1NH15
40143,I1NH16
40144,I1NH20
40145,I1NH22
40146,I1NH23
40147,I1NH25
40148,I1NH32
40149,I1NH37
40150,I1NH38
40151,I1NH41
40152,I1NH45
40153,I1NH47
40154,I1NH48
40155,I1NH52
40156,I1NH56
40157,I1NH57
40158,I1NH59
40159,I1NH60
40160,I1NH63
40161,I1NH68
40162,I1NH69
40163,I1NH70
40164,I1NH73
40165,I1NH75
40166,I1NH77
40167,I1NH79
40168,I1NH80
40169,I1NH81
40170,I1NH84
40171,I1NH88
40172,I1NH92
40173,I1NH94
40174,I1NH95
40175,I1NH96
40176,I1NH97
40177,I1NH98
40178,I1NHA0
40179,I1NHA4
40180,I1NHA9
40181,I1NHB1
40182,I1NHB5
40183,I1NHB7
40184,I1NHC0
40185,I1NHC6
40186,I1NHC9
40187,I1NHD1
40188,I1NHD3
40189,I1NHD5
40190,I1NHD6
40191,I1NHD7
40192,I1NHD8
40193,I1NHE1
40194,I1NHE4
40195,I1NHE6
40196,I1NHE8
40197,I1NHE9
40198,I1NHF2
40199,I1NHF4
40200,I1NHF8
40201,I1NHG1
40202,I1NHG2
40203,I1NHG6
40204,I1NHH0
40205,I1NHH1
40206,I1NHH2
40207,I1NHH3
40208,I1NHH5
40209,I1NHH6
40210,I1NHH8
40211,I1NHH9
40212,I1NHI0
40213,I1NHI2
40214,I1NHI3
40215,I1NHI4
40216,I1NHI5
40217,I1NHI6
40218,I1NHI7
40219,I1NHJ1
40220,I1NHJ3
40221,I1NHJ5
40222,I1NHJ6
40223,I1NHK2
40224,I1NHK3
40225,I1NHK4
40226,I1NHK5
40227,I1NHL3
40228,I1NHL4
40229,I1NHL5
40230,I1NHL6
40231,I1NHL8
40232,I1NHM0
40233,I1NHM2
40234,I1NHM9
40235,I1NHN1
40236,I1NHN2
40237,I1NHN4
40238,I1NHN5
40239,I1NHN6
40240,I1NHN7
40241,I1NHN9
40242,I1NHP0
40243,I1NHP1
40244,I1NHP2
40245,I1NHP3
40246,I1NHQ0
40247,I1NHQ1
40248,I1NHQ3
40249,I1NHQ5
40250,I1NHQ6
40251,I1NHQ7
40252,I1NHQ8
40253,I1NHQ9
40254,I1NHR2
40255,I1NHR3
40256,I1NHR4
40257,I1NHR6
40258,I1NHR7
40259,I1NHS0
40260,I1NHS2
40261,I1NHS3
40262,I1NHS6
40263,I1NHS8
40264,I1NHT4
40265,I1NHT7
40266,I1NHT9
40267,I1NHU2
40268,I1NHU3
40269,I1NHU6
40270,I1NHU7
40271,I1NHU8
40272,I1NHV0
40273,I1NHV1
40274,I1NHV2
40275,I1NHV3
40276,I1NHV6
40277,I1NHW0
40278,I1NHW1
40279,I1NHW3
40280,I1NHW4
40281,I1NHW5
40282,I1NHW6
40283,I1NHX1
40284,I1NHX5
40285,I1NHX9
40286,I1NHY1
40287,I1NHY2
40288,I1NHY3
40289,I1NHY5
40290,I1NHY7
40291,I1NHZ1
40292,I1NHZ3
40293,I1NHZ4
40294,I1NHZ5
40295,I1NI06
40296,I1NI07
40297,I1NI08
40298,I1NI10
40299,I1NI12
40300,I1NI17
40301,I1NI18
40302,I1NI21
40303,I1NI24
40304,I1NI27
40305,I1NI28
40306,I1NI29
40307,I1NI31
40308,I1NI35
40309,I1NI40
40310,I1NI41
40311,I1NI49
40312,I1NI56
40313,I1NI57
40314,I1NI58
40315,I1NI60
40316,I1NI61
40317,I1NI63
40318,I1NI64
40319,I1NI68
40320,I1NI71
40321,I1NI73
40322,I1NI74
40323,I1NI83
40324,I1NI88
40325,I1NI89
40326,I1NI96
40327,I1NI99
40328,I1NIA1
40329,I1NIA4
40330,I1NIA8
40331,I1NIA9
40332,I1NIB0
40333,I1NIB1
40334,I1NIB2
40335,I1NIB4
40336,I1NIB5
40337,I1NIB7
40338,I1NIB9
40339,I1NIC0
40340,I1NIC1
40341,I1NIC2
40342,I1NIC3
40343,I1NIC6
40344,I1NIC7
40345,I1NID0
40346,I1NID2
40347,I1NID3
40348,I1NID5
40349,I1NID6
40350,I1NID7
40351,I1NID8
40352,I1NID9
40353,I1NIE2
40354,I1NIE4
40355,I1NIE5
40356,I1NIE7
40357,I1NIF3
40358,I1NIF5
40359,I1NIG1
40360,I1NIG2
40361,I1NIG5
40362,I1NIG7
40363,I1NIG8
40364,I1NIG9
40365,I1NIH1
40366,I1NIH3
40367,I1NIH4
40368,I1NIH9
40369,I1NII0
40370,I1NII1
40371,I1NII3
40372,I1NII5
40373,I1NII6
40374,I1NII7
40375,I1NII8
40376,I1NIJ2
40377,I1NIJ3
40378,I1NIJ4
40379,I1NIJ5
40380,I1NIJ6
40381,I1NIJ7
40382,I1NIJ9
40383,I1NIK0
40384,I1NIK1
40385,I1NIK3
40386,I1NIK5
40387,I1NIK8
40388,I1NIL0
40389,I1NIL2
40390,I1NIL6
40391,I1NIL8
40392,I1NIM0
40393,I1NIM1
40394,I1NIM2
40395,I1NIM3
40396,I1NIM7
40397,I1NIM8
40398,I1NIN0
40399,I1NIN1
40400,I1NIN5
40401,I1NIN6
40402,I1NIP0
40403,I1NIP2
40404,I1NIP4
40405,I1NIP6
40406,I1NIP8
40407,I1NIQ1
40408,I1NIQ5
40409,I1NIQ7
40410,I1NIQ8
40411,I1NIQ9
40412,I1NIR2
40413,I1NIR4
40414,I1NIR8
40415,I1NIS0
40416,I1NIS2
40417,I1NIS4
40418,I1NIS5
40419,I1NIS9
40420,I1NIT2
40421,I1NIT3
40422,I1NIT4
40423,I1NIT6
40424,I1NIT7
40425,I1NIU0
40426,I1NIU1
40427,I1NIU2
40428,I1NIU6
40429,I1NIU9
40430,I1NIV2
40431,I1NIV3
40432,I1NIV5
40433,I1NIW1
40434,I1NIW7
40435,I1NIW9
40436,I1NIX1
40437,I1NIX5
40438,I1NIX7
40439,I1NIY0
40440,I1NIY1
40441,I1NIY4
40442,I1NIY6
40443,I1NIY9
40444,I1NIZ1
40445,I1NIZ2
40446,I1NIZ5
40447,I1NIZ6
40448,I1NIZ8
40449,I1NJ02
40450,I1NJ06
40451,I1NJ08
40452,I1NJ11
40453,I1NJ17
40454,I1NJ23
40455,I1NJ24
40456,I1NJ25
40457,I1NJ30
40458,I1NJ31
40459,I1NJ35
40460,I1NJ38
40461,I1NJ39
40462,I1NJ40
40463,I1NJ42
40464,I1NJ45
40465,I1NJ46
40466,I1NJ51
40467,I1NJ52
40468,I1NJ53
40469,I1NJ54
40470,I1NJ56
40471,I1NJ57
40472,I1NJ58
40473,I1NJ59
40474,I1NJ60
40475,I1NJ61
40476,I1NJ65
40477,I1NJ66
40478,I1NJ72
40479,I1NJ75
40480,I1NJ77
40481,I1NJ79
40482,I1NJ82
40483,I1NJ83
40484,I1NJ85
40485,I1NJ88
40486,I1NJ89
40487,I1NJ90
40488,I1NJ95
40489,I1NJ98
40490,I1NJA0
40491,I1NJA2
40492,I1NJA3
40493,I1NJA6
40494,I1NJB5
40495,I1NJB7
40496,I1NJB8
40497,I1NJB9
40498,I1NJC0
40499,I1NJC1
40500,I1NJC2
40501,I1NJC6
40502,I1NJC7
40503,I1NJD6
40504,I1NJE0
40505,I1NJE2
40506,I1NJE4
40507,I1NJE7
40508,I1NJE8
40509,I1NJF1
40510,I1NJF3
40511,I1NJF5
40512,I1NJF6
40513,I1NJF9
40514,I7B2Z4
40515,I7BF78
40516,I7BF82
40517,I7FST9
40518,K0H6H6
40519,K7K0P7
40520,K7K0P8
40521,K7K0P9
40522,K7K0Q1
40523,K7K0Q6
40524,K7K0Q7
40525,K7K0R3
40526,K7K0R7
40527,K7K0R9
40528,K7K0S3
40529,K7K0S8
40530,K7K0S9
40531,K7K0T5
40532,K7K0T6
40533,K7K0T8
40534,K7K0T9
40535,K7K0U4
40536,K7K0U5
40537,K7K0U7
40538,K7K0V0
40539,K7K0V4
40540,K7K0V6
40541,K7K0V9
40542,K7K0W0
40543,K7K0W4
40544,K7K0X1
40545,K7K0X8
40546,K7K0Y0
40547,K7K0Y1
40548,K7K0Y6
40549,K7K0Y7
40550,K7K0Z4
40551,K7K0Z5
40552,K7K0Z6
40553,K7K104
40554,K7K105
40555,K7K109
40556,K7K111
40557,K7K112
40558,K7K117
40559,K7K120
40560,K7K122
40561,K7K124
40562,K7K127
40563,K7K128
40564,K7K129
40565,K7K137
40566,K7K148
40567,K7K149
40568,K7K150
40569,K7K151
40570,K7K152
40571,K7K155
40572,K7K156
40573,K7K159
40574,K7K161
40575,K7K163
40576,K7K165
40577,K7K166
40578,K7K168
40579,K7K171
40580,K7K173
40581,K7K174
40582,K7K176
40583,K7K177
40584,K7K178
40585,K7K181
40586,K7K183
40587,K7K196
40588,K7K197
40589,K7K1A1
40590,K7K1A2
40591,K7K1A3
40592,K7K1A6
40593,K7K1A8
40594,K7K1B3
40595,K7K1B5
40596,K7K1B9
40597,K7K1C1
40598,K7K1C2
40599,K7K1C3
40600,K7K1C4
40601,K7K1C5
40602,K7K1C6
40603,K7K1C7
40604,K7K1C8
40605,K7K1C9
40606,K7K1D3
40607,K7K1D6
40608,K7K1E2
40609,K7K1E3
40610,K7K1E6
40611,K7K1E7
40612,K7K1E8
40613,K7K1E9
40614,K7K1F1
40615,K7K1F8
40616,K7K1F9
40617,K7K1G2
40618,K7K1G3
40619,K7K1H0
40620,K7K1H7
40621,K7K1I3
40622,K7K1I4
40623,K7K1J1
40624,K7K1J3
40625,K7K1J4
40626,K7K1J5
40627,K7K1J7
40628,K7K1J9
40629,K7K1K3
40630,K7K1K5
40631,K7K1K6
40632,K7K1K9
40633,K7K1L0
40634,K7K1L1
40635,K7K1L7
40636,K7K1M1
40637,K7K1M2
40638,K7K1M5
40639,K7K1N0
40640,K7K1N3
40641,K7K1N5
40642,K7K1P0
40643,K7K1P3
40644,K7K1P5
40645,K7K1P6
40646,K7K1P7
40647,K7K1P9
40648,K7K1Q1
40649,K7K1Q9
40650,K7K1R2
40651,K7K1S0
40652,K7K1S1
40653,K7K1S8
40654,K7K1T1
40655,K7K1T8
40656,K7K1U1
40657,K7K1U4
40658,K7K1U5
40659,K7K1U6
40660,K7K1U7
40661,K7K1V0
40662,K7K1V2
40663,K7K1V3
40664,K7K1V4
40665,K7K1V5
40666,K7K1V6
40667,K7K1V7
40668,K7K1V8
40669,K7K1V9
40670,K7K1W0
40671,K7K1W1
40672,K7K1W3
40673,K7K1W5
40674,K7K1W6
40675,K7K1W7
40676,K7K1W8
40677,K7K1W9
40678,K7K1X0
40679,K7K1X1
40680,K7K1X2
40681,K7K1X7
40682,K7K1X8
40683,K7K1Y3
40684,K7K1Y7
40685,K7K1Y8
40686,K7K1Z2
40687,K7K1Z3
40688,K7K1Z6
40689,K7K203
40690,K7K204
40691,K7K207
40692,K7K208
40693,K7K210
40694,K7K213
40695,K7K214
40696,K7K217
40697,K7K220
40698,K7K221
40699,K7K222
40700,K7K223
40701,K7K229
40702,K7K232
40703,K7K233
40704,K7K236
40705,K7K238
40706,K7K239
40707,K7K242
40708,K7K251
40709,K7K252
40710,K7K253
40711,K7K254
40712,K7K255
40713,K7K256
40714,K7K259
40715,K7K262
40716,K7K263
40717,K7K264
40718,K7K265
40719,K7K267
40720,K7K268
40721,K7K269
40722,K7K275
40723,K7K277
40724,K7K278
40725,K7K279
40726,K7K280
40727,K7K283
40728,K7K287
40729,K7K291
40730,K7K297
40731,K7K298
40732,K7K299
40733,K7K2A2
40734,K7K2A4
40735,K7K2A6
40736,K7K2A8
40737,K7K2B1
40738,K7K2B3
40739,K7K2B5
40740,K7K2C2
40741,K7K2C3
40742,K7K2C4
40743,K7K2C6
40744,K7K2C8
40745,K7K2D1
40746,K7K2D2
40747,K7K2D5
40748,K7K2D6
40749,K7K2D9
40750,K7K2E0
40751,K7K2E2
40752,K7K2E5
40753,K7K2F1
40754,K7K2F3
40755,K7K2G2
40756,K7K2G4
40757,K7K2G5
40758,K7K2G8
40759,K7K2H0
40760,K7K2H1
40761,K7K2H4
40762,K7K2H6
40763,K7K2H7
40764,K7K2H8
40765,K7K2H9
40766,K7K2I3
40767,K7K2I4
40768,K7K2I9
40769,K7K2J4
40770,K7K2J9
40771,K7K2K1
40772,K7K2K4
40773,K7K2K5
40774,K7K2L0
40775,K7K2L1
40776,K7K2L2
40777,K7K2L4
40778,K7K2L5
40779,K7K2M0
40780,K7K2M1
40781,K7K2M2
40782,K7K2M4
40783,K7K2M5
40784,K7K2M6
40785,K7K2M7
40786,K7K2M8
40787,K7K2M9
40788,K7K2N0
40789,K7K2N4
40790,K7K2N8
40791,K7K2P2
40792,K7K2P6
40793,K7K2Q1
40794,K7K2R1
40795,K7K2R5
40796,K7K2R6
40797,K7K2R7
40798,K7K2R8
40799,K7K2S1
40800,K7K2S4
40801,K7K2S5
40802,K7K2S6
40803,K7K2S7
40804,K7K2S9
40805,K7K2T2
40806,K7K2T3
40807,K7K2T5
40808,K7K2T7
40809,K7K2T8
40810,K7K2T9
40811,K7K2U0
40812,K7K2U4
40813,K7K2U6
40814,K7K2V0
40815,K7K2V1
40816,K7K2V2
40817,K7K2V9
40818,K7K2W0
40819,K7K2W3
40820,K7K2W5
40821,K7K2X0
40822,K7K2X1
40823,K7K2X4
40824,K7K2X5
40825,K7K2X6
40826,K7K2Y4
40827,K7K2Y5
40828,K7K2Y6
40829,K7K2Z1
40830,K7K2Z4
40831,K7K2Z5
40832,K7K2Z7
40833,K7K2Z8
40834,K7K300
40835,K7K303
40836,K7K309
40837,K7K310
40838,K7K312
40839,K7K315
40840,K7K318
40841,K7K319
40842,K7K320
40843,K7K323
40844,K7K326
40845,K7K328
40846,K7K329
40847,K7K333
40848,K7K338
40849,K7K340
40850,K7K341
40851,K7K342
40852,K7K344
40853,K7K345
40854,K7K347
40855,K7K348
40856,K7K355
40857,K7K357
40858,K7K359
40859,K7K360
40860,K7K361
40861,K7K364
40862,K7K368
40863,K7K374
40864,K7K375
40865,K7K376
40866,K7K378
40867,K7K379
40868,K7K380
40869,K7K384
40870,K7K392
40871,K7K393
40872,K7K396
40873,K7K398
40874,K7K399
40875,K7K3A2
40876,K7K3B3
40877,K7K3B8
40878,K7K3C0
40879,K7K3C2
40880,K7K3C4
40881,K7K3C5
40882,K7K3C7
40883,K7K3C8
40884,K7K3D2
40885,K7K3D3
40886,K7K3D6
40887,K7K3D7
40888,K7K3E1
40889,K7K3E3
40890,K7K3E4
40891,K7K3E5
40892,K7K3E8
40893,K7K3E9
40894,K7K3F0
40895,K7K3F1
40896,K7K3F3
40897,K7K3F5
40898,K7K3F6
40899,K7K3F7
40900,K7K3F9
40901,K7K3G0
40902,K7K3G4
40903,K7K3G6
40904,K7K3H1
40905,K7K3H2
40906,K7K3H5
40907,K7K3H6
40908,K7K3H9
40909,K7K3I3
40910,K7K3I6
40911,K7K3I8
40912,K7K3J0
40913,K7K3J4
40914,K7K3J5
40915,K7K3J6
40916,K7K3J9
40917,K7K3K0
40918,K7K3K1
40919,K7K3K2
40920,K7K3K3
40921,K7K3K5
40922,K7K3K9
40923,K7K3L0
40924,K7K3L1
40925,K7K3L2
40926,K7K3L3
40927,K7K3L6
40928,K7K3L9
40929,K7K3M0
40930,K7K3M2
40931,K7K3M5
40932,K7K3M7
40933,K7K3M9
40934,K7K3N0
40935,K7K3N3
40936,K7K3N6
40937,K7K3N7
40938,K7K3N8
40939,K7K3P1
40940,K7K3P3
40941,K7K3P5
40942,K7K3P6
40943,K7K3P7
40944,K7K3P8
40945,K7K3Q0
40946,K7K3Q3
40947,K7K3Q5
40948,K7K3R4
40949,K7K3R6
40950,K7K3R7
40951,K7K3R9
40952,K7K3S3
40953,K7K3S6
40954,K7K3S8
40955,K7K3S9
40956,K7K3T0
40957,K7K3T4
40958,K7K3T5
40959,K7K3T6
40960,K7K3U0
40961,K7K3U1
40962,K7K3U5
40963,K7K3V0
40964,K7K3V1
40965,K7K3V4
40966,K7K3V5
40967,K7K3V6
40968,K7K3V8
40969,K7K3V9
40970,K7K3W2
40971,K7K3W3
40972,K7K3W4
40973,K7K3W5
40974,K7K3W7
40975,K7K3W8
40976,K7K3X0
40977,K7K3X1
40978,K7K3X3
40979,K7K3X6
40980,K7K3X7
40981,K7K3X8
40982,K7K3Y3
40983,K7K3Y4
40984,K7K3Y8
40985,K7K3Y9
40986,K7K3Z1
40987,K7K3Z2
40988,K7K3Z3
40989,K7K3Z4
40990,K7K3Z5
40991,K7K3Z6
40992,K7K3Z9
40993,K7K400
40994,K7K401
40995,K7K403
40996,K7K404
40997,K7K405
40998,K7K406
40999,K7K411
41000,K7K412
41001,K7K413
41002,K7K414
41003,K7K415
41004,K7K416
41005,K7K418
41006,K7K422
41007,K7K423
41008,K7K424
41009,K7K425
41010,K7K429
41011,K7K431
41012,K7K432
41013,K7K434
41014,K7K436
41015,K7K437
41016,K7K439
41017,K7K441
41018,K7K445
41019,K7K447
41020,K7K449
41021,K7K451
41022,K7K454
41023,K7K461
41024,K7K465
41025,K7K469
41026,K7K470
41027,K7K476
41028,K7K478
41029,K7K479
41030,K7K481
41031,K7K483
41032,K7K485
41033,K7K487
41034,K7K488
41035,K7K491
41036,K7K495
41037,K7K496
41038,K7K4A0
41039,K7K4A2
41040,K7K4A3
41041,K7K4A5
41042,K7K4A7
41043,K7K4A9
41044,K7K4B0
41045,K7K4B2
41046,K7K4B8
41047,K7K4C1
41048,K7K4C2
41049,K7K4C3
41050,K7K4C7
41051,K7K4C9
41052,K7K4D1
41053,K7K4D4
41054,K7K4D7
41055,K7K4D8
41056,K7K4E0
41057,K7K4E3
41058,K7K4F2
41059,K7K4F6
41060,K7K4F7
41061,K7K4G2
41062,K7K4G3
41063,K7K4G6
41064,K7K4H0
41065,K7K4H2
41066,K7K4H7
41067,K7K4I0
41068,K7K4I3
41069,K7K4I6
41070,K7K4I8
41071,K7K4I9
41072,K7K4J0
41073,K7K4J2
41074,K7K4J4
41075,K7K4K4
41076,K7K4L2
41077,K7K4L8
41078,K7K4M0
41079,K7K4M1
41080,K7K4M3
41081,K7K4M4
41082,K7K4M6
41083,K7K4N1
41084,K7K4N6
41085,K7K4N7
41086,K7K4P1
41087,K7K4P7
41088,K7K4P9
41089,K7K4Q1
41090,K7K4Q2
41091,K7K4Q5
41092,K7K4Q6
41093,K7K4Q7
41094,K7K4Q9
41095,K7K4R5
41096,K7K4R6
41097,K7K4R9
41098,K7K4S0
41099,K7K4S1
41100,K7K4S3
41101,K7K4S5
41102,K7K4S9
41103,K7K4T0
41104,K7K4T1
41105,K7K4T3
41106,K7K4T4
41107,K7K4T6
41108,K7K4T7
41109,K7K4T8
41110,K7K4U0
41111,K7K4U2
41112,K7K4U5
41113,K7K4U9
41114,K7K4V0
41115,K7K4V1
41116,K7K4V3
41117,K7K4V5
41118,K7K4V7
41119,K7K4V8
41120,K7K4W0
41121,K7K4W3
41122,K7K4W9
41123,K7K4X0
41124,K7K4X1
41125,K7K4X2
41126,K7K4X6
41127,K7K4X7
41128,K7K4Y0
41129,K7K4Y1
41130,K7K4Y5
41131,K7K4Y7
41132,K7K4Y8
41133,K7K4Y9
41134,K7K4Z0
41135,K7K4Z2
41136,K7K4Z6
41137,K7K501
41138,K7K504
41139,K7K509
41140,K7K510
41141,K7K513
41142,K7K516
41143,K7K522
41144,K7K529
41145,K7K532
41146,K7K536
41147,K7K540
41148,K7K541
41149,K7K549
41150,K7K550
41151,K7K552
41152,K7K553
41153,K7K554
41154,K7K556
41155,K7K558
41156,K7K561
41157,K7K564
41158,K7K569
41159,K7K572
41160,K7K577
41161,K7K578
41162,K7K579
41163,K7K581
41164,K7K584
41165,K7K589
41166,K7K592
41167,K7K594
41168,K7K595
41169,K7K598
41170,K7K599
41171,K7K5A6
41172,K7K5A8
41173,K7K5A9
41174,K7K5B2
41175,K7K5B7
41176,K7K5C0
41177,K7K5C1
41178,K7K5C4
41179,K7K5C5
41180,K7K5C7
41181,K7K5D2
41182,K7K5D3
41183,K7K5D6
41184,K7K5E1
41185,K7K5E2
41186,K7K5E4
41187,K7K5E7
41188,K7K5E8
41189,K7K5E9
41190,K7K5F0
41191,K7K5F4
41192,K7K5F6
41193,K7K5G4
41194,K7K5G8
41195,K7K5H0
41196,K7K5H1
41197,K7K5H3
41198,K7K5H8
41199,K7K5I1
41200,K7K5I3
41201,K7K5I6
41202,K7K5I8
41203,K7K5I9
41204,K7K5J0
41205,K7K5J1
41206,K7K5J2
41207,K7K5J5
41208,K7K5J7
41209,K7K5K0
41210,K7K5K7
41211,K7K5K8
41212,K7K5K9
41213,K7K5L0
41214,K7K5L3
41215,K7K5L4
41216,K7K5L6
41217,K7K5M2
41218,K7K5M4
41219,K7K5M5
41220,K7K5M6
41221,K7K5M7
41222,K7K5M8
41223,K7K5N0
41224,K7K5N1
41225,K7K5N2
41226,K7K5N8
41227,K7K5P0
41228,K7K5P1
41229,K7K5P8
41230,K7K5Q4
41231,K7K5Q8
41232,K7K5R0
41233,K7K5R4
41234,K7K5R5
41235,K7K5R7
41236,K7K5S1
41237,K7K5S3
41238,K7K5S4
41239,K7K5S8
41240,K7K5T4
41241,K7K5T6
41242,K7K5T7
41243,K7K5T8
41244,K7K5T9
41245,K7K5U1
41246,K7K5U2
41247,K7K5U4
41248,K7K5U8
41249,K7K5V4
41250,K7K5V7
41251,K7K5V9
41252,K7K5W0
41253,K7K5W2
41254,K7K5W6
41255,K7K5W7
41256,K7K5W8
41257,K7K5X0
41258,K7K5X3
41259,K7K5X4
41260,K7K5X7
41261,K7K5X8
41262,K7K5Y0
41263,K7K5Y1
41264,K7K5Y5
41265,K7K5Y7
41266,K7K5Y9
41267,K7K5Z5
41268,K7K5Z6
41269,K7K600
41270,K7K602
41271,K7K603
41272,K7K605
41273,K7K608
41274,K7K610
41275,K7K612
41276,K7K618
41277,K7K619
41278,K7K621
41279,K7K624
41280,K7K626
41281,K7K627
41282,K7K629
41283,K7K632
41284,K7K633
41285,K7K635
41286,K7K637
41287,K7K638
41288,K7K640
41289,K7K641
41290,K7K644
41291,K7K646
41292,K7K648
41293,K7K652
41294,K7K653
41295,K7K655
41296,K7K656
41297,K7K657
41298,K7K658
41299,K7K659
41300,K7K661
41301,K7K662
41302,K7K663
41303,K7K666
41304,K7K669
41305,K7K671
41306,K7K672
41307,K7K674
41308,K7K676
41309,K7K679
41310,K7K680
41311,K7K681
41312,K7K683
41313,K7K687
41314,K7K691
41315,K7K699
41316,K7K6A2
41317,K7K6B6
41318,K7K6B8
41319,K7K6C0
41320,K7K6C1
41321,K7K6C7
41322,K7K6C8
41323,K7K6D0
41324,K7K6D3
41325,K7K6D4
41326,K7K6D5
41327,K7K6D6
41328,K7K6E0
41329,K7K6E2
41330,K7K6E3
41331,K7K6E4
41332,K7K6E8
41333,K7K6E9
41334,K7K6F3
41335,K7K6F7
41336,K7K6F9
41337,K7K6G0
41338,K7K6G1
41339,K7K6G6
41340,K7K6G8
41341,K7K6G9
41342,K7K6H0
41343,K7K6H1
41344,K7K6H2
41345,K7K6H4
41346,K7K6H9
41347,K7K6I0
41348,K7K6I1
41349,K7K6I7
41350,K7K6I8
41351,K7K6I9
41352,K7K6J0
41353,K7K6J2
41354,K7K6J6
41355,K7K6J7
41356,K7K6J9
41357,K7K6K0
41358,K7K6K2
41359,K7K6K8
41360,K7K6L1
41361,K7K6L2
41362,K7K6L6
41363,K7K6L8
41364,K7K6L9
41365,K7K6M1
41366,K7K6M2
41367,K7K6M9
41368,K7K6N3
41369,K7K6N5
41370,K7K6N9
41371,K7K6P1
41372,K7K6P9
41373,K7K6Q4
41374,K7K6Q6
41375,K7K6Q7
41376,K7K6Q9
41377,K7K6R2
41378,K7K6R3
41379,K7K6R4
41380,K7K6R8
41381,K7K6R9
41382,K7K6S1
41383,K7K6S4
41384,K7K6S5
41385,K7K6T0
41386,K7K6T2
41387,K7K6T3
41388,K7K6T7
41389,K7K6T8
41390,K7K6U6
41391,K7K6U9
41392,K7K6V1
41393,K7K6V4
41394,K7K6V5
41395,K7K6V8
41396,K7K6W1
41397,K7K6W3
41398,K7K6W4
41399,K7K6Y2
41400,K7K6Y3
41401,K7K6Y4
41402,K7K6Y5
41403,K7K6Y6
41404,K7K6Y8
41405,K7K6Z0
41406,K7K6Z1
41407,K7K6Z2
41408,K7K6Z5
41409,K7K6Z6
41410,K7K6Z7
41411,K7K701
41412,K7K702
41413,K7K704
41414,K7K705
41415,K7K710
41416,K7K712
41417,K7K715
41418,K7K717
41419,K7K719
41420,K7K721
41421,K7K724
41422,K7K725
41423,K7K730
41424,K7K732
41425,K7K734
41426,K7K735
41427,K7K736
41428,K7K739
41429,K7K740
41430,K7K742
41431,K7K747
41432,K7K748
41433,K7K749
41434,K7K750
41435,K7K751
41436,K7K753
41437,K7K757
41438,K7K760
41439,K7K762
41440,K7K766
41441,K7K767
41442,K7K770
41443,K7K771
41444,K7K772
41445,K7K780
41446,K7K782
41447,K7K790
41448,K7K792
41449,K7K794
41450,K7K799
41451,K7K7A2
41452,K7K7A3
41453,K7K7A9
41454,K7K7B2
41455,K7K7B3
41456,K7K7B4
41457,K7K7B7
41458,K7K7B8
41459,K7K7B9
41460,K7K7C1
41461,K7K7C7
41462,K7K7D2
41463,K7K7D3
41464,K7K7D5
41465,K7K7D7
41466,K7K7E2
41467,K7K7E3
41468,K7K7E4
41469,K7K7E9
41470,K7K7F4
41471,K7K7F6
41472,K7K7F8
41473,K7K7G0
41474,K7K7G1
41475,K7K7G4
41476,K7K7G7
41477,K7K7G8
41478,K7K7G9
41479,K7K7H0
41480,K7K7H5
41481,K7K7H6
41482,K7K7H7
41483,K7K7H8
41484,K7K7H9
41485,K7K7I2
41486,K7K7I9
41487,K7K7J0
41488,K7K7J1
41489,K7K7J4
41490,K7K7J6
41491,K7K7J7
41492,K7K7J9
41493,K7K7K0
41494,K7K7K2
41495,K7K7K6
41496,K7K7L0
41497,K7K7L3
41498,K7K7L4
41499,K7K7M0
41500,K7K7M1
41501,K7K7M3
41502,K7K7N7
41503,K7K7N8
41504,K7K7N9
41505,K7K7P1
41506,K7K7P2
41507,K7K7Q0
41508,K7K7Q1
41509,K7K7Q4
41510,K7K7Q7
41511,K7K7Q8
41512,K7K7S0
41513,K7K7S2
41514,K7K7S4
41515,K7K7S5
41516,K7K7T2
41517,K7K7T4
41518,K7K7T6
41519,K7K7T8
41520,K7K7U2
41521,K7K7U5
41522,K7K7U6
41523,K7K7U9
41524,K7K7V1
41525,K7K7V3
41526,K7K7V7
41527,K7K7W0
41528,K7K7W1
41529,K7K7W3
41530,K7K7W5
41531,K7K7W6
41532,K7K7W7
41533,K7K7W8
41534,K7K7X1
41535,K7K7X2
41536,K7K7X9
41537,K7K7Y0
41538,K7K7Y4
41539,K7K7Z0
41540,K7K7Z1
41541,K7K7Z2
41542,K7K7Z3
41543,K7K7Z4
41544,K7K7Z6
41545,K7K7Z7
41546,K7K801
41547,K7K802
41548,K7K803
41549,K7K806
41550,K7K808
41551,K7K811
41552,K7K812
41553,K7K815
41554,K7K817
41555,K7K823
41556,K7K829
41557,K7K830
41558,K7K831
41559,K7K835
41560,K7K836
41561,K7K840
41562,K7K841
41563,K7K845
41564,K7K849
41565,K7K850
41566,K7K855
41567,K7K856
41568,K7K857
41569,K7K858
41570,K7K859
41571,K7K881
41572,K7K890
41573,K7K893
41574,K7K894
41575,K7K898
41576,K7K8A1
41577,K7K8A8
41578,K7K8A9
41579,K7K8B0
41580,K7K8B1
41581,K7K8B2
41582,K7K8B5
41583,K7K8B6
41584,K7K8C0
41585,K7K8C3
41586,K7K8C5
41587,K7K8C8
41588,K7K8D0
41589,K7K8D4
41590,K7K8D7
41591,K7K8D8
41592,K7K8E5
41593,K7K8E7
41594,K7K8F0
41595,K7K8F1
41596,K7K8F2
41597,K7K8F7
41598,K7K8F8
41599,K7K8G9
41600,K7K8H0
41601,K7K8H5
41602,K7K8H6
41603,K7K8I2
41604,K7K8I3
41605,K7K8I7
41606,K7K8I9
41607,K7K8J1
41608,K7K8J3
41609,K7K8J4
41610,K7K8J6
41611,K7K8J8
41612,K7K8J9
41613,K7K8K0
41614,K7K8K2
41615,K7K8K7
41616,K7K8K8
41617,K7K8L0
41618,K7K8M3
41619,K7K8M9
41620,K7K8N1
41621,K7K8N2
41622,K7K8N3
41623,K7K8N5
41624,K7K8N7
41625,K7K8N8
41626,K7K8P0
41627,K7K8P1
41628,K7K8P2
41629,K7K8P4
41630,K7K8Q2
41631,K7K8Q4
41632,K7K8R2
41633,K7K8R3
41634,K7K8R9
41635,K7K8S0
41636,K7K8S1
41637,K7K8S5
41638,K7K8S9
41639,K7K8T0
41640,K7K8T1
41641,K7K8T4
41642,K7K8T5
41643,K7K8T6
41644,K7K8T8
41645,K7K8T9
41646,K7K8U2
41647,K7K8U3
41648,K7K8U4
41649,K7K8U5
41650,K7K8U8
41651,K7K8V1
41652,K7K8V2
41653,K7K8V3
41654,K7K8V7
41655,K7K8W2
41656,K7K8W7
41657,K7K8W8
41658,K7K8W9
41659,K7K8X0
41660,K7K8X1
41661,K7K8X3
41662,K7K8X6
41663,K7K8X8
41664,K7K8X9
41665,K7K8Y0
41666,K7K8Y5
41667,K7K8Y6
41668,K7K8Y9
41669,K7K8Z0
41670,K7K8Z6
41671,K7K8Z8
41672,K7K8Z9
41673,K7K901
41674,K7K902
41675,K7K904
41676,K7K909
41677,K7K910
41678,K7K912
41679,K7K916
41680,K7K918
41681,K7K920
41682,K7K921
41683,K7K924
41684,K7K939
41685,K7K942
41686,K7K944
41687,K7K947
41688,K7K948
41689,K7K952
41690,K7K958
41691,K7K959
41692,K7K960
41693,K7K961
41694,K7K965
41695,K7K966
41696,K7K967
41697,K7K972
41698,K7K974
41699,K7K978
41700,K7K981
41701,K7K988
41702,K7K989
41703,K7K997
41704,K7K998
41705,K7K9A4
41706,K7K9A9
41707,K7K9B1
41708,K7K9B2
41709,K7K9C1
41710,K7K9C2
41711,K7K9C3
41712,K7K9C7
41713,K7K9D0
41714,K7K9D1
41715,K7K9D2
41716,K7K9D3
41717,K7K9D6
41718,K7K9D9
41719,K7K9E0
41720,K7K9E1
41721,K7K9E7
41722,K7K9E9
41723,K7K9F0
41724,K7K9F1
41725,K7K9F2
41726,K7K9F4
41727,K7K9F6
41728,K7K9F9
41729,K7K9G1
41730,K7K9G3
41731,K7K9G6
41732,K7K9H9
41733,K7K9I1
41734,K7K9I2
41735,K7K9I5
41736,K7K9I6
41737,K7K9I7
41738,K7K9I8
41739,K7K9I9
41740,K7K9J1
41741,K7K9J3
41742,K7K9J4
41743,K7K9J5
41744,K7K9J6
41745,K7K9J7
41746,K7K9K0
41747,K7K9K2
41748,K7K9K6
41749,K7K9K8
41750,K7K9L0
41751,K7K9L1
41752,K7K9L3
41753,K7K9L4
41754,K7K9M0
41755,K7K9M5
41756,K7K9M8
41757,K7K9N1
41758,K7K9N3
41759,K7K9N4
41760,K7K9N8
41761,K7K9N9
41762,K7K9P0
41763,K7K9P1
41764,K7K9P2
41765,K7K9P4
41766,K7K9P6
41767,K7K9Q0
41768,K7K9Q2
41769,K7K9Q4
41770,K7K9Q7
41771,K7K9Q8
41772,K7K9R1
41773,K7K9R3
41774,K7K9R5
41775,K7K9R8
41776,K7K9R9
41777,K7K9S4
41778,K7K9S5
41779,K7K9S6
41780,K7K9S7
41781,K7K9S8
41782,K7K9T4
41783,K7K9T5
41784,K7K9T6
41785,K7K9T8
41786,K7K9U0
41787,K7K9U2
41788,K7K9U6
41789,K7K9U8
41790,K7K9V2
41791,K7K9V3
41792,K7K9V4
41793,K7K9V5
41794,K7K9V6
41795,K7K9V7
41796,K7K9V8
41797,K7K9V9
41798,K7K9W0
41799,K7K9W1
41800,K7K9W4
41801,K7K9W6
41802,K7K9W8
41803,K7K9W9
41804,K7K9X0
41805,K7K9X7
41806,K7K9X8
41807,K7K9Y0
41808,K7K9Y1
41809,K7K9Y2
41810,K7K9Y5
41811,K7K9Y7
41812,K7K9Y9
41813,K7K9Z4
41814,K7K9Z9
41815,K7KA01
41816,K7KA11
41817,K7KA14
41818,K7KA20
41819,K7KA24
41820,K7KA26
41821,K7KA31
41822,K7KA35
41823,K7KA41
41824,K7KA43
41825,K7KA44
41826,K7KA50
41827,K7KA51
41828,K7KA56
41829,K7KA57
41830,K7KA59
41831,K7KA60
41832,K7KA61
41833,K7KA62
41834,K7KA63
41835,K7KA64
41836,K7KA65
41837,K7KA66
41838,K7KA67
41839,K7KA69
41840,K7KA70
41841,K7KA71
41842,K7KA73
41843,K7KA75
41844,K7KA77
41845,K7KA78
41846,K7KA80
41847,K7KA83
41848,K7KA85
41849,K7KA89
41850,K7KA92
41851,K7KA95
41852,K7KA96
41853,K7KAA0
41854,K7KAA2
41855,K7KAA3
41856,K7KAA7
41857,K7KAA8
41858,K7KAB0
41859,K7KAB1
41860,K7KAB4
41861,K7KAB5
41862,K7KAB7
41863,K7KAC4
41864,K7KAC6
41865,K7KAC9
41866,K7KAD5
41867,K7KAE3
41868,K7KAE5
41869,K7KAF2
41870,K7KAF5
41871,K7KAF6
41872,K7KAF7
41873,K7KAF9
41874,K7KAH0
41875,K7KAH3
41876,K7KAH6
41877,K7KAI1
41878,K7KAI3
41879,K7KAI4
41880,K7KAI5
41881,K7KAI6
41882,K7KAI9
41883,K7KAJ4
41884,K7KAJ6
41885,K7KAK3
41886,K7KAK4
41887,K7KAK5
41888,K7KAK7
41889,K7KAK8
41890,K7KAL2
41891,K7KAL3
41892,K7KAL4
41893,K7KAL6
41894,K7KAL8
41895,K7KAM0
41896,K7KAM3
41897,K7KAM4
41898,K7KAM6
41899,K7KAM8
41900,K7KAN0
41901,K7KAN2
41902,K7KAN3
41903,K7KAN4
41904,K7KAN7
41905,K7KAP1
41906,K7KAP2
41907,K7KAP3
41908,K7KAP4
41909,K7KAP5
41910,K7KAP8
41911,K7KAQ4
41912,K7KAQ5
41913,K7KAQ8
41914,K7KAR0
41915,K7KAR1
41916,K7KAR3
41917,K7KAR4
41918,K7KAR5
41919,K7KAR6
41920,K7KAS3
41921,K7KAS4
41922,K7KAT3
41923,K7KAT4
41924,K7KAT6
41925,K7KAT7
41926,K7KAT8
41927,K7KAU0
41928,K7KAU1
41929,K7KAU4
41930,K7KAU5
41931,K7KAU7
41932,K7KAV4
41933,K7KAV9
41934,K7KAW3
41935,K7KAW4
41936,K7KAW5
41937,K7KAW7
41938,K7KAW8
41939,K7KAX0
41940,K7KAX3
41941,K7KAY9
41942,K7KAZ1
41943,K7KAZ2
41944,K7KAZ3
41945,K7KAZ6
41946,K7KAZ7
41947,K7KAZ9
41948,K7KB01
41949,K7KB07
41950,K7KB08
41951,K7KB09
41952,K7KB10
41953,K7KB13
41954,K7KB14
41955,K7KB20
41956,K7KB23
41957,K7KB27
41958,K7KB29
41959,K7KB30
41960,K7KB31
41961,K7KB36
41962,K7KB43
41963,K7KB46
41964,K7KB50
41965,K7KB51
41966,K7KB52
41967,K7KB53
41968,K7KB55
41969,K7KB61
41970,K7KB71
41971,K7KB73
41972,K7KB77
41973,K7KB80
41974,K7KB82
41975,K7KB84
41976,K7KB85
41977,K7KB86
41978,K7KB88
41979,K7KB94
41980,K7KB97
41981,K7KB99
41982,K7KBA0
41983,K7KBA4
41984,K7KBA7
41985,K7KBA8
41986,K7KBA9
41987,K7KBB0
41988,K7KBB1
41989,K7KBB2
41990,K7KBB4
41991,K7KBB9
41992,K7KBC1
41993,K7KBC4
41994,K7KBC5
41995,K7KBC6
41996,K7KBC7
41997,K7KBC8
41998,K7KBD4
41999,K7KBD6
42000,K7KBD7
42001,K7KBE3
42002,K7KBE5
42003,K7KBE6
42004,K7KBF1
42005,K7KBG3
42006,K7KBG4
42007,K7KBG7
42008,K7KBG8
42009,K7KBH0
42010,K7KBH1
42011,K7KBH6
42012,K7KBH8
42013,K7KBI0
42014,K7KBI1
42015,K7KBJ0
42016,K7KBJ8
42017,K7KBK1
42018,K7KBK7
42019,K7KBK8
42020,K7KBL6
42021,K7KBL9
42022,K7KBM2
42023,K7KBM3
42024,K7KBM6
42025,K7KBM7
42026,K7KBM8
42027,K7KBM9
42028,K7KBN3
42029,K7KBN6
42030,K7KBN8
42031,K7KBQ2
42032,K7KBQ4
42033,K7KBQ7
42034,K7KBQ8
42035,K7KBR0
42036,K7KBR1
42037,K7KBR6
42038,K7KBS3
42039,K7KBS7
42040,K7KBT2
42041,K7KBT3
42042,K7KBT4
42043,K7KBT7
42044,K7KBT8
42045,K7KBU0
42046,K7KBU7
42047,K7KBU8
42048,K7KBV1
42049,K7KBV7
42050,K7KBV8
42051,K7KBV9
42052,K7KBW0
42053,K7KBW2
42054,K7KBW3
42055,K7KBW4
42056,K7KBX2
42057,K7KBX4
42058,K7KBX5
42059,K7KBY0
42060,K7KBZ1
42061,K7KBZ4
42062,K7KBZ6
42063,K7KC04
42064,K7KC17
42065,K7KC18
42066,K7KC19
42067,K7KC20
42068,K7KC24
42069,K7KC26
42070,K7KC30
42071,K7KC32
42072,K7KC33
42073,K7KC35
42074,K7KC38
42075,K7KC40
42076,K7KC47
42077,K7KC48
42078,K7KC49
42079,K7KC52
42080,K7KC58
42081,K7KC60
42082,K7KC61
42083,K7KC62
42084,K7KC65
42085,K7KC66
42086,K7KC67
42087,K7KC70
42088,K7KC75
42089,K7KC77
42090,K7KC78
42091,K7KC80
42092,K7KC87
42093,K7KC89
42094,K7KC90
42095,K7KC91
42096,K7KC92
42097,K7KC99
42098,K7KCA0
42099,K7KCA2
42100,K7KCA4
42101,K7KCA5
42102,K7KCA7
42103,K7KCA8
42104,K7KCB4
42105,K7KCB5
42106,K7KCB6
42107,K7KCB8
42108,K7KCB9
42109,K7KCC2
42110,K7KCC4
42111,K7KCD1
42112,K7KCD2
42113,K7KCD5
42114,K7KCD6
42115,K7KCD7
42116,K7KCD8
42117,K7KCD9
42118,K7KCE4
42119,K7KCE6
42120,K7KCF1
42121,K7KCF2
42122,K7KCF3
42123,K7KCF6
42124,K7KCG5
42125,K7KCH0
42126,K7KCI9
42127,K7KCJ1
42128,K7KCJ2
42129,K7KCJ7
42130,K7KCK3
42131,K7KCK4
42132,K7KCK8
42133,K7KCL0
42134,K7KCL3
42135,K7KCL4
42136,K7KCL9
42137,K7KCM0
42138,K7KCM7
42139,K7KCM9
42140,K7KCN0
42141,K7KCN2
42142,K7KCN4
42143,K7KCN6
42144,K7KCN7
42145,K7KCP0
42146,K7KCP2
42147,K7KCP4
42148,K7KCP9
42149,K7KCQ3
42150,K7KCQ4
42151,K7KCQ7
42152,K7KCQ8
42153,K7KCR0
42154,K7KCR1
42155,K7KCR2
42156,K7KCR3
42157,K7KCR4
42158,K7KCR5
42159,K7KCS2
42160,K7KCS4
42161,K7KCS6
42162,K7KCS7
42163,K7KCT1
42164,K7KCT4
42165,K7KCT9
42166,K7KCU2
42167,K7KCU6
42168,K7KCU9
42169,K7KCV1
42170,K7KCV3
42171,K7KCX0
42172,K7KCX4
42173,K7KCX9
42174,K7KCY0
42175,K7KCY1
42176,K7KCY5
42177,K7KCY6
42178,K7KCY7
42179,K7KCY9
42180,K7KCZ0
42181,K7KCZ5
42182,K7KCZ9
42183,K7KD03
42184,K7KD05
42185,K7KD06
42186,K7KD08
42187,K7KD10
42188,K7KD12
42189,K7KD19
42190,K7KD30
42191,K7KD33
42192,K7KD35
42193,K7KD37
42194,K7KD42
42195,K7KD44
42196,K7KD46
42197,K7KD53
42198,K7KD54
42199,K7KD57
42200,K7KD65
42201,K7KD67
42202,K7KD68
42203,K7KD70
42204,K7KD73
42205,K7KD74
42206,K7KD77
42207,K7KD84
42208,K7KD85
42209,K7KD86
42210,K7KD89
42211,K7KD94
42212,K7KD95
42213,K7KD96
42214,K7KD97
42215,K7KDA2
42216,K7KDA4
42217,K7KDA5
42218,K7KDA7
42219,K7KDA9
42220,K7KDB1
42221,K7KDB3
42222,K7KDB4
42223,K7KDB5
42224,K7KDB6
42225,K7KDC2
42226,K7KDC5
42227,K7KDD2
42228,K7KDD8
42229,K7KDE2
42230,K7KDE6
42231,K7KDF0
42232,K7KDF4
42233,K7KDF6
42234,K7KDF9
42235,K7KDG0
42236,K7KDG8
42237,K7KDG9
42238,K7KDH1
42239,K7KDH4
42240,K7KDH6
42241,K7KDH7
42242,K7KDI0
42243,K7KDI1
42244,K7KDI2
42245,K7KDI5
42246,K7KDI6
42247,K7KDJ6
42248,K7KDJ9
42249,K7KDK0
42250,K7KDK2
42251,K7KDK4
42252,K7KDK5
42253,K7KDK8
42254,K7KDL1
42255,K7KDL4
42256,K7KDL6
42257,K7KDL8
42258,K7KDM1
42259,K7KDM2
42260,K7KDM6
42261,K7KDM7
42262,K7KDN6
42263,K7KDN8
42264,K7KDP0
42265,K7KDP3
42266,K7KDP4
42267,K7KDQ4
42268,K7KDQ5
42269,K7KDQ7
42270,K7KDQ8
42271,K7KDQ9
42272,K7KDR6
42273,K7KDR8
42274,K7KDR9
42275,K7KDS1
42276,K7KDS3
42277,K7KDS4
42278,K7KDS5
42279,K7KDT4
42280,K7KDT8
42281,K7KDT9
42282,K7KDU1
42283,K7KDU2
42284,K7KDU3
42285,K7KDU8
42286,K7KDU9
42287,K7KDV0
42288,K7KDV2
42289,K7KDV3
42290,K7KDV4
42291,K7KDW0
42292,K7KDW3
42293,K7KDW5
42294,K7KDW9
42295,K7KDX0
42296,K7KDX2
42297,K7KDX3
42298,K7KDX4
42299,K7KDX6
42300,K7KDX7
42301,K7KDY0
42302,K7KDY2
42303,K7KDY4
42304,K7KDY5
42305,K7KDY6
42306,K7KDY8
42307,K7KDZ0
42308,K7KDZ3
42309,K7KDZ5
42310,K7KDZ7
42311,K7KDZ8
42312,K7KE01
42313,K7KE03
42314,K7KE07
42315,K7KE09
42316,K7KE10
42317,K7KE14
42318,K7KE15
42319,K7KE16
42320,K7KE18
42321,K7KE20
42322,K7KE22
42323,K7KE27
42324,K7KE29
42325,K7KE30
42326,K7KE31
42327,K7KE32
42328,K7KE36
42329,K7KE43
42330,K7KE55
42331,K7KE64
42332,K7KE65
42333,K7KE66
42334,K7KE67
42335,K7KE78
42336,K7KE80
42337,K7KE81
42338,K7KE84
42339,K7KE85
42340,K7KE91
42341,K7KE92
42342,K7KE95
42343,K7KE98
42344,K7KEA0
42345,K7KEA1
42346,K7KEA2
42347,K7KEA6
42348,K7KEB0
42349,K7KEB1
42350,K7KEB2
42351,K7KEB3
42352,K7KEB5
42353,K7KEC4
42354,K7KED0
42355,K7KED5
42356,K7KED7
42357,K7KED9
42358,K7KEE1
42359,K7KEE2
42360,K7KEE9
42361,K7KEF0
42362,K7KEF3
42363,K7KEF5
42364,K7KEF7
42365,K7KEG2
42366,K7KEG3
42367,K7KEG4
42368,K7KEG5
42369,K7KEG6
42370,K7KEG8
42371,K7KEH2
42372,K7KEH3
42373,K7KEH4
42374,K7KEH7
42375,K7KEH9
42376,K7KEI0
42377,K7KEI7
42378,K7KEI8
42379,K7KEJ1
42380,K7KEJ5
42381,K7KEJ7
42382,K7KEK3
42383,K7KEK6
42384,K7KEK8
42385,K7KEK9
42386,K7KEL0
42387,K7KEL5
42388,K7KEL7
42389,K7KEL8
42390,K7KEM0
42391,K7KEM3
42392,K7KEM5
42393,K7KEM6
42394,K7KEM7
42395,K7KEM9
42396,K7KEN1
42397,K7KEN4
42398,K7KEN6
42399,K7KEN9
42400,K7KEP0
42401,K7KEP2
42402,K7KEP4
42403,K7KEP5
42404,K7KEQ0
42405,K7KEQ2
42406,K7KEQ3
42407,K7KEQ6
42408,K7KEQ9
42409,K7KER0
42410,K7KER1
42411,K7KER2
42412,K7KER3
42413,K7KER4
42414,K7KER6
42415,K7KER8
42416,K7KER9
42417,K7KES0
42418,K7KES1
42419,K7KES3
42420,K7KES6
42421,K7KES8
42422,K7KES9
42423,K7KET9
42424,K7KEU6
42425,K7KEU8
42426,K7KEU9
42427,K7KEV0
42428,K7KEV1
42429,K7KEV4
42430,K7KEV6
42431,K7KEW0
42432,K7KEW2
42433,K7KEW3
42434,K7KEW4
42435,K7KEW6
42436,K7KEW7
42437,K7KEX2
42438,K7KEX9
42439,K7KEY3
42440,K7KEY7
42441,K7KEZ0
42442,K7KEZ4
42443,K7KEZ6
42444,K7KEZ7
42445,K7KEZ8
42446,K7KEZ9
42447,K7KF09
42448,K7KF15
42449,K7KF17
42450,K7KF19
42451,K7KF30
42452,K7KF31
42453,K7KF34
42454,K7KF36
42455,K7KF37
42456,K7KF38
42457,K7KF39
42458,K7KF40
42459,K7KF45
42460,K7KF47
42461,K7KF48
42462,K7KF49
42463,K7KF51
42464,K7KF57
42465,K7KF59
42466,K7KF62
42467,K7KF72
42468,K7KF79
42469,K7KF81
42470,K7KF83
42471,K7KF86
42472,K7KF87
42473,K7KF91
42474,K7KF92
42475,K7KF95
42476,K7KF96
42477,K7KF98
42478,K7KF99
42479,K7KFA1
42480,K7KFA4
42481,K7KFA5
42482,K7KFA9
42483,K7KFB1
42484,K7KFB4
42485,K7KFB6
42486,K7KFC0
42487,K7KFC2
42488,K7KFC9
42489,K7KFD7
42490,K7KFE0
42491,K7KFE4
42492,K7KFE6
42493,K7KFE8
42494,K7KFE9
42495,K7KFF0
42496,K7KFF2
42497,K7KFF3
42498,K7KFG0
42499,K7KFG4
42500,K7KFG6
42501,K7KFH1
42502,K7KFH3
42503,K7KFI4
42504,K7KFI5
42505,K7KFI6
42506,K7KFI8
42507,K7KFI9
42508,K7KFJ3
42509,K7KFJ6
42510,K7KFK3
42511,K7KFK6
42512,K7KFL0
42513,K7KFL3
42514,K7KFL5
42515,K7KFL8
42516,K7KFM1
42517,K7KFM6
42518,K7KFN0
42519,K7KFN5
42520,K7KFN7
42521,K7KFP5
42522,K7KFP9
42523,K7KFQ1
42524,K7KFQ5
42525,K7KFQ7
42526,K7KFQ9
42527,K7KFR0
42528,K7KFR4
42529,K7KFR6
42530,K7KFS0
42531,K7KFS2
42532,K7KFS4
42533,K7KFS5
42534,K7KFS6
42535,K7KFS8
42536,K7KFT2
42537,K7KFT7
42538,K7KFT8
42539,K7KFT9
42540,K7KFU1
42541,K7KFU2
42542,K7KFU3
42543,K7KFU8
42544,K7KFV1
42545,K7KFV5
42546,K7KFV7
42547,K7KFV8
42548,K7KFV9
42549,K7KFW0
42550,K7KFW2
42551,K7KFW7
42552,K7KFX7
42553,K7KFX8
42554,K7KFY3
42555,K7KFY5
42556,K7KFY9
42557,K7KFZ1
42558,K7KFZ2
42559,K7KFZ4
42560,K7KFZ7
42561,K7KFZ8
42562,K7KFZ9
42563,K7KG04
42564,K7KG05
42565,K7KG06
42566,K7KG14
42567,K7KG15
42568,K7KG28
42569,K7KG31
42570,K7KG32
42571,K7KG36
42572,K7KG37
42573,K7KG45
42574,K7KG46
42575,K7KG48
42576,K7KG49
42577,K7KG54
42578,K7KG55
42579,K7KG56
42580,K7KG63
42581,K7KG66
42582,K7KG67
42583,K7KG70
42584,K7KG72
42585,K7KG73
42586,K7KG76
42587,K7KG79
42588,K7KG80
42589,K7KG81
42590,K7KG82
42591,K7KG89
42592,K7KG90
42593,K7KG92
42594,K7KG93
42595,K7KG94
42596,K7KG97
42597,K7KG98
42598,K7KGA4
42599,K7KGA8
42600,K7KGA9
42601,K7KGB2
42602,K7KGB3
42603,K7KGB5
42604,K7KGC1
42605,K7KGC2
42606,K7KGC4
42607,K7KGC5
42608,K7KGC6
42609,K7KGC7
42610,K7KGD1
42611,K7KGD3
42612,K7KGD4
42613,K7KGD5
42614,K7KGD6
42615,K7KGE2
42616,K7KGE3
42617,K7KGE4
42618,K7KGE8
42619,K7KGE9
42620,K7KGF2
42621,K7KGF4
42622,K7KGG2
42623,K7KGG5
42624,K7KGG6
42625,K7KGG8
42626,K7KGG9
42627,K7KGH2
42628,K7KGH6
42629,K7KGH7
42630,K7KGH8
42631,K7KGH9
42632,K7KGI4
42633,K7KGI6
42634,K7KGI9
42635,K7KGJ4
42636,K7KGJ5
42637,K7KGJ7
42638,K7KGJ8
42639,K7KGJ9
42640,K7KGK0
42641,K7KGK3
42642,K7KGK5
42643,K7KGK6
42644,K7KGK8
42645,K7KGK9
42646,K7KGL0
42647,K7KGM0
42648,K7KGM1
42649,K7KGM3
42650,K7KGM5
42651,K7KGM8
42652,K7KGM9
42653,K7KGN3
42654,K7KGN6
42655,K7KGP2
42656,K7KGP3
42657,K7KGP4
42658,K7KGP9
42659,K7KGQ0
42660,K7KGQ8
42661,K7KGR3
42662,K7KGR4
42663,K7KGR6
42664,K7KGR8
42665,K7KGT0
42666,K7KGT3
42667,K7KGT5
42668,K7KGU0
42669,K7KGU2
42670,K7KGU9
42671,K7KGV0
42672,K7KGV1
42673,K7KGV2
42674,K7KGV5
42675,K7KGW0
42676,K7KGW1
42677,K7KGX2
42678,K7KGX8
42679,K7KGX9
42680,K7KGY1
42681,K7KGY2
42682,K7KGY4
42683,K7KGY8
42684,K7KGY9
42685,K7KGZ1
42686,K7KGZ2
42687,K7KGZ3
42688,K7KGZ6
42689,K7KH10
42690,K7KH11
42691,K7KH13
42692,K7KH15
42693,K7KH16
42694,K7KH23
42695,K7KH30
42696,K7KH33
42697,K7KH34
42698,K7KH35
42699,K7KH36
42700,K7KH37
42701,K7KH38
42702,K7KH41
42703,K7KH42
42704,K7KH49
42705,K7KH51
42706,K7KH53
42707,K7KH54
42708,K7KH55
42709,K7KH56
42710,K7KH59
42711,K7KH61
42712,K7KH64
42713,K7KH69
42714,K7KH72
42715,K7KH74
42716,K7KH75
42717,K7KH82
42718,K7KH84
42719,K7KH86
42720,K7KH88
42721,K7KH89
42722,K7KH90
42723,K7KH93
42724,K7KH95
42725,K7KH98
42726,K7KHA0
42727,K7KHA1
42728,K7KHB2
42729,K7KHB3
42730,K7KHB7
42731,K7KHB8
42732,K7KHC2
42733,K7KHD4
42734,K7KHD7
42735,K7KHD8
42736,K7KHE0
42737,K7KHE1
42738,K7KHE5
42739,K7KHF0
42740,K7KHF2
42741,K7KHF4
42742,K7KHF8
42743,K7KHF9
42744,K7KHG0
42745,K7KHG1
42746,K7KHG2
42747,K7KHG3
42748,K7KHG4
42749,K7KHH1
42750,K7KHH5
42751,K7KHH8
42752,K7KHH9
42753,K7KHI1
42754,K7KHI2
42755,K7KHI4
42756,K7KHI6
42757,K7KHI7
42758,K7KHI9
42759,K7KHJ0
42760,K7KHJ1
42761,K7KHJ7
42762,K7KHJ8
42763,K7KHK0
42764,K7KHK3
42765,K7KHL0
42766,K7KHL1
42767,K7KHL2
42768,K7KHM0
42769,K7KHM1
42770,K7KHM3
42771,K7KHM4
42772,K7KHM7
42773,K7KHN0
42774,K7KHN1
42775,K7KHN2
42776,K7KHN6
42777,K7KHN9
42778,K7KHP0
42779,K7KHP1
42780,K7KHP7
42781,K7KHP9
42782,K7KHQ5
42783,K7KHQ9
42784,K7KHR2
42785,K7KHR5
42786,K7KHR6
42787,K7KHS2
42788,K7KHS5
42789,K7KHS6
42790,K7KHS9
42791,K7KHT1
42792,K7KHT2
42793,K7KHT4
42794,K7KHT7
42795,K7KHT8
42796,K7KHU1
42797,K7KHU5
42798,K7KHU7
42799,K7KHU8
42800,K7KHU9
42801,K7KHV2
42802,K7KHV4
42803,K7KHV6
42804,K7KHV7
42805,K7KHV9
42806,K7KHW0
42807,K7KHW1
42808,K7KHW2
42809,K7KHW3
42810,K7KHW4
42811,K7KHW5
42812,K7KHW6
42813,K7KHX0
42814,K7KHX5
42815,K7KHX7
42816,K7KHX9
42817,K7KHY1
42818,K7KHY2
42819,K7KHY4
42820,K7KHY6
42821,K7KHY8
42822,K7KHZ0
42823,K7KHZ8
42824,K7KHZ9
42825,K7KI04
42826,K7KI06
42827,K7KI07
42828,K7KI10
42829,K7KI11
42830,K7KI14
42831,K7KI15
42832,K7KI18
42833,K7KI21
42834,K7KI24
42835,K7KI25
42836,K7KI26
42837,K7KI27
42838,K7KI29
42839,K7KI31
42840,K7KI33
42841,K7KI34
42842,K7KI39
42843,K7KI43
42844,K7KI44
42845,K7KI45
42846,K7KI50
42847,K7KI51
42848,K7KI54
42849,K7KI56
42850,K7KI57
42851,K7KI61
42852,K7KI62
42853,K7KI69
42854,K7KI73
42855,K7KI74
42856,K7KI82
42857,K7KI83
42858,K7KI88
42859,K7KI89
42860,K7KI90
42861,K7KI92
42862,K7KI93
42863,K7KI94
42864,K7KI96
42865,K7KI98
42866,K7KI99
42867,K7KIA4
42868,K7KIB3
42869,K7KIB4
42870,K7KIB6
42871,K7KIB7
42872,K7KIB8
42873,K7KIC0
42874,K7KIC1
42875,K7KIC2
42876,K7KIC3
42877,K7KIC4
42878,K7KIC5
42879,K7KIC7
42880,K7KIC8
42881,K7KID3
42882,K7KID5
42883,K7KID7
42884,K7KIE0
42885,K7KIE2
42886,K7KIE6
42887,K7KIF0
42888,K7KIF9
42889,K7KIG1
42890,K7KIG2
42891,K7KIG4
42892,K7KIG5
42893,K7KIG6
42894,K7KIG7
42895,K7KIG8
42896,K7KIH0
42897,K7KIH3
42898,K7KIH7
42899,K7KIJ3
42900,K7KIJ6
42901,K7KIK5
42902,K7KIL1
42903,K7KIL3
42904,K7KIL5
42905,K7KIL7
42906,K7KIL9
42907,K7KIM2
42908,K7KIM4
42909,K7KIM5
42910,K7KIM6
42911,K7KIM7
42912,K7KIM9
42913,K7KIN2
42914,K7KIN4
42915,K7KIN5
42916,K7KIP0
42917,K7KIP3
42918,K7KIP4
42919,K7KIP5
42920,K7KIQ1
42921,K7KIQ8
42922,K7KIR4
42923,K7KIR6
42924,K7KIR9
42925,K7KIS2
42926,K7KIS3
42927,K7KIS5
42928,K7KIT3
42929,K7KIT9
42930,K7KIU1
42931,K7KIU3
42932,K7KIU8
42933,K7KIV2
42934,K7KIV5
42935,K7KIV6
42936,K7KIV7
42937,K7KIV9
42938,K7KIW2
42939,K7KIW4
42940,K7KIW5
42941,K7KIW6
42942,K7KIW8
42943,K7KIX3
42944,K7KIX4
42945,K7KIX5
42946,K7KIX6
42947,K7KIX7
42948,K7KIX8
42949,K7KIY0
42950,K7KIY1
42951,K7KIY2
42952,K7KIY4
42953,K7KIY8
42954,K7KIZ3
42955,K7KIZ5
42956,K7KIZ6
42957,K7KIZ9
42958,K7KJ02
42959,K7KJ03
42960,K7KJ04
42961,K7KJ05
42962,K7KJ07
42963,K7KJ12
42964,K7KJ14
42965,K7KJ16
42966,K7KJ17
42967,K7KJ18
42968,K7KJ19
42969,K7KJ21
42970,K7KJ30
42971,K7KJ35
42972,K7KJ48
42973,K7KJ53
42974,K7KJ54
42975,K7KJ55
42976,K7KJ64
42977,K7KJ67
42978,K7KJ69
42979,K7KJ74
42980,K7KJ76
42981,K7KJ78
42982,K7KJ79
42983,K7KJ80
42984,K7KJ81
42985,K7KJ86
42986,K7KJ88
42987,K7KJ89
42988,K7KJ92
42989,K7KJ93
42990,K7KJ95
42991,K7KJ99
42992,K7KJA2
42993,K7KJA9
42994,K7KJB0
42995,K7KJB1
42996,K7KJB2
42997,K7KJB7
42998,K7KJC0
42999,K7KJC1
43000,K7KJC5
43001,K7KJC7
43002,K7KJC8
43003,K7KJC9
43004,K7KJD0
43005,K7KJD1
43006,K7KJD2
43007,K7KJD6
43008,K7KJD7
43009,K7KJE2
43010,K7KJE4
43011,K7KJE9
43012,K7KJF3
43013,K7KJF6
43014,K7KJF8
43015,K7KJG3
43016,K7KJG4
43017,K7KJG5
43018,K7KJG8
43019,K7KJG9
43020,K7KJH2
43021,K7KJH4
43022,K7KJH6
43023,K7KJH7
43024,K7KJI0
43025,K7KJI1
43026,K7KJI3
43027,K7KJI5
43028,K7KJI6
43029,K7KJJ0
43030,K7KJJ4
43031,K7KJK2
43032,K7KJK4
43033,K7KJK7
43034,K7KJK8
43035,K7KJL1
43036,K7KJL2
43037,K7KJL3
43038,K7KJL4
43039,K7KJL5
43040,K7KJL7
43041,K7KJM2
43042,K7KJM4
43043,K7KJM5
43044,K7KJM6
43045,K7KJN0
43046,K7KJN4
43047,K7KJN7
43048,K7KJN8
43049,K7KJP3
43050,K7KJP4
43051,K7KJP5
43052,K7KJP7
43053,K7KJQ2
43054,K7KJQ6
43055,K7KJR3
43056,K7KJR6
43057,K7KJR9
43058,K7KJS1
43059,K7KJS2
43060,K7KJS4
43061,K7KJS7
43062,K7KJT5
43063,K7KJT7
43064,K7KJT9
43065,K7KJU1
43066,K7KJU3
43067,K7KJU5
43068,K7KJU9
43069,K7KJV0
43070,K7KJV1
43071,K7KJV3
43072,K7KJV7
43073,K7KJV9
43074,K7KJW2
43075,K7KJW4
43076,K7KJW6
43077,K7KJW7
43078,K7KJW8
43079,K7KJX2
43080,K7KJX5
43081,K7KJX7
43082,K7KJY0
43083,K7KJY1
43084,K7KJY3
43085,K7KJY4
43086,K7KJY6
43087,K7KJY7
43088,K7KJZ1
43089,K7KJZ2
43090,K7KJZ3
43091,K7KJZ6
43092,K7KK00
43093,K7KK02
43094,K7KK03
43095,K7KK10
43096,K7KK13
43097,K7KK16
43098,K7KK17
43099,K7KK18
43100,K7KK20
43101,K7KK22
43102,K7KK23
43103,K7KK24
43104,K7KK28
43105,K7KK30
43106,K7KK31
43107,K7KK33
43108,K7KK37
43109,K7KK38
43110,K7KK42
43111,K7KK43
43112,K7KK45
43113,K7KK47
43114,K7KK49
43115,K7KK50
43116,K7KK52
43117,K7KK54
43118,K7KK55
43119,K7KK57
43120,K7KK60
43121,K7KK61
43122,K7KK62
43123,K7KK71
43124,K7KK72
43125,K7KK73
43126,K7KK74
43127,K7KK80
43128,K7KK83
43129,K7KK86
43130,K7KK87
43131,K7KK88
43132,K7KK89
43133,K7KK90
43134,K7KK93
43135,K7KK96
43136,K7KKA0
43137,K7KKA2
43138,K7KKA5
43139,K7KKA6
43140,K7KKA8
43141,K7KKA9
43142,K7KKB2
43143,K7KKB5
43144,K7KKB6
43145,K7KKB9
43146,K7KKC0
43147,K7KKC1
43148,K7KKC8
43149,K7KKC9
43150,K7KKD3
43151,K7KKD5
43152,K7KKD7
43153,K7KKD9
43154,K7KKE0
43155,K7KKE1
43156,K7KKE2
43157,K7KKE3
43158,K7KKE4
43159,K7KKE5
43160,K7KKE6
43161,K7KKE8
43162,K7KKF9
43163,K7KKG3
43164,K7KKG4
43165,K7KKG7
43166,K7KKG8
43167,K7KKH4
43168,K7KKH8
43169,K7KKH9
43170,K7KKI4
43171,K7KKI5
43172,K7KKI7
43173,K7KKI8
43174,K7KKJ0
43175,K7KKJ3
43176,K7KKJ4
43177,K7KKJ7
43178,K7KKK0
43179,K7KKK1
43180,K7KKK3
43181,K7KKK6
43182,K7KKK7
43183,K7KKL2
43184,K7KKL3
43185,K7KKL9
43186,K7KKM3
43187,K7KKM8
43188,K7KKM9
43189,K7KKN1
43190,K7KKN2
43191,K7KKN9
43192,K7KKP0
43193,K7KKP1
43194,K7KKP2
43195,K7KKP5
43196,K7KKP7
43197,K7KKQ0
43198,K7KKQ1
43199,K7KKQ3
43200,K7KKQ6
43201,K7KKQ7
43202,K7KKR1
43203,K7KKR2
43204,K7KKR4
43205,K7KKR5
43206,K7KKR8
43207,K7KKS2
43208,K7KKS3
43209,K7KKS7
43210,K7KKS8
43211,K7KKT1
43212,K7KKT2
43213,K7KKT3
43214,K7KKT7
43215,K7KKU0
43216,K7KKU2
43217,K7KKU3
43218,K7KKV1
43219,K7KKV2
43220,K7KKV3
43221,K7KKV7
43222,K7KKW1
43223,K7KKW4
43224,K7KKW5
43225,K7KKW6
43226,K7KKW7
43227,K7KKX3
43228,K7KKX5
43229,K7KKY0
43230,K7KKY2
43231,K7KKY3
43232,K7KKY5
43233,K7KKY7
43234,K7KKZ0
43235,K7KKZ1
43236,K7KKZ2
43237,K7KKZ9
43238,K7KL00
43239,K7KL05
43240,K7KL10
43241,K7KL15
43242,K7KL18
43243,K7KL20
43244,K7KL24
43245,K7KL28
43246,K7KL29
43247,K7KL40
43248,K7KL42
43249,K7KL46
43250,K7KL51
43251,K7KL53
43252,K7KL57
43253,K7KL60
43254,K7KL62
43255,K7KL66
43256,K7KL68
43257,K7KL73
43258,K7KL76
43259,K7KL77
43260,K7KL80
43261,K7KL81
43262,K7KL84
43263,K7KL92
43264,K7KL97
43265,K7KLA0
43266,K7KLA6
43267,K7KLB0
43268,K7KLB2
43269,K7KLB3
43270,K7KLB4
43271,K7KLB5
43272,K7KLB7
43273,K7KLB9
43274,K7KLC0
43275,K7KLC1
43276,K7KLC5
43277,K7KLC7
43278,K7KLC8
43279,K7KLD0
43280,K7KLD3
43281,K7KLD7
43282,K7KLD8
43283,K7KLE0
43284,K7KLE4
43285,K7KLE5
43286,K7KLE6
43287,K7KLE8
43288,K7KLF0
43289,K7KLF1
43290,K7KLF2
43291,K7KLF6
43292,K7KLF7
43293,K7KLF8
43294,K7KLG0
43295,K7KLG1
43296,K7KLG6
43297,K7KLG8
43298,K7KLH2
43299,K7KLH4
43300,K7KLH5
43301,K7KLH6
43302,K7KLI1
43303,K7KLI3
43304,K7KLI5
43305,K7KLI7
43306,K7KLI8
43307,K7KLJ4
43308,K7KLJ6
43309,K7KLJ8
43310,K7KLJ9
43311,K7KLK2
43312,K7KLK3
43313,K7KLK6
43314,K7KLK9
43315,K7KLL1
43316,K7KLL7
43317,K7KLL9
43318,K7KLM1
43319,K7KLM4
43320,K7KLM7
43321,K7KLN1
43322,K7KLN3
43323,K7KLN8
43324,K7KLP0
43325,K7KLP3
43326,K7KLP6
43327,K7KLP9
43328,K7KLQ1
43329,K7KLQ5
43330,K7KLQ7
43331,K7KLR2
43332,K7KLR4
43333,K7KLR5
43334,K7KLR7
43335,K7KLR8
43336,K7KLR9
43337,K7KLS1
43338,K7KLT0
43339,K7KLT3
43340,K7KLU0
43341,K7KLU1
43342,K7KLU2
43343,K7KLU3
43344,K7KLU6
43345,K7KLV1
43346,K7KLV4
43347,K7KLV5
43348,K7KLV7
43349,K7KLW5
43350,K7KLW7
43351,K7KLW8
43352,K7KLX1
43353,K7KLX6
43354,K7KLX9
43355,K7KLY1
43356,K7KLY3
43357,K7KLZ1
43358,K7KLZ2
43359,K7KLZ5
43360,K7KLZ7
43361,K7KLZ8
43362,K7KLZ9
43363,K7KM02
43364,K7KM14
43365,K7KM24
43366,K7KM27
43367,K7KM28
43368,K7KM31
43369,K7KM32
43370,K7KM33
43371,K7KM36
43372,K7KM38
43373,K7KM40
43374,K7KM46
43375,K7KM48
43376,K7KM49
43377,K7KM50
43378,K7KM51
43379,K7KM52
43380,K7KM53
43381,K7KM54
43382,K7KM56
43383,K7KM58
43384,K7KM59
43385,K7KM60
43386,K7KM69
43387,K7KM71
43388,K7KM72
43389,K7KM74
43390,K7KM75
43391,K7KM76
43392,K7KM79
43393,K7KM81
43394,K7KM85
43395,K7KM87
43396,K7KM88
43397,K7KM90
43398,K7KM91
43399,K7KM92
43400,K7KM93
43401,K7KM97
43402,K7KMB3
43403,K7KMB5
43404,K7KMD0
43405,K7KMD1
43406,K7KMD9
43407,K7KME0
43408,K7KME4
43409,K7KME7
43410,K7KME8
43411,K7KME9
43412,K7KMF1
43413,K7KMF2
43414,K7KMF4
43415,K7KMF6
43416,K7KMG0
43417,K7KMG4
43418,K7KMG7
43419,K7KMH0
43420,K7KMH1
43421,K7KMH2
43422,K7KMH7
43423,K7KMH8
43424,K7KMI1
43425,K7KMI5
43426,K7KMI7
43427,K7KMI8
43428,K7KMJ0
43429,K7KMJ1
43430,K7KMJ2
43431,K7KMJ3
43432,K7KMJ7
43433,K7KMJ8
43434,K7KMK0
43435,K7KML0
43436,K7KML2
43437,K7KML5
43438,K7KML7
43439,K7KMM0
43440,K7KMM5
43441,K7KMM6
43442,K7KMM7
43443,K7KMM8
43444,K7KMN0
43445,K7KMN1
43446,K7KMN6
43447,K7KMN8
43448,K7KMP0
43449,K7KMP2
43450,K7KMP3
43451,K7KMP5
43452,K7KMP6
43453,K7KMP7
43454,K7KMP8
43455,K7KMP9
43456,K7KMQ1
43457,K7KMQ3
43458,K7KMQ4
43459,K7KMQ7
43460,K7KMQ8
43461,K7KMR2
43462,K7KMR3
43463,K7KMR4
43464,K7KMR5
43465,K7KMR6
43466,K7KMR7
43467,K7KMS0
43468,K7KMS4
43469,K7KMS8
43470,K7KMT2
43471,K7KMT4
43472,K7KMT5
43473,K7KMT6
43474,K7KMT9
43475,K7KMU0
43476,K7KMU1
43477,K7KMU2
43478,K7KMU6
43479,K7KMU9
43480,K7KMV3
43481,K7KMV4
43482,K7KMV5
43483,K7KMV6
43484,K7KMW0
43485,K7KMW2
43486,K7KMW3
43487,K7KMX3
43488,K7KMX4
43489,K7KMY2
43490,K7KMY4
43491,K7KMZ0
43492,K7KMZ3
43493,K7KN02
43494,K7KN04
43495,K7KN06
43496,K7KN08
43497,K7KN09
43498,K7KN11
43499,K7KN13
43500,K7KN17
43501,K7KN18
43502,K7KN19
43503,K7KN21
43504,K7KN22
43505,K7KN24
43506,K7KN29
43507,K7KN36
43508,K7KN38
43509,K7KN39
43510,K7KN42
43511,K7KN46
43512,K7KN47
43513,K7KN56
43514,K7KN57
43515,K7KN61
43516,K7KN68
43517,K7KN69
43518,K7KN72
43519,K7KN75
43520,K7KN79
43521,K7KN80
43522,K7KN81
43523,K7KN83
43524,K7KN84
43525,K7KN88
43526,K7KN92
43527,K7KN93
43528,K7KN97
43529,K7KNA1
43530,K7KNA2
43531,K7KNA7
43532,K7KNB2
43533,K7KNB5
43534,K7KNB6
43535,K7KNC0
43536,K7KNC3
43537,K7KNC5
43538,K7KNC7
43539,K7KNC8
43540,K7KND2
43541,K7KND5
43542,K7KND8
43543,K7KNE0
43544,K7KNE1
43545,K7KNE2
43546,K7KNE5
43547,K7KNE6
43548,K7KNF4
43549,K7KNF6
43550,K7KNF8
43551,K7KNG2
43552,K7KNG4
43553,K7KNG5
43554,K7KNG7
43555,K7KNH0
43556,K7KNH3
43557,K7KNH4
43558,K7KNH6
43559,K7KNH9
43560,K7KNI7
43561,K7KNI8
43562,K7KNJ4
43563,K7KNJ6
43564,K7KNJ8
43565,K7KNK2
43566,K7KNK3
43567,K7KNK6
43568,K7KNL9
43569,K7KNM0
43570,K7KNM1
43571,K7KNM2
43572,K7KNN7
43573,K7KNN9
43574,K7KNP2
43575,K7KNP4
43576,K7KNP7
43577,K7KNP9
43578,K7KNQ5
43579,K7KNQ7
43580,K7KNQ8
43581,K7KNR2
43582,K7KNR3
43583,K7KNR8
43584,K7KNS1
43585,K7KNS4
43586,K7KNS6
43587,K7KNS7
43588,K7KNS8
43589,K7KNS9
43590,K7KNT0
43591,K7KNT1
43592,K7KNT2
43593,K7KNT4
43594,K7KNT7
43595,K7KNT9
43596,K7KNU3
43597,K7KNU4
43598,K7KNV1
43599,K7KNV2
43600,K7KNV3
43601,K7KNV5
43602,K7KNV6
43603,K7KNV7
43604,K7KNV9
43605,K7KNW0
43606,K7KNW1
43607,K7KNW5
43608,K7KNX8
43609,K7KNY1
43610,K7KNY2
43611,K7KNY4
43612,K7KP00
43613,K7KP02
43614,K7KP05
43615,K7KP07
43616,K7KP08
43617,K7KP13
43618,K7KP15
43619,K7KP16
43620,K7KP18
43621,K7KP21
43622,K7KP22
43623,K7KP23
43624,K7KP25
43625,K7KP30
43626,K7KP32
43627,K7KP33
43628,K7KP41
43629,K7KP42
43630,K7KP43
43631,K7KP47
43632,K7KP50
43633,K7KP51
43634,K7KP52
43635,K7KP54
43636,K7KP56
43637,K7KP57
43638,K7KP60
43639,K7KP61
43640,K7KP63
43641,K7KP64
43642,K7KP66
43643,K7KP67
43644,K7KP68
43645,K7KP70
43646,K7KP71
43647,K7KP72
43648,K7KP76
43649,K7KP82
43650,K7KP85
43651,K7KP86
43652,K7KP87
43653,K7KP88
43654,K7KP92
43655,K7KP94
43656,K7KP96
43657,K7KP97
43658,K7KP98
43659,K7KPA2
43660,K7KPA6
43661,K7KPA8
43662,K7KPB5
43663,K7KPC0
43664,K7KPC3
43665,K7KPC4
43666,K7KPC6
43667,K7KPC7
43668,K7KPC8
43669,K7KPD2
43670,K7KPD3
43671,K7KPE5
43672,K7KPF0
43673,K7KPF4
43674,K7KPF6
43675,K7KPG1
43676,K7KPG2
43677,K7KPG7
43678,K7KPG8
43679,K7KPG9
43680,K7KPH9
43681,K7KPI0
43682,K7KPI2
43683,K7KPI3
43684,K7KPI8
43685,K7KPJ1
43686,K7KPJ4
43687,K7KPK2
43688,K7KPK3
43689,K7KPK5
43690,K7KPK7
43691,K7KPK9
43692,K7KPL0
43693,K7KPL1
43694,K7KPL7
43695,K7KPL9
43696,K7KPM0
43697,K7KPM1
43698,K7KPM4
43699,K7KPM5
43700,K7KPM7
43701,K7KPN1
43702,K7KPN2
43703,K7KPN3
43704,K7KPN5
43705,K7KPN6
43706,K7KPN7
43707,K7KPP2
43708,K7KPP3
43709,K7KPP5
43710,K7KPP6
43711,K7KPQ4
43712,K7KPQ5
43713,K7KPQ6
43714,K7KPQ8
43715,K7KPR3
43716,K7KPR4
43717,K7KPR5
43718,K7KPR7
43719,K7KPS2
43720,K7KPS5
43721,K7KPS7
43722,K7KPT0
43723,K7KPT1
43724,K7KPT2
43725,K7KPT5
43726,K7KPT8
43727,K7KPT9
43728,K7KPU3
43729,K7KPU4
43730,K7KPU7
43731,K7KPU9
43732,K7KPV0
43733,K7KPV1
43734,K7KPV4
43735,K7KPV5
43736,K7KPV8
43737,K7KPW1
43738,K7KPW3
43739,K7KPW5
43740,K7KPW7
43741,K7KPW8
43742,K7KPW9
43743,K7KPX0
43744,K7KPX1
43745,K7KPX3
43746,K7KPX4
43747,K7KPY1
43748,K7KPY2
43749,K7KPY3
43750,K7KPY5
43751,K7KPY6
43752,K7KPY8
43753,K7KPY9
43754,K7KPZ4
43755,K7KPZ6
43756,K7KPZ9
43757,K7KQ02
43758,K7KQ03
43759,K7KQ04
43760,K7KQ05
43761,K7KQ10
43762,K7KQ12
43763,K7KQ23
43764,K7KQ31
43765,K7KQ32
43766,K7KQ35
43767,K7KQ40
43768,K7KQ42
43769,K7KQ43
43770,K7KQ45
43771,K7KQ51
43772,K7KQ53
43773,K7KQ58
43774,K7KQ62
43775,K7KQ67
43776,K7KQ69
43777,K7KQ72
43778,K7KQ74
43779,K7KQ79
43780,K7KQ80
43781,K7KQ83
43782,K7KQ91
43783,K7KQ93
43784,K7KQ95
43785,K7KQ99
43786,K7KQA4
43787,K7KQA6
43788,K7KQA9
43789,K7KQB4
43790,K7KQB7
43791,K7KQC0
43792,K7KQC5
43793,K7KQC7
43794,K7KQD3
43795,K7KQE1
43796,K7KQE4
43797,K7KQE5
43798,K7KQE7
43799,K7KQE9
43800,K7KQF2
43801,K7KQF6
43802,K7KQF7
43803,K7KQF8
43804,K7KQG0
43805,K7KQG2
43806,K7KQG5
43807,K7KQG6
43808,K7KQH6
43809,K7KQH9
43810,K7KQI1
43811,K7KQI5
43812,K7KQI6
43813,K7KQI7
43814,K7KQI8
43815,K7KQI9
43816,K7KQJ1
43817,K7KQJ4
43818,K7KQJ6
43819,K7KQJ9
43820,K7KQK0
43821,K7KQK2
43822,K7KQK3
43823,K7KQK4
43824,K7KQK5
43825,K7KQK6
43826,K7KQK7
43827,K7KQL8
43828,K7KQM3
43829,K7KQM7
43830,K7KQM8
43831,K7KQM9
43832,K7KQN1
43833,K7KQN3
43834,K7KQN4
43835,K7KQN8
43836,K7KQN9
43837,K7KQP0
43838,K7KQP3
43839,K7KQQ0
43840,K7KQQ1
43841,K7KQQ3
43842,K7KQR0
43843,K7KQR2
43844,K7KQS0
43845,K7KQS2
43846,K7KQS4
43847,K7KQS5
43848,K7KQT1
43849,K7KQT2
43850,K7KQT4
43851,K7KQT7
43852,K7KQT9
43853,K7KQU0
43854,K7KQU4
43855,K7KQU6
43856,K7KQU7
43857,K7KQU9
43858,K7KQV6
43859,K7KQW0
43860,K7KQW5
43861,K7KQW6
43862,K7KQW7
43863,K7KQW8
43864,K7KQX0
43865,K7KQX1
43866,K7KQX3
43867,K7KQX4
43868,K7KQX8
43869,K7KQX9
43870,K7KQY0
43871,K7KQY1
43872,K7KQY3
43873,K7KQY5
43874,K7KQY8
43875,K7KQZ0
43876,K7KQZ5
43877,K7KQZ6
43878,K7KQZ8
43879,K7KR00
43880,K7KR05
43881,K7KR09
43882,K7KR10
43883,K7KR11
43884,K7KR13
43885,K7KR19
43886,K7KR21
43887,K7KR28
43888,K7KR30
43889,K7KR36
43890,K7KR37
43891,K7KR40
43892,K7KR41
43893,K7KR42
43894,K7KR43
43895,K7KR49
43896,K7KR51
43897,K7KR52
43898,K7KR54
43899,K7KR55
43900,K7KR56
43901,K7KR58
43902,K7KR59
43903,K7KR60
43904,K7KR61
43905,K7KR67
43906,K7KR68
43907,K7KR69
43908,K7KR70
43909,K7KR75
43910,K7KR77
43911,K7KR79
43912,K7KR80
43913,K7KR83
43914,K7KR86
43915,K7KR89
43916,K7KR93
43917,K7KR95
43918,K7KRA2
43919,K7KRA4
43920,K7KRA5
43921,K7KRA7
43922,K7KRB4
43923,K7KRB7
43924,K7KRB9
43925,K7KRC6
43926,K7KRC8
43927,K7KRD0
43928,K7KRD7
43929,K7KRD9
43930,K7KRE3
43931,K7KRE6
43932,K7KRE7
43933,K7KRE9
43934,K7KRF0
43935,K7KRF2
43936,K7KRF3
43937,K7KRF4
43938,K7KRF6
43939,K7KRG4
43940,K7KRG6
43941,K7KRG7
43942,K7KRG9
43943,K7KRH0
43944,K7KRH5
43945,K7KRH7
43946,K7KRH8
43947,K7KRI8
43948,K7KRJ2
43949,K7KRJ6
43950,K7KRJ8
43951,K7KRK2
43952,K7KRK5
43953,K7KRK6
43954,K7KRK8
43955,K7KRL4
43956,K7KRM1
43957,K7KRM2
43958,K7KRM5
43959,K7KRM8
43960,K7KRM9
43961,K7KRN0
43962,K7KRN1
43963,K7KRN4
43964,K7KRN5
43965,K7KRN7
43966,K7KRP8
43967,K7KRQ1
43968,K7KRQ3
43969,K7KRQ4
43970,K7KRQ7
43971,K7KRQ9
43972,K7KRR1
43973,K7KRR2
43974,K7KRR4
43975,K7KRR5
43976,K7KRR6
43977,K7KRR7
43978,K7KRR9
43979,K7KRS3
43980,K7KRS4
43981,K7KRS6
43982,K7KRS8
43983,K7KRT6
43984,K7KRT8
43985,K7KRT9
43986,K7KRU5
43987,K7KRU8
43988,K7KRV4
43989,K7KRV5
43990,K7KRV7
43991,K7KRV8
43992,K7KRW1
43993,K7KRW8
43994,K7KRX3
43995,K7KRX4
43996,K7KRX6
43997,K7KRY3
43998,K7KRY9
43999,K7KRZ4
44000,K7KRZ6
44001,K7KRZ7
44002,K7KRZ8
44003,K7KRZ9
44004,K7KS04
44005,K7KS06
44006,K7KS10
44007,K7KS12
44008,K7KS13
44009,K7KS19
44010,K7KS20
44011,K7KS27
44012,K7KS32
44013,K7KS34
44014,K7KS35
44015,K7KS40
44016,K7KS41
44017,K7KS48
44018,K7KS56
44019,K7KS65
44020,K7KS67
44021,K7KS68
44022,K7KS72
44023,K7KS74
44024,K7KS78
44025,K7KS83
44026,K7KS86
44027,K7KS91
44028,K7KS94
44029,K7KS98
44030,K7KSA2
44031,K7KSA3
44032,K7KSA7
44033,K7KSB1
44034,K7KSB2
44035,K7KSB4
44036,K7KSB5
44037,K7KSB7
44038,K7KSC2
44039,K7KSC3
44040,K7KSC4
44041,K7KSC5
44042,K7KSC7
44043,K7KSD2
44044,K7KSD4
44045,K7KSD6
44046,K7KSE0
44047,K7KSE1
44048,K7KSE2
44049,K7KSE7
44050,K7KSF4
44051,K7KSF6
44052,K7KSG1
44053,K7KSG3
44054,K7KSG4
44055,K7KSG5
44056,K7KSG6
44057,K7KSH2
44058,K7KSH3
44059,K7KSH4
44060,K7KSH5
44061,K7KSH7
44062,K7KSH9
44063,K7KSI0
44064,K7KSI2
44065,K7KSI5
44066,K7KSI8
44067,K7KSI9
44068,K7KSJ5
44069,K7KSJ6
44070,K7KSJ8
44071,K7KSK3
44072,K7KSK4
44073,K7KSK5
44074,K7KSK8
44075,K7KSK9
44076,K7KSL3
44077,K7KSL4
44078,K7KSL6
44079,K7KSL7
44080,K7KSL9
44081,K7KSM0
44082,K7KSM9
44083,K7KSN0
44084,K7KSN1
44085,K7KSN2
44086,K7KSN4
44087,K7KSN5
44088,K7KSN8
44089,K7KSQ0
44090,K7KSQ1
44091,K7KSQ3
44092,K7KSQ4
44093,K7KSQ7
44094,K7KSQ8
44095,K7KSR9
44096,K7KST5
44097,K7KST8
44098,K7KSU1
44099,K7KSU2
44100,K7KSU3
44101,K7KSU6
44102,K7KSU9
44103,K7KSV2
44104,K7KSV3
44105,K7KSV4
44106,K7KSV5
44107,K7KSV9
44108,K7KSW6
44109,K7KSW7
44110,K7KSW9
44111,K7KSX0
44112,K7KSX4
44113,K7KSX8
44114,K7KSY1
44115,K7KSY2
44116,K7KSY5
44117,K7KSY7
44118,K7KSY8
44119,K7KSZ8
44120,K7KSZ9
44121,K7KT00
44122,K7KT01
44123,K7KT03
44124,K7KT07
44125,K7KT10
44126,K7KT11
44127,K7KT16
44128,K7KT17
44129,K7KT18
44130,K7KT22
44131,K7KT25
44132,K7KT28
44133,K7KT30
44134,K7KT32
44135,K7KT35
44136,K7KT39
44137,K7KT40
44138,K7KT42
44139,K7KT44
44140,K7KT52
44141,K7KT53
44142,K7KT54
44143,K7KT55
44144,K7KT57
44145,K7KT59
44146,K7KT62
44147,K7KT64
44148,K7KT68
44149,K7KT71
44150,K7KT79
44151,K7KT84
44152,K7KT85
44153,K7KT86
44154,K7KT89
44155,K7KT90
44156,K7KT92
44157,K7KT98
44158,K7KTA0
44159,K7KTA1
44160,K7KTA3
44161,K7KTA5
44162,K7KTA6
44163,K7KTA9
44164,K7KTB0
44165,K7KTB2
44166,K7KTB3
44167,K7KTB5
44168,K7KTB6
44169,K7KTB7
44170,K7KTC0
44171,K7KTC9
44172,K7KTD0
44173,K7KTD3
44174,K7KTD6
44175,K7KTD7
44176,K7KTD8
44177,K7KTE0
44178,K7KTE8
44179,K7KTF3
44180,K7KTF8
44181,K7KTF9
44182,K7KTG0
44183,K7KTG1
44184,K7KTG2
44185,K7KTG4
44186,K7KTG5
44187,K7KTH1
44188,K7KTH2
44189,K7KTH8
44190,K7KTI2
44191,K7KTI3
44192,K7KTI4
44193,K7KTI5
44194,K7KTJ1
44195,K7KTJ7
44196,K7KTK1
44197,K7KTK3
44198,K7KTK5
44199,K7KTK7
44200,K7KTL1
44201,K7KTL8
44202,K7KTL9
44203,K7KTM1
44204,K7KTM2
44205,K7KTM6
44206,K7KTM8
44207,K7KTN0
44208,K7KTN3
44209,K7KTN4
44210,K7KTP5
44211,K7KTQ2
44212,K7KTQ3
44213,K7KTQ4
44214,K7KTQ5
44215,K7KTR1
44216,K7KTR5
44217,K7KTR8
44218,K7KTR9
44219,K7KTS2
44220,K7KTS3
44221,K7KTS6
44222,K7KTS8
44223,K7KTT3
44224,K7KTT5
44225,K7KTT6
44226,K7KTT8
44227,K7KTT9
44228,K7KTU1
44229,K7KTV2
44230,K7KTW1
44231,K7KTW2
44232,K7KTW3
44233,K7KTW6
44234,K7KTW9
44235,K7KTX1
44236,K7KTX2
44237,K7KTX3
44238,K7KTX9
44239,K7KTY2
44240,K7KTY3
44241,K7KTY4
44242,K7KTY5
44243,K7KTY7
44244,K7KTY9
44245,K7KTZ0
44246,K7KTZ4
44247,K7KTZ6
44248,K7KTZ8
44249,K7KU00
44250,K7KU14
44251,K7KU15
44252,K7KU16
44253,K7KU20
44254,K7KU21
44255,K7KU23
44256,K7KU32
44257,K7KU33
44258,K7KU34
44259,K7KU35
44260,K7KU37
44261,K7KU39
44262,K7KU45
44263,K7KU48
44264,K7KU51
44265,K7KU52
44266,K7KU53
44267,K7KU54
44268,K7KU58
44269,K7KU61
44270,K7KU62
44271,K7KU64
44272,K7KU72
44273,K7KU73
44274,K7KU77
44275,K7KU81
44276,K7KU84
44277,K7KU88
44278,K7KU89
44279,K7KU92
44280,K7KU93
44281,K7KU96
44282,K7KU97
44283,K7KU98
44284,K7KUA0
44285,K7KUA6
44286,K7KUA7
44287,K7KUA8
44288,K7KUB2
44289,K7KUB3
44290,K7KUB4
44291,K7KUC0
44292,K7KUC4
44293,K7KUC5
44294,K7KUC6
44295,K7KUC7
44296,K7KUD3
44297,K7KUD5
44298,K7KUE0
44299,K7KUE1
44300,K7KUE2
44301,K7KUE8
44302,K7KUE9
44303,K7KUF0
44304,K7KUF1
44305,K7KUG2
44306,K7KUG3
44307,K7KUG7
44308,K7KUH0
44309,K7KUH1
44310,K7KUI3
44311,K7KUI8
44312,K7KUJ0
44313,K7KUJ3
44314,K7KUJ4
44315,K7KUJ5
44316,K7KUJ6
44317,K7KUJ8
44318,K7KUK1
44319,K7KUK2
44320,K7KUK3
44321,K7KUK4
44322,K7KUK8
44323,K7KUL0
44324,K7KUL1
44325,K7KUL2
44326,K7KUL3
44327,K7KUL8
44328,K7KUM5
44329,K7KUM6
44330,K7KUM7
44331,K7KUM8
44332,K7KUM9
44333,K7KUN0
44334,K7KUN1
44335,K7KUN2
44336,K7KUN4
44337,K7KUN5
44338,K7KUN7
44339,K7KUP2
44340,K7KUP4
44341,K7KUP9
44342,K7KUQ0
44343,K7KUQ7
44344,K7KUR3
44345,K7KUR7
44346,K7KUR8
44347,K7KUR9
44348,K7KUS1
44349,K7KUT2
44350,K7KUT3
44351,K7KUT4
44352,K7KUT7
44353,K7KUT9
44354,K7KUU1
44355,K7KUU3
44356,K7KUU8
44357,K7KUV3
44358,K7KUV4
44359,K7KUV5
44360,K7KUV9
44361,K7KUW2
44362,K7KUW3
44363,K7KUW4
44364,K7KUW6
44365,K7KUW9
44366,K7KUX0
44367,K7KUX4
44368,K7KUX8
44369,K7KUY3
44370,K7KUY6
44371,K7KUY7
44372,K7KUZ2
44373,K7KUZ3
44374,K7KUZ7
44375,K7KUZ8
44376,K7KV03
44377,K7KV09
44378,K7KV10
44379,K7KV12
44380,K7KV13
44381,K7KV15
44382,K7KV16
44383,K7KV21
44384,K7KV26
44385,K7KV30
44386,K7KV36
44387,K7KV37
44388,K7KV40
44389,K7KV41
44390,K7KV46
44391,K7KV47
44392,K7KV49
44393,K7KV50
44394,K7KV51
44395,K7KV53
44396,K7KV59
44397,K7KV60
44398,K7KV61
44399,K7KV62
44400,K7KV66
44401,K7KV67
44402,K7KV68
44403,K7KV69
44404,K7KV70
44405,K7KV74
44406,K7KV76
44407,K7KV83
44408,K7KV85
44409,K7KV89
44410,K7KV90
44411,K7KV97
44412,K7KVA5
44413,K7KVA6
44414,K7KVA7
44415,K7KVB1
44416,K7KVB7
44417,K7KVB8
44418,K7KVB9
44419,K7KVC2
44420,K7KVC7
44421,K7KVC9
44422,K7KVD0
44423,K7KVD1
44424,K7KVD5
44425,K7KVD7
44426,K7KVD9
44427,K7KVE1
44428,K7KVE5
44429,K7KVF1
44430,K7KVF2
44431,K7KVF4
44432,K7KVF5
44433,K7KVF7
44434,K7KVG3
44435,K7KVG4
44436,K7KVG7
44437,K7KVI2
44438,K7KVI3
44439,K7KVI6
44440,K7KVJ1
44441,K7KVJ3
44442,K7KVJ6
44443,K7KVJ7
44444,K7KVK0
44445,K7KVK2
44446,K7KVK4
44447,K7KVK9
44448,K7KVL2
44449,K7KVM1
44450,K7KVM2
44451,K7KVM3
44452,K7KVM8
44453,K7KVN0
44454,K7KVN2
44455,K7KVN5
44456,K7KVN7
44457,K7KVN8
44458,K7KVN9
44459,K7KVP4
44460,K7KVP6
44461,K7KVP9
44462,K7KVQ6
44463,K7KVQ7
44464,K7KVR4
44465,K7KVR7
44466,K7KVR9
44467,K7KVS0
44468,K7KVS1
44469,K7KVS4
44470,K7KVS5
44471,K7KVS7
44472,K7KVS9
44473,K7KVT4
44474,K7KVT6
44475,K7KVT7
44476,K7KVT8
44477,K7KVT9
44478,K7KVU0
44479,K7KVU4
44480,K7KVU5
44481,K7KVU6
44482,K7KVU9
44483,K7KVV2
44484,K7KVV5
44485,K7KVV6
44486,K7KVV7
44487,K7KVW0
44488,K7KVW2
44489,K7KVW3
44490,K7KVW4
44491,K7KVW5
44492,K7KVW6
44493,K7KVW7
44494,K7KVW9
44495,K7KVX1
44496,K7KVY2
44497,K7KVY3
44498,K7KVY8
44499,K7KVY9
44500,K7KVZ0
44501,K7KVZ1
44502,K7KVZ2
44503,K7KVZ4
44504,K7KVZ9
44505,K7KW04
44506,K7KW05
44507,K7KW06
44508,K7KW07
44509,K7KW11
44510,K7KW12
44511,K7KW14
44512,K7KW17
44513,K7KW19
44514,K7KW24
44515,K7KW27
44516,K7KW28
44517,K7KW29
44518,K7KW31
44519,K7KW36
44520,K7KW38
44521,K7KW40
44522,K7KW44
44523,K7KW47
44524,K7KW48
44525,K7KW51
44526,K7KW52
44527,K7KW54
44528,K7KW55
44529,K7KW56
44530,K7KW60
44531,K7KW64
44532,K7KW68
44533,K7KW71
44534,K7KW73
44535,K7KW76
44536,K7KW77
44537,K7KW79
44538,K7KW82
44539,K7KW84
44540,K7KW85
44541,K7KW86
44542,K7KW87
44543,K7KW88
44544,K7KW92
44545,K7KW94
44546,K7KW99
44547,K7KWA0
44548,K7KWA1
44549,K7KWA2
44550,K7KWA7
44551,K7KWA8
44552,K7KWA9
44553,K7KWB0
44554,K7KWB2
44555,K7KWB5
44556,K7KWC5
44557,K7KWC6
44558,K7KWC8
44559,K7KWC9
44560,K7KWD0
44561,K7KWD3
44562,K7KWD7
44563,K7KWD9
44564,K7KWE0
44565,K7KWE4
44566,K7KWE5
44567,K7KWE6
44568,K7KWF1
44569,K7KWF2
44570,K7KWF3
44571,K7KWF9
44572,K7KWG5
44573,K7KWG9
44574,K7KWH2
44575,K7KWH3
44576,K7KWH6
44577,K7KWI1
44578,K7KWI5
44579,K7KWI6
44580,K7KWI8
44581,K7KWJ1
44582,K7KWJ3
44583,K7KWJ4
44584,K7KWJ5
44585,K7KWJ6
44586,K7KWJ7
44587,K7KWJ8
44588,K7KWK0
44589,K7KWK8
44590,K7KWK9
44591,K7KWL0
44592,K7KWL1
44593,K7KWL2
44594,K7KWL3
44595,K7KWL8
44596,K7KWL9
44597,K7KWM0
44598,K7KWM3
44599,K7KWN1
44600,K7KWN5
44601,K7KWP3
44602,K7KWP8
44603,K7KWP9
44604,K7KWQ0
44605,K7KWQ2
44606,K7KWQ6
44607,K7KWQ9
44608,K7KWR0
44609,K7KWR1
44610,K7KWR2
44611,K7KWR3
44612,K7KWR5
44613,K7KWR8
44614,K7KWS2
44615,K7KWS6
44616,K7KWT1
44617,K7KWT9
44618,K7KWU0
44619,K7KWU1
44620,K7KWU4
44621,K7KWU7
44622,K7KWV0
44623,K7KWV7
44624,K7KWV8
44625,K7KWW1
44626,K7KWW2
44627,K7KWW5
44628,K7KWW7
44629,K7KWX4
44630,K7KWX5
44631,K7KWX7
44632,K7KWX8
44633,K7KWY0
44634,K7KWY5
44635,K7KWY9
44636,K7KWZ0
44637,K7KWZ1
44638,K7KWZ4
44639,K7KWZ7
44640,K7KX00
44641,K7KX01
44642,K7KX03
44643,K7KX10
44644,K7KX11
44645,K7KX12
44646,K7KX14
44647,K7KX18
44648,K7KX22
44649,K7KX28
44650,K7KX29
44651,K7KX33
44652,K7KX36
44653,K7KX38
44654,K7KX39
44655,K7KX40
44656,K7KX41
44657,K7KX42
44658,K7KX43
44659,K7KX45
44660,K7KX46
44661,K7KX47
44662,K7KX50
44663,K7KX52
44664,K7KX53
44665,K7KX54
44666,K7KX56
44667,K7KX60
44668,K7KX61
44669,K7KX64
44670,K7KX65
44671,K7KX66
44672,K7KX72
44673,K7KX73
44674,K7KX83
44675,K7KX85
44676,K7KX90
44677,K7KX93
44678,K7KX97
44679,K7KX98
44680,K7KXA2
44681,K7KXA3
44682,K7KXA8
44683,K7KXB2
44684,K7KXB4
44685,K7KXB6
44686,K7KXB7
44687,K7KXC0
44688,K7KXC7
44689,K7KXC8
44690,K7KXD0
44691,K7KXD1
44692,K7KXD2
44693,K7KXD3
44694,K7KXD4
44695,K7KXD6
44696,K7KXD9
44697,K7KXE1
44698,K7KXE2
44699,K7KXE4
44700,K7KXF2
44701,K7KXF7
44702,K7KXF9
44703,K7KXG0
44704,K7KXH0
44705,K7KXH5
44706,K7KXH6
44707,K7KXH7
44708,K7KXI2
44709,K7KXI3
44710,K7KXI4
44711,K7KXI5
44712,K7KXJ1
44713,K7KXJ2
44714,K7KXJ4
44715,K7KXK2
44716,K7KXK3
44717,K7KXK4
44718,K7KXK7
44719,K7KXL9
44720,K7KXM0
44721,K7KXM2
44722,K7KXM5
44723,K7KXM9
44724,K7KXN3
44725,K7KXN6
44726,K7KXN7
44727,K7KXN9
44728,K7KXP9
44729,K7KXQ1
44730,K7KXQ2
44731,K7KXQ3
44732,K7KXQ4
44733,K7KXQ6
44734,K7KXQ7
44735,K7KXQ8
44736,K7KXQ9
44737,K7KXR0
44738,K7KXR2
44739,K7KXR4
44740,K7KXR5
44741,K7KXR6
44742,K7KXR7
44743,K7KXR8
44744,K7KXR9
44745,K7KXS0
44746,K7KXS2
44747,K7KXS3
44748,K7KXT1
44749,K7KXT3
44750,K7KXT6
44751,K7KXT7
44752,K7KXU0
44753,K7KXU2
44754,K7KXU3
44755,K7KXU4
44756,K7KXU7
44757,K7KXV1
44758,K7KXV2
44759,K7KXV3
44760,K7KXV5
44761,K7KXV9
44762,K7KXX4
44763,K7KXX5
44764,K7KXX6
44765,K7KXX9
44766,K7KXY0
44767,K7KXY2
44768,K7KXY5
44769,K7KXZ0
44770,K7KXZ1
44771,K7KXZ4
44772,K7KXZ5
44773,K7KXZ6
44774,K7KXZ7
44775,K7KXZ8
44776,K7KXZ9
44777,K7KY00
44778,K7KY01
44779,K7KY03
44780,K7KY04
44781,K7KY07
44782,K7KY12
44783,K7KY18
44784,K7KY19
44785,K7KY20
44786,K7KY21
44787,K7KY22
44788,K7KY24
44789,K7KY29
44790,K7KY31
44791,K7KY33
44792,K7KY34
44793,K7KY40
44794,K7KY41
44795,K7KY43
44796,K7KY44
44797,K7KY45
44798,K7KY50
44799,K7KY51
44800,K7KY54
44801,K7KY55
44802,K7KY59
44803,K7KY62
44804,K7KY63
44805,K7KY64
44806,K7KY66
44807,K7KY67
44808,K7KY72
44809,K7KY73
44810,K7KY74
44811,K7KY75
44812,K7KY76
44813,K7KY77
44814,K7KY78
44815,K7KY79
44816,K7KY81
44817,K7KY82
44818,K7KY85
44819,K7KY87
44820,K7KY89
44821,K7KY91
44822,K7KY93
44823,K7KY94
44824,K7KY96
44825,K7KY99
44826,K7KYA0
44827,K7KYA6
44828,K7KYB1
44829,K7KYB7
44830,K7KYB8
44831,K7KYC0
44832,K7KYC2
44833,K7KYC3
44834,K7KYC4
44835,K7KYC5
44836,K7KYC6
44837,K7KYC9
44838,K7KYD0
44839,K7KYD6
44840,K7KYD7
44841,K7KYD8
44842,K7KYD9
44843,K7KYE0
44844,K7KYE3
44845,K7KYE4
44846,K7KYE5
44847,K7KYE7
44848,K7KYE8
44849,K7KYE9
44850,K7KYF2
44851,K7KYF4
44852,K7KYF6
44853,K7KYF7
44854,K7KYG1
44855,K7KYG2
44856,K7KYG3
44857,K7KYG4
44858,K7KYG5
44859,K7KYG6
44860,K7KYG7
44861,K7KYG8
44862,K7KYG9
44863,K7KYH5
44864,K7KYH6
44865,K7KYH7
44866,K7KYH8
44867,K7KYI0
44868,K7KYI8
44869,K7KYJ0
44870,K7KYJ1
44871,K7KYJ2
44872,K7KYJ4
44873,K7KYJ6
44874,K7KYK0
44875,K7KYK3
44876,K7KYK6
44877,K7KYM0
44878,K7KYM6
44879,K7KYM8
44880,K7KYN1
44881,K7KYN3
44882,K7KYN6
44883,K7KYP0
44884,K7KYP3
44885,K7KYQ1
44886,K7KYQ4
44887,K7KYR0
44888,K7KYR3
44889,K7KYR4
44890,K7KYR6
44891,K7KYR7
44892,K7KYS0
44893,K7KYS2
44894,K7KYS4
44895,K7KYS5
44896,K7KYS8
44897,K7KYT5
44898,K7KYT6
44899,K7KYT7
44900,K7KYT9
44901,K7KYU0
44902,K7KYU1
44903,K7KYU2
44904,K7KYU4
44905,K7KYU6
44906,K7KYU7
44907,K7KYV6
44908,K7KYV7
44909,K7KYW5
44910,K7KYX1
44911,K7KYX2
44912,K7KYX4
44913,K7KYY0
44914,K7KYY1
44915,K7KYY3
44916,K7KYY8
44917,K7KYZ1
44918,K7KYZ2
44919,K7KYZ6
44920,K7KYZ7
44921,K7KYZ9
44922,K7KZ00
44923,K7KZ01
44924,K7KZ03
44925,K7KZ08
44926,K7KZ09
44927,K7KZ12
44928,K7KZ13
44929,K7KZ14
44930,K7KZ19
44931,K7KZ28
44932,K7KZ29
44933,K7KZ31
44934,K7KZ32
44935,K7KZ34
44936,K7KZ35
44937,K7KZ37
44938,K7KZ42
44939,K7KZ48
44940,K7KZ53
44941,K7KZ57
44942,K7KZ58
44943,K7KZ60
44944,K7KZ65
44945,K7KZ66
44946,K7KZ72
44947,K7KZ74
44948,K7KZ85
44949,K7KZ88
44950,K7KZ90
44951,K7KZ92
44952,K7KZA8
44953,K7KZB0
44954,K7KZB1
44955,K7KZB2
44956,K7KZB3
44957,K7KZB4
44958,K7KZB5
44959,K7KZB7
44960,K7KZB8
44961,K7KZC0
44962,K7KZC4
44963,K7KZC5
44964,K7KZD0
44965,K7KZD3
44966,K7KZD4
44967,K7KZD7
44968,K7KZD9
44969,K7KZE6
44970,K7KZE8
44971,K7KZE9
44972,K7KZF3
44973,K7KZF4
44974,K7KZG0
44975,K7KZG6
44976,K7KZH5
44977,K7KZI0
44978,K7KZI3
44979,K7KZI7
44980,K7KZI8
44981,K7KZJ0
44982,K7KZJ1
44983,K7KZJ2
44984,K7KZJ4
44985,K7KZJ5
44986,K7KZK1
44987,K7KZK2
44988,K7KZK3
44989,K7KZK8
44990,K7KZK9
44991,K7KZL1
44992,K7KZL2
44993,K7KZL6
44994,K7KZM1
44995,K7KZN0
44996,K7KZN2
44997,K7KZN4
44998,K7KZN6
44999,K7KZN7
45000,K7KZN8
45001,K7KZP5
45002,K7KZQ0
45003,K7KZQ2
45004,K7KZQ6
45005,K7KZR0
45006,K7KZR3
45007,K7KZR6
45008,K7KZR7
45009,K7KZR8
45010,K7KZR9
45011,K7KZS3
45012,K7KZS4
45013,K7KZS9
45014,K7KZT6
45015,K7KZT7
45016,K7KZU0
45017,K7KZU2
45018,K7KZU4
45019,K7KZV0
45020,K7KZV2
45021,K7KZV3
45022,K7KZW3
45023,K7KZW4
45024,K7KZW6
45025,K7KZW8
45026,K7KZW9
45027,K7KZX0
45028,K7KZX1
45029,K7KZX6
45030,K7KZY7
45031,K7KZZ0
45032,K7KZZ1
45033,K7KZZ3
45034,K7KZZ8
45035,K7KZZ9
45036,K7L000
45037,K7L001
45038,K7L002
45039,K7L004
45040,K7L007
45041,K7L014
45042,K7L019
45043,K7L023
45044,K7L032
45045,K7L035
45046,K7L041
45047,K7L045
45048,K7L046
45049,K7L050
45050,K7L051
45051,K7L054
45052,K7L057
45053,K7L058
45054,K7L059
45055,K7L067
45056,K7L068
45057,K7L075
45058,K7L079
45059,K7L083
45060,K7L085
45061,K7L087
45062,K7L088
45063,K7L091
45064,K7L094
45065,K7L096
45066,K7L099
45067,K7L0A1
45068,K7L0A2
45069,K7L0A3
45070,K7L0A5
45071,K7L0A8
45072,K7L0B0
45073,K7L0B6
45074,K7L0B7
45075,K7L0B9
45076,K7L0C0
45077,K7L0C6
45078,K7L0C7
45079,K7L0C8
45080,K7L0C9
45081,K7L0D3
45082,K7L0D4
45083,K7L0D7
45084,K7L0D8
45085,K7L0D9
45086,K7L0E0
45087,K7L0E3
45088,K7L0E4
45089,K7L0E7
45090,K7L0E8
45091,K7L0F4
45092,K7L0F5
45093,K7L0F8
45094,K7L0F9
45095,K7L0G5
45096,K7L0G9
45097,K7L0H0
45098,K7L0H2
45099,K7L0H7
45100,K7L0I1
45101,K7L0I3
45102,K7L0I4
45103,K7L0J1
45104,K7L0J2
45105,K7L0J3
45106,K7L0J5
45107,K7L0J7
45108,K7L0K1
45109,K7L0K3
45110,K7L0K4
45111,K7L0K5
45112,K7L0K7
45113,K7L0L3
45114,K7L0L4
45115,K7L0L5
45116,K7L0L6
45117,K7L0M5
45118,K7L0M7
45119,K7L0N1
45120,K7L0N2
45121,K7L0N3
45122,K7L0N5
45123,K7L0N7
45124,K7L0P3
45125,K7L0P4
45126,K7L0P6
45127,K7L0P8
45128,K7L0P9
45129,K7L0Q7
45130,K7L0Q8
45131,K7L0Q9
45132,K7L0R4
45133,K7L0R5
45134,K7L0R7
45135,K7L0R8
45136,K7L0R9
45137,K7L0S6
45138,K7L0S7
45139,K7L0T0
45140,K7L0T1
45141,K7L0T2
45142,K7L0T3
45143,K7L0T5
45144,K7L0T8
45145,K7L0U0
45146,K7L0U4
45147,K7L0V0
45148,K7L0V1
45149,K7L0V4
45150,K7L0V6
45151,K7L0V9
45152,K7L0W0
45153,K7L0W5
45154,K7L0W7
45155,K7L0W9
45156,K7L0X1
45157,K7L0X2
45158,K7L0Y5
45159,K7L0Y9
45160,K7L0Z1
45161,K7L0Z2
45162,K7L0Z9
45163,K7L111
45164,K7L114
45165,K7L115
45166,K7L116
45167,K7L118
45168,K7L119
45169,K7L125
45170,K7L126
45171,K7L130
45172,K7L131
45173,K7L132
45174,K7L134
45175,K7L135
45176,K7L138
45177,K7L139
45178,K7L145
45179,K7L147
45180,K7L150
45181,K7L154
45182,K7L155
45183,K7L157
45184,K7L159
45185,K7L161
45186,K7L166
45187,K7L170
45188,K7L171
45189,K7L172
45190,K7L174
45191,K7L180
45192,K7L183
45193,K7L185
45194,K7L191
45195,K7L193
45196,K7L195
45197,K7L196
45198,K7L197
45199,K7L1A0
45200,K7L1A1
45201,K7L1A2
45202,K7L1A5
45203,K7L1A6
45204,K7L1A8
45205,K7L1A9
45206,K7L1B0
45207,K7L1B1
45208,K7L1B3
45209,K7L1B4
45210,K7L1B5
45211,K7L1B8
45212,K7L1B9
45213,K7L1C2
45214,K7L1C4
45215,K7L1C5
45216,K7L1C6
45217,K7L1C7
45218,K7L1D3
45219,K7L1D9
45220,K7L1E0
45221,K7L1E1
45222,K7L1E4
45223,K7L1E5
45224,K7L1E6
45225,K7L1E9
45226,K7L1F0
45227,K7L1F1
45228,K7L1F3
45229,K7L1F4
45230,K7L1F8
45231,K7L1F9
45232,K7L1G0
45233,K7L1G1
45234,K7L1G3
45235,K7L1G4
45236,K7L1G6
45237,K7L1H0
45238,K7L1H1
45239,K7L1H3
45240,K7L1H4
45241,K7L1H5
45242,K7L1H6
45243,K7L1H7
45244,K7L1H8
45245,K7L1I0
45246,K7L1I2
45247,K7L1I3
45248,K7L1I6
45249,K7L1I8
45250,K7L1J2
45251,K7L1J3
45252,K7L1J6
45253,K7L1J8
45254,K7L1J9
45255,K7L1K0
45256,K7L1K2
45257,K7L1K4
45258,K7L1K5
45259,K7L1K8
45260,K7L1L0
45261,K7L1L1
45262,K7L1L5
45263,K7L1L7
45264,K7L1L8
45265,K7L1M0
45266,K7L1M1
45267,K7L1M6
45268,K7L1M8
45269,K7L1M9
45270,K7L1N0
45271,K7L1N1
45272,K7L1N2
45273,K7L1N4
45274,K7L1N8
45275,K7L1P1
45276,K7L1P2
45277,K7L1Q1
45278,K7L1Q2
45279,K7L1Q3
45280,K7L1Q4
45281,K7L1S1
45282,K7L1S3
45283,K7L1S4
45284,K7L1S6
45285,K7L1S7
45286,K7L1S8
45287,K7L1T3
45288,K7L1T9
45289,K7L1U0
45290,K7L1U2
45291,K7L1U7
45292,K7L1U9
45293,K7L1V3
45294,K7L1V4
45295,K7L1V9
45296,K7L1W0
45297,K7L1W2
45298,K7L1W4
45299,K7L1W5
45300,K7L1W6
45301,K7L1W7
45302,K7L1W9
45303,K7L1X0
45304,K7L1X6
45305,K7L1X7
45306,K7L1X8
45307,K7L1X9
45308,K7L1Y1
45309,K7L1Y4
45310,K7L1Y7
45311,K7L1Y8
45312,K7L1Z0
45313,K7L1Z1
45314,K7L1Z3
45315,K7L1Z4
45316,K7L1Z6
45317,K7L1Z9
45318,K7L200
45319,K7L202
45320,K7L204
45321,K7L205
45322,K7L206
45323,K7L207
45324,K7L208
45325,K7L210
45326,K7L211
45327,K7L219
45328,K7L221
45329,K7L227
45330,K7L232
45331,K7L233
45332,K7L234
45333,K7L235
45334,K7L240
45335,K7L241
45336,K7L242
45337,K7L243
45338,K7L245
45339,K7L249
45340,K7L251
45341,K7L252
45342,K7L253
45343,K7L257
45344,K7L259
45345,K7L267
45346,K7L268
45347,K7L270
45348,K7L271
45349,K7L273
45350,K7L275
45351,K7L278
45352,K7L281
45353,K7L283
45354,K7L284
45355,K7L285
45356,K7L287
45357,K7L292
45358,K7L294
45359,K7L295
45360,K7L296
45361,K7L298
45362,K7L299
45363,K7L2A0
45364,K7L2A5
45365,K7L2A6
45366,K7L2A7
45367,K7L2B0
45368,K7L2B2
45369,K7L2B3
45370,K7L2B5
45371,K7L2B6
45372,K7L2B8
45373,K7L2C1
45374,K7L2C3
45375,K7L2C5
45376,K7L2C8
45377,K7L2D2
45378,K7L2D5
45379,K7L2D7
45380,K7L2E0
45381,K7L2E3
45382,K7L2E4
45383,K7L2E6
45384,K7L2E8
45385,K7L2F0
45386,K7L2F3
45387,K7L2F5
45388,K7L2F8
45389,K7L2F9
45390,K7L2G1
45391,K7L2G8
45392,K7L2H0
45393,K7L2H2
45394,K7L2H3
45395,K7L2H4
45396,K7L2I2
45397,K7L2I3
45398,K7L2I5
45399,K7L2J1
45400,K7L2J3
45401,K7L2J4
45402,K7L2J8
45403,K7L2K0
45404,K7L2K1
45405,K7L2K3
45406,K7L2K5
45407,K7L2K6
45408,K7L2K8
45409,K7L2K9
45410,K7L2L1
45411,K7L2L3
45412,K7L2L4
45413,K7L2L5
45414,K7L2L9
45415,K7L2M0
45416,K7L2M1
45417,K7L2M3
45418,K7L2M4
45419,K7L2M5
45420,K7L2M6
45421,K7L2M7
45422,K7L2N0
45423,K7L2N1
45424,K7L2N5
45425,K7L2N7
45426,K7L2N9
45427,K7L2P1
45428,K7L2P2
45429,K7L2P5
45430,K7L2P9
45431,K7L2Q0
45432,K7L2Q3
45433,K7L2Q5
45434,K7L2R0
45435,K7L2R3
45436,K7L2R4
45437,K7L2R6
45438,K7L2R9
45439,K7L2S0
45440,K7L2S1
45441,K7L2S2
45442,K7L2S4
45443,K7L2S5
45444,K7L2T3
45445,K7L2T6
45446,K7L2T8
45447,K7L2U2
45448,K7L2U4
45449,K7L2U7
45450,K7L2U8
45451,K7L2U9
45452,K7L2V0
45453,K7L2V2
45454,K7L2V8
45455,K7L2W0
45456,K7L2W3
45457,K7L2W4
45458,K7L2W5
45459,K7L2W8
45460,K7L2X1
45461,K7L2X8
45462,K7L2Y0
45463,K7L2Y3
45464,K7L2Y4
45465,K7L2Y5
45466,K7L2Y6
45467,K7L2Z0
45468,K7L2Z3
45469,K7L2Z5
45470,K7L300
45471,K7L305
45472,K7L312
45473,K7L320
45474,K7L321
45475,K7L325
45476,K7L327
45477,K7L328
45478,K7L329
45479,K7L332
45480,K7L333
45481,K7L334
45482,K7L336
45483,K7L338
45484,K7L339
45485,K7L341
45486,K7L342
45487,K7L343
45488,K7L344
45489,K7L348
45490,K7L352
45491,K7L353
45492,K7L354
45493,K7L356
45494,K7L363
45495,K7L364
45496,K7L365
45497,K7L367
45498,K7L369
45499,K7L370
45500,K7L390
45501,K7L394
45502,K7L395
45503,K7L3A1
45504,K7L3A7
45505,K7L3A8
45506,K7L3B5
45507,K7L3C1
45508,K7L3C3
45509,K7L3C8
45510,K7L3D1
45511,K7L3D5
45512,K7L3D6
45513,K7L3D7
45514,K7L3D8
45515,K7L3D9
45516,K7L3E1
45517,K7L3E3
45518,K7L3E7
45519,K7L3F0
45520,K7L3F2
45521,K7L3F7
45522,K7L3F9
45523,K7L3G1
45524,K7L3G3
45525,K7L3G4
45526,K7L3G6
45527,K7L3G8
45528,K7L3G9
45529,K7L3H0
45530,K7L3H1
45531,K7L3H4
45532,K7L3H6
45533,K7L3H8
45534,K7L3H9
45535,K7L3I0
45536,K7L3I1
45537,K7L3I2
45538,K7L3I9
45539,K7L3J0
45540,K7L3J1
45541,K7L3J2
45542,K7L3J4
45543,K7L3J5
45544,K7L3K2
45545,K7L3K3
45546,K7L3K4
45547,K7L3K5
45548,K7L3K6
45549,K7L3K8
45550,K7L3L1
45551,K7L3L2
45552,K7L3L6
45553,K7L3L7
45554,K7L3L8
45555,K7L3L9
45556,K7L3M1
45557,K7L3M4
45558,K7L3M8
45559,K7L3P0
45560,K7L3P1
45561,K7L3P2
45562,K7L3P5
45563,K7L3P7
45564,K7L3Q0
45565,K7L3Q1
45566,K7L3Q3
45567,K7L3Q8
45568,K7L3R0
45569,K7L3R3
45570,K7L3R6
45571,K7L3R7
45572,K7L3R8
45573,K7L3S0
45574,K7L3S3
45575,K7L3S8
45576,K7L3S9
45577,K7L3T6
45578,K7L3T7
45579,K7L3T8
45580,K7L3T9
45581,K7L3U0
45582,K7L3U1
45583,K7L3U5
45584,K7L3U8
45585,K7L3U9
45586,K7L3V0
45587,K7L3V7
45588,K7L3W1
45589,K7L3W3
45590,K7L3W5
45591,K7L3W6
45592,K7L3W7
45593,K7L3X0
45594,K7L3X1
45595,K7L3X2
45596,K7L3Y0
45597,K7L3Y3
45598,K7L3Y4
45599,K7L3Y5
45600,K7L3Y6
45601,K7L3Y7
45602,K7L3Y8
45603,K7L3Z2
45604,K7L3Z3
45605,K7L3Z6
45606,K7L3Z7
45607,K7L3Z8
45608,K7L400
45609,K7L403
45610,K7L404
45611,K7L406
45612,K7L409
45613,K7L410
45614,K7L411
45615,K7L413
45616,K7L417
45617,K7L425
45618,K7L426
45619,K7L427
45620,K7L428
45621,K7L432
45622,K7L435
45623,K7L436
45624,K7L441
45625,K7L445
45626,K7L448
45627,K7L453
45628,K7L454
45629,K7L462
45630,K7L463
45631,K7L464
45632,K7L465
45633,K7L466
45634,K7L467
45635,K7L470
45636,K7L473
45637,K7L474
45638,K7L475
45639,K7L476
45640,K7L477
45641,K7L479
45642,K7L480
45643,K7L482
45644,K7L483
45645,K7L485
45646,K7L486
45647,K7L487
45648,K7L489
45649,K7L490
45650,K7L494
45651,K7L495
45652,K7L496
45653,K7L498
45654,K7L4A1
45655,K7L4A2
45656,K7L4A3
45657,K7L4B1
45658,K7L4B2
45659,K7L4B4
45660,K7L4B5
45661,K7L4B7
45662,K7L4C3
45663,K7L4C4
45664,K7L4C5
45665,K7L4C6
45666,K7L4D0
45667,K7L4D1
45668,K7L4D2
45669,K7L4D3
45670,K7L4D4
45671,K7L4D5
45672,K7L4D6
45673,K7L4E1
45674,K7L4E4
45675,K7L4E7
45676,K7L4E8
45677,K7L4F0
45678,K7L4F1
45679,K7L4F5
45680,K7L4F7
45681,K7L4G1
45682,K7L4G4
45683,K7L4G5
45684,K7L4G6
45685,K7L4G7
45686,K7L4H3
45687,K7L4H5
45688,K7L4H7
45689,K7L4H9
45690,K7L4I1
45691,K7L4I2
45692,K7L4I4
45693,K7L4I5
45694,K7L4I6
45695,K7L4I7
45696,K7L4J3
45697,K7L4J4
45698,K7L4K0
45699,K7L4K5
45700,K7L4K8
45701,K7L4L2
45702,K7L4L5
45703,K7L4L6
45704,K7L4M1
45705,K7L4M7
45706,K7L4M8
45707,K7L4N0
45708,K7L4N1
45709,K7L4N7
45710,K7L4N9
45711,K7L4P0
45712,K7L4P2
45713,K7L4P7
45714,K7L4P8
45715,K7L4Q1
45716,K7L4Q4
45717,K7L4Q5
45718,K7L4Q6
45719,K7L4Q7
45720,K7L4R1
45721,K7L4R2
45722,K7L4R5
45723,K7L4R6
45724,K7L4R7
45725,K7L4R9
45726,K7L4S0
45727,K7L4S1
45728,K7L4S4
45729,K7L4S5
45730,K7L4S8
45731,K7L4S9
45732,K7L4T2
45733,K7L4T6
45734,K7L4T8
45735,K7L4T9
45736,K7L4U0
45737,K7L4U1
45738,K7L4U6
45739,K7L4V1
45740,K7L4V6
45741,K7L4V7
45742,K7L4W0
45743,K7L4W1
45744,K7L4W7
45745,K7L4X0
45746,K7L4X4
45747,K7L4X5
45748,K7L4X6
45749,K7L4X9
45750,K7L4Y2
45751,K7L4Y5
45752,K7L4Y7
45753,K7L4Z5
45754,K7L4Z6
45755,K7L502
45756,K7L503
45757,K7L504
45758,K7L505
45759,K7L508
45760,K7L509
45761,K7L512
45762,K7L513
45763,K7L514
45764,K7L517
45765,K7L518
45766,K7L519
45767,K7L520
45768,K7L523
45769,K7L528
45770,K7L530
45771,K7L532
45772,K7L537
45773,K7L540
45774,K7L544
45775,K7L546
45776,K7L547
45777,K7L548
45778,K7L549
45779,K7L550
45780,K7L551
45781,K7L554
45782,K7L557
45783,K7L561
45784,K7L565
45785,K7L566
45786,K7L567
45787,K7L568
45788,K7L574
45789,K7L576
45790,K7L579
45791,K7L581
45792,K7L583
45793,K7L584
45794,K7L588
45795,K7L589
45796,K7L594
45797,K7L5A0
45798,K7L5A1
45799,K7L5A5
45800,K7L5A6
45801,K7L5B1
45802,K7L5B2
45803,K7L5B3
45804,K7L5B6
45805,K7L5B8
45806,K7L5B9
45807,K7L5C1
45808,K7L5C2
45809,K7L5C4
45810,K7L5C6
45811,K7L5D0
45812,K7L5D3
45813,K7L5D4
45814,K7L5D7
45815,K7L5D9
45816,K7L5E1
45817,K7L5E2
45818,K7L5E3
45819,K7L5E4
45820,K7L5E5
45821,K7L5E9
45822,K7L5F0
45823,K7L5F2
45824,K7L5F3
45825,K7L5F5
45826,K7L5F9
45827,K7L5G0
45828,K7L5G1
45829,K7L5G4
45830,K7L5G5
45831,K7L5H1
45832,K7L5H3
45833,K7L5H4
45834,K7L5H6
45835,K7L5H7
45836,K7L5I0
45837,K7L5I6
45838,K7L5I7
45839,K7L5I8
45840,K7L5J1
45841,K7L5J2
45842,K7L5J3
45843,K7L5J4
45844,K7L5J9
45845,K7L5K1
45846,K7L5K2
45847,K7L5K3
45848,K7L5K6
45849,K7L5K7
45850,K7L5L1
45851,K7L5L2
45852,K7L5L6
45853,K7L5L9
45854,K7L5M0
45855,K7L5M1
45856,K7L5M6
45857,K7L5N4
45858,K7L5N5
45859,K7L5P1
45860,K7L5P5
45861,K7L5P7
45862,K7L5P9
45863,K7L5Q7
45864,K7L5R6
45865,K7L5R7
45866,K7L5R9
45867,K7L5S0
45868,K7L5S7
45869,K7L5S8
45870,K7L5S9
45871,K7L5T1
45872,K7L5T3
45873,K7L5T5
45874,K7L5T6
45875,K7L5T7
45876,K7L5T9
45877,K7L5U2
45878,K7L5U6
45879,K7L5U7
45880,K7L5V1
45881,K7L5V3
45882,K7L5V4
45883,K7L5V7
45884,K7L5X4
45885,K7L5X9
45886,K7L5Y3
45887,K7L5Y5
45888,K7L5Z0
45889,K7L600
45890,K7L601
45891,K7L603
45892,K7L606
45893,K7L607
45894,K7L608
45895,K7L609
45896,K7L617
45897,K7L624
45898,K7L627
45899,K7L629
45900,K7L630
45901,K7L634
45902,K7L636
45903,K7L640
45904,K7L641
45905,K7L643
45906,K7L645
45907,K7L648
45908,K7L650
45909,K7L651
45910,K7L653
45911,K7L659
45912,K7L661
45913,K7L666
45914,K7L668
45915,K7L669
45916,K7L680
45917,K7L681
45918,K7L684
45919,K7L685
45920,K7L686
45921,K7L687
45922,K7L688
45923,K7L690
45924,K7L693
45925,K7L694
45926,K7L698
45927,K7L6A0
45928,K7L6A1
45929,K7L6A4
45930,K7L6B3
45931,K7L6B4
45932,K7L6B6
45933,K7L6B8
45934,K7L6C1
45935,K7L6C2
45936,K7L6C3
45937,K7L6C6
45938,K7L6D9
45939,K7L6E0
45940,K7L6E3
45941,K7L6F6
45942,K7L6F9
45943,K7L6G0
45944,K7L6G2
45945,K7L6G4
45946,K7L6G5
45947,K7L6H1
45948,K7L6H2
45949,K7L6H3
45950,K7L6H4
45951,K7L6H5
45952,K7L6I2
45953,K7L6I7
45954,K7L6J7
45955,K7L6J8
45956,K7L6K0
45957,K7L6K1
45958,K7L6K2
45959,K7L6K3
45960,K7L6K4
45961,K7L6K6
45962,K7L6K7
45963,K7L6K9
45964,K7L6L1
45965,K7L6M2
45966,K7L6M3
45967,K7L6M5
45968,K7L6M6
45969,K7L6M9
45970,K7L6N0
45971,K7L6N1
45972,K7L6N2
45973,K7L6N3
45974,K7L6N5
45975,K7L6N7
45976,K7L6N9
45977,K7L6P0
45978,K7L6P2
45979,K7L6P3
45980,K7L6P4
45981,K7L6P7
45982,K7L6P8
45983,K7L6P9
45984,K7L6Q0
45985,K7L6Q1
45986,K7L6Q6
45987,K7L6Q9
45988,K7L6R0
45989,K7L6R1
45990,K7L6R2
45991,K7L6R3
45992,K7L6R5
45993,K7L6R7
45994,K7L6R9
45995,K7L6S8
45996,K7L6S9
45997,K7L6T0
45998,K7L6T2
45999,K7L6T7
46000,K7L6T8
46001,K7L6V1
46002,K7L6V3
46003,K7L6V4
46004,K7L6V5
46005,K7L6V6
46006,K7L6V8
46007,K7L6V9
46008,K7L6W0
46009,K7L6W2
46010,K7L6X0
46011,K7L6X3
46012,K7L6X8
46013,K7L6Y3
46014,K7L6Y6
46015,K7L6Y7
46016,K7L6Y8
46017,K7L6Y9
46018,K7L6Z7
46019,K7L6Z8
46020,K7L6Z9
46021,K7L703
46022,K7L706
46023,K7L711
46024,K7L712
46025,K7L716
46026,K7L718
46027,K7L719
46028,K7L721
46029,K7L723
46030,K7L726
46031,K7L727
46032,K7L729
46033,K7L733
46034,K7L738
46035,K7L742
46036,K7L743
46037,K7L745
46038,K7L748
46039,K7L749
46040,K7L751
46041,K7L752
46042,K7L756
46043,K7L758
46044,K7L760
46045,K7L761
46046,K7L762
46047,K7L767
46048,K7L768
46049,K7L769
46050,K7L771
46051,K7L774
46052,K7L775
46053,K7L776
46054,K7L777
46055,K7L778
46056,K7L779
46057,K7L780
46058,K7L781
46059,K7L782
46060,K7L784
46061,K7L785
46062,K7L787
46063,K7L793
46064,K7L7A1
46065,K7L7A7
46066,K7L7B6
46067,K7L7B7
46068,K7L7C2
46069,K7L7C6
46070,K7L7D0
46071,K7L7D2
46072,K7L7D4
46073,K7L7D5
46074,K7L7D7
46075,K7L7E0
46076,K7L7E1
46077,K7L7E4
46078,K7L7E5
46079,K7L7E6
46080,K7L7E7
46081,K7L7E8
46082,K7L7E9
46083,K7L7F4
46084,K7L7F6
46085,K7L7F7
46086,K7L7F8
46087,K7L7G1
46088,K7L7G7
46089,K7L7G8
46090,K7L7H0
46091,K7L7H4
46092,K7L7H5
46093,K7L7H6
46094,K7L7H8
46095,K7L7I0
46096,K7L7I1
46097,K7L7I2
46098,K7L7I7
46099,K7L7I9
46100,K7L7J3
46101,K7L7J7
46102,K7L7K1
46103,K7L7K5
46104,K7L7K6
46105,K7L7K7
46106,K7L7K8
46107,K7L7L2
46108,K7L7L3
46109,K7L7L4
46110,K7L7L5
46111,K7L7L8
46112,K7L7M1
46113,K7L7M3
46114,K7L7M4
46115,K7L7M8
46116,K7L7N3
46117,K7L7N6
46118,K7L7N7
46119,K7L7P0
46120,K7L7P5
46121,K7L7P7
46122,K7L7Q3
46123,K7L7Q5
46124,K7L7Q6
46125,K7L7Q8
46126,K7L7R7
46127,K7L7S1
46128,K7L7S2
46129,K7L7S5
46130,K7L7T0
46131,K7L7T1
46132,K7L7T5
46133,K7L7U0
46134,K7L7U1
46135,K7L7U2
46136,K7L7U3
46137,K7L7U6
46138,K7L7U8
46139,K7L7V0
46140,K7L7V5
46141,K7L7V6
46142,K7L7W0
46143,K7L7W1
46144,K7L7W3
46145,K7L7W6
46146,K7L7W8
46147,K7L7X0
46148,K7L7X4
46149,K7L7X5
46150,K7L7X9
46151,K7L7Y2
46152,K7L7Z2
46153,K7L7Z4
46154,K7L7Z6
46155,K7L7Z7
46156,K7L7Z8
46157,K7L801
46158,K7L803
46159,K7L804
46160,K7L805
46161,K7L818
46162,K7L819
46163,K7L822
46164,K7L827
46165,K7L828
46166,K7L829
46167,K7L830
46168,K7L831
46169,K7L832
46170,K7L833
46171,K7L836
46172,K7L837
46173,K7L838
46174,K7L840
46175,K7L846
46176,K7L851
46177,K7L852
46178,K7L853
46179,K7L863
46180,K7L865
46181,K7L866
46182,K7L875
46183,K7L881
46184,K7L882
46185,K7L884
46186,K7L886
46187,K7L888
46188,K7L889
46189,K7L890
46190,K7L891
46191,K7L892
46192,K7L894
46193,K7L895
46194,K7L897
46195,K7L898
46196,K7L8A0
46197,K7L8A1
46198,K7L8A3
46199,K7L8A6
46200,K7L8B0
46201,K7L8B5
46202,K7L8B7
46203,K7L8B8
46204,K7L8C1
46205,K7L8C5
46206,K7L8C6
46207,K7L8C8
46208,K7L8D4
46209,K7L8D9
46210,K7L8E0
46211,K7L8E5
46212,K7L8E8
46213,K7L8F2
46214,K7L8F3
46215,K7L8F4
46216,K7L8F5
46217,K7L8G1
46218,K7L8G9
46219,K7L8H0
46220,K7L8H2
46221,K7L8H3
46222,K7L8I1
46223,K7L8I2
46224,K7L8I4
46225,K7L8I5
46226,K7L8I7
46227,K7L8I8
46228,K7L8J0
46229,K7L8J3
46230,K7L8K5
46231,K7L8K6
46232,K7L8L4
46233,K7L8L5
46234,K7L8L6
46235,K7L8L8
46236,K7L8M4
46237,K7L8M7
46238,K7L8N1
46239,K7L8N5
46240,K7L8N6
46241,K7L8N8
46242,K7L8P5
46243,K7L8P6
46244,K7L8P7
46245,K7L8P8
46246,K7L8Q2
46247,K7L8Q9
46248,K7L8R0
46249,K7L8R2
46250,K7L8R7
46251,K7L8S8
46252,K7L8U0
46253,K7L8U3
46254,K7L8U4
46255,K7L8U9
46256,K7L8V0
46257,K7L8V1
46258,K7L8W0
46259,K7L8W1
46260,K7L8W2
46261,K7L8W5
46262,K7L8W6
46263,K7L8W8
46264,K7L8W9
46265,K7L8X0
46266,K7L8X1
46267,K7L8X4
46268,K7L8X8
46269,K7L8Y3
46270,K7L8Y4
46271,K7L8Y6
46272,K7L8Y9
46273,K7L8Z1
46274,K7L8Z2
46275,K7L8Z3
46276,K7L8Z4
46277,K7L8Z5
46278,K7L8Z6
46279,K7L8Z7
46280,K7L8Z8
46281,K7L8Z9
46282,K7L904
46283,K7L905
46284,K7L906
46285,K7L909
46286,K7L910
46287,K7L922
46288,K7L929
46289,K7L930
46290,K7L935
46291,K7L939
46292,K7L940
46293,K7L942
46294,K7L943
46295,K7L944
46296,K7L947
46297,K7L948
46298,K7L949
46299,K7L952
46300,K7L954
46301,K7L956
46302,K7L959
46303,K7L961
46304,K7L963
46305,K7L965
46306,K7L967
46307,K7L968
46308,K7L970
46309,K7L971
46310,K7L973
46311,K7L974
46312,K7L975
46313,K7L976
46314,K7L977
46315,K7L978
46316,K7L979
46317,K7L982
46318,K7L986
46319,K7L988
46320,K7L993
46321,K7L997
46322,K7L999
46323,K7L9A2
46324,K7L9A7
46325,K7L9A8
46326,K7L9B0
46327,K7L9B1
46328,K7L9B3
46329,K7L9C4
46330,K7L9C5
46331,K7L9C6
46332,K7L9C7
46333,K7L9D0
46334,K7L9D2
46335,K7L9D4
46336,K7L9D7
46337,K7L9D8
46338,K7L9D9
46339,K7L9E1
46340,K7L9E2
46341,K7L9E4
46342,K7L9F6
46343,K7L9F8
46344,K7L9G5
46345,K7L9G7
46346,K7L9G8
46347,K7L9H0
46348,K7L9H1
46349,K7L9H2
46350,K7L9H6
46351,K7L9H7
46352,K7L9I0
46353,K7L9I2
46354,K7L9I3
46355,K7L9I4
46356,K7L9I5
46357,K7L9I6
46358,K7L9I7
46359,K7L9I8
46360,K7L9J8
46361,K7L9K2
46362,K7L9K3
46363,K7L9K5
46364,K7L9K7
46365,K7L9L3
46366,K7L9L4
46367,K7L9L6
46368,K7L9L9
46369,K7L9M1
46370,K7L9M2
46371,K7L9N1
46372,K7L9N6
46373,K7L9N8
46374,K7L9P4
46375,K7L9P7
46376,K7L9Q3
46377,K7L9Q7
46378,K7L9Q8
46379,K7L9R3
46380,K7L9R5
46381,K7L9R6
46382,K7L9R9
46383,K7L9S1
46384,K7L9S3
46385,K7L9S4
46386,K7L9S6
46387,K7L9S8
46388,K7L9T0
46389,K7L9T2
46390,K7L9T3
46391,K7L9T5
46392,K7L9T6
46393,K7L9T7
46394,K7L9U1
46395,K7L9U2
46396,K7L9U3
46397,K7L9U4
46398,K7L9U6
46399,K7L9V2
46400,K7L9V3
46401,K7L9V4
46402,K7L9V6
46403,K7L9V7
46404,K7L9V9
46405,K7L9W0
46406,K7L9W1
46407,K7L9W3
46408,K7L9W9
46409,K7L9X0
46410,K7L9X1
46411,K7L9X3
46412,K7L9X5
46413,K7L9X9
46414,K7L9Y2
46415,K7L9Y6
46416,K7L9Z1
46417,K7L9Z3
46418,K7L9Z5
46419,K7L9Z7
46420,K7LA00
46421,K7LA02
46422,K7LA03
46423,K7LA05
46424,K7LA06
46425,K7LA07
46426,K7LA08
46427,K7LA09
46428,K7LA10
46429,K7LA14
46430,K7LA18
46431,K7LA23
46432,K7LA24
46433,K7LA28
46434,K7LA33
46435,K7LA34
46436,K7LA36
46437,K7LA40
46438,K7LA42
46439,K7LA44
46440,K7LA48
46441,K7LA50
46442,K7LA52
46443,K7LA55
46444,K7LA57
46445,K7LA60
46446,K7LA61
46447,K7LA62
46448,K7LA63
46449,K7LA64
46450,K7LA67
46451,K7LA68
46452,K7LA71
46453,K7LA72
46454,K7LA74
46455,K7LA76
46456,K7LA79
46457,K7LA84
46458,K7LA86
46459,K7LA87
46460,K7LA88
46461,K7LA91
46462,K7LA93
46463,K7LA94
46464,K7LA95
46465,K7LA96
46466,K7LA97
46467,K7LAA1
46468,K7LAA4
46469,K7LAA5
46470,K7LAA6
46471,K7LAA9
46472,K7LAB2
46473,K7LAB3
46474,K7LAB4
46475,K7LAB5
46476,K7LAB8
46477,K7LAC1
46478,K7LAC2
46479,K7LAC4
46480,K7LAC5
46481,K7LAC8
46482,K7LAD0
46483,K7LAD3
46484,K7LAD4
46485,K7LAD5
46486,K7LAE0
46487,K7LAE3
46488,K7LAE9
46489,K7LAF0
46490,K7LAF2
46491,K7LAF9
46492,K7LAG9
46493,K7LAH0
46494,K7LAH3
46495,K7LAI1
46496,K7LAI6
46497,K7LAI9
46498,K7LAJ5
46499,K7LAK0
46500,K7LAK2
46501,K7LAK3
46502,K7LAK4
46503,K7LAL0
46504,K7LAL1
46505,K7LAL2
46506,K7LAL5
46507,K7LAL6
46508,K7LAL7
46509,K7LAL8
46510,K7LAL9
46511,K7LAM2
46512,K7LAM7
46513,K7LAM8
46514,K7LAN2
46515,K7LAN6
46516,K7LAN7
46517,K7LAN8
46518,K7LAN9
46519,K7LAP1
46520,K7LAP2
46521,K7LAP3
46522,K7LAP4
46523,K7LAP6
46524,K7LAQ0
46525,K7LAQ1
46526,K7LAQ3
46527,K7LAQ5
46528,K7LAR3
46529,K7LAR9
46530,K7LAS0
46531,K7LAS2
46532,K7LAS5
46533,K7LAS7
46534,K7LAS8
46535,K7LAS9
46536,K7LAT1
46537,K7LAT6
46538,K7LAT7
46539,K7LAT9
46540,K7LAU1
46541,K7LAU2
46542,K7LAU3
46543,K7LAU6
46544,K7LAU9
46545,K7LAV1
46546,K7LAV4
46547,K7LAV5
46548,K7LAV8
46549,K7LAV9
46550,K7LAW0
46551,K7LAW2
46552,K7LAW6
46553,K7LAW8
46554,K7LAX0
46555,K7LAX2
46556,K7LAX4
46557,K7LAX7
46558,K7LAX8
46559,K7LAX9
46560,K7LAY1
46561,K7LAY5
46562,K7LAY6
46563,K7LAY7
46564,K7LAY8
46565,K7LAZ1
46566,K7LAZ4
46567,K7LB05
46568,K7LB09
46569,K7LB13
46570,K7LB16
46571,K7LB18
46572,K7LB20
46573,K7LB21
46574,K7LB30
46575,K7LB35
46576,K7LB36
46577,K7LB38
46578,K7LB39
46579,K7LB43
46580,K7LB46
46581,K7LB47
46582,K7LB48
46583,K7LB49
46584,K7LB51
46585,K7LB52
46586,K7LB54
46587,K7LB55
46588,K7LB60
46589,K7LB61
46590,K7LB63
46591,K7LB64
46592,K7LB65
46593,K7LB72
46594,K7LB76
46595,K7LB78
46596,K7LB81
46597,K7LB82
46598,K7LB83
46599,K7LB84
46600,K7LB85
46601,K7LB86
46602,K7LB88
46603,K7LB94
46604,K7LB97
46605,K7LB98
46606,K7LBA1
46607,K7LBA2
46608,K7LBA3
46609,K7LBA7
46610,K7LBB2
46611,K7LBB5
46612,K7LBB9
46613,K7LBC1
46614,K7LBC3
46615,K7LBC4
46616,K7LBC9
46617,K7LBD1
46618,K7LBD3
46619,K7LBD6
46620,K7LBE6
46621,K7LBE8
46622,K7LBE9
46623,K7LBF2
46624,K7LBF4
46625,K7LBF5
46626,K7LBF6
46627,K7LBF7
46628,K7LBG0
46629,K7LBG2
46630,K7LBG5
46631,K7LBG6
46632,K7LBG7
46633,K7LBG8
46634,K7LBG9
46635,K7LBH0
46636,K7LBH1
46637,K7LBH7
46638,K7LBI0
46639,K7LBI1
46640,K7LBJ2
46641,K7LBJ3
46642,K7LBJ4
46643,K7LBJ6
46644,K7LBK3
46645,K7LBK6
46646,K7LBK9
46647,K7LBL5
46648,K7LBL6
46649,K7LBL9
46650,K7LBM0
46651,K7LBM1
46652,K7LBM2
46653,K7LBN1
46654,K7LBN2
46655,K7LBN3
46656,K7LBN6
46657,K7LBN8
46658,K7LBP0
46659,K7LBP2
46660,K7LBP8
46661,K7LBP9
46662,K7LBQ2
46663,K7LBQ5
46664,K7LBQ8
46665,K7LBR0
46666,K7LBR1
46667,K7LBR2
46668,K7LBR4
46669,K7LBR6
46670,K7LBR8
46671,K7LBR9
46672,K7LBS0
46673,K7LBS1
46674,K7LBT2
46675,K7LBT3
46676,K7LBT4
46677,K7LBT5
46678,K7LBT7
46679,K7LBT8
46680,K7LBU0
46681,K7LBU2
46682,K7LBU5
46683,K7LBU6
46684,K7LBV0
46685,K7LBV2
46686,K7LBV3
46687,K7LBV4
46688,K7LBV6
46689,K7LBV7
46690,K7LBV8
46691,K7LBV9
46692,K7LBW1
46693,K7LBW2
46694,K7LBW3
46695,K7LBW6
46696,K7LBW7
46697,K7LBW8
46698,K7LBX2
46699,K7LBX4
46700,K7LBX5
46701,K7LBX7
46702,K7LBX8
46703,K7LBY1
46704,K7LBY2
46705,K7LBY6
46706,K7LBY7
46707,K7LBZ2
46708,K7LBZ9
46709,K7LC01
46710,K7LC02
46711,K7LC03
46712,K7LC06
46713,K7LC07
46714,K7LC08
46715,K7LC11
46716,K7LC17
46717,K7LC18
46718,K7LC20
46719,K7LC21
46720,K7LC23
46721,K7LC27
46722,K7LC28
46723,K7LC29
46724,K7LC32
46725,K7LC34
46726,K7LC36
46727,K7LC37
46728,K7LC39
46729,K7LC40
46730,K7LC41
46731,K7LC43
46732,K7LC46
46733,K7LC52
46734,K7LC53
46735,K7LC54
46736,K7LC58
46737,K7LC59
46738,K7LC61
46739,K7LC64
46740,K7LC65
46741,K7LC67
46742,K7LC68
46743,K7LC70
46744,K7LC71
46745,K7LC73
46746,K7LC74
46747,K7LC79
46748,K7LC81
46749,K7LC82
46750,K7LC88
46751,K7LC90
46752,K7LC91
46753,K7LC93
46754,K7LC94
46755,K7LC96
46756,K7LCA0
46757,K7LCA3
46758,K7LCA4
46759,K7LCA5
46760,K7LCA6
46761,K7LCB1
46762,K7LCB5
46763,K7LCB7
46764,K7LCC0
46765,K7LCC3
46766,K7LCC7
46767,K7LCD3
46768,K7LCD4
46769,K7LCD5
46770,K7LCD6
46771,K7LCD9
46772,K7LCE1
46773,K7LCE6
46774,K7LCE8
46775,K7LCF0
46776,K7LCF1
46777,K7LCF8
46778,K7LCG1
46779,K7LCG3
46780,K7LCG4
46781,K7LCG7
46782,K7LCG9
46783,K7LCH3
46784,K7LCH9
46785,K7LCI0
46786,K7LCI8
46787,K7LCI9
46788,K7LCJ1
46789,K7LCJ5
46790,K7LCJ7
46791,K7LCJ9
46792,K7LCK2
46793,K7LCK4
46794,K7LCK5
46795,K7LCK9
46796,K7LCL0
46797,K7LCL1
46798,K7LCL3
46799,K7LCL4
46800,K7LCL6
46801,K7LCL7
46802,K7LCL8
46803,K7LCM2
46804,K7LCM4
46805,K7LCM5
46806,K7LCN4
46807,K7LCN6
46808,K7LCN9
46809,K7LCP1
46810,K7LCP5
46811,K7LCP6
46812,K7LCP7
46813,K7LCP9
46814,K7LCQ1
46815,K7LCQ8
46816,K7LCR0
46817,K7LCR2
46818,K7LCS3
46819,K7LCS5
46820,K7LCS6
46821,K7LCS7
46822,K7LCT4
46823,K7LCT9
46824,K7LCU0
46825,K7LCU1
46826,K7LCU2
46827,K7LCU3
46828,K7LCU4
46829,K7LCU5
46830,K7LCU7
46831,K7LCU9
46832,K7LCV2
46833,K7LCV5
46834,K7LCV8
46835,K7LCW2
46836,K7LCW3
46837,K7LCW8
46838,K7LCX4
46839,K7LCX5
46840,K7LCX8
46841,K7LCY1
46842,K7LCY3
46843,K7LCY5
46844,K7LCY6
46845,K7LCZ0
46846,K7LCZ1
46847,K7LCZ5
46848,K7LCZ8
46849,K7LD07
46850,K7LD09
46851,K7LD14
46852,K7LD21
46853,K7LD22
46854,K7LD23
46855,K7LD29
46856,K7LD34
46857,K7LD35
46858,K7LD37
46859,K7LD39
46860,K7LD40
46861,K7LD42
46862,K7LD43
46863,K7LD45
46864,K7LD47
46865,K7LD48
46866,K7LD50
46867,K7LD54
46868,K7LD55
46869,K7LD58
46870,K7LD59
46871,K7LD61
46872,K7LD64
46873,K7LD67
46874,K7LD71
46875,K7LD72
46876,K7LD73
46877,K7LD74
46878,K7LD75
46879,K7LD79
46880,K7LD80
46881,K7LD83
46882,K7LD84
46883,K7LD85
46884,K7LD86
46885,K7LD87
46886,K7LD90
46887,K7LD91
46888,K7LD94
46889,K7LD98
46890,K7LD99
46891,K7LDA1
46892,K7LDA4
46893,K7LDA5
46894,K7LDA7
46895,K7LDB3
46896,K7LDB6
46897,K7LDB7
46898,K7LDB8
46899,K7LDC0
46900,K7LDC4
46901,K7LDC7
46902,K7LDD1
46903,K7LDD3
46904,K7LDD8
46905,K7LDE0
46906,K7LDE1
46907,K7LDE2
46908,K7LDE5
46909,K7LDE7
46910,K7LDE9
46911,K7LDF1
46912,K7LDF3
46913,K7LDF6
46914,K7LDF7
46915,K7LDG0
46916,K7LDG1
46917,K7LDG3
46918,K7LDG5
46919,K7LDH1
46920,K7LDH2
46921,K7LDH3
46922,K7LDH4
46923,K7LDH7
46924,K7LDI2
46925,K7LDI5
46926,K7LDI8
46927,K7LDJ0
46928,K7LDJ2
46929,K7LDJ6
46930,K7LDJ8
46931,K7LDK0
46932,K7LDK4
46933,K7LDK7
46934,K7LDK8
46935,K7LDL7
46936,K7LDL9
46937,K7LDM1
46938,K7LDM2
46939,K7LDM3
46940,K7LDM8
46941,K7LDM9
46942,K7LDN0
46943,K7LDN1
46944,K7LDN4
46945,K7LDN7
46946,K7LDN8
46947,K7LDP1
46948,K7LDP4
46949,K7LDP5
46950,K7LDP7
46951,K7LDQ1
46952,K7LDQ2
46953,K7LDQ3
46954,K7LDQ4
46955,K7LDQ6
46956,K7LDQ8
46957,K7LDQ9
46958,K7LDR0
46959,K7LDR8
46960,K7LDR9
46961,K7LDS1
46962,K7LDS5
46963,K7LDS8
46964,K7LDT0
46965,K7LDT1
46966,K7LDT2
46967,K7LDT3
46968,K7LDT5
46969,K7LDT6
46970,K7LDT9
46971,K7LDU0
46972,K7LDU4
46973,K7LDU5
46974,K7LDU7
46975,K7LDU9
46976,K7LDV3
46977,K7LDV5
46978,K7LDV8
46979,K7LDW4
46980,K7LDW7
46981,K7LDX0
46982,K7LDX2
46983,K7LDX3
46984,K7LDX5
46985,K7LDX6
46986,K7LDY1
46987,K7LDY3
46988,K7LDZ2
46989,K7LDZ4
46990,K7LDZ5
46991,K7LDZ6
46992,K7LDZ8
46993,K7LDZ9
46994,K7LE00
46995,K7LE02
46996,K7LE04
46997,K7LE06
46998,K7LE08
46999,K7LE13
47000,K7LE14
47001,K7LE15
47002,K7LE20
47003,K7LE23
47004,K7LE28
47005,K7LE29
47006,K7LE33
47007,K7LE35
47008,K7LE37
47009,K7LE39
47010,K7LE40
47011,K7LE41
47012,K7LE42
47013,K7LE43
47014,K7LE44
47015,K7LE45
47016,K7LE47
47017,K7LE49
47018,K7LE53
47019,K7LE64
47020,K7LE65
47021,K7LE66
47022,K7LE73
47023,K7LE75
47024,K7LE79
47025,K7LE80
47026,K7LE86
47027,K7LE88
47028,K7LE89
47029,K7LE90
47030,K7LE91
47031,K7LE93
47032,K7LE95
47033,K7LE97
47034,K7LEA1
47035,K7LEA7
47036,K7LEB0
47037,K7LEB1
47038,K7LEB4
47039,K7LEB6
47040,K7LEB7
47041,K7LEC1
47042,K7LEC2
47043,K7LEC4
47044,K7LEC8
47045,K7LEE1
47046,K7LEE2
47047,K7LEE6
47048,K7LEE9
47049,K7LEF4
47050,K7LEF8
47051,K7LEF9
47052,K7LEG0
47053,K7LEG4
47054,K7LEG7
47055,K7LEG9
47056,K7LEH0
47057,K7LEH2
47058,K7LEH3
47059,K7LEI2
47060,K7LEI5
47061,K7LEI8
47062,K7LEJ5
47063,K7LEJ6
47064,K7LEK2
47065,K7LEK5
47066,K7LEL0
47067,K7LEL2
47068,K7LEL3
47069,K7LEL4
47070,K7LEL5
47071,K7LEL6
47072,K7LEL9
47073,K7LEM1
47074,K7LEM2
47075,K7LEM3
47076,K7LEM5
47077,K7LEM7
47078,K7LEM9
47079,K7LEN5
47080,K7LEN6
47081,K7LEN8
47082,K7LEN9
47083,K7LEP2
47084,K7LEP5
47085,K7LEP7
47086,K7LEQ0
47087,K7LEQ1
47088,K7LEQ2
47089,K7LEQ5
47090,K7LEQ6
47091,K7LEQ7
47092,K7LEQ8
47093,K7LEQ9
47094,K7LER1
47095,K7LER3
47096,K7LER4
47097,K7LER5
47098,K7LER6
47099,K7LER7
47100,K7LES0
47101,K7LES2
47102,K7LES3
47103,K7LES5
47104,K7LES9
47105,K7LET3
47106,K7LET9
47107,K7LEU5
47108,K7LEU7
47109,K7LEV3
47110,K7LEV4
47111,K7LEV6
47112,K7LEW0
47113,K7LEW2
47114,K7LEW4
47115,K7LEW5
47116,K7LEW8
47117,K7LEW9
47118,K7LEX1
47119,K7LEX2
47120,K7LEX3
47121,K7LEX4
47122,K7LEY2
47123,K7LEY9
47124,K7LEZ0
47125,K7LEZ9
47126,K7LF02
47127,K7LF03
47128,K7LF04
47129,K7LF06
47130,K7LF07
47131,K7LF08
47132,K7LF09
47133,K7LF15
47134,K7LF17
47135,K7LF19
47136,K7LF21
47137,K7LF22
47138,K7LF24
47139,K7LF25
47140,K7LF27
47141,K7LF31
47142,K7LF32
47143,K7LF33
47144,K7LF34
47145,K7LF35
47146,K7LF36
47147,K7LF38
47148,K7LF40
47149,K7LF43
47150,K7LF46
47151,K7LF48
47152,K7LF49
47153,K7LF50
47154,K7LF51
47155,K7LF52
47156,K7LF59
47157,K7LF60
47158,K7LF61
47159,K7LF62
47160,K7LF63
47161,K7LF65
47162,K7LF67
47163,K7LF69
47164,K7LF72
47165,K7LF74
47166,K7LF76
47167,K7LF83
47168,K7LF84
47169,K7LF85
47170,K7LF89
47171,K7LF92
47172,K7LF93
47173,K7LF94
47174,K7LF97
47175,K7LF98
47176,K7LFA0
47177,K7LFA2
47178,K7LFA3
47179,K7LFA9
47180,K7LFB6
47181,K7LFB7
47182,K7LFB9
47183,K7LFC0
47184,K7LFC1
47185,K7LFC2
47186,K7LFC4
47187,K7LFC6
47188,K7LFC7
47189,K7LFC8
47190,K7LFD0
47191,K7LFD1
47192,K7LFD3
47193,K7LFD7
47194,K7LFD8
47195,K7LFE0
47196,K7LFE5
47197,K7LFF1
47198,K7LFF2
47199,K7LFF4
47200,K7LFF8
47201,K7LFG5
47202,K7LFG8
47203,K7LFH4
47204,K7LFH5
47205,K7LFH7
47206,K7LFH8
47207,K7LFH9
47208,K7LFI0
47209,K7LFI1
47210,K7LFI2
47211,K7LFI3
47212,K7LFI6
47213,K7LFI7
47214,K7LFJ0
47215,K7LFJ1
47216,K7LFJ2
47217,K7LFJ3
47218,K7LFJ5
47219,K7LFJ6
47220,K7LFJ7
47221,K7LFJ8
47222,K7LFK0
47223,K7LFK6
47224,K7LFK9
47225,K7LFL4
47226,K7LFL5
47227,K7LFL7
47228,K7LFL8
47229,K7LFM5
47230,K7LFM7
47231,K7LFM9
47232,K7LFN0
47233,K7LFN8
47234,K7LFP0
47235,K7LFP2
47236,K7LFP3
47237,K7LFP6
47238,K7LFP7
47239,K7LFQ1
47240,K7LFQ2
47241,K7LFQ4
47242,K7LFQ6
47243,K7LFQ7
47244,K7LFQ8
47245,K7LFQ9
47246,K7LFR1
47247,K7LFR2
47248,K7LFR3
47249,K7LFR7
47250,K7LFS0
47251,K7LFS2
47252,K7LFS6
47253,K7LFS7
47254,K7LFT1
47255,K7LFT5
47256,K7LFT8
47257,K7LFU2
47258,K7LFU3
47259,K7LFU4
47260,K7LFU5
47261,K7LFU6
47262,K7LFU7
47263,K7LFV0
47264,K7LFV1
47265,K7LFV2
47266,K7LFV3
47267,K7LFV6
47268,K7LFW0
47269,K7LFW2
47270,K7LFW4
47271,K7LFW5
47272,K7LFW8
47273,K7LFX4
47274,K7LFX5
47275,K7LFX6
47276,K7LFX7
47277,K7LFX9
47278,K7LFY4
47279,K7LFY8
47280,K7LFZ2
47281,K7LFZ4
47282,K7LG00
47283,K7LG03
47284,K7LG04
47285,K7LG05
47286,K7LG12
47287,K7LG15
47288,K7LG16
47289,K7LG20
47290,K7LG23
47291,K7LG26
47292,K7LG27
47293,K7LG28
47294,K7LG31
47295,K7LG32
47296,K7LG33
47297,K7LG34
47298,K7LG40
47299,K7LG42
47300,K7LG44
47301,K7LG45
47302,K7LG47
47303,K7LG49
47304,K7LG51
47305,K7LG52
47306,K7LG53
47307,K7LG54
47308,K7LG58
47309,K7LG63
47310,K7LG64
47311,K7LG65
47312,K7LG70
47313,K7LG71
47314,K7LG72
47315,K7LG74
47316,K7LG76
47317,K7LG80
47318,K7LG81
47319,K7LG83
47320,K7LG88
47321,K7LG97
47322,K7LGA0
47323,K7LGA1
47324,K7LGA4
47325,K7LGA6
47326,K7LGA7
47327,K7LGA8
47328,K7LGB1
47329,K7LGB2
47330,K7LGB3
47331,K7LGB4
47332,K7LGC1
47333,K7LGC2
47334,K7LGC3
47335,K7LGC4
47336,K7LGC8
47337,K7LGD3
47338,K7LGD4
47339,K7LGD7
47340,K7LGE0
47341,K7LGE1
47342,K7LGE3
47343,K7LGE5
47344,K7LGF8
47345,K7LGG0
47346,K7LGG1
47347,K7LGG5
47348,K7LGG7
47349,K7LGH0
47350,K7LGH4
47351,K7LGH6
47352,K7LGH7
47353,K7LGH8
47354,K7LGI1
47355,K7LGI2
47356,K7LGI9
47357,K7LGJ2
47358,K7LGJ4
47359,K7LGJ5
47360,K7LGJ7
47361,K7LGJ8
47362,K7LGK0
47363,K7LGK1
47364,K7LGK2
47365,K7LGK4
47366,K7LGK6
47367,K7LGK8
47368,K7LGK9
47369,K7LGL7
47370,K7LGM2
47371,K7LGM5
47372,K7LGM6
47373,K7LGN6
47374,K7LGP0
47375,K7LGP1
47376,K7LGP4
47377,K7LGP6
47378,K7LGP8
47379,K7LGQ1
47380,K7LGQ3
47381,K7LGQ4
47382,K7LGQ5
47383,K7LGQ6
47384,K7LGQ7
47385,K7LGQ8
47386,K7LGQ9
47387,K7LGR1
47388,K7LGR2
47389,K7LGR6
47390,K7LGR8
47391,K7LGR9
47392,K7LGS0
47393,K7LGS2
47394,K7LGS3
47395,K7LGS6
47396,K7LGT3
47397,K7LGT6
47398,K7LGT7
47399,K7LGT9
47400,K7LGU0
47401,K7LGU1
47402,K7LGU2
47403,K7LGU7
47404,K7LGU8
47405,K7LGV3
47406,K7LGV6
47407,K7LGV7
47408,K7LGW1
47409,K7LGW4
47410,K7LGW5
47411,K7LGX0
47412,K7LGX1
47413,K7LGX4
47414,K7LGY3
47415,K7LGY4
47416,K7LGY5
47417,K7LGY9
47418,K7LGZ1
47419,K7LGZ3
47420,K7LGZ4
47421,K7LGZ5
47422,K7LGZ7
47423,K7LGZ8
47424,K7LH02
47425,K7LH04
47426,K7LH05
47427,K7LH06
47428,K7LH10
47429,K7LH11
47430,K7LH14
47431,K7LH16
47432,K7LH19
47433,K7LH21
47434,K7LH22
47435,K7LH23
47436,K7LH24
47437,K7LH29
47438,K7LH30
47439,K7LH33
47440,K7LH36
47441,K7LH38
47442,K7LH39
47443,K7LH40
47444,K7LH43
47445,K7LH46
47446,K7LH61
47447,K7LH64
47448,K7LH67
47449,K7LH70
47450,K7LH74
47451,K7LH75
47452,K7LH77
47453,K7LH83
47454,K7LH84
47455,K7LH85
47456,K7LH87
47457,K7LH88
47458,K7LH98
47459,K7LH99
47460,K7LHA2
47461,K7LHA5
47462,K7LHA6
47463,K7LHB2
47464,K7LHB7
47465,K7LHC3
47466,K7LHC5
47467,K7LHC7
47468,K7LHC9
47469,K7LHD6
47470,K7LHE0
47471,K7LHE2
47472,K7LHE4
47473,K7LHE5
47474,K7LHE9
47475,K7LHF0
47476,K7LHF1
47477,K7LHF2
47478,K7LHF4
47479,K7LHF7
47480,K7LHF9
47481,K7LHG3
47482,K7LHG4
47483,K7LHG9
47484,K7LHH0
47485,K7LHH3
47486,K7LHH4
47487,K7LHH9
47488,K7LHI1
47489,K7LHI3
47490,K7LHI5
47491,K7LHI7
47492,K7LHJ0
47493,K7LHJ4
47494,K7LHJ5
47495,K7LHJ6
47496,K7LHJ7
47497,K7LHK7
47498,K7LHK8
47499,K7LHK9
47500,K7LHL0
47501,K7LHL3
47502,K7LHL4
47503,K7LHL6
47504,K7LHL7
47505,K7LHL8
47506,K7LHM2
47507,K7LHM4
47508,K7LHM5
47509,K7LHM9
47510,K7LHN2
47511,K7LHN4
47512,K7LHN5
47513,K7LHN6
47514,K7LHN7
47515,K7LHN8
47516,K7LHP0
47517,K7LHP1
47518,K7LHP2
47519,K7LHP3
47520,K7LHP4
47521,K7LHP8
47522,K7LHP9
47523,K7LHQ4
47524,K7LHQ5
47525,K7LHQ6
47526,K7LHQ9
47527,K7LHR2
47528,K7LHR5
47529,K7LHR6
47530,K7LHS0
47531,K7LHS1
47532,K7LHS3
47533,K7LHS4
47534,K7LHS5
47535,K7LHS6
47536,K7LHS7
47537,K7LHS9
47538,K7LHT0
47539,K7LHT1
47540,K7LHT2
47541,K7LHT3
47542,K7LHT4
47543,K7LHT6
47544,K7LHT8
47545,K7LHT9
47546,K7LHU0
47547,K7LHU1
47548,K7LHU4
47549,K7LHU8
47550,K7LHV6
47551,K7LHV9
47552,K7LHW6
47553,K7LHW8
47554,K7LHW9
47555,K7LHX0
47556,K7LHX1
47557,K7LHX2
47558,K7LHX6
47559,K7LHX7
47560,K7LHX8
47561,K7LHY0
47562,K7LHY2
47563,K7LHY3
47564,K7LHY4
47565,K7LHY6
47566,K7LHY7
47567,K7LHY8
47568,K7LHZ0
47569,K7LHZ2
47570,K7LHZ3
47571,K7LHZ4
47572,K7LHZ7
47573,K7LHZ9
47574,K7LI00
47575,K7LI04
47576,K7LI06
47577,K7LI10
47578,K7LI15
47579,K7LI16
47580,K7LI17
47581,K7LI19
47582,K7LI22
47583,K7LI23
47584,K7LI24
47585,K7LI26
47586,K7LI29
47587,K7LI30
47588,K7LI32
47589,K7LI34
47590,K7LI35
47591,K7LI37
47592,K7LI38
47593,K7LI39
47594,K7LI40
47595,K7LI41
47596,K7LI42
47597,K7LI46
47598,K7LI47
47599,K7LI48
47600,K7LI56
47601,K7LI58
47602,K7LI65
47603,K7LI67
47604,K7LI68
47605,K7LI69
47606,K7LI72
47607,K7LI73
47608,K7LI79
47609,K7LI80
47610,K7LI81
47611,K7LI85
47612,K7LI87
47613,K7LI90
47614,K7LI95
47615,K7LI97
47616,K7LI98
47617,K7LIA1
47618,K7LIA3
47619,K7LIA5
47620,K7LIA7
47621,K7LIB1
47622,K7LIB2
47623,K7LIB3
47624,K7LIB5
47625,K7LIB7
47626,K7LIC6
47627,K7LIC7
47628,K7LIC8
47629,K7LID1
47630,K7LID2
47631,K7LID6
47632,K7LID8
47633,K7LIE1
47634,K7LIE3
47635,K7LIE8
47636,K7LIF1
47637,K7LIF2
47638,K7LIF4
47639,K7LIF5
47640,K7LIF8
47641,K7LIF9
47642,K7LIG5
47643,K7LIG6
47644,K7LIH0
47645,K7LIH1
47646,K7LIH3
47647,K7LIH8
47648,K7LII0
47649,K7LII3
47650,K7LII5
47651,K7LII7
47652,K7LII8
47653,K7LII9
47654,K7LIJ0
47655,K7LIJ2
47656,K7LIJ3
47657,K7LIJ4
47658,K7LIK2
47659,K7LIL0
47660,K7LIL5
47661,K7LIL9
47662,K7LIM7
47663,K7LIM8
47664,K7LIN1
47665,K7LIN5
47666,K7LIN7
47667,K7LIN8
47668,K7LIN9
47669,K7LIP0
47670,K7LIP1
47671,K7LIP2
47672,K7LIP4
47673,K7LIP9
47674,K7LIQ4
47675,K7LIQ5
47676,K7LIQ6
47677,K7LIR0
47678,K7LIR1
47679,K7LIR2
47680,K7LIR4
47681,K7LIR6
47682,K7LIS0
47683,K7LIT0
47684,K7LIT1
47685,K7LIT2
47686,K7LIT3
47687,K7LIT8
47688,K7LIU0
47689,K7LIU3
47690,K7LIU4
47691,K7LIU5
47692,K7LIU8
47693,K7LIV0
47694,K7LIV1
47695,K7LIV3
47696,K7LIV9
47697,K7LIW2
47698,K7LIW6
47699,K7LIW8
47700,K7LIW9
47701,K7LIX0
47702,K7LIX2
47703,K7LIX3
47704,K7LIX5
47705,K7LIX7
47706,K7LIY0
47707,K7LIY1
47708,K7LIY2
47709,K7LIY3
47710,K7LIY5
47711,K7LIY6
47712,K7LIZ3
47713,K7LIZ7
47714,K7LIZ8
47715,K7LJ00
47716,K7LJ01
47717,K7LJ02
47718,K7LJ03
47719,K7LJ04
47720,K7LJ06
47721,K7LJ07
47722,K7LJ10
47723,K7LJ11
47724,K7LJ14
47725,K7LJ16
47726,K7LJ17
47727,K7LJ18
47728,K7LJ21
47729,K7LJ23
47730,K7LJ24
47731,K7LJ27
47732,K7LJ29
47733,K7LJ31
47734,K7LJ32
47735,K7LJ36
47736,K7LJ37
47737,K7LJ38
47738,K7LJ40
47739,K7LJ41
47740,K7LJ45
47741,K7LJ48
47742,K7LJ49
47743,K7LJ50
47744,K7LJ51
47745,K7LJ52
47746,K7LJ53
47747,K7LJ55
47748,K7LJ58
47749,K7LJ59
47750,K7LJ62
47751,K7LJ63
47752,K7LJ64
47753,K7LJ66
47754,K7LJ67
47755,K7LJ72
47756,K7LJ76
47757,K7LJ78
47758,K7LJ79
47759,K7LJ82
47760,K7LJ84
47761,K7LJ87
47762,K7LJ90
47763,K7LJ92
47764,K7LJ94
47765,K7LJ95
47766,K7LJ97
47767,K7LJA0
47768,K7LJA2
47769,K7LJA7
47770,K7LJA8
47771,K7LJB0
47772,K7LJB2
47773,K7LJB3
47774,K7LJC2
47775,K7LJC3
47776,K7LJC4
47777,K7LJC5
47778,K7LJD0
47779,K7LJD3
47780,K7LJD5
47781,K7LJD6
47782,K7LJD7
47783,K7LJE2
47784,K7LJE3
47785,K7LJE7
47786,K7LJE8
47787,K7LJF0
47788,K7LJF1
47789,K7LJF4
47790,K7LJF6
47791,K7LJG3
47792,K7LJG5
47793,K7LJG7
47794,K7LJG8
47795,K7LJG9
47796,K7LJH0
47797,K7LJH2
47798,K7LJH5
47799,K7LJH7
47800,K7LJI2
47801,K7LJI3
47802,K7LJI4
47803,K7LJI5
47804,K7LJI7
47805,K7LJI8
47806,K7LJI9
47807,K7LJJ0
47808,K7LJJ3
47809,K7LJJ4
47810,K7LJJ7
47811,K7LJK1
47812,K7LJK2
47813,K7LJK3
47814,K7LJK4
47815,K7LJL2
47816,K7LJL4
47817,K7LJM0
47818,K7LJM2
47819,K7LJM5
47820,K7LJM6
47821,K7LJN0
47822,K7LJN1
47823,K7LJN2
47824,K7LJN3
47825,K7LJN4
47826,K7LJN9
47827,K7LJP0
47828,K7LJP2
47829,K7LJP4
47830,K7LJP6
47831,K7LJP8
47832,K7LJR0
47833,K7LJR3
47834,K7LJR6
47835,K7LJR9
47836,K7LJS2
47837,K7LJS6
47838,K7LJS8
47839,K7LJT2
47840,K7LJT4
47841,K7LJT5
47842,K7LJT9
47843,K7LJU0
47844,K7LJV0
47845,K7LJV1
47846,K7LJV3
47847,K7LJV8
47848,K7LJW1
47849,K7LJW5
47850,K7LJW8
47851,K7LJX0
47852,K7LJX2
47853,K7LJX3
47854,K7LJX5
47855,K7LJY0
47856,K7LJY1
47857,K7LJY2
47858,K7LJY4
47859,K7LJY8
47860,K7LJZ2
47861,K7LJZ6
47862,K7LJZ9
47863,K7LK00
47864,K7LK09
47865,K7LK12
47866,K7LK13
47867,K7LK17
47868,K7LK18
47869,K7LK30
47870,K7LK35
47871,K7LK36
47872,K7LK37
47873,K7LK46
47874,K7LK48
47875,K7LK50
47876,K7LK51
47877,K7LK56
47878,K7LK59
47879,K7LK62
47880,K7LK63
47881,K7LK66
47882,K7LK70
47883,K7LK74
47884,K7LK78
47885,K7LK80
47886,K7LK81
47887,K7LK82
47888,K7LK84
47889,K7LK85
47890,K7LK88
47891,K7LK91
47892,K7LK95
47893,K7LKA0
47894,K7LKA3
47895,K7LKA4
47896,K7LKA7
47897,K7LKB1
47898,K7LKB2
47899,K7LKB5
47900,K7LKB6
47901,K7LKB9
47902,K7LKC2
47903,K7LKC5
47904,K7LKC7
47905,K7LKD4
47906,K7LKD7
47907,K7LKD9
47908,K7LKE0
47909,K7LKE1
47910,K7LKE2
47911,K7LKE4
47912,K7LKE5
47913,K7LKE6
47914,K7LKF3
47915,K7LKF5
47916,K7LKF7
47917,K7LKF9
47918,K7LKG3
47919,K7LKG4
47920,K7LKG7
47921,K7LKG8
47922,K7LKH7
47923,K7LKH8
47924,K7LKI0
47925,K7LKI4
47926,K7LKI8
47927,K7LKI9
47928,K7LKJ0
47929,K7LKJ1
47930,K7LKJ3
47931,K7LKJ4
47932,K7LKJ5
47933,K7LKJ6
47934,K7LKJ8
47935,K7LKK0
47936,K7LKK1
47937,K7LKK3
47938,K7LKK4
47939,K7LKL0
47940,K7LKL1
47941,K7LKL7
47942,K7LKL8
47943,K7LKL9
47944,K7LKM1
47945,K7LKM4
47946,K7LKM5
47947,K7LKM6
47948,K7LKM8
47949,K7LKM9
47950,K7LKN0
47951,K7LKN6
47952,K7LKP5
47953,K7LKQ1
47954,K7LKQ2
47955,K7LKQ3
47956,K7LKQ5
47957,K7LKQ9
47958,K7LKR1
47959,K7LKR2
47960,K7LKR3
47961,K7LKR7
47962,K7LKR8
47963,K7LKS0
47964,K7LKS1
47965,K7LKS3
47966,K7LKS6
47967,K7LKT0
47968,K7LKT7
47969,K7LKT8
47970,K7LKU3
47971,K7LKU9
47972,K7LKV3
47973,K7LKV4
47974,K7LKV5
47975,K7LKW0
47976,K7LKW5
47977,K7LKW9
47978,K7LKX0
47979,K7LKX1
47980,K7LKX3
47981,K7LKX4
47982,K7LKX9
47983,K7LKY0
47984,K7LKY1
47985,K7LKY4
47986,K7LKY6
47987,K7LKY7
47988,K7LKZ1
47989,K7LKZ2
47990,K7LKZ4
47991,K7LKZ6
47992,K7LKZ8
47993,K7LL02
47994,K7LL04
47995,K7LL05
47996,K7LL07
47997,K7LL08
47998,K7LL10
47999,K7LL14
48000,K7LL16
48001,K7LL17
48002,K7LL18
48003,K7LL19
48004,K7LL20
48005,K7LL22
48006,K7LL23
48007,K7LL25
48008,K7LL31
48009,K7LL35
48010,K7LL37
48011,K7LL40
48012,K7LL41
48013,K7LL43
48014,K7LL44
48015,K7LL46
48016,K7LL55
48017,K7LL56
48018,K7LL58
48019,K7LL59
48020,K7LL60
48021,K7LL62
48022,K7LL70
48023,K7LL72
48024,K7LL74
48025,K7LL76
48026,K7LL78
48027,K7LL80
48028,K7LL82
48029,K7LL84
48030,K7LL85
48031,K7LL87
48032,K7LL88
48033,K7LL89
48034,K7LL92
48035,K7LL95
48036,K7LL96
48037,K7LL98
48038,K7LL99
48039,K7LLA0
48040,K7LLA4
48041,K7LLB0
48042,K7LLB1
48043,K7LLB3
48044,K7LLB5
48045,K7LLB6
48046,K7LLC8
48047,K7LLC9
48048,K7LLD0
48049,K7LLD4
48050,K7LLD6
48051,K7LLD7
48052,K7LLD9
48053,K7LLE0
48054,K7LLE2
48055,K7LLE3
48056,K7LLE5
48057,K7LLE6
48058,K7LLE8
48059,K7LLF0
48060,K7LLF1
48061,K7LLF4
48062,K7LLF6
48063,K7LLF7
48064,K7LLF8
48065,K7LLG4
48066,K7LLG5
48067,K7LLG7
48068,K7LLG9
48069,K7LLH0
48070,K7LLH1
48071,K7LLH2
48072,K7LLH4
48073,K7LLH5
48074,K7LLI0
48075,K7LLI2
48076,K7LLI3
48077,K7LLI4
48078,K7LLI5
48079,K7LLJ1
48080,K7LLJ2
48081,K7LLJ5
48082,K7LLK0
48083,K7LLK9
48084,K7LLL0
48085,K7LLL1
48086,K7LLL2
48087,K7LLL3
48088,K7LLL5
48089,K7LLL6
48090,K7LLM3
48091,K7LLN0
48092,K7LLN2
48093,K7LLN6
48094,K7LLP1
48095,K7LLP2
48096,K7LLP4
48097,K7LLP6
48098,K7LLP9
48099,K7LLQ0
48100,K7LLQ2
48101,K7LLQ7
48102,K7LLR8
48103,K7LLR9
48104,K7LLS8
48105,K7LLT4
48106,K7LLT6
48107,K7LLT8
48108,K7LLU7
48109,K7LLU8
48110,K7LLU9
48111,K7LLV0
48112,K7LLV4
48113,K7LLV5
48114,K7LLV8
48115,K7LLW0
48116,K7LLW6
48117,K7LLW8
48118,K7LLX5
48119,K7LLY0
48120,K7LLY3
48121,K7LLY4
48122,K7LLY5
48123,K7LLZ3
48124,K7LLZ5
48125,K7LLZ6
48126,K7LLZ8
48127,K7LLZ9
48128,K7LM04
48129,K7LM05
48130,K7LM09
48131,K7LM15
48132,K7LM16
48133,K7LM17
48134,K7LM18
48135,K7LM19
48136,K7LM20
48137,K7LM21
48138,K7LM22
48139,K7LM24
48140,K7LM25
48141,K7LM27
48142,K7LM28
48143,K7LM31
48144,K7LM33
48145,K7LM36
48146,K7LM40
48147,K7LM43
48148,K7LM44
48149,K7LM47
48150,K7LM49
48151,K7LM52
48152,K7LM53
48153,K7LM54
48154,K7LM55
48155,K7LM61
48156,K7LM62
48157,K7LM67
48158,K7LM68
48159,K7LM73
48160,K7LM76
48161,K7LM79
48162,K7LM94
48163,K7LMA0
48164,K7LMA2
48165,K7LMA5
48166,K7LMB0
48167,K7LMB4
48168,K7LMB7
48169,K7LMC1
48170,K7LMC7
48171,K7LMC8
48172,K7LMC9
48173,K7LMD2
48174,K7LMD5
48175,K7LMD7
48176,K7LMD8
48177,K7LMD9
48178,K7LME1
48179,K7LMF4
48180,K7LMF5
48181,K7LMF8
48182,K7LMG5
48183,K7LMH0
48184,K7LMH4
48185,K7LMH5
48186,K7LMH7
48187,K7LMI0
48188,K7LMI2
48189,K7LMI9
48190,K7LMJ6
48191,K7LMJ7
48192,K7LMJ8
48193,K7LMJ9
48194,K7LMK2
48195,K7LMK3
48196,K7LMK6
48197,K7LMK9
48198,K7LML1
48199,K7LML2
48200,K7LML3
48201,K7LML5
48202,K7LML6
48203,K7LML8
48204,K7LMM0
48205,K7LMM1
48206,K7LMM2
48207,K7LMM3
48208,K7LMM4
48209,K7LMM6
48210,K7LMM7
48211,K7LMN0
48212,K7LMN3
48213,K7LMN4
48214,K7LMN5
48215,K7LMP0
48216,K7LMP3
48217,K7LMP5
48218,K7LMP6
48219,K7LMP8
48220,K7LMQ1
48221,K7LMQ3
48222,K7LMQ4
48223,K7LMQ5
48224,K7LMQ6
48225,K7LMQ8
48226,K7LMQ9
48227,K7LMR0
48228,K7LMR1
48229,K7LMR2
48230,K7LMR8
48231,K7LMR9
48232,K7LMS0
48233,K7LMS7
48234,K7LMT0
48235,K7LMT2
48236,K7LMT6
48237,K7LMU0
48238,K7LMU8
48239,K7LMV6
48240,K7LMV7
48241,K7LMV9
48242,K7LMW2
48243,K7LMW3
48244,K7LMW6
48245,K7LMW9
48246,K7LMX0
48247,K7LMX2
48248,K7LMX3
48249,K7LMX4
48250,K7LMX5
48251,K7LMX7
48252,K7LMY6
48253,K7LMY8
48254,K7LMZ4
48255,K7LMZ7
48256,K7LN00
48257,K7LN01
48258,K7LN02
48259,K7LN06
48260,K7LN07
48261,K7LN08
48262,K7LN10
48263,K7LN12
48264,K7LN13
48265,K7LN14
48266,K7LN20
48267,K7LN23
48268,K7LN24
48269,K7LN25
48270,K7LN26
48271,K7LN27
48272,K7LN31
48273,K7LN32
48274,K7LN34
48275,K7LN36
48276,K7LN38
48277,K7LN39
48278,K7LN40
48279,K7LN41
48280,K7LN42
48281,K7LN43
48282,K7LN47
48283,K7LN48
48284,K7LN51
48285,K7LN52
48286,K7LN56
48287,K7LN59
48288,K7LN60
48289,K7LN61
48290,K7LN63
48291,K7LN65
48292,K7LN66
48293,K7LN67
48294,K7LN70
48295,K7LN71
48296,K7LN75
48297,K7LN76
48298,K7LN77
48299,K7LN78
48300,K7LN81
48301,K7LN82
48302,K7LN90
48303,K7LN91
48304,K7LN93
48305,K7LNA2
48306,K7LNA3
48307,K7LNA6
48308,K7LNA7
48309,K7LNA8
48310,K7LNA9
48311,K7LNB0
48312,K7LNB1
48313,K7LNB7
48314,K7LNC0
48315,K7LNC4
48316,K7LNC7
48317,K7LNC8
48318,K7LNC9
48319,K7LND0
48320,K7LND5
48321,K7LND6
48322,K7LND7
48323,K7LND8
48324,K7LNE1
48325,K7LNE3
48326,K7LNE5
48327,K7LNE9
48328,K7LNF1
48329,K7LNF2
48330,K7LNF5
48331,K7LNF7
48332,K7LNF9
48333,K7LNG1
48334,K7LNG2
48335,K7LNG3
48336,K7LNG5
48337,K7LNG6
48338,K7LNG9
48339,K7LNH4
48340,K7LNH5
48341,K7LNH9
48342,K7LNI0
48343,K7LNI1
48344,K7LNI2
48345,K7LNI3
48346,K7LNI8
48347,K7LNJ4
48348,K7LNJ6
48349,K7LNJ8
48350,K7LNJ9
48351,K7LNK0
48352,K7LNK1
48353,K7LNK5
48354,K7LNK7
48355,K7LNK9
48356,K7LNL4
48357,K7LNL5
48358,K7LNL8
48359,K7LNM0
48360,K7LNM8
48361,K7LNM9
48362,K7LNN0
48363,K7LNN2
48364,K7LNN3
48365,K7LNN4
48366,K7LNN5
48367,K7LNN7
48368,K7LNP0
48369,K7LNP3
48370,K7LNP7
48371,K7LNP9
48372,K7LNQ4
48373,K7LNQ6
48374,K7LNQ8
48375,K7LNR3
48376,K7LNR4
48377,K7LNR7
48378,K7LNS0
48379,K7LNS1
48380,K7LNS2
48381,K7LNS4
48382,K7LNS5
48383,K7LNS9
48384,K7LNT0
48385,K7LNT1
48386,K7LNT6
48387,K7LNT9
48388,K7LNU6
48389,K7LNU8
48390,K7LNW2
48391,K7LNW3
48392,K7LNW5
48393,K7LNW8
48394,K7LNX1
48395,K7LNX2
48396,K7LNX4
48397,K7LNX7
48398,K7LNX9
48399,K7LNY4
48400,K7LNY5
48401,K7LNZ3
48402,K7LNZ4
48403,K7LNZ5
48404,K7LP01
48405,K7LP12
48406,K7LP16
48407,K7LP19
48408,K7LP22
48409,K7LP26
48410,K7LP32
48411,K7LP35
48412,K7LP39
48413,K7LP44
48414,K7LP48
48415,K7LP49
48416,K7LP50
48417,K7LP51
48418,K7LP57
48419,K7LP59
48420,K7LP60
48421,K7LP65
48422,K7LP66
48423,K7LP67
48424,K7LP68
48425,K7LP72
48426,K7LP75
48427,K7LP86
48428,K7LP88
48429,K7LP91
48430,K7LP92
48431,K7LP95
48432,K7LP96
48433,K7LP97
48434,K7LPA3
48435,K7LPA5
48436,K7LPA7
48437,K7LPB5
48438,K7LPC1
48439,K7LPC3
48440,K7LPC5
48441,K7LPC6
48442,K7LPD0
48443,K7LPD9
48444,K7LPE3
48445,K7LPE7
48446,K7LPF1
48447,K7LPF2
48448,K7LPF4
48449,K7LPF8
48450,K7LPG7
48451,K7LPH0
48452,K7LPH1
48453,K7LPH8
48454,K7LPI2
48455,K7LPI4
48456,K7LPI7
48457,K7LPI8
48458,K7LPI9
48459,K7LPJ0
48460,K7LPJ3
48461,K7LPJ4
48462,K7LPJ5
48463,K7LPJ6
48464,K7LPJ7
48465,K7LPK2
48466,K7LPK3
48467,K7LPK7
48468,K7LPK8
48469,K7LPL1
48470,K7LPL2
48471,K7LPL3
48472,K7LPL5
48473,K7LPL6
48474,K7LPM0
48475,K7LPM5
48476,K7LPM7
48477,K7LPM8
48478,K7LPN1
48479,K7LPN3
48480,K7LPP0
48481,K7LPP2
48482,K7LPP6
48483,K7LPP7
48484,K7LPQ2
48485,K7LPQ4
48486,K7LPQ5
48487,K7LPR1
48488,K7LPR3
48489,K7LPR8
48490,K7LPR9
48491,K7LPS0
48492,K7LPS4
48493,K7LPS6
48494,K7LPS8
48495,K7LPS9
48496,K7LPT0
48497,K7LPT2
48498,K7LPT8
48499,K7LPT9
48500,K7LQ39
48501,K7LQ40
48502,K7LQ43
48503,K7LQ52
48504,K7LQ57
48505,K7LQ60
48506,K7LQ62
48507,K7LQ64
48508,K7LQ67
48509,K7LQ68
48510,K7LQ69
48511,K7LQ72
48512,K7LQ75
48513,K7LQ79
48514,K7LQ80
48515,K7LQ81
48516,K7LQ83
48517,K7LQ84
48518,K7LQ86
48519,K7LQ88
48520,K7LQ89
48521,K7LQ91
48522,K7LQ94
48523,K7LQ96
48524,K7LQ97
48525,K7LQ98
48526,K7LQ99
48527,K7LQA2
48528,K7LQA5
48529,K7LQA6
48530,K7LQC4
48531,K7LQC6
48532,K7LQC9
48533,K7LQD0
48534,K7LQD2
48535,K7LQD3
48536,K7LQD4
48537,K7LQD5
48538,K7LQE0
48539,K7LQE2
48540,K7LQE3
48541,K7LQE4
48542,K7LQF1
48543,K7LQF2
48544,K7LQF5
48545,K7LQF9
48546,K7LQG1
48547,K7LQG3
48548,K7LQG4
48549,K7LQG5
48550,K7LQH0
48551,K7LQH2
48552,K7LQH3
48553,K7LQH6
48554,K7LQH7
48555,K7LQI1
48556,K7LQI3
48557,K7LQI4
48558,K7LQI6
48559,K7LQI7
48560,K7LQJ0
48561,K7LQJ1
48562,K7LQJ4
48563,K7LQJ6
48564,K7LQJ9
48565,K7LQK0
48566,K7LQK2
48567,K7LQK3
48568,K7LQK6
48569,K7LQK9
48570,K7LQL9
48571,K7LQM3
48572,K7LQM4
48573,K7LQM7
48574,K7LQM8
48575,K7LQM9
48576,K7LQN0
48577,K7LQP0
48578,K7LQP3
48579,K7LQP6
48580,K7LQP7
48581,K7LQP8
48582,K7LQQ6
48583,K7LQQ7
48584,K7LQQ8
48585,K7LQR4
48586,K7LQS0
48587,K7LQS1
48588,K7LQS4
48589,K7LQS6
48590,K7LQS7
48591,K7LQS9
48592,K7LQT0
48593,K7LQT2
48594,K7LQT3
48595,K7LQT7
48596,K7LQT8
48597,K7LQT9
48598,K7LQU0
48599,K7LQU1
48600,K7LQU2
48601,K7LQU3
48602,K7LQU4
48603,K7LQU5
48604,K7LQU7
48605,K7LQU8
48606,K7LQV0
48607,K7LQV1
48608,K7LQV3
48609,K7LQV5
48610,K7LQW1
48611,K7LQX2
48612,K7LQX6
48613,K7LQX8
48614,K7LQX9
48615,K7LQY2
48616,K7LQY5
48617,K7LQZ3
48618,K7LQZ4
48619,K7LR00
48620,K7LR02
48621,K7LR04
48622,K7LR08
48623,K7LR09
48624,K7LR11
48625,K7LR12
48626,K7LR15
48627,K7LR16
48628,K7LR18
48629,K7LR19
48630,K7LR22
48631,K7LR24
48632,K7LR27
48633,K7LR28
48634,K7LR43
48635,K7LR44
48636,K7LR47
48637,K7LR48
48638,K7LR50
48639,K7LR51
48640,K7LR53
48641,K7LR54
48642,K7LR55
48643,K7LR56
48644,K7LR57
48645,K7LR58
48646,K7LR60
48647,K7LR63
48648,K7LR64
48649,K7LR66
48650,K7LR68
48651,K7LR74
48652,K7LR81
48653,K7LR85
48654,K7LR87
48655,K7LR90
48656,K7LR91
48657,K7LR93
48658,K7LR94
48659,K7LR95
48660,K7LR99
48661,K7LRA1
48662,K7LRA3
48663,K7LRA7
48664,K7LRB2
48665,K7LRB5
48666,K7LRB7
48667,K7LRC6
48668,K7LRC7
48669,K7LRD0
48670,K7LRD3
48671,K7LRD6
48672,K7LRD9
48673,K7LRE0
48674,K7LRE2
48675,K7LRE3
48676,K7LRE4
48677,K7LRE8
48678,K7LRF7
48679,K7LRG1
48680,K7LRG3
48681,K7LRG4
48682,K7LRG6
48683,K7LRG7
48684,K7LRG9
48685,K7LRH0
48686,K7LRH1
48687,K7LRH7
48688,K7LRI2
48689,K7LRI4
48690,K7LRI6
48691,K7LRI7
48692,K7LRI9
48693,K7LRJ2
48694,K7LRK0
48695,K7LRK1
48696,K7LRK7
48697,K7LRK8
48698,K7LRK9
48699,K7LRL1
48700,K7LRL3
48701,K7LRL4
48702,K7LRL6
48703,K7LRL8
48704,K7LRL9
48705,K7LRM0
48706,K7LRM5
48707,K7LRM6
48708,K7LRM8
48709,K7LRM9
48710,K7LRN0
48711,K7LRN7
48712,K7LRP2
48713,K7LRQ2
48714,K7LRQ4
48715,K7LRQ6
48716,K7LRR0
48717,K7LRR1
48718,K7LRR3
48719,K7LRR4
48720,K7LRR5
48721,K7LRR7
48722,K7LRR9
48723,K7LRS0
48724,K7LRS1
48725,K7LRS3
48726,K7LRS4
48727,K7LRS9
48728,K7LRT1
48729,K7LRT3
48730,K7LRT5
48731,K7LRT7
48732,K7LRT8
48733,K7LRU0
48734,K7LRU1
48735,K7LRU2
48736,K7LRU3
48737,K7LRU4
48738,K7LRU6
48739,K7LRU9
48740,K7LRW5
48741,K7LRW9
48742,K7LRX0
48743,K7LRX2
48744,K7LRX7
48745,K7LRX8
48746,K7LRX9
48747,K7LRY3
48748,K7LRY6
48749,K7LRY7
48750,K7LRY8
48751,K7LRZ2
48752,K7LRZ5
48753,K7LS04
48754,K7LS05
48755,K7LS20
48756,K7LS21
48757,K7LS27
48758,K7LS44
48759,K7LS51
48760,K7LS56
48761,K7LS60
48762,K7LS61
48763,K7LS68
48764,K7LS69
48765,K7LS70
48766,K7LS73
48767,K7LS78
48768,K7LS80
48769,K7LS81
48770,K7LS84
48771,K7LS85
48772,K7LS88
48773,K7LS90
48774,K7LS99
48775,K7LSA0
48776,K7LSA1
48777,K7LSA2
48778,K7LSA3
48779,K7LSB6
48780,K7LSB8
48781,K7LSB9
48782,K7LSC3
48783,K7LSC4
48784,K7LSC7
48785,K7LSD1
48786,K7LSD9
48787,K7LSE0
48788,K7LSE4
48789,K7LSE9
48790,K7LSF0
48791,K7LSF3
48792,K7LSF6
48793,K7LSG1
48794,K7LSG2
48795,K7LSG3
48796,K7LSG7
48797,K7LSG9
48798,K7LSH0
48799,K7LSH6
48800,K7LSH7
48801,K7LSH9
48802,K7LSJ2
48803,K7LSJ6
48804,K7LSK8
48805,K7LSL1
48806,K7LSL2
48807,K7LSL4
48808,K7LSL5
48809,K7LSM0
48810,K7LSM2
48811,K7LSM4
48812,K7LSM6
48813,K7LSM9
48814,K7LSN0
48815,K7LSN4
48816,K7LSN5
48817,K7LSN9
48818,K7LSP6
48819,K7LSP8
48820,K7LSQ0
48821,K7LSQ3
48822,K7LSQ4
48823,K7LSQ6
48824,K7LSR3
48825,K7LSR6
48826,K7LSR7
48827,K7LSR9
48828,K7LSS1
48829,K7LSS5
48830,K7LSS6
48831,K7LSS8
48832,K7LST0
48833,K7LST1
48834,K7LST4
48835,K7LST7
48836,K7LST9
48837,K7LSU1
48838,K7LSU9
48839,K7LSV0
48840,K7LSV1
48841,K7LSV2
48842,K7LSV3
48843,K7LSV5
48844,K7LSV8
48845,K7LSW1
48846,K7LSW3
48847,K7LSW6
48848,K7LSW7
48849,K7LSW9
48850,K7LSX2
48851,K7LSX3
48852,K7LSX4
48853,K7LSY2
48854,K7LSY5
48855,K7LSY6
48856,K7LSY7
48857,K7LSY8
48858,K7LSY9
48859,K7LSZ0
48860,K7LSZ2
48861,K7LSZ7
48862,K7LSZ9
48863,K7LT00
48864,K7LT01
48865,K7LT03
48866,K7LT08
48867,K7LT09
48868,K7LT17
48869,K7LT18
48870,K7LT19
48871,K7LT22
48872,K7LT23
48873,K7LT25
48874,K7LT26
48875,K7LT27
48876,K7LT28
48877,K7LT30
48878,K7LT31
48879,K7LT36
48880,K7LT42
48881,K7LT44
48882,K7LT47
48883,K7LT53
48884,K7LT54
48885,K7LT55
48886,K7LT57
48887,K7LT60
48888,K7LT62
48889,K7LT64
48890,K7LT68
48891,K7LT69
48892,K7LT72
48893,K7LT73
48894,K7LT75
48895,K7LT77
48896,K7LT79
48897,K7LT81
48898,K7LT82
48899,K7LT83
48900,K7LT86
48901,K7LT87
48902,K7LT92
48903,K7LT93
48904,K7LT94
48905,K7LT97
48906,K7LTA1
48907,K7LTA3
48908,K7LTA6
48909,K7LTA8
48910,K7LTB1
48911,K7LTB2
48912,K7LTB4
48913,K7LTB7
48914,K7LTC0
48915,K7LTC4
48916,K7LTC5
48917,K7LTC9
48918,K7LTD8
48919,K7LTE1
48920,K7LTE2
48921,K7LTE4
48922,K7LTE5
48923,K7LTE6
48924,K7LTE7
48925,K7LTF1
48926,K7LTF2
48927,K7LTF3
48928,K7LTF6
48929,K7LTF8
48930,K7LTG0
48931,K7LTG3
48932,K7LTG4
48933,K7LTG9
48934,K7LTH7
48935,K7LTI4
48936,K7LTI5
48937,K7LTI6
48938,K7LTI9
48939,K7LTJ5
48940,K7LTK3
48941,K7LTK4
48942,K7LTK6
48943,K7LTL2
48944,K7LTL8
48945,K7LTM0
48946,K7LTM1
48947,K7LTM2
48948,K7LTM8
48949,K7LTM9
48950,K7LTN0
48951,K7LTN2
48952,K7LTN4
48953,K7LTP0
48954,K7LTP1
48955,K7LTP3
48956,K7LTP4
48957,K7LTP7
48958,K7LTQ1
48959,K7LTQ2
48960,K7LTQ5
48961,K7LTQ7
48962,K7LTR0
48963,K7LTR1
48964,K7LTR2
48965,K7LTR3
48966,K7LTR5
48967,K7LTR6
48968,K7LTR9
48969,K7LTS0
48970,K7LTS9
48971,K7LTT7
48972,K7LTT8
48973,K7LTU1
48974,K7LTU4
48975,K7LTU6
48976,K7LTU8
48977,K7LTU9
48978,K7LTV2
48979,K7LTV3
48980,K7LTV4
48981,K7LTV5
48982,K7LTV8
48983,K7LTV9
48984,K7LTW1
48985,K7LTW2
48986,K7LTW9
48987,K7LTX1
48988,K7LTX2
48989,K7LTX3
48990,K7LTY0
48991,K7LTY2
48992,K7LTY3
48993,K7LTY5
48994,K7LTY9
48995,K7LTZ3
48996,K7LTZ4
48997,K7LTZ8
48998,K7LU00
48999,K7LU02
49000,K7LU09
49001,K7LU10
49002,K7LU11
49003,K7LU13
49004,K7LU16
49005,K7LU17
49006,K7LU18
49007,K7LU20
49008,K7LU23
49009,K7LU24
49010,K7LU25
49011,K7LU27
49012,K7LU28
49013,K7LU29
49014,K7LU30
49015,K7LU31
49016,K7LU32
49017,K7LU33
49018,K7LU34
49019,K7LU36
49020,K7LU39
49021,K7LU44
49022,K7LU45
49023,K7LU46
49024,K7LU48
49025,K7LU49
49026,K7LU54
49027,K7LU55
49028,K7LU61
49029,K7LU62
49030,K7LU64
49031,K7LU68
49032,K7LU71
49033,K7LU76
49034,K7LU78
49035,K7LU79
49036,K7LU89
49037,K7LU91
49038,K7LU92
49039,K7LU96
49040,K7LU97
49041,K7LU99
49042,K7LUA4
49043,K7LUA5
49044,K7LUA6
49045,K7LUB1
49046,K7LUB6
49047,K7LUB8
49048,K7LUC0
49049,K7LUC2
49050,K7LUC5
49051,K7LUD1
49052,K7LUD2
49053,K7LUD3
49054,K7LUD4
49055,K7LUD5
49056,K7LUE0
49057,K7LUE4
49058,K7LUE8
49059,K7LUE9
49060,K7LUF0
49061,K7LUF1
49062,K7LUF4
49063,K7LUF6
49064,K7LUF9
49065,K7LUG0
49066,K7LUG1
49067,K7LUG4
49068,K7LUG9
49069,K7LUH0
49070,K7LUH7
49071,K7LUH9
49072,K7LUI1
49073,K7LUI2
49074,K7LUI3
49075,K7LUI4
49076,K7LUI6
49077,K7LUI7
49078,K7LUJ0
49079,K7LUJ2
49080,K7LUJ3
49081,K7LUJ4
49082,K7LUJ5
49083,K7LUJ8
49084,K7LUJ9
49085,K7LUK0
49086,K7LUK2
49087,K7LUK6
49088,K7LUK7
49089,K7LUK9
49090,K7LUM0
49091,K7LUM3
49092,K7LUM5
49093,K7LUM7
49094,K7LUN1
49095,K7LUN7
49096,K7LUN8
49097,K7LUP1
49098,K7LUP4
49099,K7LUP8
49100,K7LUQ1
49101,K7LUQ3
49102,K7LUQ4
49103,K7LUQ5
49104,K7LUQ6
49105,K7LUQ9
49106,K7LUR0
49107,K7LUR1
49108,K7LUR9
49109,K7LUS0
49110,K7LUS1
49111,K7LUS5
49112,K7LUS9
49113,K7LUT0
49114,K7LUT4
49115,K7LUT5
49116,K7LUT6
49117,K7LUT7
49118,K7LUT8
49119,K7LUT9
49120,K7LUU0
49121,K7LUU2
49122,K7LUU3
49123,K7LUU4
49124,K7LUU7
49125,K7LUU9
49126,K7LUV1
49127,K7LUV2
49128,K7LUV3
49129,K7LUV6
49130,K7LUW1
49131,K7LUW5
49132,K7LUW7
49133,K7LUW9
49134,K7LUX7
49135,K7LUX8
49136,K7LUX9
49137,K7LUY2
49138,K7LUY3
49139,K7LUY4
49140,K7LUY9
49141,K7LUZ1
49142,K7LUZ2
49143,K7LUZ4
49144,K7LUZ5
49145,K7LUZ6
49146,K7LUZ7
49147,K7LUZ9
49148,K7LV00
49149,K7LV03
49150,K7LV05
49151,K7LV09
49152,K7LV11
49153,K7LV20
49154,K7LV22
49155,K7LV24
49156,K7LV27
49157,K7LV28
49158,K7LV30
49159,K7LV33
49160,K7LV34
49161,K7LV35
49162,K7LV38
49163,K7LV39
49164,K7LV42
49165,K7LV47
49166,K7LV48
49167,K7LV51
49168,K7LV52
49169,K7LV53
49170,K7LV54
49171,K7LV55
49172,K7LV57
49173,K7LV58
49174,K7LV61
49175,K7LV62
49176,K7LV69
49177,K7LV78
49178,K7LV85
49179,K7LV86
49180,K7LV89
49181,K7LVA0
49182,K7LVA2
49183,K7LVA3
49184,K7LVA4
49185,K7LVA5
49186,K7LVA6
49187,K7LVA8
49188,K7LVB0
49189,K7LVB6
49190,K7LVC1
49191,K7LVC3
49192,K7LVC6
49193,K7LVC8
49194,K7LVD0
49195,K7LVD8
49196,K7LVE1
49197,K7LVE2
49198,K7LVE3
49199,K7LVE4
49200,K7LVE5
49201,K7LVE8
49202,K7LVE9
49203,K7LVF0
49204,K7LVF1
49205,K7LVF3
49206,K7LVF4
49207,K7LVG0
49208,K7LVG2
49209,K7LVG4
49210,K7LVG7
49211,K7LVH3
49212,K7LVH5
49213,K7LVH9
49214,K7LVI2
49215,K7LVI3
49216,K7LVI4
49217,K7LVI6
49218,K7LVI8
49219,K7LVI9
49220,K7LVJ9
49221,K7LVK0
49222,K7LVK3
49223,K7LVK6
49224,K7LVK9
49225,K7LVL0
49226,K7LVL8
49227,K7LVL9
49228,K7LVM1
49229,K7LVM3
49230,K7LVM6
49231,K7LVN0
49232,K7LVN1
49233,K7LVP1
49234,K7LVP9
49235,K7LVQ1
49236,K7LVQ3
49237,K7LVQ8
49238,K7LVQ9
49239,K7LVS0
49240,K7LVS1
49241,K7LVS5
49242,K7LVS6
49243,K7LVS9
49244,K7LVT0
49245,K7LVT1
49246,K7LVT4
49247,K7LVT6
49248,K7LVT9
49249,K7LVU0
49250,K7LVU3
49251,K7LVU6
49252,K7LVU7
49253,K7LVV1
49254,K7LVV3
49255,K7LVV4
49256,K7LVV8
49257,K7LVV9
49258,K7LVW1
49259,K7LVW3
49260,K7LVW4
49261,K7LVW8
49262,K7LVX3
49263,K7LVX4
49264,K7LVX5
49265,K7LVX7
49266,K7LVY5
49267,K7LVY8
49268,K7LVY9
49269,K7LVZ0
49270,K7LVZ2
49271,K7LVZ3
49272,K7LVZ4
49273,K7LVZ5
49274,K7LVZ6
49275,K7LVZ7
49276,K7LVZ8
49277,K7LVZ9
49278,K7LW04
49279,K7LW07
49280,K7LW08
49281,K7LW10
49282,K7LW11
49283,K7LW13
49284,K7LW14
49285,K7LW17
49286,K7LW19
49287,K7LW21
49288,K7LW22
49289,K7LW25
49290,K7LW27
49291,K7LW29
49292,K7LW30
49293,K7LW32
49294,K7LW33
49295,K7LW34
49296,K7LW36
49297,K7LW37
49298,K7LW41
49299,K7LW47
49300,K7LW48
49301,K7LW49
49302,K7LW50
49303,K7LW51
49304,K7LW53
49305,K7LW54
49306,K7LW55
49307,K7LW57
49308,K7LW58
49309,K7LW62
49310,K7LW63
49311,K7LW64
49312,K7LW65
49313,K7LW71
49314,K7LW72
49315,K7LW73
49316,K7LW74
49317,K7LW75
49318,K7LW76
49319,K7LW77
49320,K7LW78
49321,K7LW84
49322,K7LW87
49323,K7LW88
49324,K7LW89
49325,K7LW90
49326,K7LW93
49327,K7LW98
49328,K7LWA0
49329,K7LWA1
49330,K7LWA6
49331,K7LWA8
49332,K7LWB2
49333,K7LWB4
49334,K7LWB5
49335,K7LWB6
49336,K7LWC0
49337,K7LWC3
49338,K7LWC4
49339,K7LWC5
49340,K7LWC7
49341,K7LWC9
49342,K7LWD0
49343,K7LWD3
49344,K7LWD4
49345,K7LWD5
49346,K7LWD6
49347,K7LWE6
49348,K7LWF1
49349,K7LWF3
49350,K7LWF5
49351,K7LWF7
49352,K7LWF8
49353,K7LWF9
49354,K7LWG2
49355,K7LWG4
49356,K7LWG6
49357,K7LWG8
49358,K7LWH0
49359,K7LWH3
49360,K7LWH5
49361,K7LWH6
49362,K7LWH8
49363,K7LWH9
49364,K7LWI0
49365,K7LWI2
49366,K7LWI3
49367,K7LWI4
49368,K7LWI6
49369,K7LWJ0
49370,K7LWJ5
49371,K7LWJ8
49372,K7LWK4
49373,K7LWK5
49374,K7LWK7
49375,K7LWK8
49376,K7LWL5
49377,K7LWL6
49378,K7LWM1
49379,K7LWM6
49380,K7LWM7
49381,K7LWM8
49382,K7LWM9
49383,K7LWN0
49384,K7LWN1
49385,K7LWN2
49386,K7LWN3
49387,K7LWN4
49388,K7LWN5
49389,K7LWN7
49390,K7LWP0
49391,K7LWP1
49392,K7LWP2
49393,K7LWP5
49394,K7LWP6
49395,K7LWQ2
49396,K7LWQ3
49397,K7LWQ7
49398,K7LWR1
49399,K7LWR3
49400,K7LWR9
49401,K7LWS1
49402,K7LWS4
49403,K7LWS6
49404,K7LWT5
49405,K7LWT6
49406,K7LWU0
49407,K7LWU2
49408,K7LWU7
49409,K7LWU8
49410,K7LWU9
49411,K7LWV0
49412,K7LWV4
49413,K7LWV7
49414,K7LWV8
49415,K7LWV9
49416,K7LWW1
49417,K7LWW4
49418,K7LWW9
49419,K7LWX0
49420,K7LWX1
49421,K7LWX4
49422,K7LWX6
49423,K7LWX7
49424,K7LWX8
49425,K7LWY5
49426,K7LWY6
49427,K7LWZ4
49428,K7LWZ6
49429,K7LWZ7
49430,K7LWZ9
49431,K7LX01
49432,K7LX04
49433,K7LX06
49434,K7LX09
49435,K7LX15
49436,K7LX17
49437,K7LX18
49438,K7LX23
49439,K7LX30
49440,K7LX37
49441,K7LX39
49442,K7LX44
49443,K7LX46
49444,K7LX53
49445,K7LX54
49446,K7LX55
49447,K7LX58
49448,K7LX60
49449,K7LX61
49450,K7LX64
49451,K7LX66
49452,K7LX68
49453,K7LX74
49454,K7LX79
49455,K7LX83
49456,K7LX88
49457,K7LX91
49458,K7LX92
49459,K7LX97
49460,K7LX98
49461,K7LXA2
49462,K7LXA6
49463,K7LXB1
49464,K7LXB2
49465,K7LXB3
49466,K7LXC0
49467,K7LXC3
49468,K7LXC7
49469,K7LXD0
49470,K7LXD2
49471,K7LXD3
49472,K7LXD8
49473,K7LXD9
49474,K7LXE1
49475,K7LXE2
49476,K7LXE5
49477,K7LXE6
49478,K7LXG7
49479,K7LXG8
49480,K7LXH4
49481,K7LXH7
49482,K7LXI0
49483,K7LXI2
49484,K7LXI3
49485,K7LXI6
49486,K7LXI9
49487,K7LXJ2
49488,K7LXJ7
49489,K7LXK8
49490,K7LXL0
49491,K7LXL2
49492,K7LXL8
49493,K7LXM1
49494,K7LXM2
49495,K7LXM3
49496,K7LXM6
49497,K7LXM7
49498,K7LXM9
49499,K7LXN0
49500,K7LXN4
49501,K7LXN8
49502,K7LXN9
49503,K7LXP5
49504,K7LXP9
49505,K7LXQ0
49506,K7LXQ1
49507,K7LXQ5
49508,K7LXQ7
49509,K7LXQ9
49510,K7LXR0
49511,K7LXR3
49512,K7LXR6
49513,K7LXS2
49514,K7LXS5
49515,K7LXS7
49516,K7LXS9
49517,K7LXT1
49518,K7LXT3
49519,K7LXT7
49520,K7LXU3
49521,K7LXV5
49522,K7LXV6
49523,K7LXV8
49524,K7LXW0
49525,K7LXX3
49526,K7LXX5
49527,K7LXX9
49528,K7LXY1
49529,K7LXY7
49530,K7LXY8
49531,K7LXZ1
49532,K7LXZ2
49533,K7LXZ7
49534,K7LXZ8
49535,K7LY00
49536,K7LY05
49537,K7LY06
49538,K7LY07
49539,K7LY08
49540,K7LY09
49541,K7LY11
49542,K7LY14
49543,K7LY15
49544,K7LY20
49545,K7LY27
49546,K7LY29
49547,K7LY31
49548,K7LY32
49549,K7LY33
49550,K7LY34
49551,K7LY35
49552,K7LY36
49553,K7LY37
49554,K7LY38
49555,K7LY40
49556,K7LY43
49557,K7LY45
49558,K7LY47
49559,K7LY48
49560,K7LY52
49561,K7LY55
49562,K7LY58
49563,K7LY59
49564,K7LY64
49565,K7LY67
49566,K7LY69
49567,K7LY70
49568,K7LY71
49569,K7LY73
49570,K7LY79
49571,K7LY80
49572,K7LY81
49573,K7LY86
49574,K7LY91
49575,K7LY92
49576,K7LY93
49577,K7LY95
49578,K7LY97
49579,K7LYA1
49580,K7LYA5
49581,K7LYB0
49582,K7LYB3
49583,K7LYB7
49584,K7LYC0
49585,K7LYC5
49586,K7LYD7
49587,K7LYD9
49588,K7LYE3
49589,K7LYE4
49590,K7LYE7
49591,K7LYE9
49592,K7LYF1
49593,K7LYF4
49594,K7LYG6
49595,K7LYH0
49596,K7LYM5
49597,K7LYM9
49598,K7LYN0
49599,K7LYN7
49600,K7LYN8
49601,K7LYP6
49602,K7LYP9
49603,K7LYQ0
49604,K7LYQ6
49605,K7LYQ8
49606,K7LYR1
49607,K7LYR6
49608,K7LYR7
49609,K7LYS4
49610,K7LYS6
49611,K7LYT1
49612,K7LYT2
49613,K7LYT6
49614,K7LYT7
49615,K7LYU8
49616,K7LYV0
49617,K7LYV1
49618,K7LYW3
49619,K7LYX7
49620,K7LYY2
49621,K7LYY6
49622,K7LYZ0
49623,K7LYZ8
49624,K7LYZ9
49625,K7LZ00
49626,K7LZ06
49627,K7LZ12
49628,K7LZ17
49629,K7LZ18
49630,K7LZ21
49631,K7LZ22
49632,K7LZ35
49633,K7LZ36
49634,K7LZ42
49635,K7LZ44
49636,K7LZ47
49637,K7LZ48
49638,K7LZ49
49639,K7LZ50
49640,K7LZ51
49641,K7LZ53
49642,K7LZ59
49643,K7LZ61
49644,K7LZ63
49645,K7LZ65
49646,K7LZ66
49647,K7LZ75
49648,K7LZ80
49649,K7LZ86
49650,K7LZ90
49651,K7LZ91
49652,K7LZ93
49653,K7LZ95
49654,K7LZ98
49655,K7LZ99
49656,K7LZA0
49657,K7LZA1
49658,K7LZA2
49659,K7LZA7
49660,K7LZB4
49661,K7LZB9
49662,K7LZC0
49663,K7LZC5
49664,K7LZC8
49665,K7LZD2
49666,K7LZD4
49667,K7LZD5
49668,K7LZE4
49669,K7LZF2
49670,K7LZF4
49671,K7LZF6
49672,K7LZF7
49673,K7LZG0
49674,K7LZG3
49675,K7LZG4
49676,K7LZG8
49677,K7LZH1
49678,K7LZH3
49679,K7LZH4
49680,K7LZH5
49681,K7LZH6
49682,K7LZH7
49683,K7LZI0
49684,K7LZI5
49685,K7LZI8
49686,K7LZJ1
49687,K7LZJ2
49688,K7LZK3
49689,K7LZK8
49690,K7LZL1
49691,K7LZL3
49692,K7LZM0
49693,K7LZM1
49694,K7LZM2
49695,K7LZM3
49696,K7LZM4
49697,K7LZM7
49698,K7LZM9
49699,K7LZN2
49700,K7LZN3
49701,K7LZN7
49702,K7LZN8
49703,K7LZN9
49704,K7LZP0
49705,K7LZP3
49706,K7LZP5
49707,K7LZP6
49708,K7LZP8
49709,K7LZQ0
49710,K7LZQ2
49711,K7LZQ3
49712,K7LZQ4
49713,K7LZQ5
49714,K7LZQ6
49715,K7LZQ7
49716,K7LZQ9
49717,K7LZR1
49718,K7LZR2
49719,K7LZR3
49720,K7LZR4
49721,K7LZS3
49722,K7LZS4
49723,K7LZS7
49724,K7LZS8
49725,K7LZT7
49726,K7LZT8
49727,K7LZT9
49728,K7LZU0
49729,K7LZU1
49730,K7LZU6
49731,K7LZU7
49732,K7LZU9
49733,K7LZV3
49734,K7LZV4
49735,K7LZV5
49736,K7LZV6
49737,K7LZV7
49738,K7LZV8
49739,K7LZV9
49740,K7LZW0
49741,K7LZW2
49742,K7LZW4
49743,K7LZW5
49744,K7LZW7
49745,K7LZW8
49746,K7LZX6
49747,K7LZY0
49748,K7LZY1
49749,K7LZY3
49750,K7LZY7
49751,K7LZZ2
49752,K7LZZ5
49753,K7LZZ8
49754,K7M000
49755,K7M001
49756,K7M003
49757,K7M004
49758,K7M005
49759,K7M008
49760,K7M009
49761,K7M011
49762,K7M014
49763,K7M019
49764,K7M021
49765,K7M022
49766,K7M027
49767,K7M032
49768,K7M034
49769,K7M036
49770,K7M039
49771,K7M040
49772,K7M042
49773,K7M043
49774,K7M046
49775,K7M047
49776,K7M049
49777,K7M050
49778,K7M052
49779,K7M055
49780,K7M061
49781,K7M063
49782,K7M068
49783,K7M070
49784,K7M071
49785,K7M073
49786,K7M075
49787,K7M076
49788,K7M077
49789,K7M080
49790,K7M082
49791,K7M084
49792,K7M085
49793,K7M091
49794,K7M093
49795,K7M096
49796,K7M097
49797,K7M098
49798,K7M099
49799,K7M0A1
49800,K7M0A4
49801,K7M0A5
49802,K7M0A6
49803,K7M0A8
49804,K7M0B0
49805,K7M0C0
49806,K7M0C3
49807,K7M0C4
49808,K7M0D2
49809,K7M0D3
49810,K7M0D4
49811,K7M0D5
49812,K7M0D6
49813,K7M0E1
49814,K7M0E4
49815,K7M0E5
49816,K7M0E6
49817,K7M0E7
49818,K7M0F0
49819,K7M0F6
49820,K7M0F8
49821,K7M0F9
49822,K7M0G4
49823,K7M0G5
49824,K7M0G7
49825,K7M0G8
49826,K7M0G9
49827,K7M0I0
49828,K7M0I2
49829,K7M0I5
49830,K7M0I8
49831,K7M0I9
49832,K7M0J2
49833,K7M0J6
49834,K7M0J7
49835,K7M0J8
49836,K7M0J9
49837,K7M0K0
49838,K7M0K7
49839,K7M0L0
49840,K7M0L1
49841,K7M0L4
49842,K7M0M0
49843,K7M0M2
49844,K7M0M3
49845,K7M0M5
49846,K7M0N4
49847,K7M0P1
49848,K7M0P4
49849,K7M0Q0
49850,K7M0Q3
49851,K7M0Q5
49852,K7M0Q6
49853,K7M0Q9
49854,K7M0R4
49855,K7M0R7
49856,K7M0R8
49857,K7M0S0
49858,K7M0S1
49859,K7M0S3
49860,K7M0S5
49861,K7M0S9
49862,K7M0T2
49863,K7M0T3
49864,K7M0T4
49865,K7M0U2
49866,K7M0U3
49867,K7M0U4
49868,K7M0U8
49869,K7M0U9
49870,K7M0V2
49871,K7M0V3
49872,K7M0V9
49873,K7M0W2
49874,K7M0W3
49875,K7M0W4
49876,K7M0W9
49877,K7M0X3
49878,K7M0X5
49879,K7M0X6
49880,K7M0Y3
49881,K7M0Y5
49882,K7M0Y6
49883,K7M0Y8
49884,K7M0Y9
49885,K7M0Z2
49886,K7M0Z8
49887,K7M106
49888,K7M109
49889,K7M110
49890,K7M113
49891,K7M114
49892,K7M117
49893,K7M120
49894,K7M122
49895,K7M123
49896,K7M126
49897,K7M130
49898,K7M132
49899,K7M133
49900,K7M134
49901,K7M136
49902,K7M138
49903,K7M141
49904,K7M142
49905,K7M147
49906,K7M148
49907,K7M151
49908,K7M157
49909,K7M168
49910,K7M169
49911,K7M170
49912,K7M173
49913,K7M174
49914,K7M175
49915,K7M176
49916,K7M178
49917,K7M179
49918,K7M182
49919,K7M185
49920,K7M188
49921,K7M189
49922,K7M190
49923,K7M192
49924,K7M197
49925,K7M198
49926,K7M199
49927,K7M1A0
49928,K7M1A2
49929,K7M1A3
49930,K7M1A6
49931,K7M1B4
49932,K7M1B8
49933,K7M1C1
49934,K7M1C6
49935,K7M1C7
49936,K7M1D0
49937,K7M1D9
49938,K7M1E0
49939,K7M1E3
49940,K7M1E4
49941,K7M1E8
49942,K7M1F0
49943,K7M1F2
49944,K7M1F5
49945,K7M1F7
49946,K7M1F8
49947,K7M1G0
49948,K7M1G4
49949,K7M1G6
49950,K7M1G7
49951,K7M1H2
49952,K7M1H6
49953,K7M1H9
49954,K7M1I2
49955,K7M1I4
49956,K7M1I5
49957,K7M1I6
49958,K7M1I8
49959,K7M1I9
49960,K7M1J6
49961,K7M1J7
49962,K7M1K1
49963,K7M1K2
49964,K7M1K3
49965,K7M1M2
49966,K7M1M3
49967,K7M1M4
49968,K7M1M5
49969,K7M1M7
49970,K7M1M8
49971,K7M1M9
49972,K7M1N1
49973,K7M1N5
49974,K7M1N8
49975,K7M1P5
49976,K7M1P6
49977,K7M1P8
49978,K7M1Q1
49979,K7M1Q3
49980,K7M1Q6
49981,K7M1Q7
49982,K7M1Q8
49983,K7M1R3
49984,K7M1R4
49985,K7M1R5
49986,K7M1R6
49987,K7M1S1
49988,K7M1S7
49989,K7M1S9
49990,K7M1T3
49991,K7M1T5
49992,K7M1T6
49993,K7M1T8
49994,K7M1T9
49995,K7M1U2
49996,K7M1V2
49997,K7M1V6
49998,K7M1V8
49999,K7M1W4
50000,K7M1W8
50001,K7M1W9
50002,K7M1X0
50003,K7M1X1
50004,K7M1X2
50005,K7M1X3
50006,K7M1X5
50007,K7M1X7
50008,K7M1X8
50009,K7M1X9
50010,K7M1Y1
50011,K7M1Y2
50012,K7M1Y8
50013,K7M1Y9
50014,K7M1Z0
50015,K7M1Z2
50016,K7M1Z5
50017,K7M1Z8
50018,K7M202
50019,K7M204
50020,K7M206
50021,K7M207
50022,K7M209
50023,K7M211
50024,K7M212
50025,K7M213
50026,K7M215
50027,K7M217
50028,K7M219
50029,K7M220
50030,K7M221
50031,K7M224
50032,K7M225
50033,K7M226
50034,K7M227
50035,K7M236
50036,K7M237
50037,K7M246
50038,K7M247
50039,K7M250
50040,K7M251
50041,K7M253
50042,K7M254
50043,K7M255
50044,K7M256
50045,K7M257
50046,K7M259
50047,K7M260
50048,K7M262
50049,K7M263
50050,K7M266
50051,K7M269
50052,K7M271
50053,K7M272
50054,K7M288
50055,K7M290
50056,K7M291
50057,K7M292
50058,K7M296
50059,K7M297
50060,K7M2A0
50061,K7M2A2
50062,K7M2A5
50063,K7M2A6
50064,K7M2A7
50065,K7M2A8
50066,K7M2B0
50067,K7M2B2
50068,K7M2C0
50069,K7M2C3
50070,K7M2C4
50071,K7M2C5
50072,K7M2C6
50073,K7M2C8
50074,K7M2D7
50075,K7M2D8
50076,K7M2E6
50077,K7M2E9
50078,K7M2F0
50079,K7M2F4
50080,K7M2F5
50081,K7M2F6
50082,K7M2F7
50083,K7M2F9
50084,K7M2G0
50085,K7M2G1
50086,K7M2G2
50087,K7M2G5
50088,K7M2H1
50089,K7M2H2
50090,K7M2H4
50091,K7M2H5
50092,K7M2H8
50093,K7M2H9
50094,K7M2I3
50095,K7M2I4
50096,K7M2I5
50097,K7M2I6
50098,K7M2I7
50099,K7M2J4
50100,K7M2J5
50101,K7M2J7
50102,K7M2K1
50103,K7M2K4
50104,K7M2K6
50105,K7M2K9
50106,K7M2L1
50107,K7M2L2
50108,K7M2L3
50109,K7M2L8
50110,K7M2M1
50111,K7M2M6
50112,K7M2M9
50113,K7M2N0
50114,K7M2N4
50115,K7M2N5
50116,K7M2N6
50117,K7M2N8
50118,K7M2P0
50119,K7M2P1
50120,K7M2P2
50121,K7M2P3
50122,K7M2P4
50123,K7M2P8
50124,K7M2Q0
50125,K7M2Q2
50126,K7M2Q3
50127,K7M2Q4
50128,K7M2Q9
50129,K7M2R0
50130,K7M2R2
50131,K7M2R4
50132,K7M2R6
50133,K7M2R7
50134,K7M2R8
50135,K7M2R9
50136,K7M2S3
50137,K7M2T1
50138,K7M2T3
50139,K7M2T4
50140,K7M2T8
50141,K7M2T9
50142,K7M2U0
50143,K7M2U1
50144,K7M2U3
50145,K7M2U4
50146,K7M2U5
50147,K7M2U6
50148,K7M2U7
50149,K7M2U8
50150,K7M2V4
50151,K7M2V8
50152,K7M2V9
50153,K7M2W3
50154,K7M2W5
50155,K7M2W6
50156,K7M2W9
50157,K7M2X2
50158,K7M2X3
50159,K7M2X6
50160,K7M2Y1
50161,K7M2Y2
50162,K7M2Y7
50163,K7M2Y9
50164,K7M2Z0
50165,K7M2Z3
50166,K7M2Z6
50167,K7M2Z9
50168,K7M300
50169,K7M304
50170,K7M305
50171,K7M309
50172,K7M310
50173,K7M315
50174,K7M317
50175,K7M318
50176,K7M321
50177,K7M324
50178,K7M333
50179,K7M344
50180,K7M352
50181,K7M353
50182,K7M355
50183,K7M356
50184,K7M362
50185,K7M363
50186,K7M365
50187,K7M366
50188,K7M367
50189,K7M370
50190,K7M372
50191,K7M376
50192,K7M377
50193,K7M378
50194,K7M381
50195,K7M382
50196,K7M386
50197,K7M387
50198,K7M392
50199,K7M394
50200,K7M398
50201,K7M399
50202,K7M3A0
50203,K7M3A2
50204,K7M3A4
50205,K7M3A8
50206,K7M3A9
50207,K7M3B0
50208,K7M3B4
50209,K7M3B8
50210,K7M3B9
50211,K7M3C0
50212,K7M3C6
50213,K7M3C9
50214,K7M3D1
50215,K7M3D8
50216,K7M3D9
50217,K7M3E1
50218,K7M3E3
50219,K7M3E4
50220,K7M3E6
50221,K7M3E7
50222,K7M3F1
50223,K7M3F6
50224,K7M3F9
50225,K7M3G0
50226,K7M3G1
50227,K7M3G2
50228,K7M3G4
50229,K7M3G9
50230,K7M3H5
50231,K7M3I2
50232,K7M3I6
50233,K7M3I9
50234,K7M3J0
50235,K7M3J5
50236,K7M3J6
50237,K7M3J7
50238,K7M3K0
50239,K7M3K3
50240,K7M3K4
50241,K7M3K8
50242,K7M3L0
50243,K7M3L4
50244,K7M3L6
50245,K7M3M0
50246,K7M3M4
50247,K7M3M5
50248,K7M3M6
50249,K7M3M7
50250,K7M3M8
50251,K7M3M9
50252,K7M3N0
50253,K7M3N1
50254,K7M3N2
50255,K7M3P0
50256,K7M3P1
50257,K7M3P3
50258,K7M3P4
50259,K7M3P6
50260,K7M3P8
50261,K7M3P9
50262,K7M3Q2
50263,K7M3Q7
50264,K7M3Q8
50265,K7M3R1
50266,K7M3R2
50267,K7M3R7
50268,K7M3R8
50269,K7M3S0
50270,K7M3S1
50271,K7M3S6
50272,K7M3S7
50273,K7M3S8
50274,K7M3T0
50275,K7M3T7
50276,K7M3U3
50277,K7M3U6
50278,K7M3U7
50279,K7M3U8
50280,K7M3V1
50281,K7M3V3
50282,K7M3V5
50283,K7M3V9
50284,K7M3W3
50285,K7M3W8
50286,K7M3W9
50287,K7M3X0
50288,K7M3X6
50289,K7M3X7
50290,K7M3X8
50291,K7M3Y0
50292,K7M3Y1
50293,K7M3Y8
50294,K7M3Z1
50295,K7M3Z2
50296,K7M3Z7
50297,K7M3Z9
50298,K7M401
50299,K7M402
50300,K7M404
50301,K7M407
50302,K7M409
50303,K7M423
50304,K7M424
50305,K7M429
50306,K7M431
50307,K7M434
50308,K7M440
50309,K7M452
50310,K7M454
50311,K7M459
50312,K7M460
50313,K7M466
50314,K7M473
50315,K7M476
50316,K7M477
50317,K7M481
50318,K7M485
50319,K7M486
50320,K7M491
50321,K7M492
50322,K7M494
50323,K7M498
50324,K7M4A3
50325,K7M4A7
50326,K7M4B1
50327,K7M4C3
50328,K7M4C4
50329,K7M4D9
50330,K7M4E0
50331,K7M4E9
50332,K7M4F1
50333,K7M4F5
50334,K7M4F9
50335,K7M4G5
50336,K7M4G6
50337,K7M4G7
50338,K7M4G9
50339,K7M4H0
50340,K7M4H1
50341,K7M4H2
50342,K7M4H8
50343,K7M4H9
50344,K7M4I0
50345,K7M4I5
50346,K7M4I7
50347,K7M4J0
50348,K7M4K0
50349,K7M4K2
50350,K7M4K3
50351,K7M4K5
50352,K7M4K7
50353,K7M4L0
50354,K7M4L6
50355,K7M4L7
50356,K7M4M3
50357,K7M4M7
50358,K7M4N3
50359,K7M4N7
50360,K7M4N9
50361,K7M4P0
50362,K7M4P2
50363,K7M4P3
50364,K7M4P5
50365,K7M4P6
50366,K7M4Q2
50367,K7M4R0
50368,K7M4R1
50369,K7M4R3
50370,K7M4R4
50371,K7M4S1
50372,K7M4S9
50373,K7M4T1
50374,K7M4T4
50375,K7M4U1
50376,K7M4U2
50377,K7M4U3
50378,K7M4V2
50379,K7M4V9
50380,K7M4W0
50381,K7M4W3
50382,K7M4X2
50383,K7M4X3
50384,K7M4X4
50385,K7M4Y5
50386,K7M4Y8
50387,K7M4Z5
50388,K7M4Z6
50389,K7M4Z7
50390,K7M4Z9
50391,K7M502
50392,K7M508
50393,K7M511
50394,K7M512
50395,K7M514
50396,K7M515
50397,K7M527
50398,K7M528
50399,K7M529
50400,K7M531
50401,K7M533
50402,K7M534
50403,K7M536
50404,K7M538
50405,K7M540
50406,K7M543
50407,K7M544
50408,K7M545
50409,K7M549
50410,K7M555
50411,K7M562
50412,K7M568
50413,K7M579
50414,K7M581
50415,K7M582
50416,K7M583
50417,K7M585
50418,K7M586
50419,K7M592
50420,K7M593
50421,K7M597
50422,K7M5A1
50423,K7M5A2
50424,K7M5A4
50425,K7M5A7
50426,K7M5B0
50427,K7M5B3
50428,K7M5B4
50429,K7M5B6
50430,K7M5B7
50431,K7M5B9
50432,K7M5C1
50433,K7M5C2
50434,K7M5C8
50435,K7M5C9
50436,K7M5D0
50437,K7M5D4
50438,K7M5D8
50439,K7M5E0
50440,K7M5E1
50441,K7M5E5
50442,K7M5F3
50443,K7M5F4
50444,K7M5F6
50445,K7M5G1
50446,K7M5G4
50447,K7M5H2
50448,K7M5H4
50449,K7M5H5
50450,K7M5H9
50451,K7M5I1
50452,K7M5I2
50453,K7M5I4
50454,K7M5I5
50455,K7M5I9
50456,K7M5J0
50457,K7M5J7
50458,K7M5K0
50459,K7M5K9
50460,K7M5L0
50461,K7M5L2
50462,K7M5L5
50463,K7M5M3
50464,K7M5M6
50465,K7M5M9
50466,K7M5N2
50467,K7M5N3
50468,K7M5N5
50469,K7M5N8
50470,K7M5P0
50471,K7M5P3
50472,K7M5P4
50473,K7M5P5
50474,K7M5P6
50475,K7M5P8
50476,K7M5Q0
50477,K7M5Q3
50478,K7M5Q6
50479,K7M5Q7
50480,K7M5Q8
50481,K7M5Q9
50482,K7M5R3
50483,K7M5R6
50484,K7M5R8
50485,K7M5S0
50486,K7M5S1
50487,K7M5S4
50488,K7M5S8
50489,K7M5T0
50490,K7M5T1
50491,K7M5U0
50492,K7M5U1
50493,K7M5U7
50494,K7M5V0
50495,K7M5V1
50496,K7M5V7
50497,K7M5V8
50498,K7M5V9
50499,K7M5W0
50500,K7M5W1
50501,K7M5W4
50502,K7M5W5
50503,K7M5W8
50504,K7M5X0
50505,K7M5X1
50506,K7M5X3
50507,K7M5X4
50508,K7M5X8
50509,K7M5Y0
50510,K7M5Y2
50511,K7M5Y6
50512,K7M5Y7
50513,K7M5Y9
50514,K7M5Z0
50515,K7M5Z3
50516,K7M5Z4
50517,K7M5Z8
50518,K7M603
50519,K7M604
50520,K7M609
50521,K7M616
50522,K7M617
50523,K7M620
50524,K7M621
50525,K7M626
50526,K7M627
50527,K7M629
50528,K7M630
50529,K7M631
50530,K7M633
50531,K7M641
50532,K7M645
50533,K7M646
50534,K7M648
50535,K7M654
50536,K7M662
50537,K7M663
50538,K7M666
50539,K7M674
50540,K7M678
50541,K7M681
50542,K7M684
50543,K7M689
50544,K7M691
50545,K7M694
50546,K7M695
50547,K7M698
50548,K7M699
50549,K7M6A1
50550,K7M6A6
50551,K7M6B0
50552,K7M6B8
50553,K7M6C2
50554,K7M6C6
50555,K7M6C7
50556,K7M6D3
50557,K7M6D5
50558,K7M6D6
50559,K7M6D8
50560,K7M6D9
50561,K7M6E3
50562,K7M6E4
50563,K7M6E5
50564,K7M6E9
50565,K7M6F3
50566,K7M6F5
50567,K7M6F7
50568,K7M6G4
50569,K7M6G6
50570,K7M6H0
50571,K7M6H1
50572,K7M6H2
50573,K7M6H6
50574,K7M6H7
50575,K7M6H9
50576,K7M6I0
50577,K7M6I1
50578,K7M6I3
50579,K7M6I6
50580,K7M6I8
50581,K7M6I9
50582,K7M6J1
50583,K7M6J4
50584,K7M6J6
50585,K7M6J8
50586,K7M6K0
50587,K7M6K2
50588,K7M6K4
50589,K7M6K7
50590,K7M6K9
50591,K7M6L1
50592,K7M6L4
50593,K7M6L6
50594,K7M6L7
50595,K7M6L8
50596,K7M6M0
50597,K7M6M6
50598,K7M6M7
50599,K7M6N0
50600,K7M6N1
50601,K7M6N2
50602,K7M6N5
50603,K7M6N7
50604,K7M6N9
50605,K7M6P1
50606,K7M6P6
50607,K7M6P7
50608,K7M6P8
50609,K7M6P9
50610,K7M6Q0
50611,K7M6Q4
50612,K7M6Q5
50613,K7M6Q8
50614,K7M6R1
50615,K7M6R3
50616,K7M6R4
50617,K7M6R8
50618,K7M6S1
50619,K7M6S3
50620,K7M6S5
50621,K7M6T0
50622,K7M6T4
50623,K7M6T5
50624,K7M6T9
50625,K7M6U1
50626,K7M6U3
50627,K7M6U4
50628,K7M6U7
50629,K7M6U8
50630,K7M6V0
50631,K7M6V1
50632,K7M6V2
50633,K7M6V4
50634,K7M6V5
50635,K7M6V7
50636,K7M6V8
50637,K7M6V9
50638,K7M6W1
50639,K7M6W3
50640,K7M6W4
50641,K7M6W5
50642,K7M6W8
50643,K7M6X1
50644,K7M6X9
50645,K7M6Y5
50646,K7M6Y6
50647,K7M6Y8
50648,K7M6Z0
50649,K7M6Z1
50650,K7M6Z2
50651,K7M6Z3
50652,K7M6Z6
50653,K7M700
50654,K7M702
50655,K7M711
50656,K7M712
50657,K7M714
50658,K7M715
50659,K7M716
50660,K7M718
50661,K7M719
50662,K7M725
50663,K7M728
50664,K7M730
50665,K7M733
50666,K7M735
50667,K7M737
50668,K7M738
50669,K7M739
50670,K7M740
50671,K7M745
50672,K7M750
50673,K7M758
50674,K7M762
50675,K7M763
50676,K7M767
50677,K7M769
50678,K7M771
50679,K7M773
50680,K7M774
50681,K7M775
50682,K7M776
50683,K7M778
50684,K7M779
50685,K7M780
50686,K7M783
50687,K7M786
50688,K7M787
50689,K7M788
50690,K7M790
50691,K7M791
50692,K7M793
50693,K7M795
50694,K7M797
50695,K7M799
50696,K7M7A0
50697,K7M7A1
50698,K7M7A3
50699,K7M7A5
50700,K7M7A6
50701,K7M7B0
50702,K7M7B2
50703,K7M7B3
50704,K7M7B8
50705,K7M7B9
50706,K7M7C0
50707,K7M7C1
50708,K7M7C6
50709,K7M7D2
50710,K7M7D3
50711,K7M7D5
50712,K7M7D7
50713,K7M7E9
50714,K7M7F0
50715,K7M7F1
50716,K7M7F2
50717,K7M7F5
50718,K7M7F7
50719,K7M7G0
50720,K7M7G1
50721,K7M7G3
50722,K7M7G4
50723,K7M7G6
50724,K7M7G7
50725,K7M7G9
50726,K7M7H0
50727,K7M7H2
50728,K7M7H4
50729,K7M7H5
50730,K7M7I1
50731,K7M7I2
50732,K7M7I4
50733,K7M7I6
50734,K7M7I8
50735,K7M7J0
50736,K7M7J3
50737,K7M7J4
50738,K7M7J7
50739,K7M7J8
50740,K7M7K1
50741,K7M7K5
50742,K7M7K6
50743,K7M7K7
50744,K7M7K8
50745,K7M7L0
50746,K7M7L2
50747,K7M7L3
50748,K7M7L7
50749,K7M7M3
50750,K7M7M8
50751,K7M7N1
50752,K7M7N3
50753,K7M7N5
50754,K7M7N6
50755,K7M7N8
50756,K7M7P0
50757,K7M7P2
50758,K7M7P3
50759,K7M7P5
50760,K7M7P6
50761,K7M7P9
50762,K7M7Q4
50763,K7M7Q6
50764,K7M7R0
50765,K7M7R1
50766,K7M7R5
50767,K7M7R6
50768,K7M7R9
50769,K7M7S3
50770,K7M7S4
50771,K7M7S5
50772,K7M7S9
50773,K7M7T0
50774,K7M7T1
50775,K7M7T2
50776,K7M7T3
50777,K7M7T4
50778,K7M7T5
50779,K7M7T9
50780,K7M7U4
50781,K7M7U5
50782,K7M7U7
50783,K7M7U8
50784,K7M7V2
50785,K7M7V4
50786,K7M7V6
50787,K7M7V8
50788,K7M7V9
50789,K7M7W0
50790,K7M7W1
50791,K7M7W3
50792,K7M7W5
50793,K7M7W6
50794,K7M7W8
50795,K7M7W9
50796,K7M7X0
50797,K7M7X2
50798,K7M7X6
50799,K7M7Y3
50800,K7M7Y9
50801,K7M801
50802,K7M802
50803,K7M806
50804,K7M807
50805,K7M808
50806,K7M809
50807,K7M810
50808,K7M812
50809,K7M813
50810,K7M814
50811,K7M816
50812,K7M817
50813,K7M818
50814,K7M819
50815,K7M820
50816,K7M821
50817,K7M822
50818,K7M823
50819,K7M824
50820,K7M825
50821,K7M826
50822,K7M829
50823,K7M831
50824,K7M833
50825,K7M841
50826,K7M842
50827,K7M844
50828,K7M846
50829,K7M847
50830,K7M849
50831,K7M853
50832,K7M856
50833,K7M858
50834,K7M862
50835,K7M863
50836,K7M864
50837,K7M865
50838,K7M867
50839,K7M868
50840,K7M870
50841,K7M871
50842,K7M872
50843,K7M878
50844,K7M879
50845,K7M881
50846,K7M884
50847,K7M886
50848,K7M889
50849,K7M891
50850,K7M892
50851,K7M893
50852,K7M894
50853,K7M897
50854,K7M8A3
50855,K7M8A9
50856,K7M8B5
50857,K7M8B6
50858,K7M8C1
50859,K7M8C2
50860,K7M8C7
50861,K7M8C8
50862,K7M8C9
50863,K7M8D1
50864,K7M8D2
50865,K7M8D6
50866,K7M8D7
50867,K7M8D9
50868,K7M8E1
50869,K7M8E3
50870,K7M8E4
50871,K7M8E5
50872,K7M8E6
50873,K7M8E8
50874,K7M8F6
50875,K7M8F8
50876,K7M8G2
50877,K7M8G4
50878,K7M8G6
50879,K7M8H4
50880,K7M8I2
50881,K7M8I6
50882,K7M8I7
50883,K7M8I8
50884,K7M8J9
50885,K7M8K8
50886,K7M8L1
50887,K7M8L8
50888,K7M8L9
50889,K7M8M3
50890,K7M8M4
50891,K7M8M6
50892,K7M8M9
50893,K7M8N1
50894,K7M8N2
50895,K7M8N4
50896,K7M8N6
50897,K7M8N8
50898,K7M8P0
50899,K7M8P4
50900,K7M8P8
50901,K7M8Q6
50902,K7M8Q8
50903,K7M8R0
50904,K7M8R1
50905,K7M8R2
50906,K7M8R8
50907,K7M8R9
50908,K7M8S0
50909,K7M8S3
50910,K7M8S6
50911,K7M8S8
50912,K7M8T0
50913,K7M8T2
50914,K7M8T3
50915,K7M8T4
50916,K7M8T7
50917,K7M8U7
50918,K7M8V3
50919,K7M8V6
50920,K7M8V8
50921,K7M8W2
50922,K7M8W3
50923,K7M8W9
50924,K7M8X1
50925,K7M8X4
50926,K7M8Y0
50927,K7M8Y1
50928,K7M8Z1
50929,K7M8Z4
50930,K7M8Z8
50931,K7M903
50932,K7M904
50933,K7M908
50934,K7M911
50935,K7M913
50936,K7M914
50937,K7M915
50938,K7M917
50939,K7M918
50940,K7M922
50941,K7M923
50942,K7M924
50943,K7M926
50944,K7M927
50945,K7M930
50946,K7M933
50947,K7M940
50948,K7M941
50949,K7M942
50950,K7M946
50951,K7M947
50952,K7M948
50953,K7M953
50954,K7M960
50955,K7M964
50956,K7M965
50957,K7M967
50958,K7M970
50959,K7M976
50960,K7M979
50961,K7M982
50962,K7M984
50963,K7M987
50964,K7M996
50965,K7M9A0
50966,K7M9A1
50967,K7M9A6
50968,K7M9A8
50969,K7M9B2
50970,K7M9B5
50971,K7M9C5
50972,K7M9C9
50973,K7M9D0
50974,K7M9D7
50975,K7M9E2
50976,K7M9E7
50977,K7M9F3
50978,K7M9F4
50979,K7M9F5
50980,K7M9F8
50981,K7M9G0
50982,K7M9G9
50983,K7M9H2
50984,K7M9H3
50985,K7M9H6
50986,K7M9H8
50987,K7M9I7
50988,K7M9J3
50989,K7M9J6
50990,K7M9J7
50991,K7M9J8
50992,K7M9J9
50993,K7M9K1
50994,K7M9K2
50995,K7M9K3
50996,K7M9K9
50997,K7M9L0
50998,K7M9L2
50999,K7M9L4
51000,K7M9L6
51001,K7M9L9
51002,K7M9M0
51003,K7M9M3
51004,K7M9M4
51005,K7M9N1
51006,K7M9N2
51007,K7M9N3
51008,K7M9N7
51009,K7M9P0
51010,K7M9P2
51011,K7M9P6
51012,K7M9P9
51013,K7M9Q3
51014,K7M9Q5
51015,K7M9Q7
51016,K7M9Q9
51017,K7M9R3
51018,K7M9R8
51019,K7M9S1
51020,K7M9S9
51021,K7M9T0
51022,K7M9T1
51023,K7M9T2
51024,K7M9T4
51025,K7M9T6
51026,K7M9T7
51027,K7M9T9
51028,K7M9U1
51029,K7M9U2
51030,K7M9U3
51031,K7M9U5
51032,K7M9U6
51033,K7M9U8
51034,K7M9V5
51035,K7M9W2
51036,K7M9W4
51037,K7M9W5
51038,K7M9W9
51039,K7M9X2
51040,K7M9X3
51041,K7M9X4
51042,K7M9X7
51043,K7M9Y0
51044,K7M9Y1
51045,K7M9Y4
51046,K7M9Y5
51047,K7M9Z7
51048,K7MA00
51049,K7MA02
51050,K7MA03
51051,K7MA06
51052,K7MA07
51053,K7MA17
51054,K7MA23
51055,K7MA27
51056,K7MA28
51057,K7MA29
51058,K7MA35
51059,K7MA41
51060,K7MA42
51061,K7MA46
51062,K7MA51
51063,K7MA52
51064,K7MA62
51065,K7MA64
51066,K7MA69
51067,K7MA70
51068,K7MA73
51069,K7MA77
51070,K7MA78
51071,K7MA84
51072,K7MA86
51073,K7MA87
51074,K7MA92
51075,K7MA97
51076,K7MAA4
51077,K7MAA7
51078,K7MAA8
51079,K7MAA9
51080,K7MAB0
51081,K7MAB1
51082,K7MAC5
51083,K7MAC7
51084,K7MAC8
51085,K7MAD0
51086,K7MAD1
51087,K7MAD2
51088,K7MAD4
51089,K7MAD8
51090,K7MAD9
51091,K7MAE1
51092,K7MAE3
51093,K7MAE5
51094,K7MAE8
51095,K7MAF0
51096,K7MAF1
51097,K7MAF5
51098,K7MAG1
51099,K7MAG3
51100,K7MAG6
51101,K7MAH1
51102,K7MAH2
51103,K7MAH3
51104,K7MAH5
51105,K7MAH6
51106,K7MAI1
51107,K7MAI2
51108,K7MAI4
51109,K7MAI5
51110,K7MAI6
51111,K7MAI7
51112,K7MAJ4
51113,K7MAJ5
51114,K7MAJ6
51115,K7MAK9
51116,K7MAL1
51117,K7MAL3
51118,K7MAL7
51119,K7MAM6
51120,K7MAN1
51121,K7MAP3
51122,K7MAP4
51123,K7MAP6
51124,K7MAP7
51125,K7MAP8
51126,K7MAP9
51127,K7MAQ0
51128,K7MAQ2
51129,K7MAQ4
51130,K7MAQ5
51131,K7MAQ6
51132,K7MAR4
51133,K7MAR6
51134,K7MAR8
51135,K7MAS3
51136,K7MAS6
51137,K7MAS7
51138,K7MAS8
51139,K7MAS9
51140,K7MAT0
51141,K7MAT1
51142,K7MAT2
51143,K7MAT5
51144,K7MAT6
51145,K7MAT8
51146,K7MAT9
51147,K7MAU1
51148,K7MAU4
51149,K7MAU5
51150,K7MAU9
51151,K7MAV0
51152,K7MAV3
51153,K7MAV4
51154,K7MAW9
51155,K7MAX0
51156,K7MAX1
51157,K7MAX3
51158,K7MAX6
51159,K7MAX8
51160,K7MAY0
51161,K7MAY1
51162,K7MAY4
51163,K7MAY5
51164,K7MAY6
51165,K7MAZ0
51166,K7MAZ5
51167,K7MB00
51168,K7MB04
51169,K7MB08
51170,K7MB13
51171,K7MB15
51172,K7MB17
51173,K7MB18
51174,K7MB21
51175,K7MB24
51176,K7MB31
51177,K7MB33
51178,K7MB35
51179,K7MB38
51180,K7MB43
51181,K7MB46
51182,K7MB47
51183,K7MB48
51184,K7MB53
51185,K7MB54
51186,K7MB59
51187,K7MB60
51188,K7MB62
51189,K7MB63
51190,K7MB69
51191,K7MB71
51192,K7MB77
51193,K7MB82
51194,K7MB85
51195,K7MB87
51196,K7MB89
51197,K7MB91
51198,K7MB93
51199,K7MB97
51200,K7MB98
51201,K7MB99
51202,K7MBA0
51203,K7MBA2
51204,K7MBA3
51205,K7MBA5
51206,K7MBA6
51207,K7MBA7
51208,K7MBA8
51209,K7MBA9
51210,K7MBB0
51211,K7MBB3
51212,K7MBB4
51213,K7MBB6
51214,K7MBB9
51215,K7MBC0
51216,K7MBC2
51217,K7MBC9
51218,K7MBD0
51219,K7MBD3
51220,K7MBD4
51221,K7MBE0
51222,K7MBE1
51223,K7MBE3
51224,K7MBE5
51225,K7MBE6
51226,K7MBF1
51227,K7MBF3
51228,K7MBF6
51229,K7MBF7
51230,K7MBF8
51231,K7MBF9
51232,K7MBG3
51233,K7MBG6
51234,K7MBG7
51235,K7MBG8
51236,K7MBG9
51237,K7MBH0
51238,K7MBH5
51239,K7MBH6
51240,K7MBH8
51241,K7MBH9
51242,K7MBJ3
51243,K7MBJ4
51244,K7MBJ5
51245,K7MBJ7
51246,K7MBJ9
51247,K7MBK3
51248,K7MBK6
51249,K7MBK8
51250,K7MBL3
51251,K7MBM3
51252,K7MBM4
51253,K7MBM5
51254,K7MBM8
51255,K7MBN0
51256,K7MBN6
51257,K7MBP1
51258,K7MBP2
51259,K7MBP5
51260,K7MBP6
51261,K7MBP7
51262,K7MBP8
51263,K7MBQ0
51264,K7MBQ3
51265,K7MBQ6
51266,K7MBQ9
51267,K7MBR4
51268,K7MBR9
51269,K7MBS1
51270,K7MBS2
51271,K7MBS4
51272,K7MBS5
51273,K7MBS6
51274,K7MBS7
51275,K7MBT0
51276,K7MBT3
51277,K7MBT4
51278,K7MBT5
51279,K7MBT7
51280,K7MBT8
51281,K7MBT9
51282,K7MBU0
51283,K7MBU4
51284,K7MBU5
51285,K7MBU6
51286,K7MBV1
51287,K7MBV6
51288,K7MBW3
51289,K7MBW4
51290,K7MBX1
51291,K7MBX5
51292,K7MBY1
51293,K7MBY3
51294,K7MBY5
51295,K7MBY7
51296,K7MBZ6
51297,K7MBZ9
51298,K7MC04
51299,K7MC09
51300,K7MC14
51301,K7MC23
51302,K7MC24
51303,K7MC26
51304,K7MC27
51305,K7MC30
51306,K7MC34
51307,K7MC35
51308,K7MC40
51309,K7MC44
51310,K7MC51
51311,K7MC52
51312,K7MC53
51313,K7MC56
51314,K7MC57
51315,K7MC63
51316,K7MC65
51317,K7MC66
51318,K7MC76
51319,K7MC77
51320,K7MC78
51321,K7MC79
51322,K7MC80
51323,K7MC82
51324,K7MC83
51325,K7MC84
51326,K7MC85
51327,K7MC88
51328,K7MC89
51329,K7MC92
51330,K7MC98
51331,K7MCA1
51332,K7MCA5
51333,K7MCB2
51334,K7MCB3
51335,K7MCB4
51336,K7MCB9
51337,K7MCC6
51338,K7MCD0
51339,K7MCD1
51340,K7MCD4
51341,K7MCD6
51342,K7MCD8
51343,K7MCD9
51344,K7MCE3
51345,K7MCE6
51346,K7MCE9
51347,K7MCF0
51348,K7MCF3
51349,K7MCF4
51350,K7MCG0
51351,K7MCG1
51352,K7MCG3
51353,K7MCG4
51354,K7MCG6
51355,K7MCG7
51356,K7MCH1
51357,K7MCH3
51358,K7MCH5
51359,K7MCH6
51360,K7MCH7
51361,K7MCI2
51362,K7MCI3
51363,K7MCI5
51364,K7MCJ2
51365,K7MCJ4
51366,K7MCJ5
51367,K7MCJ7
51368,K7MCL3
51369,K7MCL5
51370,K7MCL6
51371,K7MCL8
51372,K7MCL9
51373,K7MCM0
51374,K7MCM1
51375,K7MCM5
51376,K7MCM7
51377,K7MCM8
51378,K7MCN2
51379,K7MCN4
51380,K7MCN6
51381,K7MCN9
51382,K7MCP6
51383,K7MCQ0
51384,K7MCQ2
51385,K7MCQ3
51386,K7MCQ5
51387,K7MCQ7
51388,K7MCR2
51389,K7MCR3
51390,K7MCR5
51391,K7MCR7
51392,K7MCS1
51393,K7MCS2
51394,K7MCS6
51395,K7MCT0
51396,K7MCT2
51397,K7MCT7
51398,K7MCT9
51399,K7MCU0
51400,K7MCU1
51401,K7MCU2
51402,K7MCU4
51403,K7MCU5
51404,K7MCV1
51405,K7MCV4
51406,K7MCV9
51407,K7MCW1
51408,K7MCW6
51409,K7MCW7
51410,K7MCX3
51411,K7MCX9
51412,K7MCY1
51413,K7MCY7
51414,K7MCY9
51415,K7MCZ2
51416,K7MCZ6
51417,K7MCZ8
51418,K7MD02
51419,K7MD03
51420,K7MD10
51421,K7MD15
51422,K7MD16
51423,K7MD17
51424,K7MD18
51425,K7MD19
51426,K7MD22
51427,K7MD27
51428,K7MD28
51429,K7MD29
51430,K7MD32
51431,K7MD35
51432,K7MD36
51433,K7MD39
51434,K7MD40
51435,K7MD43
51436,K7MD46
51437,K7MD47
51438,K7MD48
51439,K7MD49
51440,K7MD52
51441,K7MD55
51442,K7MD57
51443,K7MD65
51444,K7MD67
51445,K7MD70
51446,K7MD72
51447,K7MD74
51448,K7MD76
51449,K7MD77
51450,K7MD81
51451,K7MD82
51452,K7MD83
51453,K7MD85
51454,K7MD86
51455,K7MD87
51456,K7MD89
51457,K7MD90
51458,K7MD91
51459,K7MD92
51460,K7MD94
51461,K7MD95
51462,K7MD96
51463,K7MD97
51464,K7MDA3
51465,K7MDA4
51466,K7MDA5
51467,K7MDA7
51468,K7MDB0
51469,K7MDB4
51470,K7MDB6
51471,K7MDB7
51472,K7MDC0
51473,K7MDC1
51474,K7MDC7
51475,K7MDD3
51476,K7MDD5
51477,K7MDD6
51478,K7MDE2
51479,K7MDE3
51480,K7MDE4
51481,K7MDE9
51482,K7MDF0
51483,K7MDG1
51484,K7MDG4
51485,K7MDG6
51486,K7MDG9
51487,K7MDH0
51488,K7MDH1
51489,K7MDH3
51490,K7MDH7
51491,K7MDH8
51492,K7MDI1
51493,K7MDI4
51494,K7MDI9
51495,K7MDJ2
51496,K7MDJ5
51497,K7MDJ7
51498,K7MDJ9
51499,K7MDK1
51500,K7MDK6
51501,K7MDK7
51502,K7MDK8
51503,K7MDL0
51504,K7MDM1
51505,K7MDM5
51506,K7MDM6
51507,K7MDM7
51508,K7MDM8
51509,K7MDN0
51510,K7MDN1
51511,K7MDN4
51512,K7MDN5
51513,K7MDN6
51514,K7MDN8
51515,K7MDP0
51516,K7MDP1
51517,K7MDP5
51518,K7MDP6
51519,K7MDP8
51520,K7MDQ7
51521,K7MDR4
51522,K7MDR5
51523,K7MDR8
51524,K7MDR9
51525,K7MDS0
51526,K7MDS4
51527,K7MDT1
51528,K7MDT3
51529,K7MDT4
51530,K7MDT7
51531,K7MDU0
51532,K7MDU4
51533,K7MDU5
51534,K7MDU6
51535,K7MDV0
51536,K7MDV2
51537,K7MDV4
51538,K7MDV5
51539,K7MDV8
51540,K7MDW1
51541,K7MDW3
51542,K7MDW5
51543,K7MDW7
51544,K7MDX5
51545,K7MDX6
51546,K7MDY3
51547,K7MDY4
51548,K7MDY7
51549,K7MDZ1
51550,K7MDZ2
51551,K7MDZ4
51552,K7MDZ5
51553,K7MDZ6
51554,K7MDZ9
51555,K7ME03
51556,K7ME05
51557,K7ME06
51558,K7ME07
51559,K7ME10
51560,K7ME11
51561,K7ME12
51562,K7ME16
51563,K7ME18
51564,K7ME19
51565,K7ME20
51566,K7ME22
51567,K7ME23
51568,K7ME24
51569,K7ME27
51570,K7ME28
51571,K7ME29
51572,K7ME32
51573,K7ME38
51574,K7ME40
51575,K7ME44
51576,K7ME49
51577,K7ME50
51578,K7ME58
51579,K7ME59
51580,K7ME61
51581,K7ME62
51582,K7ME63
51583,K7ME64
51584,K7ME65
51585,K7ME67
51586,K7ME68
51587,K7ME69
51588,K7ME72
51589,K7ME74
51590,K7ME78
51591,K7ME88
51592,K7ME91
51593,K7ME92
51594,K7ME94
51595,K7ME99
51596,K7MEA0
51597,K7MEA1
51598,K7MEA7
51599,K7MEB1
51600,K7MEB3
51601,K7MEB4
51602,K7MEB5
51603,K7MEB8
51604,K7MEC1
51605,K7MEC2
51606,K7MEC3
51607,K7MEC6
51608,K7MEC9
51609,K7MED3
51610,K7MED6
51611,K7MED7
51612,K7MED9
51613,K7MEE6
51614,K7MEE8
51615,K7MEF4
51616,K7MEF6
51617,K7MEG0
51618,K7MEG1
51619,K7MEG5
51620,K7MEG8
51621,K7MEG9
51622,K7MEH0
51623,K7MEH1
51624,K7MEH5
51625,K7MEH7
51626,K7MEI0
51627,K7MEI2
51628,K7MEI3
51629,K7MEJ2
51630,K7MEJ4
51631,K7MEJ6
51632,K7MEJ8
51633,K7MEK7
51634,K7MEK8
51635,K7MEL0
51636,K7MEL1
51637,K7MEL2
51638,K7MEL6
51639,K7MEL7
51640,K7MEL9
51641,K7MEM7
51642,K7MEN3
51643,K7MEN6
51644,K7MEP1
51645,K7MEP3
51646,K7MEP4
51647,K7MEQ2
51648,K7MEQ4
51649,K7MEQ8
51650,K7MEQ9
51651,K7MER0
51652,K7MER4
51653,K7MER5
51654,K7MER9
51655,K7MES4
51656,K7MES7
51657,K7MES8
51658,K7MET1
51659,K7MET3
51660,K7MET6
51661,K7MET7
51662,K7MET9
51663,K7MEU2
51664,K7MEU6
51665,K7MEU7
51666,K7MEV1
51667,K7MEV2
51668,K7MEV8
51669,K7MEV9
51670,K7MEW1
51671,K7MEW3
51672,K7MEW7
51673,K7MEW9
51674,K7MEX0
51675,K7MEX1
51676,K7MEX2
51677,K7MEX3
51678,K7MEX5
51679,K7MEX6
51680,K7MEY0
51681,K7MEY2
51682,K7MEY4
51683,K7MEY5
51684,K7MEY9
51685,K7MEZ0
51686,K7MEZ2
51687,K7MEZ3
51688,K7MEZ9
51689,K7MF00
51690,K7MF01
51691,K7MF05
51692,K7MF06
51693,K7MF07
51694,K7MF08
51695,K7MF12
51696,K7MF16
51697,K7MF17
51698,K7MF21
51699,K7MF22
51700,K7MF26
51701,K7MF27
51702,K7MF28
51703,K7MF30
51704,K7MF33
51705,K7MF34
51706,K7MF37
51707,K7MF38
51708,K7MF39
51709,K7MF40
51710,K7MF41
51711,K7MF46
51712,K7MF47
51713,K7MF52
51714,K7MF54
51715,K7MF59
51716,K7MF60
51717,K7MF63
51718,K7MF66
51719,K7MF68
51720,K7MF69
51721,K7MF75
51722,K7MF78
51723,K7MF85
51724,K7MF88
51725,K7MF93
51726,K7MF98
51727,K7MFA1
51728,K7MFA2
51729,K7MFA4
51730,K7MFA9
51731,K7MFB3
51732,K7MFB5
51733,K7MFC0
51734,K7MFC1
51735,K7MFC2
51736,K7MFC4
51737,K7MFC6
51738,K7MFC7
51739,K7MFC9
51740,K7MFD5
51741,K7MFD6
51742,K7MFE4
51743,K7MFE5
51744,K7MFE6
51745,K7MFE9
51746,K7MFF0
51747,K7MFF7
51748,K7MFG0
51749,K7MFG1
51750,K7MFG2
51751,K7MFG3
51752,K7MFG6
51753,K7MFH1
51754,K7MFH4
51755,K7MFH6
51756,K7MFH8
51757,K7MFH9
51758,K7MFI0
51759,K7MFI2
51760,K7MFI4
51761,K7MFI7
51762,K7MFI8
51763,K7MFJ1
51764,K7MFJ3
51765,K7MFJ5
51766,K7MFJ6
51767,K7MFJ7
51768,K7MFK0
51769,K7MFK2
51770,K7MFK8
51771,K7MFL5
51772,K7MFM0
51773,K7MFM3
51774,K7MFM6
51775,K7MFN3
51776,K7MFP0
51777,K7MFP2
51778,K7MFP5
51779,K7MFP7
51780,K7MFP9
51781,K7MFQ0
51782,K7MFQ1
51783,K7MFQ2
51784,K7MFQ3
51785,K7MFQ7
51786,K7MFR0
51787,K7MFR5
51788,K7MFR6
51789,K7MFR7
51790,K7MFS3
51791,K7MFS4
51792,K7MFS5
51793,K7MFS6
51794,K7MFT0
51795,K7MFT6
51796,K7MFT7
51797,K7MFU0
51798,K7MFU1
51799,K7MFU3
51800,K7MFU4
51801,K7MFU8
51802,K7MFU9
51803,K7MFV5
51804,K7MFV7
51805,K7MFV8
51806,K7MFV9
51807,K7MFW5
51808,K7MFW6
51809,K7MFW8
51810,K7MFW9
51811,K7MFX1
51812,K7MFX4
51813,K7MFX8
51814,K7MFX9
51815,K7MFY1
51816,K7MFY5
51817,K7MFZ0
51818,K7MFZ6
51819,K7MFZ7
51820,K7MFZ9
51821,K7MG03
51822,K7MG05
51823,K7MG09
51824,K7MG15
51825,K7MG22
51826,K7MG23
51827,K7MG26
51828,K7MG27
51829,K7MG35
51830,K7MG36
51831,K7MG37
51832,K7MG41
51833,K7MG43
51834,K7MG44
51835,K7MG46
51836,K7MG51
51837,K7MG53
51838,K7MG57
51839,K7MG68
51840,K7MG70
51841,K7MG72
51842,K7MG77
51843,K7MG78
51844,K7MG79
51845,K7MG85
51846,K7MG91
51847,K7MG92
51848,K7MG96
51849,K7MG97
51850,K7MG98
51851,K7MG99
51852,K7MGA4
51853,K7MGA8
51854,K7MGB0
51855,K7MGB5
51856,K7MGB8
51857,K7MGB9
51858,K7MGC1
51859,K7MGC2
51860,K7MGC8
51861,K7MGD0
51862,K7MGD2
51863,K7MGD4
51864,K7MGD6
51865,K7MGD7
51866,K7MGD9
51867,K7MGE6
51868,K7MGE9
51869,K7MGF1
51870,K7MGF3
51871,K7MGF8
51872,K7MGG0
51873,K7MGG1
51874,K7MGG3
51875,K7MGG6
51876,K7MGG8
51877,K7MGG9
51878,K7MGH1
51879,K7MGH7
51880,K7MGH8
51881,K7MGI0
51882,K7MGI1
51883,K7MGI7
51884,K7MGI9
51885,K7MGJ1
51886,K7MGJ3
51887,K7MGJ6
51888,K7MGJ8
51889,K7MGK0
51890,K7MGK3
51891,K7MGK5
51892,K7MGK8
51893,K7MGL3
51894,K7MGL5
51895,K7MGL8
51896,K7MGM0
51897,K7MGM2
51898,K7MGM6
51899,K7MGM8
51900,K7MGM9
51901,K7MGN4
51902,K7MGN5
51903,K7MGN8
51904,K7MGP0
51905,K7MGP2
51906,K7MGP3
51907,K7MGP4
51908,K7MGP7
51909,K7MGQ0
51910,K7MGQ2
51911,K7MGQ3
51912,K7MGQ5
51913,K7MGQ7
51914,K7MGQ8
51915,K7MGR0
51916,K7MGR1
51917,K7MGR3
51918,K7MGR4
51919,K7MGR6
51920,K7MGR7
51921,K7MGS1
51922,K7MGS6
51923,K7MGS7
51924,K7MGT2
51925,K7MGT5
51926,K7MGT8
51927,K7MGT9
51928,K7MGU0
51929,K7MGU2
51930,K7MGU4
51931,K7MGU5
51932,K7MGU6
51933,K7MGU7
51934,K7MGU8
51935,K7MGV0
51936,K7MGV2
51937,K7MGW4
51938,K7MGW6
51939,K7MGW7
51940,K7MGW9
51941,K7MGX0
51942,K7MGX2
51943,K7MGX3
51944,K7MGX6
51945,K7MGY1
51946,K7MGY5
51947,K7MGY9
51948,K7MGZ2
51949,K7MGZ3
51950,K7MGZ8
51951,K7MH00
51952,K7MH01
51953,K7MH02
51954,K7MH03
51955,K7MH05
51956,K7MH10
51957,K7MH18
51958,K7MH19
51959,K7MH22
51960,K7MH25
51961,K7MH27
51962,K7MH28
51963,K7MH29
51964,K7MH31
51965,K7MH38
51966,K7MH40
51967,K7MH45
51968,K7MH46
51969,K7MH48
51970,K7MH49
51971,K7MH50
51972,K7MH52
51973,K7MH53
51974,K7MH54
51975,K7MH55
51976,K7MH58
51977,K7MH59
51978,K7MH60
51979,K7MH64
51980,K7MH66
51981,K7MH68
51982,K7MH71
51983,K7MH77
51984,K7MH84
51985,K7MH89
51986,K7MH90
51987,K7MHA1
51988,K7MHA2
51989,K7MHA5
51990,K7MHA6
51991,K7MHB3
51992,K7MHC0
51993,K7MHC3
51994,K7MHD2
51995,K7MHD6
51996,K7MHE0
51997,K7MHE5
51998,K7MHE6
51999,K7MHE8
52000,K7MHF2
52001,K7MHF7
52002,K7MHF8
52003,K7MHF9
52004,K7MHG2
52005,K7MHG5
52006,K7MHG6
52007,K7MHH1
52008,K7MHH8
52009,K7MHI0
52010,K7MHI2
52011,K7MHI3
52012,K7MHI5
52013,K7MHI8
52014,K7MHJ0
52015,K7MHJ1
52016,K7MHJ6
52017,K7MHJ9
52018,K7MHK0
52019,K7MHK5
52020,K7MHK9
52021,K7MHL0
52022,K7MHL1
52023,K7MHL5
52024,K7MHL6
52025,K7MHL7
52026,K7MHL9
52027,K7MHM0
52028,K7MHM1
52029,K7MHM2
52030,K7MHM5
52031,K7MHM6
52032,K7MHM7
52033,K7MHM8
52034,K7MHN0
52035,K7MHN1
52036,K7MHN2
52037,K7MHN5
52038,K7MHP0
52039,K7MHP3
52040,K7MHP5
52041,K7MHP6
52042,K7MHP9
52043,K7MHQ0
52044,K7MHQ1
52045,K7MHQ6
52046,K7MHQ9
52047,K7MHR5
52048,K7MHR8
52049,K7MHS2
52050,K7MHS5
52051,K7MHS6
52052,K7MHS7
52053,K7MHS9
52054,K7MHT1
52055,K7MHT2
52056,K7MHT3
52057,K7MHT4
52058,K7MHT5
52059,K7MHT6
52060,K7MHT7
52061,K7MHT8
52062,K7MHU0
52063,K7MHU3
52064,K7MHU4
52065,K7MHU5
52066,K7MHU6
52067,K7MHU7
52068,K7MHU9
52069,K7MHV4
52070,K7MHV5
52071,K7MHV8
52072,K7MHW1
52073,K7MHW2
52074,K7MHW3
52075,K7MHX3
52076,K7MHX8
52077,K7MHY1
52078,K7MHY2
52079,K7MHY7
52080,K7MHZ2
52081,K7MHZ5
52082,K7MHZ7
52083,K7MHZ9
52084,K7MI02
52085,K7MI04
52086,K7MI06
52087,K7MI09
52088,K7MI16
52089,K7MI21
52090,K7MI24
52091,K7MI26
52092,K7MI27
52093,K7MI28
52094,K7MI41
52095,K7MI44
52096,K7MI53
52097,K7MI80
52098,K7MI90
52099,K7MI91
52100,K7MIA6
52101,K7MIB0
52102,K7MIB3
52103,K7MIC1
52104,K7MIC4
52105,K7MIC8
52106,K7MID0
52107,K7MID1
52108,K7MIE6
52109,K7MIF0
52110,K7MIF3
52111,K7MIF4
52112,K7MIF5
52113,K7MIG2
52114,K7MIG6
52115,K7MIG8
52116,K7MIH4
52117,K7MIH5
52118,K7MIH6
52119,K7MIH7
52120,K7MII0
52121,K7MII1
52122,K7MII3
52123,K7MIJ2
52124,K7MIJ6
52125,K7MIJ7
52126,K7MIJ9
52127,K7MIK2
52128,K7MIK6
52129,K7MIK7
52130,K7MIL1
52131,K7MIL2
52132,K7MIL3
52133,K7MIL4
52134,K7MIL7
52135,K7MIL9
52136,K7MIM0
52137,K7MIM2
52138,K7MIM3
52139,K7MIM6
52140,K7MIM8
52141,K7MIN0
52142,K7MIN1
52143,K7MIN2
52144,K7MIN3
52145,K7MIN9
52146,K7MIP0
52147,K7MIP4
52148,K7MIQ1
52149,K7MIQ3
52150,K7MIQ4
52151,K7MIQ7
52152,K7MIQ8
52153,K7MIQ9
52154,K7MIR2
52155,K7MIR4
52156,K7MIR5
52157,K7MIR6
52158,K7MIS3
52159,K7MIS6
52160,K7MIT3
52161,K7MIT4
52162,K7MIT5
52163,K7MIT7
52164,K7MIT8
52165,K7MIU1
52166,K7MIU9
52167,K7MIV6
52168,K7MIV7
52169,K7MIW0
52170,K7MIW1
52171,K7MIW5
52172,K7MIW7
52173,K7MIW8
52174,K7MIW9
52175,K7MIX6
52176,K7MIY1
52177,K7MIY3
52178,K7MIY7
52179,K7MIY8
52180,K7MIZ0
52181,K7MIZ2
52182,K7MIZ5
52183,K7MIZ8
52184,K7MJ00
52185,K7MJ03
52186,K7MJ05
52187,K7MJ07
52188,K7MJ10
52189,K7MJ13
52190,K7MJ17
52191,K7MJ19
52192,K7MJ21
52193,K7MJ24
52194,K7MJ28
52195,K7MJ32
52196,K7MJ33
52197,K7MJ35
52198,K7MJ36
52199,K7MJ39
52200,K7MJ46
52201,K7MJ48
52202,K7MJ55
52203,K7MJ56
52204,K7MJ66
52205,K7MJ68
52206,K7MJ70
52207,K7MJ71
52208,K7MJ75
52209,K7MJ87
52210,K7MJ90
52211,K7MJ91
52212,K7MJ92
52213,K7MJ94
52214,K7MJ96
52215,K7MJ99
52216,K7MJA3
52217,K7MJA4
52218,K7MJA5
52219,K7MJA9
52220,K7MJB2
52221,K7MJB3
52222,K7MJB4
52223,K7MJB8
52224,K7MJC0
52225,K7MJC2
52226,K7MJC4
52227,K7MJC5
52228,K7MJC6
52229,K7MJC8
52230,K7MJC9
52231,K7MJD1
52232,K7MJD5
52233,K7MJD8
52234,K7MJE4
52235,K7MJE9
52236,K7MJF0
52237,K7MJF3
52238,K7MJF4
52239,K7MJF5
52240,K7MJF6
52241,K7MJF7
52242,K7MJF8
52243,K7MJF9
52244,K7MJG0
52245,K7MJG3
52246,K7MJH8
52247,K7MJI1
52248,K7MJI2
52249,K7MJI4
52250,K7MJI5
52251,K7MJI6
52252,K7MJI7
52253,K7MJI8
52254,K7MJI9
52255,K7MJJ1
52256,K7MJJ9
52257,K7MJK2
52258,K7MJK5
52259,K7MJK6
52260,K7MJL1
52261,K7MJL2
52262,K7MJL6
52263,K7MJM1
52264,K7MJM6
52265,K7MJM9
52266,K7MJN0
52267,K7MJN1
52268,K7MJN4
52269,K7MJN5
52270,K7MJN8
52271,K7MJP2
52272,K7MJP4
52273,K7MJP5
52274,K7MJP6
52275,K7MJP7
52276,K7MJP9
52277,K7MJQ0
52278,K7MJQ1
52279,K7MJQ7
52280,K7MJQ8
52281,K7MJQ9
52282,K7MJR2
52283,K7MJR5
52284,K7MJR6
52285,K7MJS1
52286,K7MJS2
52287,K7MJS6
52288,K7MJS8
52289,K7MJT0
52290,K7MJT1
52291,K7MJT4
52292,K7MJT5
52293,K7MJT7
52294,K7MJU0
52295,K7MJU2
52296,K7MJU3
52297,K7MJU4
52298,K7MJU5
52299,K7MJV1
52300,K7MJV3
52301,K7MJV6
52302,K7MJV8
52303,K7MJW4
52304,K7MJX0
52305,K7MJX1
52306,K7MJX2
52307,K7MJX3
52308,K7MJX7
52309,K7MJY0
52310,K7MJY1
52311,K7MJY6
52312,K7MJY8
52313,K7MJY9
52314,K7MJZ0
52315,K7MJZ2
52316,K7MJZ5
52317,K7MJZ6
52318,K7MJZ7
52319,K7MJZ8
52320,K7MJZ9
52321,K7MK00
52322,K7MK01
52323,K7MK03
52324,K7MK06
52325,K7MK09
52326,K7MK10
52327,K7MK11
52328,K7MK13
52329,K7MK14
52330,K7MK17
52331,K7MK21
52332,K7MK22
52333,K7MK24
52334,K7MK25
52335,K7MK30
52336,K7MK32
52337,K7MK34
52338,K7MK36
52339,K7MK39
52340,K7MK42
52341,K7MK43
52342,K7MK44
52343,K7MK45
52344,K7MK48
52345,K7MK51
52346,K7MK54
52347,K7MK55
52348,K7MK57
52349,K7MK60
52350,K7MK66
52351,K7MK71
52352,K7MK73
52353,K7MK75
52354,K7MK79
52355,K7MK81
52356,K7MK86
52357,K7MK90
52358,K7MK91
52359,K7MK92
52360,K7MK94
52361,K7MK99
52362,K7MKA0
52363,K7MKA3
52364,K7MKA6
52365,K7MKA7
52366,K7MKA9
52367,K7MKB5
52368,K7MKB7
52369,K7MKC5
52370,K7MKC7
52371,K7MKD0
52372,K7MKD8
52373,K7MKE0
52374,K7MKE2
52375,K7MKF0
52376,K7MKF1
52377,K7MKF2
52378,K7MKF4
52379,K7MKF5
52380,K7MKF6
52381,K7MKF8
52382,K7MKG0
52383,K7MKG4
52384,K7MKG5
52385,K7MKG6
52386,K7MKH2
52387,K7MKH9
52388,K7MKI0
52389,K7MKI1
52390,K7MKI6
52391,K7MKI8
52392,K7MKJ2
52393,K7MKJ4
52394,K7MKJ5
52395,K7MKJ7
52396,K7MKJ8
52397,K7MKJ9
52398,K7MKK3
52399,K7MKK5
52400,K7MKK6
52401,K7MKK7
52402,K7MKL1
52403,K7MKL2
52404,K7MKM0
52405,K7MKM1
52406,K7MKM2
52407,K7MKM4
52408,K7MKM5
52409,K7MKM6
52410,K7MKM7
52411,K7MKM8
52412,K7MKN0
52413,K7MKN1
52414,K7MKN2
52415,K7MKN6
52416,K7MKN9
52417,K7MKP1
52418,K7MKP3
52419,K7MKP6
52420,K7MKQ3
52421,K7MKQ4
52422,K7MKQ5
52423,K7MKQ7
52424,K7MKQ9
52425,K7MKR0
52426,K7MKR2
52427,K7MKR4
52428,K7MKR5
52429,K7MKS0
52430,K7MKS1
52431,K7MKS6
52432,K7MKS7
52433,K7MKS9
52434,K7MKT1
52435,K7MKT2
52436,K7MKT4
52437,K7MKT5
52438,K7MKT7
52439,K7MKT8
52440,K7MKU5
52441,K7MKU6
52442,K7MKU9
52443,K7MKV5
52444,K7MKV9
52445,K7MKW1
52446,K7MKW2
52447,K7MKW4
52448,K7MKW5
52449,K7MKW8
52450,K7MKX0
52451,K7MKY0
52452,K7MKY1
52453,K7MKY4
52454,K7MKY7
52455,K7MKZ0
52456,K7MKZ2
52457,K7MKZ3
52458,K7MKZ8
52459,K7MKZ9
52460,K7ML00
52461,K7ML03
52462,K7ML06
52463,K7ML11
52464,K7ML12
52465,K7ML14
52466,K7ML15
52467,K7ML17
52468,K7ML21
52469,K7ML22
52470,K7ML23
52471,K7ML24
52472,K7ML30
52473,K7ML33
52474,K7ML34
52475,K7ML40
52476,K7ML42
52477,K7ML44
52478,K7ML47
52479,K7ML48
52480,K7ML50
52481,K7ML53
52482,K7ML54
52483,K7ML57
52484,K7ML59
52485,K7ML60
52486,K7ML62
52487,K7ML63
52488,K7ML64
52489,K7ML66
52490,K7ML74
52491,K7ML76
52492,K7ML77
52493,K7ML87
52494,K7ML88
52495,K7ML89
52496,K7ML90
52497,K7ML94
52498,K7ML96
52499,K7MLA9
52500,K7MLB0
52501,K7MLB3
52502,K7MLB5
52503,K7MLB6
52504,K7MLB7
52505,K7MLC0
52506,K7MLC5
52507,K7MLC8
52508,K7MLD9
52509,K7MLE0
52510,K7MLE2
52511,K7MLE6
52512,K7MLE7
52513,K7MLF0
52514,K7MLF2
52515,K7MLF6
52516,K7MLF8
52517,K7MLF9
52518,K7MLG0
52519,K7MLG2
52520,K7MLG3
52521,K7MLG5
52522,K7MLG8
52523,K7MLH0
52524,K7MLH4
52525,K7MLH5
52526,K7MLH9
52527,K7MLI1
52528,K7MLI2
52529,K7MLI3
52530,K7MLI5
52531,K7MLI6
52532,K7MLI7
52533,K7MLJ2
52534,K7MLJ4
52535,K7MLJ5
52536,K7MLJ6
52537,K7MLJ7
52538,K7MLK0
52539,K7MLK1
52540,K7MLK2
52541,K7MLK7
52542,K7MLK8
52543,K7MLL0
52544,K7MLL2
52545,K7MLL3
52546,K7MLL5
52547,K7MLM0
52548,K7MLM4
52549,K7MLM6
52550,K7MLM7
52551,K7MLM8
52552,K7MLN3
52553,K7MLN5
52554,K7MLN8
52555,K7MLN9
52556,K7MLP2
52557,K7MLP3
52558,K7MLP8
52559,K7MLQ1
52560,K7MLQ3
52561,K7MLQ7
52562,K7MLR0
52563,K7MLR1
52564,K7MLS1
52565,K7MLS5
52566,K7MLS6
52567,K7MLS7
52568,K7MLS8
52569,K7MLS9
52570,K7MLT4
52571,K7MLT5
52572,K7MLT6
52573,K7MLT7
52574,K7MLT9
52575,K7MLU0
52576,K7MLU1
52577,K7MLU4
52578,K7MLU9
52579,K7MLV1
52580,K7MLV2
52581,K7MLV7
52582,K7MLV8
52583,K7MLX2
52584,K7MLX5
52585,K7MLX6
52586,K7MLX7
52587,K7MLX9
52588,K7MLY2
52589,K7MLY6
52590,K7MLZ2
52591,K7MLZ3
52592,K7MLZ4
52593,K7MLZ5
52594,K7MLZ6
52595,K7MLZ7
52596,K7MLZ9
52597,K7MM05
52598,K7MM08
52599,K7MM09
52600,K7MM13
52601,K7MM14
52602,K7MM15
52603,K7MM16
52604,K7MM17
52605,K7MM19
52606,K7MM21
52607,K7MM22
52608,K7MM24
52609,K7MM26
52610,K7MM29
52611,K7MM30
52612,K7MM31
52613,K7MM34
52614,K7MM35
52615,K7MM36
52616,K7MM37
52617,K7MM39
52618,K7MM40
52619,K7MM45
52620,K7MM47
52621,K7MM49
52622,K7MM50
52623,K7MM51
52624,K7MM52
52625,K7MM55
52626,K7MM57
52627,K7MM59
52628,K7MM61
52629,K7MM63
52630,K7MM64
52631,K7MM65
52632,K7MM66
52633,K7MM67
52634,K7MM68
52635,K7MM76
52636,K7MM83
52637,K7MM84
52638,K7MM88
52639,K7MM89
52640,K7MM90
52641,K7MM91
52642,K7MM99
52643,K7MMA0
52644,K7MMA3
52645,K7MMA5
52646,K7MMA6
52647,K7MMB0
52648,K7MMB3
52649,K7MMB5
52650,K7MMB8
52651,K7MMC3
52652,K7MMC5
52653,K7MMC6
52654,K7MMD1
52655,K7MMD7
52656,K7MMD8
52657,K7MME1
52658,K7MME2
52659,K7MME3
52660,K7MME4
52661,K7MME8
52662,K7MMF4
52663,K7MMF5
52664,K7MMF6
52665,K7MMF8
52666,K7MMG1
52667,K7MMG2
52668,K7MMG8
52669,K7MMH4
52670,K7MMH8
52671,K7MMI2
52672,K7MMI5
52673,K7MMI6
52674,K7MMI8
52675,K7MMI9
52676,K7MMJ1
52677,K7MMJ2
52678,K7MMJ4
52679,K7MMJ6
52680,K7MMJ7
52681,K7MMJ8
52682,K7MMJ9
52683,K7MMK0
52684,K7MMK2
52685,K7MMK5
52686,K7MMK6
52687,K7MMK7
52688,K7MMK8
52689,K7MML4
52690,K7MML5
52691,K7MML6
52692,K7MMM6
52693,K7MMM9
52694,K7MMN0
52695,K7MMN4
52696,K7MMN7
52697,K7MMN9
52698,K7MMP2
52699,K7MMP5
52700,K7MMQ0
52701,K7MMQ8
52702,K7MMQ9
52703,K7MMR0
52704,K7MMR1
52705,K7MMR2
52706,K7MMR3
52707,K7MMR4
52708,K7MMR5
52709,K7MMR7
52710,K7MMS0
52711,K7MMS3
52712,K7MMS8
52713,K7MMS9
52714,K7MMU8
52715,K7MMV2
52716,K7MMV3
52717,K7MMV5
52718,K7MMW2
52719,K7MMW3
52720,K7MMW6
52721,K7MMX1
52722,K7MMX2
52723,K7MMY0
52724,K7MMY1
52725,K7MMY4
52726,K7MMY5
52727,K7MMY6
52728,K7MMY7
52729,K7MMY8
52730,K7MMZ0
52731,K7MMZ9
52732,K7MN00
52733,K7MN02
52734,K7MN03
52735,K7MN04
52736,K7MN06
52737,K7MN10
52738,K7MN15
52739,K7MN18
52740,K7MN21
52741,K7MN23
52742,K7MN28
52743,K7MN31
52744,K7MN35
52745,K7MN36
52746,K7MN39
52747,K7MN42
52748,K7MN43
52749,K7MN48
52750,K7MN50
52751,K7MN51
52752,K7MN55
52753,K7MN58
52754,K7MN65
52755,K7MN68
52756,K7MN78
52757,K7MN81
52758,K7MN82
52759,K7MN84
52760,K7MN87
52761,K7MN99
52762,K7MNA5
52763,K7MNA6
52764,K7MNA7
52765,K7MNA8
52766,K7MNA9
52767,K7MNB0
52768,K7MNB1
52769,K7MNB2
52770,K7MNB4
52771,K7MNB5
52772,K7MNC0
52773,K7MNC2
52774,K7MND1
52775,K7MND2
52776,K7MND4
52777,K7MND6
52778,K7MND7
52779,K7MND8
52780,K7MNE0
52781,K7MNE3
52782,K7MNE4
52783,K7MNE6
52784,K7MNE8
52785,K7MNF0
52786,K7MNF2
52787,K7MNF3
52788,K7MNF6
52789,K7MNF8
52790,K7MNG0
52791,K7MNG1
52792,K7MNG2
52793,K7MNG4
52794,K7MNG9
52795,K7MNH7
52796,K7MNH9
52797,K7MNI0
52798,K7MNI7
52799,K7MNI8
52800,K7MNJ0
52801,K7MNJ4
52802,K7MNJ5
52803,K7MNJ6
52804,K7MNJ7
52805,K7MNJ8
52806,K7MNJ9
52807,K7MNK5
52808,K7MNK8
52809,K7MNL1
52810,K7MNL2
52811,K7MNL6
52812,K7MNL7
52813,K7MNL8
52814,K7MNM1
52815,K7MNM2
52816,K7MNM3
52817,K7MNM6
52818,K7MNM7
52819,K7MNN1
52820,K7MNN3
52821,K7MNN5
52822,K7MNN6
52823,K7MNN7
52824,K7MNN8
52825,K7MNP1
52826,K7MNP2
52827,K7MNP3
52828,K7MNP5
52829,K7MNP8
52830,K7MNQ0
52831,K7MNQ5
52832,K7MNQ6
52833,K7MNQ8
52834,K7MNQ9
52835,K7MNR0
52836,K7MNR2
52837,K7MNR7
52838,K7MNR8
52839,K7MNS2
52840,K7MNS3
52841,K7MNT1
52842,K7MNT2
52843,K7MNT5
52844,K7MNT6
52845,K7MNT8
52846,K7MNT9
52847,K7MNU0
52848,K7MNU9
52849,K7MNV2
52850,K7MNV4
52851,K7MNW2
52852,K7MNW8
52853,K7MNW9
52854,K7MNX2
52855,K7MNX6
52856,K7MNX7
52857,K7MNX9
52858,K7MNY1
52859,K7MNY5
52860,K7MNY8
52861,K7MNY9
52862,K7MNZ1
52863,K7MNZ5
52864,K7MNZ7
52865,K7MNZ8
52866,K7MP04
52867,K7MP05
52868,K7MP06
52869,K7MP07
52870,K7MP08
52871,K7MP09
52872,K7MP10
52873,K7MP11
52874,K7MP14
52875,K7MP15
52876,K7MP17
52877,K7MP21
52878,K7MP23
52879,K7MP28
52880,K7MP32
52881,K7MP34
52882,K7MP36
52883,K7MP39
52884,K7MP42
52885,K7MP46
52886,K7MP48
52887,K7MP53
52888,K7MP55
52889,K7MP57
52890,K7MP58
52891,K7MP59
52892,K7MP63
52893,K7MP65
52894,K7MP66
52895,K7MP67
52896,K7MP71
52897,K7MP74
52898,K7MP75
52899,K7MP79
52900,K7MP80
52901,K7MP81
52902,K7MP82
52903,K7MP83
52904,K7MP84
52905,K7MP87
52906,K7MP89
52907,K7MP92
52908,K7MP93
52909,K7MPA0
52910,K7MPA2
52911,K7MPA3
52912,K7MPA4
52913,K7MPA6
52914,K7MPA7
52915,K7MPB4
52916,K7MPB5
52917,K7MPB6
52918,K7MPC2
52919,K7MPC4
52920,K7MPC8
52921,K7MPD0
52922,K7MPD3
52923,K7MPD4
52924,K7MPD5
52925,K7MPD6
52926,K7MPE1
52927,K7MPE2
52928,K7MPE3
52929,K7MPE4
52930,K7MPE7
52931,K7MPE8
52932,K7MPF2
52933,K7MPF4
52934,K7MPF9
52935,K7MPG5
52936,K7MPG6
52937,K7MPG8
52938,K7MPH0
52939,K7MPH2
52940,K7MPH4
52941,K7MPH5
52942,K7MPH7
52943,K7MPI4
52944,K7MPI6
52945,K7MPJ0
52946,K7MPJ1
52947,K7MPJ2
52948,K7MPJ5
52949,K7MPJ9
52950,K7MPK0
52951,K7MPK1
52952,K7MPK3
52953,K7MPK4
52954,K7MPL4
52955,K7MPL5
52956,K7MPL6
52957,K7MPL9
52958,K7MPM2
52959,K7MPM8
52960,K7MPM9
52961,K7MPN1
52962,K7MPN3
52963,K7MPN5
52964,K7MPN6
52965,K7MPP0
52966,K7MPP3
52967,K7MPP8
52968,K7MPQ1
52969,K7MPQ6
52970,K7MPR4
52971,K7MPR6
52972,K7MPR7
52973,K7MPS1
52974,K7MPS5
52975,K7MPS6
52976,K7MPS7
52977,K7MPS9
52978,K7MPT1
52979,K7MPT4
52980,K7MPT7
52981,K7MPT9
52982,K7MPU5
52983,K7MPU8
52984,K7MPV2
52985,K7MPV4
52986,K7MPV8
52987,K7MPW1
52988,K7MPW4
52989,K7MPW5
52990,K7MPW8
52991,K7MPW9
52992,K7MPX5
52993,K7MPX8
52994,K7MPY0
52995,K7MPY5
52996,K7MPY8
52997,K7MPY9
52998,K7MPZ0
52999,K7MPZ1
53000,K7MPZ2
53001,K7MPZ3
53002,K7MPZ4
53003,K7MPZ5
53004,K7MQ00
53005,K7MQ01
53006,K7MQ02
53007,K7MQ03
53008,K7MQ05
53009,K7MQ06
53010,K7MQ17
53011,K7MQ18
53012,K7MQ19
53013,K7MQ22
53014,K7MQ23
53015,K7MQ27
53016,K7MQ31
53017,K7MQ32
53018,K7MQ33
53019,K7MQ35
53020,K7MQ36
53021,K7MQ37
53022,K7MQ38
53023,K7MQ39
53024,K7MQ40
53025,K7MQ41
53026,K7MQ42
53027,K7MQ49
53028,K7MQ50
53029,K7MQ56
53030,K7MQ57
53031,K7MQ68
53032,K7MQ69
53033,K7MQ70
53034,K7MQ74
53035,K7MQ76
53036,K7MQ77
53037,K7MQ78
53038,K7MQ79
53039,K7MQ84
53040,K7MQ86
53041,K7MQ88
53042,K7MQ92
53043,K7MQ94
53044,K7MQ95
53045,K7MQ98
53046,K7MQ99
53047,K7MQA2
53048,K7MQB0
53049,K7MQB3
53050,K7MQB6
53051,K7MQB8
53052,K7MQC1
53053,K7MQC4
53054,K7MQC8
53055,K7MQD0
53056,K7MQD1
53057,K7MQD2
53058,K7MQD4
53059,K7MQD5
53060,K7MQD6
53061,K7MQD7
53062,K7MQE4
53063,K7MQE5
53064,K7MQE7
53065,K7MQF1
53066,K7MQF4
53067,K7MQF5
53068,K7MQF6
53069,K7MQF9
53070,K7MQG1
53071,K7MQG3
53072,K7MQG5
53073,K7MQG6
53074,K7MQH1
53075,K7MQH4
53076,K7MQH8
53077,K7MQI0
53078,K7MQI3
53079,K7MQJ1
53080,K7MQJ2
53081,K7MQJ8
53082,K7MQK0
53083,K7MQK1
53084,K7MQK2
53085,K7MQK3
53086,K7MQK5
53087,K7MQK8
53088,K7MQL0
53089,K7MQL1
53090,K7MQL4
53091,K7MQL7
53092,K7MQM1
53093,K7MQM3
53094,K7MQM6
53095,K7MQM9
53096,K7MQN0
53097,K7MQN1
53098,K7MQN2
53099,K7MQN3
53100,K7MQN4
53101,K7MQN5
53102,K7MQN8
53103,K7MQP1
53104,K7MQP4
53105,K7MQP5
53106,K7MQP6
53107,K7MQP9
53108,K7MQQ6
53109,K7MQQ8
53110,K7MQR0
53111,K7MQR2
53112,K7MQR3
53113,K7MQR6
53114,K7MQR7
53115,K7MQS2
53116,K7MQS3
53117,K7MQS7
53118,K7MQS9
53119,K7MQT1
53120,K7MQT2
53121,K7MQT5
53122,K7MQU3
53123,K7MQU5
53124,K7MQU7
53125,K7MQV0
53126,K7MQV1
53127,K7MQV2
53128,K7MQV3
53129,K7MQV7
53130,K7MQV9
53131,K7MQW2
53132,K7MQW6
53133,K7MQW8
53134,K7MQX4
53135,K7MQX6
53136,K7MQX7
53137,K7MQX8
53138,K7MQY5
53139,K7MQY6
53140,K7MQY9
53141,K7MQZ1
53142,K7MQZ2
53143,K7MQZ3
53144,K7MQZ4
53145,K7MQZ6
53146,K7MQZ9
53147,K7MR02
53148,K7MR04
53149,K7MR07
53150,K7MR08
53151,K7MR09
53152,K7MR15
53153,K7MR20
53154,K7MR25
53155,K7MR26
53156,K7MR36
53157,K7MR42
53158,K7MR47
53159,K7MR49
53160,K7MR51
53161,K7MR52
53162,K7MR53
53163,K7MR54
53164,K7MR57
53165,K7MR59
53166,K7MR64
53167,K7MR65
53168,K7MR68
53169,K7MR70
53170,K7MR73
53171,K7MR80
53172,K7MR81
53173,K7MR82
53174,K7MR83
53175,K7MR95
53176,K7MR97
53177,K7MR98
53178,K7MRA2
53179,K7MRA3
53180,K7MRA4
53181,K7MRA6
53182,K7MRA7
53183,K7MRB1
53184,K7MRB3
53185,K7MRB4
53186,K7MRB5
53187,K7MRB7
53188,K7MRC2
53189,K7MRC9
53190,K7MRD0
53191,K7MRD1
53192,K7MRD6
53193,K7MRD8
53194,K7MRD9
53195,K7MRE0
53196,K7MRE2
53197,K7MRE7
53198,K7MRE8
53199,K7MRE9
53200,K7MRF3
53201,K7MRF5
53202,K7MRF7
53203,K7MRG3
53204,K7MRG5
53205,K7MRG7
53206,K7MRH1
53207,K7MRH5
53208,K7MRH9
53209,K7MRI2
53210,K7MRI5
53211,K7MRI9
53212,K7MRJ0
53213,K7MRJ1
53214,K7MRJ2
53215,K7MRJ5
53216,K7MRJ6
53217,K7MRK3
53218,K7MRK6
53219,K7MRK7
53220,K7MRK9
53221,K7MRL2
53222,K7MRL3
53223,K7MRL5
53224,K7MRL6
53225,K7MRL8
53226,K7MRL9
53227,K7MRM1
53228,K7MRM5
53229,K7MRM6
53230,K7MRM9
53231,K7MRN2
53232,K7MRN3
53233,K7MRN4
53234,K7MRN9
53235,K7MRP0
53236,K7MRP3
53237,K7MRP4
53238,K7MRP5
53239,K7MRP7
53240,K7MRP8
53241,K7MRP9
53242,K7MRQ1
53243,K7MRQ4
53244,K7MRQ5
53245,K7MRQ6
53246,K7MRR0
53247,K7MRR2
53248,K7MRR4
53249,K7MRR6
53250,K7MRR7
53251,K7MRR8
53252,K7MRR9
53253,K7MRS0
53254,K7MRS2
53255,K7MRS5
53256,K7MRS7
53257,K7MRS9
53258,K7MRT1
53259,K7MRT2
53260,K7MRT3
53261,K7MRT4
53262,K7MRT6
53263,K7MRU0
53264,K7MRU1
53265,K7MRU4
53266,K7MRU6
53267,K7MRV0
53268,K7MRV2
53269,K7MRV5
53270,K7MRV6
53271,K7MRW8
53272,K7MRX0
53273,K7MRX3
53274,K7MRX4
53275,K7MRX6
53276,K7MRX7
53277,K7MRX8
53278,K7MRY3
53279,K7MRY4
53280,K7MRY5
53281,K7MRY9
53282,K7MRZ0
53283,K7MRZ1
53284,K7MRZ2
53285,K7MRZ4
53286,K7MS01
53287,K7MS02
53288,K7MS03
53289,K7MS05
53290,K7MS06
53291,K7MS08
53292,K7MS11
53293,K7MS12
53294,K7MS16
53295,K7MS17
53296,K7MS18
53297,K7MS19
53298,K7MS21
53299,K7MS22
53300,K7MS23
53301,K7MS25
53302,K7MS29
53303,K7MS31
53304,K7MS33
53305,K7MS34
53306,K7MS37
53307,K7MS40
53308,K7MS41
53309,K7MS43
53310,K7MS44
53311,K7MS45
53312,K7MS51
53313,K7MS54
53314,K7MS55
53315,K7MS59
53316,K7MS60
53317,K7MS61
53318,K7MS65
53319,K7MS66
53320,K7MS70
53321,K7MS73
53322,K7MS74
53323,K7MS76
53324,K7MS80
53325,K7MS83
53326,K7MS87
53327,K7MS88
53328,K7MS89
53329,K7MS92
53330,K7MS96
53331,K7MS99
53332,K7MSA4
53333,K7MSA6
53334,K7MSB1
53335,K7MSB4
53336,K7MSB5
53337,K7MSB7
53338,K7MSC2
53339,K7MSC5
53340,K7MSC7
53341,K7MSD1
53342,K7MSD5
53343,K7MSD7
53344,K7MSD8
53345,K7MSD9
53346,K7MSE1
53347,K7MSE2
53348,K7MSE3
53349,K7MSE7
53350,K7MSF2
53351,K7MSF4
53352,K7MSF9
53353,K7MSG0
53354,K7MSG1
53355,K7MSG2
53356,K7MSG4
53357,K7MSG6
53358,K7MSH5
53359,K7MSH8
53360,K7MSH9
53361,K7MSI2
53362,K7MSI3
53363,K7MSI8
53364,K7MSJ1
53365,K7MSJ4
53366,K7MSJ6
53367,K7MSJ7
53368,K7MSK1
53369,K7MSK2
53370,K7MSK3
53371,K7MSK6
53372,K7MSK7
53373,K7MSK8
53374,K7MSK9
53375,K7MSL1
53376,K7MSL2
53377,K7MSL5
53378,K7MSM0
53379,K7MSM2
53380,K7MSM3
53381,K7MSM4
53382,K7MSM7
53383,K7MSN3
53384,K7MSN5
53385,K7MSN6
53386,K7MSP1
53387,K7MSP4
53388,K7MSP6
53389,K7MSP8
53390,K7MSQ0
53391,K7MSQ2
53392,K7MSQ4
53393,K7MSQ6
53394,K7MSQ7
53395,K7MSR4
53396,K7MSR8
53397,K7MSS4
53398,K7MST2
53399,K7MST6
53400,K7MSU2
53401,K7MSU9
53402,K7MSV1
53403,K7MSV3
53404,K7MSV4
53405,K7MSV6
53406,K7MSV9
53407,K7MSW0
53408,K7MSW6
53409,K7MSW7
53410,K7MSX2
53411,K7MSX3
53412,K7MSX4
53413,K7MSX5
53414,K7MSX7
53415,K7MSX8
53416,K7MSY0
53417,K7MSY3
53418,K7MSY4
53419,K7MSY5
53420,K7MSY7
53421,K7MSY8
53422,K7MSZ0
53423,K7MSZ7
53424,K7MT04
53425,K7MT07
53426,K7MT08
53427,K7MT16
53428,K7MT17
53429,K7MT20
53430,K7MT21
53431,K7MT27
53432,K7MT28
53433,K7MT29
53434,K7MT30
53435,K7MT33
53436,K7MT34
53437,K7MT37
53438,K7MT39
53439,K7MT46
53440,K7MT50
53441,K7MT52
53442,K7MT54
53443,K7MT55
53444,K7MT59
53445,K7MT60
53446,K7MT64
53447,K7MT66
53448,K7MT71
53449,K7MT74
53450,K7MT78
53451,K7MT79
53452,K7MT81
53453,K7MT82
53454,K7MT83
53455,K7MT84
53456,K7MT87
53457,K7MT88
53458,K7MT91
53459,K7MT95
53460,K7MTA0
53461,K7MTA2
53462,K7MTA3
53463,K7MTA5
53464,K7MTA6
53465,K7MTA7
53466,K7MTB0
53467,K7MTB3
53468,K7MTB4
53469,K7MTB5
53470,K7MTB8
53471,K7MTC1
53472,K7MTC2
53473,K7MTC3
53474,K7MTC4
53475,K7MTC5
53476,K7MTC6
53477,K7MTC8
53478,K7MTC9
53479,K7MTD2
53480,K7MTD3
53481,K7MTD9
53482,K7MTE0
53483,K7MTE1
53484,K7MTE3
53485,K7MTE4
53486,K7MTE6
53487,K7MTE7
53488,K7MTE9
53489,K7MTF1
53490,K7MTF2
53491,K7MTF4
53492,K7MTF5
53493,K7MTF6
53494,K7MTG2
53495,K7MTG3
53496,K7MTG5
53497,K7MTG6
53498,K7MTG7
53499,K7MTG8
53500,K7MTH3
53501,K7MTH6
53502,K7MTI1
53503,K7MTI5
53504,K7MTI6
53505,K7MTI8
53506,K7MTI9
53507,K7MTJ7
53508,K7MTJ8
53509,K7MTJ9
53510,K7MTK1
53511,K7MTL0
53512,K7MTL2
53513,K7MTL8
53514,K7MTM5
53515,K7MTM7
53516,K7MTM8
53517,K7MTM9
53518,K7MTN0
53519,K7MTN3
53520,K7MTN5
53521,K7MTP0
53522,K7MTP1
53523,K7MTP5
53524,K7MTQ0
53525,K7MTQ3
53526,K7MTQ5
53527,K7MTQ6
53528,K7MTQ8
53529,K7MTR2
53530,K7MTR3
53531,K7MTR4
53532,K7MTR5
53533,K7MTR6
53534,K7MTR7
53535,K7MTS0
53536,K7MTS2
53537,K7MTS7
53538,K7MTT7
53539,K7MTT9
53540,K7MTU1
53541,K7MTU5
53542,K7MTU6
53543,K7MTV0
53544,K7MTV5
53545,K7MTV9
53546,K7MTW5
53547,K7MTW6
53548,K7MTW9
53549,K7MTX0
53550,K7MTX3
53551,K7MTX7
53552,K7MTX9
53553,K7MTY3
53554,K7MTY7
53555,K7MTY9
53556,K7MTZ0
53557,K7MTZ1
53558,K7MTZ4
53559,K7MTZ9
53560,K7MU01
53561,K7MU03
53562,K7MU05
53563,K7MU06
53564,K7MU08
53565,K7MU12
53566,K7MU14
53567,K7MU15
53568,K7MU16
53569,K7MU17
53570,K7MU20
53571,K7MU23
53572,K7MU24
53573,K7MU26
53574,K7MU27
53575,K7MU28
53576,K7MU29
53577,K7MU31
53578,K7MU32
53579,K7MU33
53580,K7MU36
53581,K7MU39
53582,K7MU41
53583,K7MU43
53584,K7MU48
53585,K7MU52
53586,K7MU61
53587,K7MU64
53588,K7MU65
53589,K7MU69
53590,K7MU72
53591,K7MU73
53592,K7MU75
53593,K7MU78
53594,K7MU79
53595,K7MU80
53596,K7MU90
53597,K7MU97
53598,K7MUA1
53599,K7MUA5
53600,K7MUA6
53601,K7MUA7
53602,K7MUB1
53603,K7MUB2
53604,K7MUC3
53605,K7MUC5
53606,K7MUC6
53607,K7MUC8
53608,K7MUC9
53609,K7MUD1
53610,K7MUD2
53611,K7MUD4
53612,K7MUD5
53613,K7MUD6
53614,K7MUD8
53615,K7MUD9
53616,K7MUE3
53617,K7MUE8
53618,K7MUF0
53619,K7MUF2
53620,K7MUF3
53621,K7MUF6
53622,K7MUG0
53623,K7MUG7
53624,K7MUG8
53625,K7MUG9
53626,K7MUH1
53627,K7MUH4
53628,K7MUH5
53629,K7MUH9
53630,K7MUI0
53631,K7MUI2
53632,K7MUI4
53633,K7MUI6
53634,K7MUI8
53635,K7MUJ0
53636,K7MUJ7
53637,K7MUK1
53638,K7MUK8
53639,K7MUL2
53640,K7MUL5
53641,K7MUL6
53642,K7MUL8
53643,K7MUL9
53644,K7MUM0
53645,K7MUM1
53646,K7MUM2
53647,K7MUM3
53648,K7MUM4
53649,K7MUM5
53650,K7MUM8
53651,K7MUM9
53652,K7MUN2
53653,K7MUN3
53654,K7MUN4
53655,K7MUN5
53656,K7MUN7
53657,K7MUN9
53658,K7MUP0
53659,K7MUP1
53660,K7MUP7
53661,K7MUP9
53662,K7MUQ3
53663,K7MUQ5
53664,K7MUQ7
53665,K7MUQ8
53666,K7MUQ9
53667,K7MUR0
53668,K7MUR1
53669,K7MUR2
53670,K7MUR4
53671,K7MUR5
53672,K7MUR7
53673,K7MUR9
53674,K7MUS1
53675,K7MUS2
53676,K7MUS5
53677,K7MUS8
53678,K7MUS9
53679,K7MUT7
53680,K7MUT8
53681,K7MUU3
53682,K7MUV0
53683,K7MUV1
53684,K7MUV4
53685,K7MUV5
53686,K7MUV9
53687,K7MUW0
53688,K7MUW1
53689,K7MUW2
53690,K7MUW9
53691,K7MUX2
53692,K7MUX4
53693,K7MUX6
53694,K7MUX7
53695,K7MUX9
53696,K7MUY2
53697,K7MUZ0
53698,K7MUZ2
53699,K7MUZ3
53700,K7MUZ8
53701,K7MUZ9
53702,K7MV00
53703,K7MV01
53704,K7MV02
53705,K7MV03
53706,K7MV06
53707,K7MV10
53708,K7MV11
53709,K7MV12
53710,K7MV13
53711,K7MV20
53712,K7MV24
53713,K7MV27
53714,K7MV29
53715,K7MV31
53716,K7MV34
53717,K7MV35
53718,K7MV36
53719,K7MV38
53720,K7MV39
53721,K7MV40
53722,K7MV42
53723,K7MV43
53724,K7MV44
53725,K7MV45
53726,K7MV46
53727,K7MV47
53728,K7MV48
53729,K7MV52
53730,K7MV53
53731,K7MV60
53732,K7MV63
53733,K7MV65
53734,K7MV66
53735,K7MV68
53736,K7MV72
53737,K7MV73
53738,K7MV75
53739,K7MV77
53740,K7MV79
53741,K7MV80
53742,K7MV81
53743,K7MV83
53744,K7MV84
53745,K7MV87
53746,K7MV88
53747,K7MV89
53748,K7MV92
53749,K7MV94
53750,K7MV96
53751,K7MV97
53752,K7MVA0
53753,K7MVA7
53754,K7MVB4
53755,K7MVB5
53756,K7MVB6
53757,K7MVB7
53758,K7MVB9
53759,K7MVC0
53760,K7MVC1
53761,K7MVC2
53762,K7MVC4
53763,K7MVC5
53764,K7MVD0
53765,K7MVD1
53766,K7MVD3
53767,K7MVD4
53768,K7MVD8
53769,K7MVE2
53770,K7MVE3
53771,K7MVE5
53772,K7MVE7
53773,K7MVE8
53774,K7MVF2
53775,K7MVF5
53776,K7MVF6
53777,K7MVF9
53778,K7MVG0
53779,K7MVG2
53780,K7MVG3
53781,K7MVG6
53782,K7MVH3
53783,K7MVI7
53784,K7MVI9
53785,K7MVJ1
53786,K7MVJ6
53787,K7MVJ7
53788,K7MVK3
53789,K7MVK8
53790,K7MVL1
53791,K7MVL3
53792,K7MVL4
53793,K7MVL6
53794,K7MVL7
53795,K7MVM2
53796,K7MVM7
53797,K7MVM8
53798,K7MVN8
53799,K7MVP1
53800,K7MVP3
53801,K7MVP6
53802,K7MVP9
53803,K7MVQ0
53804,K7MVQ9
53805,K7MVR3
53806,K7MVR4
53807,K7MVR5
53808,K7MVR6
53809,K7MVR8
53810,K7MVS3
53811,K7MVS4
53812,K7MVS5
53813,K7MVT3
53814,K7MVT4
53815,K7MVU4
53816,K7MVV6
53817,K7MVW5
53818,K7MVW7
53819,K7MVX2
53820,K7MVX5
53821,K7MVX7
53822,K7MVX8
53823,K7MVY1
53824,K7MVY3
53825,K7MVY4
53826,K7MVY5
53827,K7MVY6
53828,K7MVY7
53829,K7MVZ0
53830,K7MVZ4
53831,K7MVZ5
53832,K7MVZ6
53833,K7MW00
53834,K7MW01
53835,K7MW03
53836,K7MW09
53837,K7MW11
53838,K7MW16
53839,K7MW18
53840,K7MW21
53841,K7MW25
53842,K7MW27
53843,K7MW28
53844,K7MW30
53845,K7MW31
53846,K7MW32
53847,K7MW33
53848,K7MW35
53849,K7MW37
53850,K7MW38
53851,K7MW45
53852,K7MW48
53853,K7MW51
53854,K7MW52
53855,K7MW53
53856,K7MW54
53857,K7MW57
53858,K7MW63
53859,K7MW65
53860,K7MW67
53861,K7MW71
53862,K7MW74
53863,K7MW78
53864,K7MW79
53865,K7MW81
53866,K7MW82
53867,K7MW84
53868,K7MW87
53869,K7MW88
53870,K7MW89
53871,K7MW90
53872,K7MW92
53873,K7MW93
53874,K7MW95
53875,K7MW97
53876,K7MWA0
53877,K7MWA2
53878,K7MWA5
53879,K7MWA6
53880,K7MWA8
53881,K7MWB0
53882,K7MWB4
53883,K7MWB6
53884,K7MWB8
53885,K7MWC7
53886,K7MWC8
53887,K7MWD1
53888,K7MWD3
53889,K7MWD5
53890,K7MWD9
53891,K7MWE1
53892,K7MWE5
53893,K7MWE7
53894,K7MWE9
53895,K7MWF1
53896,K7MWF6
53897,K7MWG1
53898,K7MWG4
53899,K7MWG5
53900,K7MWG8
53901,K7MWG9
53902,K7MWH1
53903,K7MWH4
53904,K7MWI2
53905,K7MWI4
53906,K7MWI6
53907,K7MWI8
53908,K7MWJ1
53909,K7MWJ2
53910,K7MWJ3
53911,K7MWJ4
53912,K7MWJ8
53913,K7MWK5
53914,K7MWK6
53915,K7MWL1
53916,K7MWL2
53917,K7MWL3
53918,K7MWL8
53919,K7MWN2
53920,K7MWN3
53921,K7MWN6
53922,K7MWN7
53923,K7MWP5
53924,K7MWP7
53925,K7MWP8
53926,K7MWP9
53927,K7MWQ1
53928,K7MWQ2
53929,K7MWQ5
53930,K7MWQ6
53931,K7MWR1
53932,K7MWR2
53933,K7MWR3
53934,K7MWR8
53935,K7MWR9
53936,K7MWS4
53937,K7MWS5
53938,K7MWS6
53939,K7MWS8
53940,K7MWT0
53941,K7MWT4
53942,K7MWT5
53943,K7MWT6
53944,K7MWT7
53945,K7MWU5
53946,K7MWU6
53947,K7MWU7
53948,K7MWU9
53949,K7MWV0
53950,K7MWV1
53951,K7MWV4
53952,K7MWV5
53953,K7MWV6
53954,K7MWV8
53955,K7MWW1
53956,K7MWW2
53957,K7MWW3
53958,K7MWW8
53959,K7MWX0
53960,K7MWX4
53961,K7MWX5
53962,K7MWX7
53963,K7MWY0
53964,K7MWY2
53965,K7MWY5
53966,K7MWY7
53967,K7MWZ0
53968,K7MWZ1
53969,K7MWZ2
53970,K7MWZ4
53971,K7MWZ7
53972,K7MWZ8
53973,K7MWZ9
53974,K7MX00
53975,K7MX03
53976,K7MX04
53977,K7MX12
53978,K7MX15
53979,K7MX18
53980,K7MX25
53981,K7MX28
53982,K7MX30
53983,K7MX31
53984,K7MX33
53985,K7MX34
53986,K7MX35
53987,K7MX39
53988,K7MX42
53989,K7MX43
53990,K7MX46
53991,K7MX47
53992,K7MX49
53993,K7MX50
53994,K7MX52
53995,K7MX54
53996,K7MX56
53997,K7MX57
53998,K7MX65
53999,K7MX68
54000,K7MX70
54001,K7MX72
54002,K7MX73
54003,K7MX77
54004,K7MX79
54005,K7MX81
54006,K7MX88
54007,K7MX91
54008,K7MX92
54009,K7MX94
54010,K7MX96
54011,K7MX97
54012,K7MXA0
54013,K7MXA2
54014,K7MXA3
54015,K7MXA8
54016,K7MXB3
54017,K7MXB5
54018,K7MXB7
54019,K7MXB8
54020,K7MXC2
54021,K7MXC3
54022,K7MXC6
54023,K7MXC7
54024,K7MXD1
54025,K7MXD2
54026,K7MXD4
54027,K7MXD6
54028,K7MXE0
54029,K7MXE5
54030,K7MXF0
54031,K7MXF1
54032,K7MXF6
54033,K7MXG4
54034,K7MXG5
54035,K7MXG6
54036,K7MXG7
54037,K7MXG8
54038,K7MXH0
54039,K7MXH1
54040,K7MXH4
54041,K7MXH5
54042,K7MXH7
54043,K7MXI3
54044,K7MXI5
54045,K7MXI9
54046,K7MXJ3
54047,K7MXK0
54048,K7MXK1
54049,K7MXK3
54050,K7MXK5
54051,K7MXK7
54052,K7MXK9
54053,K7MXL0
54054,K7MXL3
54055,K7MXL4
54056,K7MXL5
54057,K7MXL6
54058,K7MXM1
54059,K7MXM2
54060,K7MXM3
54061,K7MXM5
54062,K7MXM8
54063,K7MXN1
54064,K7MXN2
54065,K7MXN3
54066,K7MXN6
54067,K7MXN7
54068,K7MXN8
54069,K7MXN9
54070,K7MXP2
54071,K7MXP3
54072,K7MXQ0
54073,K7MXQ1
54074,K7MXQ3
54075,K7MXQ6
54076,K7MXQ9
54077,K7MXR7
54078,K7MXR8
54079,K7MXR9
54080,K7MXS0
54081,K7MXS1
54082,K7MXS2
54083,K7MXS5
54084,K7MXS9
54085,K7MXT2
54086,K7MXT7
54087,K7MXU2
54088,K7MXU6
54089,K7MXV2
54090,K7MXV6
54091,K7MXW1
54092,K7MXW2
54093,K7MXW3
54094,K7MXW4
54095,K7MXW5
54096,K7MXX0
54097,K7MXX1
54098,K7MXX5
54099,K7MXX6
54100,K7MXX9
54101,K7MXY1
54102,K7MXY4
54103,K7MXY6
54104,K7MXY8
54105,K7MXY9
54106,K7MXZ0
54107,K7MXZ3
54108,K7MXZ9
54109,K7MY00
54110,K7MY04
54111,K7MY08
54112,K7MY09
54113,K7MY10
54114,K7MY11
54115,K7MY12
54116,K7MY14
54117,K7MY17
54118,K7MY19
54119,K7MY20
54120,K7MY22
54121,K7MY24
54122,K7MY26
54123,K7MY29
54124,K7MY30
54125,K7MY31
54126,K7MY32
54127,K7MY36
54128,K7MY38
54129,K7MY39
54130,K7MY41
54131,K7MY43
54132,K7MY53
54133,K7MY56
54134,K7MY59
54135,K7MY65
54136,K7MY67
54137,K7MY68
54138,K7MY69
54139,K7MY73
54140,K7MY74
54141,K7MY75
54142,K7MY76
54143,K7MY77
54144,K7MY78
54145,K7MY82
54146,K7MY84
54147,K7MY85
54148,K7MY86
54149,K7MY87
54150,K7MY91
54151,K7MY96
54152,K7MY99
54153,K7MYA2
54154,K7MYA5
54155,K7MYA6
54156,K7MYA7
54157,K7MYA8
54158,K7MYB0
54159,K7MYB6
54160,K7MYC0
54161,K7MYC1
54162,K7MYC2
54163,K7MYC4
54164,K7MYC6
54165,K7MYC7
54166,K7MYC8
54167,K7MYD1
54168,K7MYD2
54169,K7MYD3
54170,K7MYD5
54171,K7MYD7
54172,K7MYE1
54173,K7MYE2
54174,K7MYE3
54175,K7MYE6
54176,K7MYE7
54177,K7MYE8
54178,K7MYE9
54179,K7MYF1
54180,K7MYF4
54181,K7MYF5
54182,K7MYF6
54183,K7MYF7
54184,K7MYG2
54185,K7MYG3
54186,K7MYG4
54187,K7MYG5
54188,K7MYG7
54189,K7MYG8
54190,K7MYG9
54191,K7MYH5
54192,K7MYH6
54193,K7MYI0
54194,K7MYI1
54195,K7MYI3
54196,K7MYI5
54197,K7MYJ2
54198,K7MYJ3
54199,K7MYJ5
54200,K7MYJ6
54201,K7MYK1
54202,K7MYK4
54203,K7MYK9
54204,K7MYL1
54205,K7MYL2
54206,K7MYL3
54207,K7MYL4
54208,K7MYL7
54209,K7MYL8
54210,K7MYM1
54211,K7MYM2
54212,K7MYM4
54213,K7MYM5
54214,K7MYM6
54215,K7MYN0
54216,K7MYN5
54217,K7MYN6
54218,K7MYN7
54219,K7MYN9
54220,K7MYP0
54221,K7MYP1
54222,K7MYP4
54223,K7MYP5
54224,K7MYQ0
54225,K7MYQ1
54226,K7MYQ2
54227,K7MYQ3
54228,K7MYQ6
54229,K7MYQ9
54230,K7MYR0
54231,K7MYR1
54232,K7MYR2
54233,K7MYR3
54234,K7MYR4
54235,K7MYS2
54236,K7MYS3
54237,K7MYS4
54238,K7MYT0
54239,K7MYT3
54240,K7MYT4
54241,K7MYT8
54242,K7MYU0
54243,K7MYU4
54244,K7MYU5
54245,K7MYV3
54246,K7MYV9
54247,K7MYW1
54248,K7MYW2
54249,K7MYW5
54250,K7MYW6
54251,K7MYW7
54252,K7MYW9
54253,K7MYX1
54254,K7MYX2
54255,K7MYX7
54256,K7MYY1
54257,K7MYY2
54258,K7MYY4
54259,K7MYY9
54260,K7MYZ4
54261,K7MZ01
54262,K7MZ02
54263,K7MZ03
54264,K7MZ04
54265,K7MZ05
54266,K7MZ08
54267,K7MZ13
54268,K7MZ14
54269,K7MZ20
54270,K7MZ21
54271,K7MZ23
54272,K7MZ24
54273,K7MZ26
54274,K7MZ27
54275,K7MZ28
54276,K7MZ29
54277,K7MZ31
54278,K7MZ35
54279,K7MZ36
54280,K7MZ37
54281,K7MZ38
54282,K7MZ41
54283,K7MZ44
54284,K7MZ45
54285,K7MZ46
54286,K7MZ51
54287,K7MZ55
54288,K7MZ57
54289,K7MZ64
54290,K7MZ65
54291,K7MZ69
54292,K7MZ72
54293,K7MZ76
54294,K7MZ77
54295,K7MZ78
54296,K7MZ80
54297,K7MZ81
54298,K7MZ83
54299,K7MZ84
54300,K7MZ85
54301,K7MZ95
54302,K7MZ97
54303,K7MZ99
54304,K7MZA2
54305,K7MZA3
54306,K7MZA4
54307,K7MZA6
54308,K7MZA9
54309,K7MZB4
54310,K7MZB7
54311,K7MZB8
54312,K7MZB9
54313,K7MZC0
54314,K7MZC7
54315,K7MZC9
54316,K7MZD0
54317,K7MZD1
54318,K7MZD3
54319,K7MZD4
54320,K7MZD5
54321,K7MZD8
54322,K7MZE1
54323,K7MZE2
54324,K7MZE3
54325,K7MZE5
54326,K7MZE6
54327,K7MZF1
54328,K7MZF2
54329,K7MZF3
54330,K7MZF6
54331,K7MZF7
54332,K7MZF8
54333,K7MZG1
54334,K7MZG2
54335,K7MZH0
54336,K7MZH3
54337,K7MZH5
54338,K7MZH6
54339,K7MZH9
54340,K7MZI7
54341,K7MZI8
54342,K7MZJ0
54343,K7MZJ2
54344,K7MZJ3
54345,K7MZJ5
54346,K7MZJ8
54347,K7MZK0
54348,K7MZK1
54349,K7MZK2
54350,K7MZK9
54351,K7MZL4
54352,K7MZL5
54353,K7MZL7
54354,K7MZL8
54355,K7MZM1
54356,K7MZM3
54357,K7MZM4
54358,K7MZM9
54359,K7MZN3
54360,K7MZN4
54361,K7MZN6
54362,K7MZN9
54363,K7MZP1
54364,K7MZP2
54365,K7MZP3
54366,K7MZP4
54367,K7MZP6
54368,K7MZP8
54369,K7MZQ4
54370,K7MZQ6
54371,K7MZQ7
54372,K7MZQ9
54373,K7MZR0
54374,K7MZR1
54375,K7MZR5
54376,K7MZR6
54377,K7MZR8
54378,K7MZS1
54379,K7MZS2
54380,K7MZS6
54381,K7MZS7
54382,K7MZT0
54383,K7MZT1
54384,K7MZT3
54385,K7MZU1
54386,K7MZU2
54387,K7MZU7
54388,K7MZU9
54389,K7MZV2
54390,K7MZV4
54391,K7MZW0
54392,K7MZW1
54393,K7MZW8
54394,K7MZX4
54395,K7MZX8
54396,K7MZX9
54397,K7MZY4
54398,K7MZY5
54399,K7MZY8
54400,K7MZZ0
54401,K7MZZ1
54402,K7MZZ3
54403,K7MZZ5
54404,K7MZZ6
54405,K7MZZ7
54406,K7N001
54407,K7N005
54408,K7N008
54409,K7N010
54410,K7N015
54411,K7N016
54412,K7N019
54413,K7N020
54414,K7N026
54415,K7N028
54416,K7N033
54417,K7N034
54418,K7N038
54419,K7N051
54420,K7N054
54421,K7N056
54422,K7N057
54423,K7N058
54424,K7N063
54425,K7N066
54426,K7N067
54427,K7N071
54428,K7N072
54429,K7N074
54430,K7N076
54431,K7N082
54432,K7N083
54433,K7N084
54434,K7N085
54435,K7N087
54436,K7N088
54437,K7N091
54438,K7N093
54439,K7N096
54440,K7N0A2
54441,K7N0A3
54442,K7N0A5
54443,K7N0B7
54444,K7N0C0
54445,K7N0C2
54446,K7N0C4
54447,K7N0C6
54448,K7N0D3
54449,K7N0D4
54450,K7N0E1
54451,K7N0E2
54452,K7N0E3
54453,K7N0E5
54454,K7N0F4
54455,K7N0F5
54456,K7N0G1
54457,K7N0G2
54458,K7N0G6
54459,K7N0G8
54460,K7N0H0
54461,K7N0H4
54462,K7N0H8
54463,K7N0I3
54464,K7N0I4
54465,K7N0I6
54466,K7N0I8
54467,K7N0I9
54468,K7N0J0
54469,K7N0J6
54470,K7N0J7
54471,K7N0J8
54472,K7N0J9
54473,K7N0K1
54474,K7N0K2
54475,K7N0K6
54476,K7N0K7
54477,K7N0L0
54478,K7N0L2
54479,K7N0L3
54480,K7N0L6
54481,K7N0L7
54482,K7N0M2
54483,K7N0M4
54484,K7N0M5
54485,K7N0N1
54486,K7N0N4
54487,K7N0N6
54488,K7N0P0
54489,K7N0P3
54490,K7N0P4
54491,K7N0Q2
54492,K7N0Q3
54493,K7N0Q4
54494,K7N0Q5
54495,K7N0Q8
54496,K7N0R1
54497,K7N0R3
54498,K7N0R4
54499,K7N0R5
54500,K7N0R7
54501,K7N0S0
54502,K7N0S2
54503,K7N0S4
54504,K7N0S9
54505,K7N0T2
54506,K7N0T3
54507,K7N0U1
54508,K7N0U2
54509,K7N0U4
54510,K7N0U5
54511,K7N0U6
54512,K7N0U7
54513,K7N0V0
54514,K7N0V4
54515,K7N0V6
54516,K7N0V8
54517,K7N0W5
54518,K7N0W8
54519,K7N0X2
54520,K7N0X3
54521,K7N0X6
54522,K7N0X7
54523,K7N0Y0
54524,K7N0Y2
54525,K7N0Y3
54526,K7N0Y5
54527,K7N0Y6
54528,K7N0Y7
54529,K7N0Z0
54530,K7N0Z1
54531,K7N0Z4
54532,K7N0Z5
54533,K7N0Z6
54534,K7N0Z7
54535,K7N0Z8
54536,K7N101
54537,K7N102
54538,K7N104
54539,K7N109
54540,K7N114
54541,K7N116
54542,K7N118
54543,K7N120
54544,K7N123
54545,K7N124
54546,K7N125
54547,K7N129
54548,K7N133
54549,K7N135
54550,K7N136
54551,K7N137
54552,K7N138
54553,K7N140
54554,K7N141
54555,K7N142
54556,K7N144
54557,K7N145
54558,K7N147
54559,K7N148
54560,K7N149
54561,K7N153
54562,K7N154
54563,K7N159
54564,K7N160
54565,K7N161
54566,K7N163
54567,K7N166
54568,K7N167
54569,K7N168
54570,K7N175
54571,K7N176
54572,K7N179
54573,K7N180
54574,K7N181
54575,K7N182
54576,K7N184
54577,K7N186
54578,K7N187
54579,K7N188
54580,K7N190
54581,K7N193
54582,K7N194
54583,K7N195
54584,K7N196
54585,K7N197
54586,K7N198
54587,K7N1A1
54588,K7N1A3
54589,K7N1A4
54590,K7N1A5
54591,K7N1B2
54592,K7N1B3
54593,K7N1B7
54594,K7N1B8
54595,K7N1C1
54596,K7N1C2
54597,K7N1C5
54598,K7N1C6
54599,K7N1D0
54600,K7N1D2
54601,K7N1D6
54602,K7N1D8
54603,K7N1E1
54604,K7N1E2
54605,K7N1E3
54606,K7N1E4
54607,K7N1E6
54608,K7N1E9
54609,K7N1F0
54610,K7N1F3
54611,K7N1F4
54612,K7N1G0
54613,K7N1G1
54614,K7N1G2
54615,K7N1G3
54616,K7N1G5
54617,K7N1G7
54618,K7N1G9
54619,K7N1H2
54620,K7N1H4
54621,K7N1H7
54622,K7N1I0
54623,K7N1I5
54624,K7N1I7
54625,K7N1I8
54626,K7N1I9
54627,K7N1J0
54628,K7N1J3
54629,K7N1J5
54630,K7N1J7
54631,K7N1J8
54632,K7N1L4
54633,K7N1L5
54634,K7N1L7
54635,K7N1M2
54636,K7N1M5
54637,K7N1M6
54638,K7N1M7
54639,K7N1M8
54640,K7N1M9
54641,K7N1N0
54642,K7N1N1
54643,K7N1N2
54644,K7N1N4
54645,K7N1N6
54646,K7N1N7
54647,K7N1N9
54648,K7N1P0
54649,K7N1P1
54650,K7N1P4
54651,K7N1P6
54652,K7N1Q0
54653,K7N1R4
54654,K7N1R9
54655,K7N1S1
54656,K7N1S4
54657,K7N1S6
54658,K7N1T2
54659,K7N1T6
54660,K7N1T9
54661,K7N1U0
54662,K7N1U5
54663,K7N1U8
54664,K7N1V1
54665,K7N1V3
54666,K7N1V9
54667,K7N1X0
54668,K7N1X2
54669,K7N1X6
54670,K7N1X8
54671,K7N1X9
54672,K7N1Y1
54673,K7N1Y4
54674,K7N1Y5
54675,K7N1Y6
54676,K7N1Y7
54677,K7N1Y8
54678,K7N1Y9
54679,K7N1Z1
54680,K7N1Z2
54681,K7N1Z6
54682,K7N203
54683,K7N204
54684,K7N205
54685,K7N214
54686,K7N217
54687,K7N218
54688,K7N219
54689,K7N225
54690,K7N226
54691,K7N227
54692,K7N228
54693,K7N231
54694,K7N232
54695,K7N235
54696,K7N239
54697,K7N240
54698,K7N241
54699,K7N244
54700,K7N246
54701,K7N247
54702,K7N248
54703,K7N250
54704,K7N261
54705,K7N264
54706,K7N268
54707,K7N276
54708,K7N277
54709,K7N281
54710,K7N287
54711,K7N288
54712,K7N295
54713,K7N296
54714,K7N298
54715,K7N299
54716,K7N2A2
54717,K7N2A6
54718,K7N2B0
54719,K7N2B2
54720,K7N2B3
54721,K7N2B4
54722,K7N2B6
54723,K7N2B8
54724,K7N2B9
54725,K7N2C1
54726,K7N2C2
54727,K7N2C3
54728,K7N2C4
54729,K7N2C5
54730,K7N2D2
54731,K7N2D3
54732,K7N2D7
54733,K7N2D8
54734,K7N2D9
54735,K7N2E2
54736,K7N2E3
54737,K7N2E4
54738,K7N2E5
54739,K7N2E6
54740,K7N2E8
54741,K7N2E9
54742,K7N2F0
54743,K7N2F3
54744,K7N2F4
54745,K7N2F5
54746,K7N2G0
54747,K7N2G1
54748,K7N2G7
54749,K7N2G8
54750,K7N2H4
54751,K7N2H7
54752,K7N2H8
54753,K7N2I0
54754,K7N2I1
54755,K7N2I2
54756,K7N2I3
54757,K7N2I4
54758,K7N2I8
54759,K7N2I9
54760,K7N2J4
54761,K7N2J7
54762,K7N2J8
54763,K7N2K1
54764,K7N2L1
54765,K7N2L5
54766,K7N2M0
54767,K7N2M1
54768,K7N2M4
54769,K7N2M5
54770,K7N2N1
54771,K7N2N2
54772,K7N2N4
54773,K7N2N5
54774,K7N2N9
54775,K7N2P9
54776,K7N2Q1
54777,K7N2Q8
54778,K7N2Q9
54779,K7N2R1
54780,K7N2R2
54781,K7N2R3
54782,K7N2R4
54783,K7N2R8
54784,K7N2S0
54785,K7N2S2
54786,K7N2S3
54787,K7N2S4
54788,K7N2S7
54789,K7N2S8
54790,K7N2T3
54791,K7N2T4
54792,K7N2T7
54793,K7N2T9
54794,K7N2U2
54795,K7N2V0
54796,K7N2V3
54797,K7N2V6
54798,K7N2V8
54799,K7N2W0
54800,K7N2W4
54801,K7N2W8
54802,K7N2X0
54803,K7N2X3
54804,K7N2X6
54805,K7N2X8
54806,K7N2Y3
54807,K7N2Y4
54808,K7N2Y8
54809,K7N2Z0
54810,K7N2Z2
54811,K7N2Z3
54812,K7N301
54813,K7N302
54814,K7N304
54815,K7N305
54816,K7N306
54817,K7N311
54818,K7N313
54819,K7N317
54820,K7N318
54821,K7N319
54822,K7N320
54823,K7N323
54824,K7N325
54825,K7N326
54826,K7N327
54827,K7N330
54828,K7N335
54829,K7N341
54830,K7N344
54831,K7N347
54832,K7N355
54833,K7N356
54834,K7N361
54835,K7N363
54836,K7N365
54837,K7N367
54838,K7N368
54839,K7N370
54840,K7N372
54841,K7N376
54842,K7N378
54843,K7N385
54844,K7N386
54845,K7N387
54846,K7N395
54847,K7N396
54848,K7N397
54849,K7N398
54850,K7N399
54851,K7N3A0
54852,K7N3A2
54853,K7N3A5
54854,K7N3A6
54855,K7N3A7
54856,K7N3A9
54857,K7N3B2
54858,K7N3B5
54859,K7N3B6
54860,K7N3C2
54861,K7N3C4
54862,K7N3D0
54863,K7N3D5
54864,K7N3D9
54865,K7N3E0
54866,K7N3E1
54867,K7N3E3
54868,K7N3E5
54869,K7N3E7
54870,K7N3E9
54871,K7N3F0
54872,K7N3F1
54873,K7N3F6
54874,K7N3G0
54875,K7N3G1
54876,K7N3G5
54877,K7N3G6
54878,K7N3G7
54879,K7N3H1
54880,K7N3H2
54881,K7N3H6
54882,K7N3H7
54883,K7N3H9
54884,K7N3I0
54885,K7N3I3
54886,K7N3I4
54887,K7N3I5
54888,K7N3I8
54889,K7N3J0
54890,K7N3J7
54891,K7N3J8
54892,K7N3K0
54893,K7N3K1
54894,K7N3K4
54895,K7N3K7
54896,K7N3L0
54897,K7N3L2
54898,K7N3L5
54899,K7N3L7
54900,K7N3M0
54901,K7N3M1
54902,K7N3M3
54903,K7N3M4
54904,K7N3M6
54905,K7N3M7
54906,K7N3N0
54907,K7N3N2
54908,K7N3N3
54909,K7N3N5
54910,K7N3N7
54911,K7N3N8
54912,K7N3P1
54913,K7N3P7
54914,K7N3Q1
54915,K7N3Q7
54916,K7N3Q9
54917,K7N3R4
54918,K7N3R8
54919,K7N3R9
54920,K7N3S5
54921,K7N3T0
54922,K7N3T6
54923,K7N3U7
54924,K7N3V1
54925,K7N3V2
54926,K7N3V6
54927,K7N3V7
54928,K7N3V9
54929,K7N3W0
54930,K7N3W3
54931,K7N3X0
54932,K7N3X1
54933,K7N3Y1
54934,K7N3Y2
54935,K7N3Y3
54936,K7N3Y7
54937,K7N3Z0
54938,K7N3Z1
54939,K7N3Z8
54940,K7N3Z9
54941,K7N401
54942,K7N408
54943,K7N413
54944,K7N414
54945,K7N417
54946,K7N421
54947,K7N422
54948,K7N426
54949,K7N432
54950,K7N433
54951,K7N437
54952,K7N440
54953,K7N441
54954,K7N443
54955,K7N448
54956,K7N449
54957,K7N457
54958,K7N464
54959,K7N465
54960,K7N466
54961,K7N477
54962,K7N482
54963,K7N483
54964,K7N485
54965,K7N486
54966,K7N489
54967,K7N493
54968,K7N495
54969,K7N496
54970,K7N4A0
54971,K7N4A5
54972,K7N4A8
54973,K7N4B0
54974,K7N4B1
54975,K7N4B2
54976,K7N4B5
54977,K7N4B7
54978,K7N4B9
54979,K7N4C1
54980,K7N4C3
54981,K7N4C4
54982,K7N4C7
54983,K7N4D0
54984,K7N4D2
54985,K7N4D4
54986,K7N4D6
54987,K7N4D7
54988,K7N4E2
54989,K7N4E3
54990,K7N4E4
54991,K7N4E5
54992,K7N4E7
54993,K7N4F5
54994,K7N4F6
54995,K7N4G0
54996,K7N4G1
54997,K7N4G3
54998,K7N4H0
54999,K7N4H1
55000,K7N4H2
55001,K7N4H3
55002,K7N4H4
55003,K7N4H9
55004,K7N4I0
55005,K7N4I1
55006,K7N4I4
55007,K7N4I5
55008,K7N4I8
55009,K7N4I9
55010,K7N4J1
55011,K7N4J2
55012,K7N4K1
55013,K7N4K5
55014,K7N4L0
55015,K7N4L1
55016,K7N4L2
55017,K7N4L6
55018,K7N4L7
55019,K7N4M3
55020,K7N4M6
55021,K7N4M9
55022,K7N4N0
55023,K7N4N4
55024,K7N4N8
55025,K7N4N9
55026,K7N4P0
55027,K7N4P2
55028,K7N4P4
55029,K7N4P5
55030,K7N4P7
55031,K7N4Q2
55032,K7N4Q3
55033,K7N4Q5
55034,K7N4R1
55035,K7N4R2
55036,K7N4R4
55037,K7N4R8
55038,K7N4S2
55039,K7N4S8
55040,K7N4T0
55041,K7N4T1
55042,K7N4T4
55043,K7N4U0
55044,K7N4U6
55045,K7N4U7
55046,K7N4U8
55047,K7N4U9
55048,K7N4V2
55049,K7N4V5
55050,K7N4V6
55051,K7N4V7
55052,K7N4W1
55053,K7N4W2
55054,K7N4W4
55055,K7N4W7
55056,K7N4W8
55057,K7N4X2
55058,K7N4X3
55059,K7N4X5
55060,K7N4X7
55061,K7N4X8
55062,K7N4Y1
55063,K7N4Y4
55064,K7N4Z1
55065,K7N4Z3
55066,K7N4Z4
55067,K7N4Z7
55068,K7N4Z8
55069,K7N503
55070,K7N504
55071,K7N509
55072,K7N516
55073,K7N519
55074,K7N520
55075,K7N521
55076,K7N522
55077,K7N523
55078,K7N525
55079,K7N526
55080,K7N529
55081,K7N537
55082,K7N541
55083,K7N544
55084,K7N545
55085,K7N556
55086,K7N557
55087,K7N558
55088,K7N560
55089,K7N562
55090,K7N563
55091,K7N564
55092,K7N565
55093,K7N568
55094,K7N570
55095,K7N571
55096,K7N572
55097,K7N574
55098,K7N575
55099,K7N578
55100,K7N579
55101,K7N580
55102,K7N584
55103,K7N585
55104,K7N586
55105,K7N593
55106,K7N597
55107,K7N598
55108,K7N599
55109,K7N5A0
55110,K7N5A2
55111,K7N5A5
55112,K7N5A6
55113,K7N5B3
55114,K7N5B5
55115,K7N5B7
55116,K7N5C5
55117,K7N5C6
55118,K7N5C7
55119,K7N5C9
55120,K7N5D4
55121,K7N5D6
55122,K7N5D7
55123,K7N5D8
55124,K7N5D9
55125,K7N5E1
55126,K7N5E3
55127,K7N5E4
55128,K7N5E5
55129,K7N5E9
55130,K7N5F2
55131,K7N5F4
55132,K7N5F7
55133,K7N5F9
55134,K7N5G3
55135,K7N5G5
55136,K7N5H7
55137,K7N5H9
55138,K7N5I1
55139,K7N5I2
55140,K7N5I3
55141,K7N5I7
55142,K7N5I9
55143,K7N5J2
55144,K7N5J3
55145,K7N5J4
55146,K7N5J7
55147,K7N5J8
55148,K7N5K2
55149,K7N5K3
55150,M1FIP8
55151,M1FIQ5
55152,M1FIR2
55153,M1FIS9
55154,M1FIU0
55155,M1FIU8
55156,M1FIV7
55157,M1FIW5
55158,M1FIX0
55159,M1FIX7
55160,M1FIY3
55161,M1FIZ9
55162,M1FJ17
55163,M1FJ29
55164,M1FJ40
55165,M1FN31
55166,M1FN34
55167,M1FN36
55168,M1FN38
55169,M1FN39
55170,M1FN40
55171,M1FN41
55172,M1FN42
55173,M1FN46
55174,M1FN49
55175,M1FN52
55176,M1FN55
55177,M1FN61
55178,M1FN65
55179,M1FP70
55180,M1FP81
55181,M1FP86
55182,M1FP94
55183,M1FP96
55184,M1FP99
55185,M1FPA1
55186,M1FPA3
55187,M1FPA4
55188,M1FPA6
55189,M1FPA7
55190,M1FPB2
55191,M1FPB7
55192,M1FPB9
55193,M1FPG1
55194,M1FPG3
55195,M1FPG4
55196,M1FPH7
55197,M1FPI0
55198,M1FPI5
55199,M1FPI9
55200,M1FPJ2
55201,M1FPK0
55202,M1FPK5
55203,M1FPL0
55204,M1FPL3
55205,M1FQJ9
55206,M1FQK6
55207,M1FQK8
55208,M1FQL7
55209,M1FQM2
55210,M1FQM6
55211,M1FQN0
55212,M1FQN4
55213,M1FQP2
55214,M1FQP7
55215,M1FQQ0
55216,M1FQR1
55217,M1FQR8
55218,M1FQS1
55219,M9WU84
55220,O03376
55221,O04104
55222,O04132
55223,O04133
55224,O04720
55225,O22443
55226,O22518
55227,O23957
55228,O23960
55229,O24422
55230,O48548
55231,O48551
55232,O48560
55233,O48561
55234,O48901
55235,O48921
55236,O48922
55237,O48923
55238,O48927
55239,O48928
55240,O49046
55241,O49224
55242,O49227
55243,O49856
55244,O49858
55245,O49859
55246,O64458
55247,O64970
55248,O64999
55249,O65809
55250,O65810
55251,O80412
55252,O81273
55253,O81413
55254,O81970
55255,O81971
55256,O81972
55257,O81973
55258,O81974
55259,O81980
55260,O82560
55261,P00865
55262,P01055
55263,P01063
55264,P01064
55265,P01070
55266,P01071
55267,P02235
55268,P02236
55269,P02237
55270,P02238
55271,P02519
55272,P02520
55273,P02580
55274,P02581
55275,P02858
55276,P02957
55277,P04144
55278,P04145
55279,P04347
55280,P04405
55281,P04670
55282,P04671
55283,P04672
55284,P04776
55285,P04793
55286,P04794
55287,P04795
55288,P05046
55289,P05477
55290,P05478
55291,P05491
55292,P07134
55293,P07135
55294,P07506
55295,P07816
55296,P08012
55297,P08170
55298,P08297
55299,P08298
55300,P08863
55301,P08864
55302,P08960
55303,P08961
55304,P08995
55305,P09186
55306,P09439
55307,P09755
55308,P09756
55309,P09887
55310,P0CC62
55311,P0CC63
55312,P0CG89
55313,P0DO15
55314,P0DO16
55315,P10538
55316,P10742
55317,P10743
55318,P11827
55319,P11828
55320,P12459
55321,P12460
55322,P12468
55323,P12471
55324,P13088
55325,P13089
55326,P13708
55327,P13917
55328,P13993
55329,P14853
55330,P15490
55331,P15642
55332,P15986
55333,P15987
55334,P16313
55335,P17093
55336,P17817
55337,P17957
55338,P18663
55339,P19168
55340,P19594
55341,P19948
55342,P19976
55343,P22177
55344,P22895
55345,P23233
55346,P24095
55347,P24099
55348,P24274
55349,P24337
55350,P24826
55351,P25011
55352,P25012
55353,P25096
55354,P25272
55355,P25273
55356,P25698
55357,P25973
55358,P25974
55359,P26413
55360,P26585
55361,P26690
55362,P26987
55363,P27066
55364,P27991
55365,P28551
55366,P28553
55367,P28583
55368,P28759
55369,P29136
55370,P29530
55371,P29531
55372,P29756
55373,P30080
55374,P30081
55375,P30236
55376,P31174
55377,P31175
55378,P31531
55379,P31686
55380,P31687
55381,P32110
55382,P33079
55383,P33080
55384,P33081
55385,P33082
55386,P33083
55387,P34811
55388,P35055
55389,P35694
55390,P37228
55391,P38417
55392,P39657
55393,P39870
55394,P42347
55395,P42348
55396,P42499
55397,P42500
55398,P43210
55399,P45456
55400,P45457
55401,P45458
55402,P45621
55403,P46279
55404,P46280
55405,P46417
55406,P46519
55407,P46608
55408,P48406
55409,P48513
55410,P48621
55411,P48625
55412,P48628
55413,P48630
55414,P48631
55415,P48640
55416,P49045
55417,P49084
55418,P49158
55419,P49159
55420,P49160
55421,P49161
55422,P49179
55423,P50346
55424,P51061
55425,P51820
55426,P52395
55427,P52418
55428,P54233
55429,P54774
55430,P55960
55431,P62163
55432,P62302
55433,P69195
55434,P69325
55435,P69421
55436,P82947
55437,P86520
55438,P86548
55439,P93162
55440,P93163
55441,P93164
55442,Q00423
55443,Q00M67
55444,Q00M68
55445,Q00M73
55446,Q00M76
55447,Q00M78
55448,Q00M80
55449,Q00M81
55450,Q00M84
55451,Q00M86
55452,Q00M87
55453,Q00M88
55454,Q00M91
55455,Q01417
55456,Q01527
55457,Q01915
55458,Q02226
55459,Q02243
55460,Q02909
55461,Q02917
55462,Q02918
55463,Q02919
55464,Q02920
55465,Q02921
55466,Q03773
55467,Q04672
55468,Q05544
55469,Q06197
55470,Q06765
55471,Q06A73
55472,Q06A77
55473,Q06A78
55474,Q07185
55475,Q07502
55476,Q09131
55477,Q09GS3
55478,Q09WE7
55479,Q0EDG6
55480,Q0GLD1
55481,Q0GPF1
55482,Q0GPF7
55483,Q0GPF8
55484,Q0GPF9
55485,Q0GPG1
55486,Q0GPG2
55487,Q0GPH4
55488,Q0GPH5
55489,Q0GPH7
55490,Q0GPI1
55491,Q0GPI2
55492,Q0GPI4
55493,Q0H950
55494,Q0IJ87
55495,Q0PJB3
55496,Q0PJH9
55497,Q0PJI0
55498,Q0PJI1
55499,Q0PJI2
55500,Q0PJI8
55501,Q0PJI9
55502,Q0PJJ1
55503,Q0PJJ2
55504,Q0PJJ4
55505,Q0PJJ5
55506,Q0PJJ6
55507,Q0PJJ8
55508,Q0PJJ9
55509,Q0PJK2
55510,Q0PJK4
55511,Q0PJK7
55512,Q0PJL2
55513,Q0PJL8
55514,Q0PJL9
55515,Q0PJM0
55516,Q0PJM1
55517,Q0PKY2
55518,Q0WX02
55519,Q0WX03
55520,Q0WX04
55521,Q0WX05
55522,Q10370
55523,Q14SM9
55524,Q1M320
55525,Q1W376
55526,Q2I0H4
55527,Q2KMJ4
55528,Q2LAH5
55529,Q2LAK9
55530,Q2LAL0
55531,Q2LAL4
55532,Q2MJR5
55533,Q2N2K0
55534,Q2N2K1
55535,Q2N2K2
55536,Q2PMD5
55537,Q2PMM3
55538,Q2PMM4
55539,Q2PMM5
55540,Q2PMM9
55541,Q2PMN0
55542,Q2PMN1
55543,Q2PMN2
55544,Q2PMN3
55545,Q2PMN4
55546,Q2PMN5
55547,Q2PMN6
55548,Q2PMN7
55549,Q2PMN8
55550,Q2PMN9
55551,Q2PMP0
55552,Q2PMP7
55553,Q2PMP8
55554,Q2PMP9
55555,Q2PMQ0
55556,Q2PMQ2
55557,Q2PMQ3
55558,Q2PMQ4
55559,Q2PMQ5
55560,Q2PMQ6
55561,Q2PMQ7
55562,Q2PMQ8
55563,Q2PMQ9
55564,Q2PMR0
55565,Q2PMR2
55566,Q2PMR3
55567,Q2PMR4
55568,Q2PMR5
55569,Q2PMR6
55570,Q2PMR7
55571,Q2PMR8
55572,Q2PMR9
55573,Q2PMS0
55574,Q2PMS5
55575,Q2PMS6
55576,Q2PMS7
55577,Q2PMS8
55578,Q2PMS9
55579,Q2PMT1
55580,Q2PMT2
55581,Q2PMT6
55582,Q2PMT7
55583,Q2PMT8
55584,Q2PMT9
55585,Q2PMU0
55586,Q2PMU1
55587,Q2PMU2
55588,Q2PMU3
55589,Q2PMU4
55590,Q2PMU5
55591,Q2PMU8
55592,Q2PMU9
55593,Q2PMV0
55594,Q2Q021
55595,Q2TFP1
55596,Q2TUV5
55597,Q2TUW0
55598,Q2TUW1
55599,Q2V732
55600,Q2VEU3
55601,Q38JD2
55602,Q38JE0
55603,Q39801
55604,Q39802
55605,Q39810
55606,Q39817
55607,Q39818
55608,Q39819
55609,Q39821
55610,Q39827
55611,Q39828
55612,Q39832
55613,Q39833
55614,Q39836
55615,Q39837
55616,Q39839
55617,Q39845
55618,Q39846
55619,Q39857
55620,Q39860
55621,Q39871
55622,Q39872
55623,Q39873
55624,Q39879
55625,Q39886
55626,Q39890
55627,Q39891
55628,Q39898
55629,Q3S3F6
55630,Q3T7D5
55631,Q402G4
55632,Q41219
55633,Q41266
55634,Q42447
55635,Q42777
55636,Q42783
55637,Q42785
55638,Q42795
55639,Q42796
55640,Q42797
55641,Q42798
55642,Q42799
55643,Q42800
55644,Q42805
55645,Q42806
55646,Q42807
55647,Q42808
55648,Q42809
55649,Q42810
55650,Q43437
55651,Q43443
55652,Q43448
55653,Q43453
55654,Q43457
55655,Q43460
55656,Q43462
55657,Q43463
55658,Q43465
55659,Q43466
55660,Q43467
55661,Q43468
55662,Q45EZ4
55663,Q45FY8
55664,Q4FH86
55665,Q4JEZ6
55666,Q4QY92
55667,Q4QYE1
55668,Q4VPE5
55669,Q52QR5
55670,Q53B69
55671,Q53B70
55672,Q53B72
55673,Q53B74
55674,Q53B75
55675,Q56GA2
55676,Q5ECI4
55677,Q5ECI5
55678,Q5EMP6
55679,Q5EMP7
55680,Q5F2M9
55681,Q5F304
55682,Q5F305
55683,Q5FBA0
55684,Q5GKZ7
55685,Q5JCL0
55686,Q5JZR1
55687,Q5K6N6
55688,Q5NUF3
55689,Q5QJB6
55690,Q5QL07
55691,Q6DW75
55692,Q6DW76
55693,Q6LEG8
55694,Q6PP98
55695,Q6PP99
55696,Q6Q2Z8
55697,Q6SPR2
55698,Q6T300
55699,Q6TXD0
55700,Q6ULS3
55701,Q6WNU4
55702,Q6X0M9
55703,Q6X0N0
55704,Q6X0N1
55705,Q6X0N7
55706,Q6YGT9
55707,Q70MR5
55708,Q70MR6
55709,Q71EW8
55710,Q76LA6
55711,Q7ICQ6
55712,Q7M1R5
55713,Q7PCB0
55714,Q7XA49
55715,Q7XJ86
55716,Q7XY14
55717,Q7XZQ0
55718,Q7XZQ1
55719,Q7Y0Y9
55720,Q84L66
55721,Q84P28
55722,Q84X83
55723,Q84ZU9
55724,Q84ZV1
55725,Q84ZV2
55726,Q84ZV4
55727,Q8GSL0
55728,Q8GZU9
55729,Q8H1P2
55730,Q8H1P3
55731,Q8H6S7
55732,Q8H928
55733,Q8HVY3
55734,Q8HVY4
55735,Q8HVY5
55736,Q8L5W2
55737,Q8LJR5
55738,Q8LJR8
55739,Q8LJS2
55740,Q8LJW0
55741,Q8LK24
55742,Q8LKV1
55743,Q8LLR3
55744,Q8LPW2
55745,Q8RUD9
55746,Q8RVH5
55747,Q8S3B9
55748,Q8S3F8
55749,Q8S3J3
55750,Q8S4Q4
55751,Q8S5C1
55752,Q8S8Z7
55753,Q8S8Z9
55754,Q8S900
55755,Q8S901
55756,Q8S902
55757,Q8SAG8
55758,Q8W0W5
55759,Q8W171
55760,Q8W1A0
55761,Q8W1A1
55762,Q8W3Y5
55763,Q93XE6
55764,Q93XG4
55765,Q93YH8
55766,Q941P4
55767,Q944T2
55768,Q945U3
55769,Q948P5
55770,Q948P6
55771,Q949H4
55772,Q94C02
55773,Q94IC4
55774,Q94KR7
55775,Q96449
55776,Q96450
55777,Q96451
55778,Q96452
55779,Q96453
55780,Q96558
55781,Q9AWB2
55782,Q9BBU5
55783,Q9FEC5
55784,Q9FQ95
55785,Q9FQD3
55786,Q9FQD4
55787,Q9FQD8
55788,Q9FQD9
55789,Q9FQE1
55790,Q9FQE2
55791,Q9FQE5
55792,Q9FQE6
55793,Q9FQE7
55794,Q9FQE8
55795,Q9FQF3
55796,Q9FUK4
55797,Q9FXK9
55798,Q9FZL4
55799,Q9GE06
55800,Q9LDM8
55801,Q9LKY3
55802,Q9LKY4
55803,Q9LKY8
55804,Q9LKZ5
55805,Q9LKZ6
55806,Q9M4R7
55807,Q9M4T8
55808,Q9M507
55809,Q9M508
55810,Q9M5K7
55811,Q9M6A7
55812,Q9M6D6
55813,Q9M7N4
55814,Q9MAX8
55815,Q9MAZ1
55816,Q9S7E3
55817,Q9S7N8
55818,Q9S926
55819,Q9SDY6
55820,Q9SDZ0
55821,Q9SEH8
55822,Q9SLR8
55823,Q9SLW5
55824,Q9SMF5
55825,Q9SPB8
55826,Q9SPB9
55827,Q9SWB2
55828,Q9SWB4
55829,Q9SWB5
55830,Q9SWB6
55831,Q9SWR5
55832,Q9SWS3
55833,Q9SYR0
55834,Q9TKS6
55835,Q9XE60
55836,Q9XER5
55837,Q9XES8
55838,Q9XES9
55839,Q9XET0
55840,Q9XET1
55841,Q9XFI6
55842,Q9XHC6
55843,Q9XIU5
55844,Q9XIU8
55845,Q9ZNZ4
55846,Q9ZS21
55847,Q9ZTY1
55848,Q9ZTZ2
55849,Q9ZTZ3
55850,S4UQS3
55851,U3LZE5
55852,U3THC0
55853,V5TF25
55854,V6CKR0
