kegg_gene,uniprot
100037445,A0A0R0E8N5
100037447,A0A0R0GNE3
100037448,B0M1A4
100037449,Q9LLQ8
100037450,Q9M6D6
100037452,Q8L7J4
100037453,Q5ECI5
100037455,Q53B70
100037456,Q84X83
100037457,Q2I0H4
100037458,Q27ZJ4
100037459,Q9XHC6
100037460,Q43439
100037461,A0A0R0ILF6
100037462,Q39833
100037464,I1MQD2
100037467,C6TI48
100037468,A0FK53
100037469,A0MP01
100037470,I1L7R5
100037471,I7GEK3
100037472,E3W9C1
100037474,K7MU36
100037475,A0A762
100037476,A1YZE0
100037477,A1XG54
100037478,A1YNA0
100037479,A1IGE2
100037480,C6TES6
100037481,A0MAV5
100037482,A0MAV6
100037483,I1L090
100037484,A1YUN0
100101835,I1N667
100101837,Q9XIU8
100101839,Q9FRU5
100101840,Q9AV94
100101841,P02858
100101844,Q8LJU1
100101848,Q2XN58
100101849,K7LP57
100101853,Q43446
100101857,Q0PJJ9
100101858,I1KHA7
100101861,I1L3Y3
100101862,Q0GPF8
100101864,A3QRM4
100101865,A3RM03
100101866,A3RM04
100101867,A3RM05
100101868,I1MUL0
100101869,K7ME91
100101871,A0A0R0KHW1
100101874,C6TGZ0
100101881,K7MDC5
100101882,I1J4P8
100101884,I1M336
100101885,A0A0R0GDN5
100101886,K7MHS5
100101889,I1M889
100101890,A4ZGU1
100101891,A4ZPP3
100101892,A4ZPP4
100101893,A5A339
100101894,A5JNJ6
100101895,A5I866
100101896,A5JVZ7
100101897,A5JUQ4
100101898,A5JV32
100101899,A0A0R0F392
100101900,A0A0R0J5W4
100101901,A5Z1N7
100101902,A0A0R0G1T4
100101903,A5A6Y4
100101904,K7LTT5
100101908,Q4VPE5
100101909,A3RM06
100101912,I1KWX8
100101913,A5A338
100101914,A5JNJ5
100101915,A5Z2K3
100125585,A7Y7F6
100127361,I1JHM9
100127362,K7MY32
100127365,A7BID0
100127366,I1LDL1
100127367,K7K3I8
100127368,I1NBD2
100127369,I1J5V4
100127371,A0A0B4SXC9
100127373,C6TEF4
100127376,I1KZU8
100127377,A0A368UK48
100127378,A7LHG8
100127379,K7KFQ7
100127382,A0A0R0JEE2
100127383,I1KYG7
100127384,I1M456
100127385,I1JHI8
100127386,I1MH56
100127387,I1JRZ2
100127388,I1LT43
100127389,K7KLK9
100127392,A0A0R4J3W0
100127393,I1MBH2
100127394,A7LHI7
100127395,K7KYM6
100127396,I1KBC5
100127397,K7MQ56
100127399,A7LCD5
100127400,A7LCD6
100127401,A7J0W0
100127402,A7J2C0
100127404,A7VJA5
100127405,A7XWR9
100127406,A7X641
100127407,A7X649
100127408,A7X665
100127409,A7X672
100127410,A7X680
100127411,A7XZJ7
100127412,A8HTK0
100127413,A8IKE1
100127414,A8IKE5
100127416,A8VFK7
100127417,A8VFL1
100127418,A8VFL5
100127419,A8Y7Z9
100127420,I1LN47
100127421,I1LLT6
100127424,A7LHI8
100127426,A7BIC9
100127427,I1J5Y5
100127428,C6T8Z9
100127429,K7M052
100127430,A7X657
100137073,A9QNE4
100137074,A9UHK7
100137075,C0M0V4
100137076,A9CPA7
100137077,A9ZM29
100137078,A9XE62
100137080,B0EW03
100137081,B0EW04
100137082,B0LVF3
100170642,B4Y5J6
100170643,B4Y5J7
100170649,B5A7G4
100170650,B5A7G5
100170673,C0M0P6
100170674,B0L642
100170675,B0LUR3
100170676,I1JEC8
100170677,B0LUR6
100170678,B0LUR7
100170679,C6TEB7
100170680,B0LUS0
100170681,B0LUS1
100170682,B0LUS2
100170683,B0LUS3
100170684,B0LUS4
100170685,B0LUS5
100170686,B0ZSJ6
100170687,B0YR09
100170689,B1ACD1
100170690,B1ACD3
100170691,C6SVG7
100170693,B1MVG6
100170694,B1NC19
100170695,Q06A78
100170696,Q06A77
100170697,Q06A76
100170698,K7L425
100170699,Q06A74
100170700,Q06A73
100170701,C6THX4
100170702,B2DBE7
100170703,B2LUN7
100170704,B2LUQ7
100170705,I7FST9
100170706,B1Q2X5
100170707,I1KBI8
100170708,B2ZGQ6
100170709,B2ZGQ7
100170710,A0A0R0GV83
100170711,I1JY11
100170712,I1MDU6
100170713,B9U5I0
100170714,B2ZGR3
100170715,I1JH85
100170716,B2ZGR5
100170717,B2ZGR6
100170718,B2ZGR7
100170719,A0A0R0FKE7
100170720,B2ZGS0
100170721,I1J5Q4
100170722,B2ZNZ2
100170723,B2ZRG3
100170724,B2ZPK6
100170725,B0M193
100170726,B0M195
100170727,B0M196
100170728,B0M197
100170729,B0M1A0
100170730,B0M1A2
100170731,B0M1A5
100170732,B0M1A7
100170733,A0A0R4J2K3
100170734,B0M1A9
100170735,B0M1B0
100170737,A0A0R4J4C4
100170738,I1JL13
100170739,B0M1B8
100170740,B3GJZ6
100170741,I1N7B0
100170742,B3VHW0
100170743,B0ZSJ5
100170744,B2ZGQ8
100170745,B2ZHZ5
100170746,B0LUR5
100170747,I1MKL2
100170748,B1ACD2
100170749,B1B538
100170750,B2LUQ8
100170751,A0A0K2CTE4
100170752,B2ZP47
100170753,B0M194
100170754,B0M199
100170755,B0M1A6
100170756,I1N628
100174966,B3SN57
100174967,B5AE23
100194416,B5LZ63
100194417,B6CAM2
100194418,B6ETP1
100194419,B6EBD3
100194420,B6EBD4
100194421,B6EBD5
100194422,B6EBD6
100194423,B6EBD7
100194424,B5KMS8
100217331,B8XJY4
100217332,B8XJY5
100217333,B8XJY6
100217334,B8XJY7
100217335,B8XJZ1
100217336,B8XJZ2
100217337,B8XJZ3
100217338,B8XQT5
100217339,B8XQT7
100217340,B7SLY3
100217341,B8XJY8
100233233,B8K2A4
100233234,B8K2A5
100240704,B6ZHC0
100271888,C0SNP1
100271889,C0SNP3
100272197,C0M0P7
100272198,I1NIT6
100272199,C0M0Q0
100272200,C0M0P3
100272201,C0M0Q1
100272202,C0M0P9
100272203,C0M0Q3
100272204,C0M0P8
100272207,C0M0Q4
100272208,C0M0P5
100272209,C0L012
100286794,C1FY63
100301876,I1JPQ1
100301878,B8Y989
100301879,A0A0R0L232
100301880,B6ZK00
100301881,A0A0R4J5Z5
100301882,I1K6M2
100301883,B9VJS6
100301884,B9VJS7
100301885,B9MSS5
100301886,B9MSS7
100301887,B9MSS9
100301888,B9MST0
100301889,B9MST1
100301890,B9U5I2
100301891,B9U5I3
100301892,B9P4N2
100301893,B9VSG5
100301894,B9A7M1
100301895,B9A7M2
100301896,A0A0R0IB79
100301897,C6TBN2
100301898,C0LUM4
100301899,C0M0P4
100301900,C1IIX2
100301901,C3V126
100301902,C3VD33
100301903,C3VHQ8
100301904,I1NGC4
100301905,B9MSS8
100301906,B9U5I1
100302722,C7S917
100302735,C6KHU4
100303753,C1IIX4
100305347,I1MGB3
100305349,C3VUY7
100305350,C5HU39
100305351,A0A0R4J5W4
100305352,C4XVM5
100305353,C6G238
100305354,C6FF59
100305355,C6FF61
100305356,C6FF62
100305357,C6FF64
100305358,C6FF65
100305359,C6FF67
100305360,C6FF68
100305361,C6FF69
100305362,C6FF70
100305363,C6FF71
100305364,C6FF72
100305365,C6FF73
100305367,C6FF75
100305368,C6FF78
100305369,C6FF80
100305371,I1NG62
100305372,C6F1T7
100305373,C6F1T8
100305374,C5WLT3
100305375,C5WLV2
100305376,C6SUX1
100305377,C6ZGA8
100305378,I1L3G4
100305380,K4FZF8
100305381,C6ZJY9
100305382,C6ZJZ4
100305383,C6ZJZ7
100305384,C6ZRM0
100305385,C6ZRM2
100305386,C6ZRM5
100305387,C6ZRM8
100305388,C6ZRM9
100305389,C6ZRN1
100305390,C6ZRN4
100305391,C6ZRN5
100305392,C6ZRN7
100305393,C6ZRP0
100305395,C6ZRP3
100305396,C6ZRP8
100305397,C6ZRQ0
100305398,C6ZRQ1
100305399,C6ZRQ3
100305400,C6ZRQ6
100305401,C6ZRQ9
100305402,I1KXC6
100305403,C6ZRR3
100305404,C6ZRR4
100305405,C6ZRR5
100305406,C6ZRR7
100305407,C6ZRR9
100305408,I1LEA9
100305409,C6ZRS1
100305410,C6ZRS4
100305411,C6ZRS5
100305412,C6ZRS9
100305413,I1K637
100305414,C6ZRT2
100305415,C6ZRT3
100305416,C6ZRT9
100305417,C6ZRU2
100305418,C6ZRU3
100305419,C6ZRU5
100305420,C6ZRU6
100305421,C6ZRU8
100305422,C6ZRV0
100305423,C6ZRV1
100305425,C6ZRV6
100305426,C6ZRV9
100305427,C6ZRW0
100305428,C6ZRW1
100305429,C6ZRW2
100305430,C6ZRW3
100305431,C6ZRW4
100305432,C6ZRW5
100305433,C6ZRW6
100305434,C6ZRW7
100305435,C6ZRW8
100305436,C6ZRX2
100305437,C6ZRX4
100305438,C6ZRX7
100305439,C6ZRX6
100305440,C6ZRX8
100305441,C6ZRY2
100305442,I1LJD9
100305443,C6ZRY6
100305444,C6ZRY7
100305445,C6ZRZ1
100305446,C6ZRZ6
100305447,C6ZS00
100305448,C6ZS07
100305449,C6ZS08
100305450,C6ZRT8
100305451,C6ZS15
100305452,C6ZS18
100305453,C6ZS19
100305454,C6ZS21
100305455,C6ZS26
100305456,C6ZS29
100305457,C6ZS31
100305458,C6ZS43
100305459,C6ZS44
100305460,C4T847
100305461,I1LA06
100305462,C6SV61
100305463,C6SV59
100305464,C6SV64
100305465,C6SV65
100305466,C6SV66
100305467,C6SV67
100305468,C6SV70
100305469,C6SV71
100305471,C6SV74
100305473,C6SV78
100305474,C6SV80
100305475,I1MT04
100305477,C6SV85
100305478,C6SV86
100305479,I1JM67
100305480,C6SV89
100305481,C6SV90
100305482,C6SV92
100305483,C6SV95
100305484,C6SV96
100305485,C6SV97
100305486,C6SVA0
100305487,C6SVA3
100305488,C6SVA6
100305489,I1L571
100305490,C6SVA8
100305492,C6SVB3
100305493,C6SVB4
100305494,C6SVB6
100305495,C6SVB7
100305496,C6SVC1
100305497,C6SVC2
100305498,C6SVC4
100305499,C6SVC6
100305501,C6SVC8
100305502,I1N254
100305503,C6SVD0
100305504,C6SVD1
100305505,C6SVD3
100305506,C6SVD4
100305508,C6SVD6
100305509,C6SVD9
100305510,C6SVE0
100305511,C6SVE1
100305512,C6SVE2
100305513,C6SVE5
100305514,C6SVF1
100305515,C6SVF2
100305516,C6SVF3
100305517,C6SVF6
100305518,C6SVF7
100305519,C6SVF8
100305520,C6SVG4
100305521,C6SVG5
100305523,C6SVG9
100305524,C6SVH0
100305525,I1JKW2
100305526,C6SVH2
100305527,C6SVH4
100305528,C6SVH5
100305529,C6SVH6
100305530,C6SVH9
100305531,C6SVI1
100305532,C6SVI3
100305533,C6SVI5
100305534,C6SVI6
100305535,C6SVI9
100305536,C6SVJ0
100305537,C6SVJ5
100305538,I1MD98
100305539,C6SVJ8
100305540,C6SVJ9
100305541,C6SVK0
100305542,C6SVK1
100305543,C6SVK3
100305544,C6SVK2
100305545,C6SVK4
100305546,C6SVK7
100305547,C6SVK8
100305548,C6SVK9
100305549,C6SVL0
100305550,C6SVL1
100305551,C6SVL3
100305552,C6SVL4
100305553,C6SVL8
100305554,C6SVM0
100305555,C6SVM1
100305556,C6SVM3
100305557,C6SVM6
100305558,C6SVM8
100305559,C6SVM7
100305560,I1JI44
100305561,C6SVN2
100305562,C6SVN4
100305563,C6SVN3
100305564,C6SVN5
100305565,C6SVN6
100305566,C6SVN7
100305567,C6SVN8
100305568,C6SVP0
100305569,C6SVP3
100305570,C6SVP4
100305571,C6SVP5
100305572,C6SVP6
100305573,C6SVP7
100305574,I1LKU8
100305575,C6SVQ0
100305576,I1MNR6
100305578,C6SVQ2
100305581,C6SVQ8
100305582,C6SVR1
100305583,C6SVR2
100305584,C6SVR3
100305585,C6SVR4
100305586,B9MST3
100305587,C6SVR8
100305588,C6SVS0
100305589,C6SVS1
100305590,C6SVS2
100305591,C6SVS5
100305592,C6SVS6
100305594,C6SVT0
100305595,C6SVT4
100305596,C6SVT5
100305597,C6SVT6
100305599,C6SVT8
100305600,C6SVU0
100305601,C6SVU1
100305602,A0A0R0FHN7
100305603,C6SVU5
100305604,C6SVU7
100305605,C6SVU8
100305606,C6SVU9
100305607,C6SVV0
100305608,C6SVV4
100305609,A0A0R0GNM9
100305611,C6SVW0
100305612,C6SVW3
100305613,C6SVW4
100305614,C6SVW7
100305615,C6SVW8
100305616,C6SVW9
100305617,C6SVX1
100305618,C6SVX4
100305619,C6SVX5
100305622,C6SVX9
100305623,C6SVY0
100305625,C6SVY4
100305626,C6SVY5
100305627,C6SVY6
100305628,C6SVY8
100305629,C6SVZ0
100305630,C6SVZ1
100305631,C6SVZ2
100305632,C6SVZ3
100305633,C6SVZ4
100305635,C6SVZ6
100305636,C6SVZ8
100305637,C6SVZ9
100305638,C6SW00
100305640,C6SW02
100305641,C6SW03
100305642,C6SW04
100305643,C6SW06
100305644,C6SW07
100305645,C6F117
100305646,C6SW09
100305647,C6SW14
100305648,C6SW16
100305649,C6SW18
100305650,C6SW20
100305652,C6SW21
100305653,C6SW23
100305654,C6SW25
100305655,A0A368UNC4
100305656,C6SW27
100305657,C6SW29
100305658,C6SW31
100305659,C6SW32
100305660,C6SW34
100305661,I1KJG4
100305662,C6SW40
100305663,C6SW41
100305664,C6SW42
100305666,C6SW48
100305667,C6SW51
100305669,C6SW54
100305670,C6SW55
100305671,C6SW56
100305672,I1MJZ5
100305673,C6SW59
100305675,C6SW61
100305676,C6SW62
100305677,C6SW63
100305678,C6SW64
100305679,C6SW65
100305680,C6SW66
100305681,C6SW67
100305682,C6SW70
100305683,C6SW71
100305684,C6SW74
100305685,C6SW75
100305686,C6SW78
100305687,C6SW79
100305688,C6SW80
100305689,C6SW83
100305690,C6SW85
100305691,I1LPI3
100305693,C6SW89
100305694,C6SW91
100305695,C6SW90
100305696,C6SW93
100305698,C6SW96
100305699,C6SW98
100305700,C6SW97
100305701,C6SW99
100305702,C6SWA0
100305703,I1LV25
100305704,C6SWA3
100305705,C6SWA6
100305706,C6SWA5
100305707,C6SWA8
100305708,C6SWA7
100305709,C6SWB0
100305710,C6SWB3
100305711,C6SWB4
100305712,C6SWB5
100305713,C6SWB6
100305714,C6SWB8
100305715,C6SWB7
100305716,C6SWC1
100305718,C6SWC4
100305720,C6SWD0
100305721,C6SWD1
100305722,C6SWD3
100305723,C6SWD4
100305724,C6SWD5
100305725,C6SWD7
100305726,C6SWD9
100305727,C6SWE1
100305728,C6SWE4
100305729,C6SWE7
100305730,C6SWE6
100305731,C6SWE9
100305732,C6SWE8
100305733,C6SWF4
100305734,C6SWF7
100305735,C6SWF8
100305736,C6SWF9
100305737,C6SWG0
100305738,C6SWG2
100305739,C6SWG7
100305740,C6SWG8
100305741,C6SWH0
100305742,C6SWH1
100305743,C6SWH2
100305744,C6SWH5
100305745,C6SWH4
100305746,C6SWH6
100305747,C6SWH7
100305748,C6SWH9
100305749,C6SWI0
100305750,C6SWI1
100305751,C6SWI2
100305752,C6SWI3
100305753,C6SWI4
100305754,C6SWI5
100305755,C6SWI6
100305756,C6SWI7
100305757,C6SWI8
100305758,C6SWJ0
100305759,C6SWJ2
100305761,C6SWJ4
100305763,C6SWJ7
100305764,C6SWJ6
100305765,C6SWJ8
100305766,C6SWJ9
100305767,C6SWK0
100305768,C6SWK1
100305769,C6SWK2
100305770,C6SWK3
100305771,I1M3X2
100305772,I1N094
100305773,C6SWK7
100305775,C6SWL0
100305776,C6SWL2
100305777,C6SWL4
100305778,C6SWL3
100305779,C6SWL5
100305780,C6SWL6
100305781,C6SWL7
100305782,C6SWL8
100305785,C6SWM1
100305786,C6SWM2
100305787,C6SWM4
100305788,C6SWM3
100305789,C6SWM5
100305790,C6SWM7
100305791,C6SWM8
100305792,C6SWN0
100305793,C6SWM9
100305794,C6SWN1
100305795,C6SWN2
100305796,C6SWN3
100305797,C6SWN4
100305798,C6SWN5
100305799,C6SWN6
100305801,C6SWP0
100305802,C6SWP2
100305804,C6SWP7
100305805,C6SWP8
100305806,C6SWQ0
100305807,C6SWQ1
100305808,C6SWQ2
100305809,C6SWQ5
100305810,C6SWR0
100305811,C6SWQ9
100305812,C6SWR3
100305813,C6SWR4
100305814,C6SWR6
100305815,C6SWR5
100305816,C6SWR7
100305817,C6SWR8
100305818,C6SWS0
100305819,C6SWR9
100305820,C6SWS1
100305821,I1KHW9
100305822,C6SWS2
100305823,C6SWS5
100305824,C6SWS6
100305825,C6SWS7
100305826,C6SWS8
100305827,C6SWS9
100305829,C6SWT2
100305830,C6SWT3
100305831,C6SWT4
100305832,C6SWT5
100305833,I1M081
100305834,C6SWT7
100305835,C6SWT8
100305836,C6SWT9
100305838,C6SWU2
100305839,C6SWU3
100305840,C6SWU5
100305841,C6SWU4
100305842,C6SWU6
100305843,C6SWU7
100305845,C6SWV0
100305846,C6SWV1
100305847,C6SWV3
100305848,I1KM39
100305849,C6SWV4
100305850,C6SWV7
100305851,C6SWV9
100305853,C6SWW2
100305855,C6SWW4
100305856,C6SWW8
100305857,C6SWW7
100305858,C6SWW9
100305859,C6SWX3
100305860,C6SWX4
100305861,C6SWX5
100305862,C6SWX8
100305863,C6SWX9
100305864,C6SWY0
100305865,C6SWY3
100305866,C6SWY5
100305867,C6SWY6
100305868,C6SWY9
100305869,C6SWZ0
100305870,C6SWZ2
100305871,C6SWZ4
100305872,C6SWZ5
100305873,C6SWZ7
100305874,C6T3V1
100305876,C6SX02
100305877,C6SX03
100305878,C6SX04
100305879,C6SX05
100305880,C6SX07
100305881,C6SX08
100305882,C6SX10
100305883,C6SX11
100305884,C6SX12
100305885,C6SX13
100305886,C6SX14
100305887,C6SX15
100305888,C6SX16
100305889,C6SX19
100305891,C6SX21
100305892,C6SX23
100305893,I1KXK6
100305894,I1LD10
100305895,C6SX26
100305896,C6SX27
100305897,C6SX28
100305898,C6SX30
100305899,I1LHE0
100305900,C6SX36
100305901,A0A0R0IVX9
100305902,C6SX39
100305903,Q38JE0
100305904,I1LW63
100305906,C6SX42
100305907,C6SX44
100305908,C6SX45
100305909,C6SX46
100305910,C6SX47
100305911,C6SX48
100305912,C6SX50
100305913,I1MAQ6
100305915,C6SX55
100305916,C6SX54
100305917,C6SX56
100305918,K7MVB4
100305919,C6SX58
100305920,C6SX61
100305921,C6SX62
100305922,C6SX63
100305923,C6SX68
100305924,C6SX69
100305926,C6SX73
100305927,C6SX74
100305928,C6SX77
100305929,C6SX78
100305930,C6SX79
100305931,C6SX80
100305932,C6SX81
100305933,C6SX82
100305934,C6SX84
100305935,C6SX85
100305936,C6SX86
100305937,C6SX87
100305938,C6SX88
100305939,C6SX91
100305940,C6SX92
100305941,C6SX96
100305942,C6SX95
100305943,C6SX99
100305944,C6SXA2
100305945,C6SXA6
100305947,C6SXA8
100305948,C6SXA9
100305949,C6SXB0
100305950,C6SXB1
100305952,C6SXB6
100305953,C6SXB7
100305955,C6SXC0
100305957,C6SXC1
100305958,C6SXC3
100305959,C6SXC4
100305960,C6SXC7
100305961,C6SXC8
100305963,C6SXD6
100305964,C6SXD7
100305965,C6SXD8
100305966,C6SXE0
100305967,C6SXE1
100305968,C6SXE2
100305969,C6SXE4
100305970,C6SXE5
100305971,C6SXE6
100305972,C6SXE7
100305973,C6SXE8
100305974,C6SXE9
100305975,C6SXF0
100305976,K7LBA1
100305977,C6SXF3
100305978,C6SXF4
100305979,C6SXF5
100305980,I1KAM7
100305981,C6SXG0
100305982,C6SXG6
100305983,C6SXG7
100305984,C6SXG8
100305985,C6SXG9
100305986,C6SXH2
100305987,C6SXH1
100305989,C6SXH4
100305990,C6SXH5
100305991,C6SXH6
100305992,C6SXH7
100305993,C6SXH8
100305995,C6SXI1
100305997,C6SXI3
100305998,C6SXI4
100305999,C6SXI5
100306000,C6SXI8
100306001,C6SXI9
100306003,C6SXJ3
100306004,C6SXJ4
100306005,C6SXJ6
100306006,C6SXJ8
100306008,C6SXK2
100306009,C6SXK1
100306010,C6SXK6
100306011,C6SXK7
100306012,C6SXK9
100306013,C6SXL0
100306014,C6SXL1
100306015,C6SXL4
100306016,C6SXL5
100306017,C6SXL8
100306018,C6SXM0
100306019,C6SXM1
100306021,C6SXM4
100306022,C6SXM5
100306023,C6SXM6
100306024,C6SXM7
100306025,C6SXM9
100306026,C6SXN0
100306027,C6SXN2
100306028,C6SXN3
100306029,C6SXN4
100306030,C6SXN5
100306031,I1JKE0
100306032,C6SXN8
100306033,C6SXN9
100306034,C6SXP3
100306035,C6SXP4
100306036,C6SXP5
100306037,C6SXP6
100306038,A0A0R0HWH1
100306040,C6SXQ1
100306041,C6SXQ4
100306042,C6SXQ5
100306043,C6SXQ6
100306044,C6SXQ7
100306045,C6SXQ9
100306046,C6SXR1
100306047,C6SXR3
100306048,C6SXR5
100306049,C6SXR7
100306050,C6SXR8
100306051,C6SXR9
100306052,C6SXS1
100306053,C6SXS0
100306054,C6SXS3
100306055,C6SXS2
100306056,C6SXS4
100306057,C6SXS5
100306058,C6SXS7
100306060,C6SXS8
100306061,C6SXS9
100306062,C6SXT1
100306063,C6SXT3
100306064,C6SXT4
100306065,C6SXT5
100306066,C6SXT6
100306067,C6SXT7
100306068,C6SXT8
100306069,C6SXU3
100306070,C6SXU2
100306071,C6SXU5
100306072,C6SXU4
100306073,C6SXU6
100306074,C6SXU7
100306075,C6SXU9
100306076,C6SXV1
100306077,I1J5Q7
100306079,C6SXV6
100306080,C6SXV9
100306081,C6SXV8
100306082,C6SXW0
100306083,C6SXW3
100306084,C6SXW4
100306085,C6SXW6
100306088,C6SXX5
100306089,C6SXX6
100306090,C6SXX7
100306091,C6SXY0
100306092,C6SXY1
100306093,C6SXY3
100306094,C6SXY6
100306095,C6SXY8
100306096,C6SXZ0
100306097,C6SXZ3
100306098,C6SXZ4
100306099,C6SXZ5
100306100,C6SXZ6
100306101,C6SY00
100306102,I1M7S2
100306103,A0A0R0K972
100306104,C6SY03
100306105,C6SY05
100306106,C6SY06
100306107,C6SY08
100306108,C6SY07
100306109,C6SY09
100306110,C6SY10
100306111,C6SY14
100306112,C6SY16
100306113,C6SY15
100306114,C6SY17
100306115,C6SY18
100306116,C6SY20
100306117,C6SY21
100306119,C6SY26
100306120,C6SY27
100306121,C6SY30
100306122,C6SY29
100306123,C6SY31
100306124,C6SY33
100306125,C6SY34
100306127,C6SY36
100306129,C6SY38
100306130,C6SY39
100306131,C6SY40
100306132,C6SY42
100306133,C6SY43
100306134,C6SY46
100306135,C6SY47
100306136,C6SY48
100306138,K7L1A6
100306139,C6SY51
100306141,C6SY54
100306142,C6SY56
100306145,C6SY61
100306146,I1KRT2
100306147,C6SY63
100306148,C6SY64
100306151,C6SY68
100306152,C6SY70
100306153,C6SY71
100306154,C6SY72
100306155,C6SY75
100306157,C6SY82
100306158,C6SY85
100306159,C6SY86
100306160,I1L9C7
100306161,C6SY88
100306162,C6SY89
100306163,C6SY90
100306164,C6SY91
100306165,C6SY93
100306166,C6SY96
100306167,C6SY97
100306168,C6SY98
100306169,C6SY99
100306170,C6SYA0
100306171,C6SYA1
100306172,C6SYA4
100306173,C6SYA3
100306174,C6SYA5
100306175,C6SYA6
100306177,C6SYB2
100306178,C6SYB5
100306179,C6SYB6
100306180,C6SYB7
100306181,C6SYB8
100306182,C6SYB9
100306183,C6SYC0
100306184,C6SYC1
100306185,C6SYC3
100306187,C6SYC5
100306188,C6SYC7
100306189,C6SYC8
100306190,C6SYC9
100306191,C6SYD3
100306192,C6SYD4
100306193,C6SYD5
100306194,C6SYD7
100306195,C6SYD8
100306196,C6SYD9
100306197,C6SYE1
100306198,C6SYE2
100306199,C6SYE3
100306200,C6SYE4
100306201,C6SYE7
100306202,C6SYE8
100306203,C6SYE9
100306204,C6SYF0
100306205,C6SYF3
100306206,C6SYF2
100306207,C6SYF5
100306208,C6SYF6
100306209,K7KES9
100306210,C6SYF8
100306211,I1KUL8
100306212,C6SYG0
100306213,C6SYG1
100306214,C6SYG2
100306215,C6SYG4
100306216,C6SYG3
100306217,C6SYG5
100306218,C6SYG9
100306219,C6SYH1
100306220,C6SYH2
100306221,C6SYH8
100306222,C6SYH9
100306223,C6SYI0
100306224,C6SYI4
100306225,C6SYI6
100306226,C6SYJ0
100306227,C6SYJ1
100306228,I1K554
100306229,C6SYJ6
100306230,C6SYJ9
100306231,C6SYK0
100306232,C6SYK1
100306233,C6SYK2
100306234,C6SYK3
100306235,C6SYK4
100306236,C6SYK6
100306237,C6SYK8
100306238,C6SYK9
100306239,C6SYL0
100306240,K7MQK5
100306241,I1MV56
100306242,I1K0T7
100306243,C6SYL6
100306244,C6SYL5
100306245,I1L9G1
100306246,I1M0A8
100306248,C6SYL9
100306249,I1M2V2
100306250,C6SYM2
100306251,C6SYM4
100306252,C6SYM5
100306253,C6SYM6
100306254,C6SYM7
100306255,C6SYM8
100306256,C6SYN3
100306257,C6SYN4
100306258,C6SYN5
100306259,C6SYN8
100306260,C6SYN7
100306261,C6SYN9
100306262,C6SYP0
100306264,C6SYP2
100306265,C6SYP4
100306266,C6SYP6
100306267,C6SYP7
100306268,I1LMM1
100306269,C6SYQ2
100306270,K7MW48
100306271,Q7PCB2
100306272,C6SYQ4
100306273,C6SYQ6
100306274,C6SYQ8
100306275,C6SYQ9
100306276,I1LEX1
100306277,C6SYR1
100306278,C6SYR3
100306279,C6TEP1
100306280,C6SYR6
100306282,C6SYS0
100306284,C6SYS1
100306285,C6SYS2
100306286,C6SYS4
100306287,C6SYS5
100306288,A0A0R0ILX5
100306289,I1LZ84
100306290,C6SYT1
100306291,C6SYT2
100306292,C6SYT3
100306293,C6SYT4
100306294,C6SYT6
100306295,I1KP94
100306296,C6SYT9
100306297,C6SYU1
100306298,C6SYU2
100306299,C6SYU3
100306300,K7KAA7
100306301,C6SYU5
100306302,K7LW88
100306303,I1JQM2
100306304,C6SYU8
100306306,C6SYV1
100306307,C6SYV2
100306308,C6SYV3
100306310,C6SYV5
100306311,C6SYV6
100306313,C6SYV9
100306314,C6SYW0
100306315,C6SYW2
100306317,C6SYW4
100306319,C6SYW7
100306320,C6SYW9
100306321,I1MDW4
100306322,C6SYX1
100306323,C6SYX2
100306324,C6SYX3
100306325,C6SYX5
100306326,C6SYX6
100306327,C6SYX8
100306328,C6SYX9
100306329,C6SYY1
100306330,C6SYY2
100306331,C6SYY3
100306332,C6SYY4
100306333,C6SYY5
100306334,C6SYY6
100306335,C6SYY9
100306336,C6SYY8
100306337,C6SYZ1
100306338,C6SYZ2
100306339,C6SYZ3
100306340,C6SYZ5
100306341,I1LW10
100306342,C6SYZ7
100306343,C6SYZ9
100306344,C6SZ03
100306345,A0A0R0GX95
100306346,C6SZ05
100306347,C6SZ06
100306348,C6SZ07
100306349,C6SZ08
100306350,C6SZ09
100306351,C6SZ11
100306352,C6SZ12
100306353,C6SZ13
100306354,C6SZ15
100306355,C6SZ16
100306356,C6SZ17
100306359,C6SZ20
100306361,C6SZ22
100306362,C6SZ23
100306363,C6SZ24
100306364,C6SZ25
100306365,C6SZ28
100306366,C6SZ30
100306367,C6SZ31
100306368,I1KK69
100306369,C6SZ33
100306370,C6SZ35
100306371,C6SZ37
100306372,C6SZ38
100306373,A0A0R0I161
100306374,C6SZ40
100306375,C6SZ42
100306376,A0A0R4J2W3
100306377,C6SZ47
100306378,C6SZ46
100306379,C6SZ48
100306380,C6SZ49
100306381,C6SZ51
100306382,C6SZ53
100306383,C6SZ54
100306384,C6SZ55
100306385,C6SZ58
100306386,I1LTE6
100306388,C6SZ62
100306389,C6SZ63
100306390,C6SZ64
100306391,C6SZ67
100306392,C6SZ68
100306393,I1JDK7
100306394,C6SZ70
100306395,C6SZ71
100306396,C6SZ72
100306397,C6SZ74
100306398,C6SWG1
100306399,C6SZ79
100306401,C6SZ81
100306402,C6SZ82
100306403,C6SZ85
100306404,I1JBD8
100306406,C6SZ88
100306407,C6SZ91
100306409,C6SZ93
100306411,C6SZ96
100306412,C6SZ99
100306413,C6SZA0
100306414,C6SZA2
100306415,C6SZA3
100306416,C6SZA4
100306418,C6SZA6
100306420,C6SZB1
100306421,C6SZB5
100306422,C6SZB6
100306423,C6SZB7
100306424,C6SZB9
100306425,C6SZC1
100306426,C6SZC4
100306427,I1MVA9
100306428,C6SZC7
100306429,C6SZC9
100306430,C6SZC8
100306431,I1MWJ1
100306432,C6SZD3
100306433,C6SZD4
100306434,C6SZD5
100306435,C6SZD6
100306436,I1M5E3
100306437,A0A0R4J4W5
100306438,C6SZE2
100306439,C6SZE6
100306440,C6SZE8
100306441,C6SZE9
100306442,C6SZF0
100306444,C6SZF1
100306445,C6SZF3
100306446,C6SZF4
100306447,C6SZF6
100306448,C6SZF5
100306449,C6SZF8
100306450,C6SZG1
100306451,C6SZG2
100306452,C6SZG4
100306453,C6SZG3
100306454,C6SZG5
100306455,C6SZG6
100306456,C6SZG7
100306457,C6SZH1
100306458,C6SZH2
100306459,C6SZH6
100306460,C6SZH8
100306461,C6SZH9
100306462,C6SZI0
100306463,C6SZI1
100306464,C6SZI3
100306465,I1LF79
100306466,C6SZI7
100306467,C6SZI9
100306468,C6SZJ0
100306469,C6SZJ1
100306470,C6SZJ3
100306471,I1MN55
100306472,C6SZJ9
100306473,C6SZK0
100306474,C6SZK1
100306475,C6SZK2
100306476,I1M6A7
100306478,I1LYQ3
100306479,A0A0R0FHG0
100306480,C6SZL0
100306481,C6SZL2
100306482,C6SZL1
100306483,C6SZL4
100306484,C6SZL5
100306485,I1MSH1
100306486,C6SZL7
100306487,C6SZL8
100306488,C6SZL9
100306489,C6SZM0
100306491,C6SZM2
100306492,C6SZM3
100306493,C6SZM4
100306494,C6SZM5
100306496,C6SZM7
100306497,C6SZM8
100306498,C6SZM9
100306499,C6SZN0
100306500,C6SZN1
100306502,I1LQU0
100306503,C6SZN4
100306504,C6SZN5
100306505,C6SZN6
100306506,C6SZN7
100306508,I1N3E7
100306509,C6SZP1
100306510,I1J7P1
100306511,C6SZP3
100306512,C6SZP5
100306513,C6SZP4
100306514,I1MUZ6
100306515,C6SZP7
100306517,C6SZQ0
100306518,C6SZQ2
100306519,C6SZQ4
100306520,C6SZQ6
100306522,C6SZQ8
100306523,C6SZQ9
100306524,C6SZR0
100306525,C6SZR1
100306526,I1LS43
100306528,C6SZR5
100306529,C6SZR7
100306531,C6SZR9
100306532,C6SZS0
100306533,C6SZS2
100306534,C6SZS3
100306535,C6SZS5
100306537,C6SZS8
100306539,C6SZT3
100306540,C6SZT2
100306541,I1MU75
100306542,C6SZT5
100306543,C6SZT8
100306544,C6SZU0
100306545,C6SZU2
100306546,C6SZU5
100306547,C6SZU6
100306549,C6SZU8
100306550,C6SZU9
100306551,C6SZV1
100306552,C6SZV2
100306553,C6SZV3
100306554,C6SZV4
100306555,C6SZV5
100306557,C6SZV7
100306558,C6SZV9
100306559,C6SZW1
100306560,C6SZW3
100306561,C6SZW4
100306562,I1MYN1
100306564,C6SZW7
100306565,C6SZX1
100306566,C6SZX2
100306567,C6SZX4
100306568,C6SZX5
100306569,I1JS71
100306570,C6SZX7
100306571,C6SZX9
100306572,C6SZY0
100306573,K7N4A5
100306574,C6SZY2
100306575,C6SZY5
100306576,C6SZY7
100306577,C6SZY9
100306578,C6SZZ0
100306579,C6SZZ2
100306580,C6SZZ6
100306581,C6SZZ9
100306582,A0A0R0HWV6
100306583,C6T003
100306584,C6T004
100306585,C6T006
100306586,C6T011
100306587,K7LQV5
100306588,C6T013
100306589,C6T018
100306590,C6T020
100306591,C6T021
100306592,C6T022
100306593,C6T023
100306594,I1J7U6
100306595,C6T024
100306596,C6T026
100306597,C6T029
100306599,C6T032
100306600,I1MSX8
100306601,C6T038
100306602,C6T040
100306603,C6T042
100306604,C6T044
100306605,C6T043
100306606,C6T046
100306607,C6T047
100306608,C6T050
100306609,C6T049
100306610,C6T051
100306611,C6T052
100306612,C6T054
100306614,C6T061
100306615,C6T063
100306616,C6T066
100306617,C6T067
100306618,C6T069
100306619,C6T071
100306620,C6T072
100306621,C6T074
100306622,I1LF54
100306623,C6T076
100306624,C6T078
100306626,C6T080
100306627,C6T079
100306628,C6T081
100306629,C6T082
100306630,K7MWX0
100306631,C6T085
100306632,C6T087
100306633,C6T090
100306634,C6T089
100306635,C6T091
100306637,C6T093
100306638,C6T094
100306639,C6T095
100306640,C6T098
100306641,C6T0A0
100306642,C6T099
100306643,C6T0A2
100306644,C6T0A3
100306645,C6T0A6
100306646,C6T0A7
100306647,C6T0B0
100306648,C6T0B2
100306649,C6T0B1
100306650,C6T0B3
100306651,C6T0B4
100306652,C6T0B6
100306653,C6T0B5
100306654,C6T0B7
100306655,C6T0B9
100306656,C6T0C1
100306657,C6T0C2
100306658,C6T0C4
100306659,C6T0C5
100306660,C6T0C6
100306661,C6T0C8
100306662,C6T0C7
100306663,C6T0C9
100306665,C6T0D1
100306666,C6T0D2
100306667,C6T0D3
100306668,C6T0D5
100306669,C6T0D8
100306670,A0A0R0J8T0
100306671,C6T0E0
100306672,C6T0E1
100306673,C6T0E3
100306674,C6T0E4
100306675,C6T0E5
100306676,C6T0E6
100306677,C6T0E7
100306678,C6T0E9
100306679,C6T0F2
100306680,C6T0F3
100306681,C6T0F4
100306682,C6T0F5
100306683,C6T0F6
100306684,C6T0F8
100306685,C6T0F7
100306686,C6T0F9
100306687,C6T0G1
100306688,C6T0G2
100306689,C6T0G3
100306690,C6T0G5
100306691,C6T0G6
100306692,C6T0G8
100306693,C6T0G9
100306694,C6T0H1
100306695,C6T0H3
100306696,C6T0H4
100306697,C6T0H6
100306698,I1N7V5
100306699,C6T0H9
100306700,C6T0I0
100306701,I1KZ38
100306702,C6T0I2
100306703,I1M003
100306704,C6T0I5
100306705,C6T0I4
100306707,C6T0I9
100306708,C6T0J0
100306709,C6T0J1
100306710,C6T0J2
100306711,C6T0J5
100306712,C6T0J7
100306714,C6T0J8
100306715,K7LLH5
100306716,C6T0K0
100306717,C6T0K3
100306718,C6T0K2
100306719,C6T0K6
100306720,C6T0K7
100306722,C6T0K9
100337655,D3G9L7
100499208,D8WJ57
100499218,D8WJ54
100499219,D8WJ55
100499220,C6TNP3
100499623,C0LUU6
100499625,I1J8H1
100499626,C4MH52
100499627,C6FF74
100499628,C6FF77
100499629,C6FF79
100499630,C6EVF9
100499631,C6F190
100499632,C6ZHS4
100499633,C6ZKJ0
100499634,C6ZJY8
100499635,C6ZJZ0
100499636,C6ZJZ3
100499637,C6ZJZ5
100499638,C6ZJZ6
100499639,C6ZRM6
100499640,C6ZRM7
100499641,C6ZRN0
100499642,C6ZRR6
100499643,C6ZRS3
100499644,C6ZRT0
100499645,C6ZRT6
100499646,C6ZRW9
100499647,C6ZRY0
100499648,C6ZRY1
100499649,C6ZS09
100499651,C6ZS22
100499652,C6ZS24
100499653,C6ZS28
100499654,C6ZS37
100499655,C6ZS42
100499656,C6SV60
100499657,C6SV63
100499658,C6SV69
100499659,C6SV75
100499661,C6SV83
100499662,C6SV84
100499663,C6SV87
100499664,C6SV91
100499665,C6SV94
100499666,C6SVA2
100499667,C6SVA4
100499668,C6SVA7
100499669,C6SVA9
100499670,C6SVB1
100499671,C6SVB2
100499673,C6SVB8
100499674,C6SVB9
100499675,C6SVC0
100499677,C6SVC7
100499678,C6SVD2
100499679,C6SVD8
100499681,C6SVE6
100499682,I1MGG9
100499683,C6SVE8
100499684,C6SVF0
100499685,C6SVF4
100499686,C6SVG6
100499687,C6SVG8
100499688,C6SVH7
100499689,K7LN43
100499690,C6SVI2
100499692,C6SVI7
100499693,C6SVJ1
100499695,C6SVJ6
100499696,C6SVK5
100499698,C6SVL7
100499699,C6SVL9
100499700,C6SVM4
100499701,C6SVM5
100499702,C6SVM9
100499703,C6SVN9
100499704,C6SVP1
100499705,C6SVQ4
100499706,C6SVQ5
100499707,C6SVQ9
100499708,C6SVR0
100499710,C6SVR9
100499711,C6SVS3
100499712,K7K6U9
100499713,I1KVP0
100499714,C6SVS8
100499715,C6SVS9
100499716,C6SVT3
100499717,C6SVT2
100499718,C6SVU4
100499720,C6SVV1
100499721,C6SVV3
100499723,C6SVV7
100499724,C6SVV8
100499725,C6SVW2
100499726,C6SVW1
100499727,C6SVX0
100499728,C6SVX3
100499729,C6SVX7
100499730,C6SVY3
100499731,C6SVY2
100499732,C6SVY7
100499733,C6SW05
100499734,A0A0R0GW87
100499735,C6SW11
100499736,C6SW13
100499737,C6SW15
100499738,C6SW24
100499739,K7KRN5
100499740,C6SW30
100499741,C6SW33
100499742,C6SW35
100499743,I1JP95
100499744,C6SW38
100499745,C6SW43
100499746,C6SW44
100499747,C6SW46
100499748,C6SW47
100499749,C6SW49
100499750,C6SW52
100499751,C6SW53
100499752,C6SW57
100499753,C6SW69
100499754,C6SW72
100499755,C6SW77
100499756,C6SW82
100499757,I1L4B6
100499758,C6SW88
100499759,C6SWA2
100499760,C6SWA1
100499761,C6SWA9
100499762,C6SWB9
100499763,C6SWC0
100499764,C6SWC3
100499765,C6SWC6
100499766,C6SWC7
100499767,C6SWC8
100499768,C6SWD2
100499770,C6SWD8
100499771,C6SWE0
100499772,C6SWE2
100499773,C6SWE3
100499774,C6SWE5
100499775,C6SWF0
100499776,C6SWF1
100499777,C6SWF2
100499778,C6SWF3
100499779,C6SWF6
100499781,C6SWG3
100499782,C6SWG5
100499783,C6SWG6
100499784,C6SWG9
100499785,C6SWK4
100499786,C6SWK8
100499788,C6SWM6
100499789,C6SWN7
100499790,C6SWN9
100499791,C6SWP3
100499792,C6SWP5
100499793,C6SWP6
100499794,C6SWP9
100499795,C6SWQ4
100499796,C6SWQ6
100499797,I1MMG2
100499798,C6SWR2
100499799,I1LAR9
100499800,C6SWT1
100499801,C6SWU0
100499802,C6SWU8
100499803,C6SWV2
100499804,C6SWV6
100499805,C6SWV8
100499806,C6SWW1
100499807,C6SWW5
100499808,C6SWW6
100499809,C6SWX0
100499810,C6SWX1
100499811,C6SWX7
100499812,C6SWY1
100499813,C6SWY2
100499814,C6SWZ1
100499815,C6SWZ8
100499816,C6SX00
100499817,C6SX06
100499818,I1K6B8
100499819,C6SX17
100499820,C6SX22
100499821,C6SX29
100499822,C6SX31
100499823,C6SX32
100499824,C6SX33
100499825,I1LY81
100499826,C6SX35
100499827,C6SX49
100499828,I1LIR4
100499829,C6SX59
100499830,C6SX60
100499831,A0A088AWU8
100499832,C6SX75
100499833,C6SX76
100499834,C6SX83
100499835,C6SX89
100499836,C6SX90
100499837,C6SX94
100499838,C6SX93
100499839,C6SX97
100499840,C6SX98
100499841,C6SXA0
100499842,C6SXA1
100499843,C6SXA4
100499844,C6SXA5
100499845,I1K5P1
100499846,C6SXB4
100499847,C6SXC6
100499848,C6SXD0
100499849,C6SXC9
100499850,C6SXD2
100499851,C6SXD4
100499852,C6SXD3
100499853,C6SXD5
100499854,C6SXD9
100499855,C6SXF2
100499856,C6SXF6
100499857,C6SXF9
100499858,C6SXG3
100499859,C6SXG4
100499860,C6SXH0
100499861,C6SXI0
100499862,C6SXI6
100499863,C6SXI7
100499864,C6SXJ2
100499865,I1K6L0
100499866,C6SXJ7
100499867,C6SXJ9
100499869,C6SXK8
100499870,C6SXL2
100499872,C6SXL6
100499873,I1LMR2
100499875,C6SXM8
100499876,C6SXN7
100499877,C6SXP0
100499878,C6SXP1
100499879,I1K7N6
100499880,C6SXP9
100499881,C6SXQ2
100499882,C6SXQ8
100499883,C6SXR2
100499884,C6SXT2
100499885,C6SXT9
100499887,C6SXU0
100499888,C6SXU8
100499889,C6SXV0
100499890,C6SXV3
100499891,C6SXV5
100499892,C6SXV7
100499893,C6SXW1
100499894,C6SXW2
100499895,C6SXW7
100499896,C6SXW8
100499897,C6SXW9
100499898,C6SXX4
100499899,C6SXX8
100499900,C6SXY4
100499901,C6SXY5
100499902,C6SXY7
100499903,C6SXY9
100499904,C6SXZ1
100499905,A0A0R0F2H9
100499906,C6SY04
100499907,C6SY11
100499908,C6SY12
100499909,C6SY13
100499910,C6SY19
100499911,C6SY24
100499912,C6SY25
100499914,C6SY32
100499915,C6SY44
100499916,I1MF78
100499917,C6SY55
100499918,C6SY57
100499919,C6SY60
100499920,C6SY65
100499921,C6SY73
100499923,C6SY78
100499924,C6SY80
100499925,C6SY81
100499926,C6SY83
100499927,C6SY84
100499928,C6SY92
100499929,C6SYA8
100499930,C6SYB0
100499931,C6SYB1
100499932,C6SYB4
100499933,C6SYC4
100499934,C6SYD0
100499935,C6SYD1
100499936,C6SYD2
100499937,C6SYE0
100499938,C6SYE6
100499939,K7K4P7
100499940,C6SYF4
100499941,C6SYG6
100499942,C6SYG8
100499943,C6SYH0
100499944,C6T0S6
100499945,C6SYH4
100499946,C6SYH6
100499947,C6SYH5
100499948,C6SYI2
100499949,C6SYI5
100499950,I1KXJ7
100499951,C6SYI8
100499953,C6SYJ7
100499954,C6SYJ8
100499955,I1KMC5
100499956,C6SYK7
100499957,C6SYL2
100499958,I1L0Q5
100499959,C6SYN1
100499960,C6SYN2
100499961,C6SYN6
100499962,C6SYP3
100499963,I1M5E1
100499964,C6SYQ5
100499965,C6SYQ7
100499966,C6SYR2
100499967,I1KV79
100499968,C6SYR7
100499969,C6SYS7
100499970,C6SYT5
100499971,C6SYT8
100499972,I1JKR0
100499973,C6SYW1
100499974,C6SYW8
100499975,C6SYX7
100499976,F5CI37
100499977,C6SYZ0
100499978,C6SYZ8
100499979,C6SZ00
100499980,C6SZ01
100499981,C6SZ02
100499982,C6SZ10
100499983,C6SZ26
100499984,I1JEB9
100499985,C6SZ29
100499986,I1KFG1
100499987,C6SZ41
100499988,C6SZ43
100499989,C6SZ50
100499990,C6SZ52
100499991,C6SZ56
100499992,C6SZ57
100499993,C6SZ60
100499994,C6SZ66
100499995,C6SZ65
100499996,C6SZ73
100499997,C6SZ76
100499998,C6SZ77
100499999,I1KRY1
100500000,C6SZ83
100500001,C6SZ84
100500002,C6SZ90
100500003,C6SZ94
100500005,C6SZ98
100500006,C6SZA1
100500007,C6SZA7
100500008,C6SZA8
100500009,C6SZB2
100500010,I1KZU5
100500011,C6SZB4
100500012,C6SZC0
100500013,C6SZC2
100500015,C6SZC5
100500016,C6SZD2
100500018,C6SZE3
100500019,C6SZE4
100500020,C6SZE5
100500021,C6SZE7
100500022,C6SZF9
100500023,C6SZG0
100500024,C6SZG8
100500025,I1L8L3
100500027,C6SZH5
100500028,C6SZI2
100500029,C6SZI5
100500030,C6SZI6
100500031,C6SZI8
100500032,C6SZJ2
100500033,C6SZJ4
100500034,C6SZJ5
100500035,C6SZJ7
100500036,C6SZK3
100500037,C6SZK6
100500039,I1MLH9
100500040,C6SZP0
100500041,A0A0R0F6M4
100500042,C6SZQ1
100500043,C6SZQ3
100500044,C6SZQ5
100500045,C6SZR6
100500046,C6SZS1
100500047,C6SZS4
100500048,C6SZS9
100500051,C6SZT7
100500052,C6SZT9
100500054,C6SZU4
100500055,I1JNI8
100500056,C6SZW0
100500057,C6SZW8
100500058,C6SZX0
100500059,C6SZW9
100500060,C6SZX3
100500061,I1JNM6
100500062,C6SZY3
100500064,C6SZY6
100500065,C6SZY8
100500066,C6SZZ1
100500067,C6SZZ4
100500068,C6SZZ5
100500069,C6SZZ3
100500070,C6SZZ7
100500071,C6SZZ8
100500072,C6T002
100500073,C6T007
100500074,C6T008
100500075,C6T009
100500076,I1J8F2
100500077,C6T014
100500078,C6T016
100500079,C6T017
100500080,C6T019
100500081,C6T028
100500082,C6T034
100500083,C6T033
100500084,A0A0R0HR30
100500085,I1N7P3
100500087,C6T048
100500088,C6T053
100500089,C6T056
100500090,C6T057
100500091,C6T058
100500092,C6T059
100500093,C6T064
100500094,C6T065
100500095,C6T070
100500096,C6T073
100500097,C6T083
100500098,C6T084
100500099,C6T088
100500100,C6T096
100500101,I1J7I5
100500102,C6T0A1
100500103,C6T0A5
100500104,I1LDZ4
100500105,C6T0B8
100500106,I1KCH6
100500107,C6T0E2
100500108,C6T0E8
100500109,C6T0F0
100500110,C6T0F1
100500111,C6T0G4
100500112,C6T0G7
100500113,C6T0H2
100500115,C6T0H8
100500116,C6T0I6
100500117,Q38JD2
100500118,I1KUE5
100500119,C6T0J4
100500120,C6T0J9
100500122,I1JJ04
100500123,C6T0L0
100500124,C6T0L1
100500125,I1K1J6
100500126,A0A0R0LAD9
100500127,C6T0L4
100500128,C6T0L5
100500129,C6T0L7
100500130,C6T0L6
100500131,C6T0L8
100500132,C6T0L9
100500133,C6T0M0
100500135,I1J883
100500136,C6T0M5
100500138,C6T0M7
100500139,C6T0M8
100500140,I1NJ26
100500141,I1KGQ1
100500143,C6T0N6
100500144,C6T0N9
100500145,I1MU98
100500147,C6T0P2
100500150,C6T0P6
100500151,C6T0P8
100500153,C6T0Q0
100500154,C6T0Q1
100500155,A0A0R4J4B6
100500158,C6T0Q6
100500160,C6T0Q8
100500161,C6T0Q9
100500162,C6T0R1
100500163,C6T0R3
100500164,C6T0R5
100500165,C6T0R7
100500168,C6T0S0
100500169,C6T0S3
100500171,A0A0R0H8Q8
100500172,C6T0S9
100500174,C6T0T5
100500176,C6T0T8
100500177,C6T0T9
100500178,C6T0U1
100500179,C6T0U3
100500180,C6T0U5
100500181,C6T0U7
100500182,C6T0U9
100500185,C6T0V3
100500186,C6T0V5
100500187,C6T0V7
100500188,C6T0V9
100500189,C6T0W1
100500190,C6T0W3
100500191,C6T0W5
100500192,C6T0W7
100500193,C6T0X3
100500194,C6T0X5
100500196,C6T0X8
100500197,C6T0X9
100500198,C6T0Y1
100500199,C6T0Y3
100500200,A0A0R0HA20
100500202,C6T0Y7
100500203,C6T0Y9
100500205,C6T0Z3
100500207,C6T0Z4
100500208,C6T0Z6
100500209,C6T0Z8
100500210,C6T100
100500211,I1LG31
100500213,I1JQP4
100500214,C6T106
100500215,C6T107
100500216,C6T109
100500217,C6T111
100500218,C6T112
100500219,C6T114
100500220,C6T116
100500222,C6T117
100500224,C6T120
100500225,C6T119
100500227,C6T123
100500228,C6T125
100500229,C6T126
100500231,C6T129
100500233,C6T131
100500234,C6T133
100500236,C6T135
100500239,K7MJC9
100500240,C6T140
100500241,C6T142
100500243,C6T146
100500244,C6T147
100500245,C6T148
100500246,C6T150
100500247,C6T151
100500248,C6T152
100500249,C6T153
100500251,C6T155
100500252,C6T157
100500253,C6T156
100500254,C6ZS33
100500255,C6T159
100500256,I1KBP3
100500257,I1MVB9
100500258,C6T163
100500259,C6T164
100500260,C6T165
100500261,C6T166
100500263,C6T168
100500265,C6T171
100500266,C6T170
100500267,C6T172
100500268,C6T174
100500269,C6T175
100500270,C6T176
100500271,C6T177
100500273,C6T179
100500274,K7MJ55
100500275,C6T181
100500277,C6T184
100500278,C6T185
100500279,C6T186
100500281,C6T188
100500282,C6T189
100500283,C6T190
100500284,C6T191
100500285,C6T192
100500286,C6T194
100500287,C6T195
100500288,C6T197
100500289,C6T196
100500290,C6T199
100500291,C6T198
100500292,C6T1A0
100500293,A0A0R0H8B1
100500294,C6T1A3
100500295,C6T1A5
100500296,C6T1A4
100500297,C6T1A6
100500298,C6T1A8
100500299,C6T1A9
100500300,C6T1B0
100500301,C6T1B1
100500302,C6T1B2
100500303,K0H6H6
100500304,C6T1B4
100500307,A0A0R0L186
100500308,C6T1B7
100500311,C6T1C1
100500314,C6T1C4
100500315,C6T1C6
100500316,C6T1C7
100500317,C6T1C8
100500318,C6T1C9
100500319,C6T1D0
100500320,C6T1D1
100500321,C6T1D2
100500322,C6T1D4
100500323,C6T1D5
100500324,C6T1D6
100500325,C6T1D7
100500326,C7S8C2
100500327,C6T1E0
100500328,C6T1E2
100500329,C6T1E1
100500330,C6T1E3
100500331,C6T1E4
100500332,C6T1E5
100500333,C6T1E6
100500334,C6T1E7
100500335,C6T1E8
100500336,C6T1F0
100500337,I1KZM6
100500338,C6T1F1
100500340,C6T1F3
100500341,C6T1F4
100500342,C6T1F5
100500343,C6T1F6
100500344,I1MYJ0
100500345,C6T1F8
100500346,C6T1G0
100500347,C6T1F9
100500348,C6T1G2
100500349,C6T1G4
100500350,C6T1G3
100500351,C6T1G5
100500352,C6T1G6
100500353,K7MQT5
100500355,C6T1G9
100500357,I1LKN4
100500358,C6T1H3
100500360,C6T1H5
100500361,C6T1H8
100500362,C6T1H7
100500366,I1KQP3
100500368,C6T1I4
100500369,I1LJ39
100500370,C6T1I8
100500371,C6T1I9
100500372,C6T1J0
100500373,C6T1J1
100500374,C6T1J2
100500375,C6T1J3
100500376,C6T1J4
100500377,C6T1J6
100500378,C6T1J5
100500379,C6T1J7
100500381,C6T1K0
100500383,K7KKC1
100500384,C6T1K2
100500385,C6T1K4
100500386,C6T1K5
100500387,I1L9G0
100500388,C6T1K8
100500389,I1N9B7
100500390,C6T1L0
100500391,C6T1L1
100500393,C6T1L3
100500395,I1LN65
100500396,C6T1L7
100500401,C6T1M3
100500402,C6T1M4
100500403,C6T1M6
100500405,C6T1M7
100500406,C6T1M9
100500408,C6T1N2
100500409,C6T1N3
100500410,C6T1N4
100500411,C6T1N6
100500413,C6T1N8
100500415,C6T1N9
100500416,C6T1P1
100500417,C6T1P2
100500418,C6T1P3
100500419,C6T1P4
100500420,C6T1P5
100500421,C6T1P6
100500422,C6T1P7
100500423,A0A0R4J465
100500424,C6T1P9
100500425,C6T1Q0
100500426,C6T1Q1
100500427,C6T1Q2
100500428,C6T1Q3
100500429,C6T1Q4
100500430,C6T1Q6
100500432,C6T1Q8
100500433,C6T1Q9
100500434,C6T1R1
100500435,C6T1R2
100500436,C6T1R0
100500437,C6T1R3
100500440,C6T1R6
100500441,C6T1R7
100500442,C6T1R8
100500444,C6T1S0
100500445,C6T1S1
100500446,C6T1S2
100500447,C6T1S3
100500448,I1K1G4
100500449,C6T1S5
100500451,I1MN74
100500452,C6T1S8
100500453,C6T1S9
100500455,C6T1T0
100500456,C6T1T2
100500457,C6T1T3
100500458,C6T1T5
100500459,I1K0Z1
100500460,C6T1T6
100500461,C6T1T7
100500462,C6T1T9
100500463,C6T1U1
100500464,C6T1U0
100500465,C6T1U2
100500466,C6T1U3
100500468,C6T1U5
100500469,K7LTY3
100500470,C6T1U7
100500471,C6T1U9
100500473,C6T1V0
100500474,C6T1V1
100500475,C6T1V2
100500477,C6T1V5
100500478,I1K081
100500479,C6T1V7
100500480,C6T1V6
100500481,C6T1V8
100500483,C6T1W0
100500484,C6T1W1
100500485,C6T1W2
100500486,C6T1W4
100500487,I1L066
100500488,C6T1W6
100500489,C6T1W7
100500490,C6T1W8
100500491,I1LZJ5
100500492,C6T1X0
100500493,C6T1X1
100500495,C6T1X3
100500496,C6T1X4
100500497,C6T1X5
100500499,C6T1X7
100500500,C6T1X9
100500501,C6T1X8
100500502,C6T1Y0
100500503,C6T1Y1
100500504,C6T1Y2
100500505,C6T1Y3
100500506,C6T1Y4
100500507,C6T1Y6
100500510,C6T1Y8
100500511,C6T1Z0
100500512,C6T1Z1
100500513,C6T1Z2
100500514,C6T1Z3
100500515,C6T1Z4
100500516,C6T1Z5
100500517,A0A0R0L177
100500518,C6T1Z7
100500520,K7MD94
100500521,C6T202
100500522,C6T203
100500524,I1L7P7
100500525,C6T206
100500526,C6T207
100500527,C6T208
100500529,K7LPC5
100500530,C6T211
100500532,C6T213
100500533,C6T214
100500534,A0A0R0KGM3
100500536,C6T217
100500537,C6T218
100500538,C6T219
100500539,C6T220
100500540,C6T221
100500541,C6T222
100500543,C6T224
100500544,I1NHI2
100500545,A0A0R0GX77
100500546,C6T227
100500550,C6T231
100500551,C6T232
100500553,C6T234
100500554,C6T235
100500555,C6T237
100500556,C6T238
100500557,C6T239
100500558,C6T240
100500559,C6T241
100500560,C6T242
100500561,C6T243
100500562,C6T244
100500565,C6T247
100500566,A0A0R4J426
100500567,C6T249
100500568,C6T250
100500569,C6T251
100500570,A0A0R0JE12
100500571,C6T253
100500572,C6T255
100500574,C6T256
100500575,C6T257
100500577,C6T259
100500578,K7KQJ6
100500579,C6T261
100500580,C6T262
100500581,C6T263
100500583,C6T265
100500584,C6T266
100500585,I1MTL4
100500588,C6T271
100500589,I1LG84
100500590,A0A0R0GT69
100500591,I1J769
100500592,C6T274
100500593,C6T275
100500595,C6T276
100500596,I1KNL7
100500597,C6T279
100500598,I1K7F3
100500599,I1KYW5
100500600,C6T282
100500601,C6T283
100500602,C6T284
100500603,C6T285
100500604,C6T286
100500605,C6T287
100500606,C6T288
100500607,C6T289
100500608,C6T290
100500609,I1JT75
100500610,C6T293
100500611,C6T292
100500612,I1JI60
100500613,C6T294
100500615,C6T297
100500616,C6T299
100500618,C6T2A0
100500619,C6T2A1
100500620,C6T2A2
100500621,I1JNN8
100500624,C6T2A6
100500625,C6T2A7
100500627,C6T2A9
100500628,C6T2B1
100500629,C6T2B0
100500630,I1NEV9
100500632,A0A0R0I5N9
100500633,K7MK71
100500634,C6T2B7
100500635,C6T2B9
100500636,C6T2C2
100500637,C6T2C1
100500638,C6T2C3
100500639,I1M1Z2
100500640,C6T2C5
100500641,C6T2C6
100500642,C6T2C7
100500643,C6T2C8
100500644,I1K6S2
100500645,C6T2C9
100500647,C6T2D1
100500648,C6T2D3
100500650,C6T2D5
100500652,C6T2D7
100500653,C6T2D8
100500654,C6T2D9
100500655,C6T2E0
100500657,C6T2E2
100500658,C6T2E3
100500659,C6T2E4
100500660,C6T2E5
100500661,A0A0R0L5W3
100500662,C6T2E8
100500663,C6T2E9
100500664,C6T2F0
100500665,C6T2F1
100500666,C6T2F2
100500667,C6T2F3
100500668,C6T2F4
100500669,C6T2F5
100500670,C6T2F6
100500671,C6T2F8
100500672,C6T2F7
100500673,C6T2F9
100500674,I1M8P2
100500675,C6T2G2
100500676,C6T2G3
100500677,C6T2G4
100500678,C6T2G5
100500679,C6T2G6
100500680,C6T2G7
100500682,C6T2H0
100500683,C6T2G9
100500684,C6T2H2
100500685,C6T2H1
100500686,A0A0R0FFC2
100500687,C6T2H4
100500688,K7L8F3
100500689,I1JNT1
100500690,C6T2H8
100500691,C6T2H9
100500692,C6T2I0
100500694,K7MFS7
100500695,C6T2I2
100500696,A0A0R0KYZ6
100500765,E0WC41
100526744,E3V057
100526843,C6ZRN8
100526844,C6ZS27
100526845,C4T848
100526846,C6T2I5
100526847,C6T2I7
100526848,C6T2I8
100526849,C6T2I9
100526851,C6T2J1
100526852,C6T2J2
100526853,C6T2J4
100526854,A0A0R0L7U1
100526856,C6T2J7
100526857,C6T2J8
100526858,C6T2K0
100526861,I1K7X2
100526862,I1KWG6
100526863,C6T2K6
100526864,I1N6Z0
100526865,C6T2K8
100526866,I1K5T0
100526867,C6T2L0
100526868,C6T2L2
100526870,C6T2L4
100526873,C6T2L5
100526874,C6T2L8
100526875,C6T2L7
100526876,C6T2M0
100526878,C6T2M1
100526879,C6T2M2
100526880,C6T2M4
100526881,C6T2M3
100526884,C6T2M7
100526885,C6T2M8
100526886,C6T2M9
100526887,C6T2N0
100526889,C6T2N2
100526890,C6T2N3
100526892,I1LGP0
100526893,C6T2N6
100526894,C6T2N7
100526895,A0A0R0IJ57
100526897,C6T2P1
100526898,I1JBG2
100526900,C6T2P4
100526901,C6T2P5
100526902,C6T2P6
100526903,C6T2P7
100526905,I1L224
100526906,C6T2P9
100526907,C6T2Q1
100526908,C6T2Q2
100526909,C6T2Q3
100526910,C6T2Q4
100526911,I1KS11
100526912,C6T2Q6
100526913,C6T2Q7
100526914,C6T2Q8
100526916,C6T2R0
100526917,C6T2R1
100526918,I1K9Z0
100526919,C6T2R2
100526920,C6T2R4
100526921,C6T2R5
100526922,C6T2R6
100526923,C6T2R7
100526924,C6T2R9
100526925,C6T2S1
100526926,C6T2S0
100526927,I1N7T5
100526928,I1JD64
100526929,C6T2S4
100526930,C6T2S5
100526931,C6T2S6
100526932,C6T2S7
100526933,C6T2S8
100526934,C6T2S9
100526935,C6T2T0
100526936,C6T2T1
100526937,C6T2T2
100526938,C6T2T3
100526939,C6T2T4
100526941,C6T2T6
100526943,C6T2T9
100526944,C6T2T8
100526945,C6T2U1
100526946,I1M4F8
100526947,C6T2U0
100526948,C6T2U4
100526949,C6T2U3
100526950,C6T2U5
100526951,C6T2U6
100526952,C6T2U7
100526953,C6T2U8
100526954,C6T2V0
100526956,C6T2V2
100526957,I1MWC3
100526958,C6T2V4
100526959,C6T2V5
100526960,C6T2V6
100526961,C6T2V7
100526962,C6T2V8
100526963,C6T2V9
100526964,C6T2W2
100526965,C6T2W1
100526966,C6T2W3
100526967,I1KDW4
100526968,I1JDM2
100526969,C6T2W6
100526970,C6T2W7
100526971,C6T2W8
100526972,C6T2X0
100526973,C6T2X1
100526974,C6T2X2
100526976,C6T2X4
100526978,C6T2X6
100526979,A0A0R4J5W9
100526980,C6T2X8
100526981,I1L1V2
100526982,C6T2Y0
100526983,C6T2Y1
100526984,C6T2Y2
100526985,C6T2Y3
100526986,C6T2Y4
100526987,C6T2Y6
100526988,C6T2Y8
100526989,C6T2Y7
100526990,K7M9F5
100526991,C6T2Z0
100526992,C6T2Z1
100526993,C6T2Z2
100526994,I1LT95
100526995,C6T2Z3
100526996,C6T2Z5
100526997,C6T2Z6
100527000,C6T2Z9
100527001,C6T300
100527002,C6T302
100527004,C6T304
100527005,C6T303
100527006,C6T305
100527007,C6T306
100527008,C6T307
100527009,C6T308
100527010,I1JKL8
100527011,C6T310
100527012,C6T312
100527013,C6T311
100527015,C6T313
100527016,I1N8M0
100527017,C6T315
100527018,C6T317
100527019,C6T318
100527020,C6T319
100527021,C6T320
100527022,C6T321
100527024,C6T323
100527025,C6T324
100527026,I1K6Q2
100527027,C6T326
100527028,C6T328
100527030,C6T329
100527031,C6T1Q5
100527032,C6T331
100527033,A0A0R0HY07
100527034,C6T333
100527035,C6T335
100527036,C6T336
100527037,C6T337
100527038,C6T338
100527039,I1NEN5
100527040,C6T340
100527041,I1NJ56
100527042,C6T343
100527043,C6T344
100527044,C6T345
100527045,C6T347
100527046,C6T348
100527048,C6T349
100527049,C6T351
100527050,C6T352
100527051,C6T353
100527052,C6T354
100527053,C6T355
100527055,C6T357
100527056,C6T358
100527057,C6T359
100527058,C6T360
100527059,C6T361
100527060,C6T362
100527061,C6T363
100527062,C6T364
100527063,C6T365
100527066,C6T368
100527067,C6T369
100527068,C6T370
100527069,C6T371
100527071,C6T374
100527072,I1MJC8
100527073,C6T376
100527074,I1JU93
100527075,C6T378
100527076,C6T380
100527078,C6T382
100527079,C6T383
100527081,C6T385
100527082,I1K064
100527083,C6T387
100527084,C6T388
100527085,C6T389
100527086,C6T390
100527087,C6T392
100527088,C6T393
100527089,C6T394
100527090,C6T396
100527091,C6T397
100527093,C6T399
100527094,I1MF85
100527095,I1KQV4
100527096,I1MLG1
100527097,C6T3A2
100527098,C6T3A4
100527099,C6T3A5
100527102,C6T3A8
100527103,C6T3A9
100527104,C6T3B0
100527105,C6T3B1
100527106,I1LUG6
100527107,C6T3B3
100527108,C6T3B4
100527109,I1MQ35
100527111,C6T3B7
100527112,C6T3B8
100527113,C6T3C0
100527114,C6T3C2
100527115,C6T3C3
100527116,C6T3C5
100527117,C6T3C6
100527118,C6T3C7
100527120,C6T3C8
100527121,C6T3D1
100527123,C6T3D2
100527124,C6T3D3
100527125,C6T3D4
100527126,C6T3D5
100527127,C6T3D6
100527128,C6T3D7
100527130,I1K0R6
100527131,C6T3E0
100527132,C6T3E2
100527133,C6T3E3
100527134,C6T3E4
100527135,C6T3E5
100527136,C6T3E6
100527137,C6T3E7
100527138,C6T3E9
100527139,C6T3E8
100527140,C6T3F1
100527141,C6T3F0
100527142,C6T3F3
100527143,C6T3F4
100527144,C6T3F5
100527145,C6T3F6
100527147,C6T3F8
100527149,A0A0R0H7K9
100527150,C6T3G1
100527151,C6T3G3
100527152,C6T3G4
100527153,C6T3G5
100527155,A0A0R4J530
100527156,C6T3G8
100527157,I1K0R6
100527158,C6T3H0
100527159,C6T3H1
100527161,C6T3H3
100527162,C6T3H4
100527163,A0A0R0ELX3
100527164,C6T3H6
100527165,C6T3H7
100527166,C6T3H8
100527167,C6T3H9
100527168,C6T3I0
100527169,K7MZ55
100527170,C6T3I3
100527171,C6T3I2
100527174,C6T3I7
100527176,C6T3I9
100527177,C6T3I8
100527178,C6T3J0
100527179,C6T3J2
100527180,C6T3J3
100527181,C6T3J4
100527182,C6T3J5
100527183,C6T3J6
100527184,C6T3J7
100527185,C6T3J8
100527186,C6T3J9
100527187,C6T3K0
100527188,C6T3K1
100527189,C6T3K2
100527190,C6T3K3
100527191,C6T3K4
100527193,C6T3K7
100527194,C6T3K8
100527195,C6T3K9
100527196,C6T3L0
100527197,C6T3L1
100527199,C6T3L3
100527200,C6T3L4
100527201,C6T3L5
100527202,C6T3L6
100527203,C6T3L7
100527204,I1KUE9
100527205,C6T3L9
100527206,C6T3M0
100527207,C6T3M2
100527208,C6T3M1
100527209,C6T3M4
100527210,C6T3M3
100527212,C6T3M6
100527213,C6T3M7
100527214,C6T3M8
100527215,C6T3N0
100527218,C6T3N4
100527219,C6T3N3
100527220,C6T3N5
100527221,C6T3N6
100527222,C6T3N7
100527223,C6T3N8
100527224,C6T3N9
100527226,C6T3P1
100527227,C6T3P2
100527228,C6T3P3
100527229,C6T3P4
100527230,C6T3P6
100527231,C6T3P8
100527232,C6T3Q0
100527233,C6T3P9
100527234,C6T3Q2
100527235,C6T3Q1
100527236,C6T3Q3
100527237,C6T3Q4
100527238,C6T3Q5
100527239,C6T3Q6
100527240,C6T3Q7
100527241,C6T3Q8
100527242,I1KMN5
100527243,C6T3R0
100527244,C6T3R1
100527245,C6T3R2
100527246,C6T3R4
100527247,C6T3R3
100527248,C6T3R5
100527249,C6T3R7
100527250,C6T3R8
100527251,C6T3R9
100527252,C6T3S1
100527253,C6T3S2
100527254,C6T3S3
100527255,C6T3S4
100527257,C6T3S6
100527258,C6T3S7
100527259,C6T3S9
100527260,C6T3S8
100527261,C6T3T0
100527262,C6T3T1
100527263,C6T3T2
100527264,C6T3T3
100527266,C6T3T5
100527268,C6T3T6
100527269,C6T3T9
100527270,C6T3U0
100527272,C6T3U2
100527275,C6T3U6
100527276,C6T3U5
100527278,C6T3U8
100527283,C6T3V3
100527285,C6T3V5
100527286,C6T3V6
100527287,C6T3V7
100527288,C6T3V8
100527289,C6T3V9
100527290,C6T3W0
100527291,C6T3W1
100527292,C6T3W2
100527293,C6T3W3
100527295,C6T3W5
100527296,C6T3W6
100527297,C6T3W7
100527298,C6T3W8
100527299,C6T3W9
100527300,C6T3X0
100527301,C6T3X2
100527302,C6T3X1
100527303,C6T3X3
100527304,C6T3X5
100527305,C6T3X6
100527306,C6T3X8
100527307,C6T3X7
100527308,C6T3X9
100527311,C6T3Y2
100527312,C6T3Y3
100527313,C6T3Y4
100527314,I1JRU0
100527315,C6T3Y6
100527316,C6T3Y7
100527317,K7M1X0
100527318,I1MXJ0
100527319,C6T3Z1
100527321,C6T3Z2
100527322,C6T3Z4
100527324,C6T3Z6
100527325,I1N0F1
100527326,C6T3Z8
100527327,C6T3Z9
100527328,C6T400
100527330,C6T402
100527331,C6T403
100527333,C6T404
100527334,C6T406
100527336,C6T408
100527337,C6T410
100527338,I1J9U6
100527339,C6T412
100527340,C6T413
100527341,C6T414
100527343,C6T416
100527345,C6T418
100527346,C6T419
100527347,C6T420
100527348,C6T421
100527349,C6T423
100527350,C6TAB9
100527351,I1JBJ7
100527352,C6T426
100527353,C6T427
100527355,C6T429
100527356,C6T431
100527357,C6T432
100527358,C6T433
100527361,C6T435
100527362,C6T438
100527363,C6T437
100527364,C6T439
100527365,C6T440
100527366,C6T441
100527367,K7MIV5
100527368,C6T444
100527369,C6T445
100527370,C6T448
100527371,C6T449
100527372,C6T450
100527373,C6T452
100527374,C6T451
100527375,C6T453
100527376,C6T454
100527377,C6T455
100527378,C6T456
100527379,C6T457
100527380,C6T458
100527381,C6T460
100527383,C6T461
100527384,C6T462
100527385,C6T463
100527386,C6T464
100527387,C6T465
100527388,C6T466
100527389,I1NB70
100527390,C6T470
100527391,C6T469
100527392,C6T472
100527393,C6T474
100527394,C6T473
100527395,C6T475
100527396,C6T476
100527398,C6T477
100527399,C6T479
100527400,C6T480
100527401,C6SYY0
100527402,C6T482
100527403,C6T483
100527406,A0A0R0KE22
100527407,C6T487
100527409,C6T489
100527410,C6T490
100527411,C6T491
100527412,C6T492
100527413,C6T493
100527414,C6T494
100527415,C6T495
100527416,C6T496
100527417,C6T497
100527418,C6T498
100527419,C6T499
100527420,A0A0R0E668
100527421,C6T4A1
100527422,C6T4A2
100527423,C6T4A3
100527424,C6T4A4
100527425,C6T4A5
100527426,C6T4A6
100527427,P02238
100527428,C6T4A8
100527429,C6T4A9
100527430,C6T4B0
100527431,C6T4B3
100527432,C6T4B2
100527433,C6T4B5
100527434,C6T4B6
100527435,C6T4B7
100527439,C6T4C0
100527442,C6T4C4
100527443,C6T4C5
100527444,C6T4C7
100527445,C6T4C6
100527447,Q84ZV1
100527448,C6T4D0
100527449,I1JQ71
100527451,C6T4D3
100527452,C6T4D4
100527453,C6T4D5
100527454,C6T4D6
100527455,C6T4D7
100527456,C6T4D8
100527457,A0A0R0HJQ8
100527459,C6T4E1
100527460,C6T4E2
100527461,C6T4E3
100527462,C6T4E4
100527463,C6T4E5
100527464,C6T4E6
100527465,C6T4E7
100527466,C6T4E8
100527468,C6T4F0
100527469,C6T4F1
100527470,C6T4F2
100527471,C6T4F3
100527472,C6T4F4
100527473,I1MTU4
100527474,C6T4F8
100527475,C6T4F9
100527476,C6T4G0
100527477,C6T4G1
100527478,C6T4G2
100527479,C6T4G3
100527480,C6ZS25
100527481,C6T4G5
100527482,C6T4G6
100527483,C6T4G7
100527484,C6T4G8
100527485,C6T4G9
100527486,C6T4H0
100527487,C6T4H1
100527488,I1K7U3
100527489,C6T4H3
100527490,C6T4H4
100527491,C6T4H5
100527492,C6T4H6
100527493,C6T4H7
100527495,C6T4H9
100527496,C6T4I0
100527497,I1JD63
100527498,C6T4I4
100527499,C6T4I5
100527500,C6T4I6
100527501,C6T4I7
100527502,C6T4I9
100527503,C6T4I8
100527504,C6T4J0
100527505,C6T4J1
100527506,C6T4J2
100527508,I1N4A4
100527509,C6T4J5
100527510,C6T4J6
100527511,C6T4J8
100527512,C6T4J7
100527513,C6T4J9
100527515,C6T4K1
100527516,C6T4K2
100527517,C6T4K3
100527518,C6T4K4
100527520,C6T4K6
100527521,C6T4K7
100527522,C6T4K8
100527523,C6T4K9
100527524,C6T4L0
100527525,C6T4L1
100527526,C6T4L2
100527527,C6T4L4
100527528,C6T4L3
100527530,C6T4L7
100527532,I1JPX8
100527533,K7K4C1
100527535,C6T4M1
100527536,C6T4M2
100527537,I1NG13
100527538,C6T4M4
100527539,C6T4M5
100527541,I1LNB8
100527542,C6T4M8
100527543,C6T4M9
100527544,C6T4N0
100527545,C6T4N1
100527546,C6T4N2
100527547,C6T4N3
100527548,C6T4N4
100527549,C6T4N6
100527550,C6T4N8
100527552,C6T4P0
100527553,C6T4N9
100527554,C6T4P1
100527555,C6T4P2
100527556,C6T4P3
100527557,C6T4P4
100527558,C6T4P5
100527559,C6T4P6
100527561,C6T4Q0
100527562,C6T4P9
100527564,C6T4Q1
100527565,C6T4Q3
100527566,C6T4Q4
100527568,C6T4Q6
100527569,C6T4Q7
100527570,C6T4Q8
100527571,C6T4Q9
100527572,C6T4R0
100527574,C6T4R2
100527575,C6T4R3
100527576,C6T4R5
100527578,I1MYD6
100527579,C6T4R9
100527580,K7L819
100527581,I1KJB1
100527583,C6T4S3
100527584,C6T4S4
100527585,C6T4S5
100527586,C6T4S6
100527587,C6T4S7
100527588,C6T4S8
100527589,C6T4S9
100527590,C6T4T0
100527591,C6T4T3
100527592,C6T4T5
100527593,C6T4T4
100527594,I1MWA8
100527595,C6T4T7
100527596,C6T4T9
100527597,C6T4U0
100527598,I1KYE1
100527599,C6T4U2
100527600,C6T4U3
100527601,I1L653
100527603,C6T4U9
100527604,C6T4V0
100527605,C6T4V1
100527606,C6T4V2
100527607,C6T4V3
100527608,C6T4V4
100527609,C6T4V5
100527610,C6T4V6
100527611,K7MZP6
100527612,I1K8B9
100527613,C6T4V9
100527614,C6T4W0
100527615,I1LMI6
100527616,C6T4W2
100527617,K7L2M1
100527618,C6T4W4
100527619,C6T4W6
100527620,C6T4W7
100527621,I1K849
100527622,C6T4W9
100527623,C6T4X0
100527624,C6T4X1
100527625,C6T4X3
100527626,C6T4X2
100527629,C6T9D4
100527630,C6T4X6
100527631,C6T4X8
100527632,C6T4X9
100527633,C6T4Y0
100527634,C6T4Y1
100527636,C6T4Y3
100527638,C6T4Y5
100527639,C6T4Y6
100527640,C6T4Y9
100527641,C6T4Z0
100527642,C6T4Z2
100527643,C6T4Z1
100527644,C6T4Z3
100527645,C6T4Z4
100527646,C6T4Z5
100527647,C6T4Z6
100527648,C6T4Z7
100527649,C6T4Z8
100527650,C6T4Z9
100527651,C6T500
100527652,C6T501
100527653,C6T502
100527654,C6T504
100527655,C6T503
100527656,C6T505
100527657,C6T506
100527658,C6T508
100527659,C6T507
100527660,C6T509
100527661,C6T511
100527662,C6T512
100527664,I1MM89
100527665,C6T515
100527666,C6T516
100527667,C6T517
100527668,C6T518
100527669,C6T519
100527670,C6T520
100527672,C6T522
100527673,I1KV39
100527674,C6T524
100527675,I1M9P5
100527676,C6T526
100527679,C6T529
100527680,C6T530
100527681,C6T531
100527682,I1JIV9
100527683,C6T533
100527684,I1N920
100527687,C6T539
100527688,C6T540
100527690,I1LCU8
100527691,C6T543
100527692,C6T545
100527693,C6T546
100527694,I1N0M5
100527696,C6T549
100527697,C6T550
100527698,C6T552
100527699,C6T551
100527700,C6T553
100527703,I1LPW2
100527704,C6T558
100527705,C6T559
100527707,C6T562
100527708,C6T561
100527709,C6T563
100527710,C6T564
100527711,K7N2Q1
100527712,C6T566
100527713,C6T567
100527714,C6T568
100527715,C6T569
100527716,C6T570
100527718,C6T574
100527719,C6T573
100527721,C6T575
100527722,C6T577
100527723,C6T578
100527724,C6T579
100527725,A0A0R4J3X6
100527726,C6T581
100527729,C6T585
100527730,C6T587
100527731,C6T588
100527732,C6T590
100527733,C6T589
100527736,C6T593
100527737,C6T594
100527738,C6T595
100527739,C6T596
100527741,C6T598
100527742,C6T599
100527745,C6T5A2
100527746,C6T5A3
100527747,I1KFQ5
100527748,C6T5A5
100527750,C6T5A7
100527751,C6T5A9
100527752,C6T5B0
100527754,C6T5B2
100527755,C6T5B3
100527756,C6T5B4
100527757,I1NFG4
100527758,I1JSE1
100527759,C6T5B7
100527760,C6T5B8
100527761,C6T5B9
100527763,C6T5C1
100527764,C6T5C3
100527765,K7KSI0
100527766,C6T5C5
100527767,C6T5C6
100527768,A0A0R0F3E0
100527769,C6T5C8
100527770,C6T5C9
100527772,C6T5D2
100527773,C6T5D3
100527774,C6T5D4
100527775,C6T5D5
100527776,C6T5D6
100527777,C6T5D8
100527778,C6T5D9
100527779,C6T5E0
100527780,C6T5E2
100527781,C6T5E1
100527782,C6T5E3
100527783,C6T5E4
100527784,C6T5E5
100527785,C6T5E6
100527786,C6T5E7
100527787,C6T5E8
100527788,C6T5F0
100527789,I1JTB5
100527790,C6T5F4
100527791,C6T5F3
100527792,I1KL25
100527793,A0A368UHC5
100527794,C6T5F7
100527796,I1LZZ5
100527797,C6T5G1
100527798,I1NC94
100527799,C6T5G3
100527800,C6T5G5
100527801,I1K667
100527802,C6T5G7
100527804,C6T5G8
100527805,I1MW76
100527806,A0A0R0JI22
100527807,C6T5H1
100527808,C6T5H2
100527809,C6T5H3
100527811,A0A0R4J326
100527812,C6T5H6
100527813,I1JYD1
100527814,I1L6Q8
100527815,C6T5H9
100527816,I1JRM1
100527817,I1MQQ3
100527818,C6T5I5
100527819,C6T5I4
100527820,C6T5I6
100527821,C6T5I7
100527822,C6T5I8
100527823,C6T5I9
100527824,C6T5J0
100527825,C6T5J1
100527827,C6T5J4
100527828,C6T5J5
100527829,K7LT47
100527830,C6T5J8
100527831,C6T5J9
100527832,C6T5K0
100527833,C6T5K1
100527834,C6T5K2
100527835,C6T5K4
100527836,C6T5K5
100527837,C6T5K6
100527838,I1J8M4
100527840,C6T5K9
100527841,C6T5L1
100527842,C6T5L2
100527843,C6T5L3
100527845,I1NGC2
100527846,C6T5L7
100527848,I1N481
100527849,C6T5M0
100527851,C6T5M2
100527852,C6T5M3
100527853,C6T5M4
100527854,C6T5M5
100527855,C6T5M6
100527856,C6T5M7
100527857,C6T5M8
100527858,C6T5M9
100527860,C6T5N1
100527861,C6T5N2
100527862,C6T5N3
100527863,C6T5N4
100527864,C6T5N5
100527865,I1L5M8
100527866,C6T5N6
100527867,C6T5N8
100527868,C6T5N9
100527869,C6T5P0
100527870,C6T5P1
100527873,C6T5P4
100527875,C6T5P6
100527877,I1LCC6
100527878,C6T5P9
100527879,C6T5Q0
100527880,C6T5Q1
100527881,C6T5Q2
100527882,C6T5Q3
100527883,C6T5Q5
100527884,C6T5Q4
100527885,I1LI50
100527886,I1MVC1
100527887,C6T5Q8
100527888,I1MKY0
100527889,I1L851
100527890,C6T5R3
100527891,I1LU96
100527892,I1JFB2
100527893,C6T5R9
100527894,I1KMA6
100527895,C6T5S2
100527896,C6T5S3
100527897,C6T5S4
100527899,C6T5S5
100527900,C6T5S8
100527901,C6T5S7
100527902,C6T5T1
100527903,C6T5T3
100527904,C6T5T4
100527905,C6T5T5
100527906,C6T5T6
100527907,C6T5T7
100527908,C6T5T8
100527909,C6T5T9
100527910,C6T5U1
100527911,C6T5U0
100527912,C6T5U3
100527913,K7LMK2
100527914,I1MBA5
100527916,C6T5U8
100527917,C6T5V0
100527919,I1LN44
100527923,C6T5V7
100527924,C6T5V8
100527925,C6T5W0
100527927,C6T5W2
100527928,C6T5W4
100527929,C6T5W6
100527930,C6T5W8
100527932,C6T5X1
100527933,C6T5X2
100527937,C6T5X7
100527938,I1L8G3
100529128,E9KNA4
100529129,E9KNA5
100529130,E9KNA7
100529131,E5RKG8
100775179,I1KNV8
100775180,I1KY39
100775181,I1MQJ5
100775182,A0A0R0IIS7
100775183,K7MFE9
100775184,K7K3K2
100775185,I1MKS2
100775188,K7K578
100775189,A0A0R0IMH0
100775190,K7MH24
100775191,I1JAY2
100775192,K7L7Q6
100775193,K7MHR5
100775195,K7LDC7
100775200,K7LFM7
100775201,K7K1V7
100775204,I1L1F5
100775205,K7MLP2
100775206,K7LEM5
100775207,I1L5Q2
100775211,K7K9X7
100775215,C6T8V2
100775217,K7KBN7
100775219,K7LBF4
100775221,C6TH93
100775223,I1JI63
100775224,I1JBY4
100775225,I1LAT0
100775227,I1JB65
100775229,I1LDC5
100775231,K7K6G6
100775232,K7LM54
100775233,I1JEI6
100775234,I1N0J4
100775235,I1LAY7
100775237,I1N1F1
100775240,I1N3E1
100775242,I1LEY3
100775244,C6TAM9
100775246,I1L7K4
100775247,I1N521
100775252,A0A0R0HMF0
100775258,K7KBZ6
100775262,I1N5P5
100775264,I1N828
100775266,I1N9E0
100775267,I1JWT0
100775268,A0A059TAM3
100775269,I1LGT5
100775270,I1NAZ4
100775271,I1JXF4
100775273,I1JUI3
100775275,I1JW08
100775276,A0A0R0EIV2
100775279,K7KHP9
100775280,K7N2V3
100775283,I1LQS5
100775284,A0A0R0K6N2
100775285,I1LRP4
100775286,K7N4P5
100775287,I1JTG3
100775288,K7LSG9
100775289,K7N2B1
100775291,I1NFK4
100775292,I1LPC9
100775293,I1NGM2
100775296,K7KR56
100775297,K7LU18
100775298,C6TFN5
100775301,I1LQ02
100775302,C6TH72
100775304,C6TEY6
100775305,A0A0R0JV43
100775306,K7LT36
100775308,I1K4B8
100775310,I1K4U8
100775311,K7KMD9
100775313,I1M023
100775314,I1K1J8
100775316,K7M1F8
100775317,I1K2D0
100775318,K7M3N0
100775320,I1K8D2
100775321,I1LYE7
100775323,I1M092
100775324,I1M0S0
100775325,I1KFS4
100775327,I1M4Q9
100775329,K7LWU8
100775331,I1K7T7
100775332,I1KA28
100775333,I1M682
100775335,A0A368UH38
100775336,I1K7U5
100775337,A0A0R0GBC9
100775339,I1MAN6
100775340,I1MB54
100775341,I1KM50
100775344,I1KLI3
100775345,I1M672
100775349,K7L0H0
100775352,K7MAV4
100775353,I1MG66
100775354,I1MHK4
100775355,I1MCJ0
100775357,I1MEL7
100775358,I1KYH2
100775359,I1MGI3
100775363,I1KZ43
100775367,I1MKN8
100775371,I1J9K2
100775372,I1MNM0
100775373,F6KBT1
100775375,I1J7Q2
100775376,I1J866
100775378,I1L2Y4
100775380,I1JAF3
100775382,I1L546
100775387,K7LDQ7
100775389,I1MWT4
100775390,A0A0R0IAV8
100775393,I1L596
100775394,I1L6N5
100775395,K7K9P4
100775396,I1MSM5
100775397,K7LB94
100775399,K7KAR0
100775400,K7MLS9
100775404,I1JEL9
100775405,C6TJF8
100775406,K7MMN4
100775407,I1N1E4
100775408,K7LIY1
100775409,I1N1P6
100775411,C6TCY1
100775414,I1LES4
100775415,C6T2Z9
100775416,K7K7J4
100775417,I1L9Y9
100775419,I1JCF7
100775420,C6TJE5
100775422,I1LC21
100775423,C6TFM4
100775424,K7LKZ2
100775427,C6TGK2
100775429,K7KEI7
100775431,I1L8Y5
100775432,C6T694
100775434,K7MRR7
100775435,I1JQY7
100775437,I1JRE5
100775439,C6T8H5
100775442,K7LP60
100775443,K7LPE7
100775444,K7N020
100775445,I1N7K8
100775446,I1LLG3
100775447,I1LLZ5
100775448,I1LNF8
100775449,K7LNN3
100775451,A0A0R0KCT9
100775453,I1JVG7
100775454,I1LKN8
100775456,I1JWK1
100775459,I1JXZ5
100775460,I1JYE9
100775461,K7LVR2
100775462,I1LUH2
100775463,G3E7M5
100775464,I1NHH5
100775465,A0A0R0HB50
100775471,I1K464
100775472,I1LPL2
100775473,I1NID8
100775474,K7N568
100775475,K7N5J8
100775477,I1ND72
100775478,K7KP00
100775479,I1NEF1
100775481,I1K5V6
100775485,A0A0R0H0Z4
100775486,A0A0R0K041
100775487,I1M1A1
100775489,I1M3E6
100775490,C6TA60
100775492,I1LYZ1
100775493,I1LZD9
100775496,I1M373
100775497,I1KB66
100775499,I1M487
100775500,I1M584
100775501,K7KSE0
100775505,K7KTY5
100775507,I1KAZ4
100775509,I1K802
100775511,E4W6A0
100775512,K7L3T0
100775513,I1M760
100775515,K7M5V1
100775516,C6TFU8
100775518,I1KKX7
100775519,I1KM00
100775520,I1KG40
100775521,I1KNE8
100775523,I1KHK0
100775524,I1KGK2
100775525,K7L1V4
100775526,A0A0R0GAQ3
100775528,K7MCM7
100775529,A0A0B5E2M0
100775530,I1MJI5
100775533,I1KXY3
100775535,A0A0R0GAE9
100775538,I1KT54
100775539,I1KU89
100775540,I1MMF4
100775542,I1MQ33
100775544,C6ZS06
100775546,I1KP57
100775548,K7L5K1
100775549,I1ML04
100775550,K7K4C9
100775552,K7MGS6
100775553,I1KU88
100775554,I1J763
100775555,K7K487
100775556,I1L347
100775557,I1J9E8
100775558,I1J520
100775559,I1L3N8
100775560,K7MN84
100775562,I1L4I0
100775563,K7MNJ7
100775565,I1MSY7
100775566,I1L742
100775570,K7LE93
100775571,I1MXR8
100775573,I1MY43
100775574,I1L681
100775576,K7KAA3
100775577,I1MRV7
100775579,I1JFK5
100775580,I1JH49
100775581,I1LAC3
100775586,I1LC17
100775587,A0A0R0KW53
100775590,I1N478
100775591,I1N5E7
100775592,I1JCL5
100775593,I1LCJ2
100775594,I1JNF3
100775595,I1JPR5
100775597,I1N5F6
100775598,K7KH42
100775599,K7MQ91
100775600,K7MQK0
100775602,I1N0S5
100775603,I1JP37
100775605,I1JQ07
100775606,I1JQI4
100775607,I1LLX5
100775609,I1LHS2
100775610,I1LI83
100775612,K7KCL9
100775613,I1LIQ1
100775615,A0A0R0ER32
100775617,C6TAH7
100775618,A0A0R4J4E2
100775619,I1N8G7
100775620,I1JTZ9
100775621,I1LGM0
100775624,C6TCD9
100775625,I1JY19
100775628,I1JWZ9
100775630,I1LTG7
100775631,A0A0R0KNZ6
100775634,I1JUW3
100775637,C6TL31
100775638,A0A0R0E9D4
100775639,C6TI11
100775641,I1LVA7
100775643,I1LPX7
100775644,I1LRH5
100775645,I1K5R8
100775648,K7LUS0
100775650,I1K2V2
100775656,I1LYM4
100775661,I1K811
100775662,A0A0R0GQ26
100775664,I1LXW7
100775665,I1KEE1
100775667,I1K9P5
100775668,C6TIJ6
100775669,I1KA85
100775670,I1KAR6
100775671,I1M3P9
100775672,G0T440
100775674,I1KDM0
100775675,I1LWK9
100775676,C6THH5
100775677,I1K7H6
100775680,C6TGX0
100775682,I1M880
100775684,C6TIP3
100775685,K7M6C7
100775686,I1KH05
100775687,I1MA51
100775688,I1MBL6
100775689,A0A0R0GGV6
100775691,I1KHI8
100775692,I1M8K1
100775693,I1KIK7
100775694,I1KJ50
100775697,I1KKB1
100775699,I1MA99
100775700,A0A0R0J7Q6
100775701,I1KG54
100775705,I1MEB4
100775708,I1MES4
100775711,I1MH53
100775714,A0A0R0IK92
100775716,I1KXJ6
100775719,I1KRK3
100775721,A0A0R0IQV1
100775722,C6ZRP4
100775724,C6TM49
100775725,A0A0R0FY39
100775726,Q9MAZ9
100775727,D7EYG6
100775728,C6T7D7
100775730,I1MPE9
100775731,I1MQJ9
100775733,I1J721
100775734,A0A0R0FM10
100775736,K7K416
100775743,K7LDX3
100775744,I1J4V3
100775746,A0A0R0IIZ5
100775750,I1MV65
100775751,I1L4A0
100775752,K7LFL5
100775754,I1MR76
100775755,I1L757
100775757,K7MKN9
100775758,I1L0S6
100775759,K7LC11
100775760,K7KB84
100775761,I1L1R7
100775762,I1JJL8
100775763,I1MVR5
100775765,I1JGL5
100775766,A0A0R0L896
100775767,I1JIL3
100775768,K7LHS5
100775769,I1N063
100775770,K7K5R7
100775771,I1N2E6
100775772,I1LDD0
100775776,I1N4S1
100775779,I1N1F3
100775780,A0A0R0HWS0
100775781,C6T8U1
100775783,I1LEY4
100775784,I1MZ50
100775785,I1LFD7
100775787,I1JP20
100775788,K7LGS6
100775789,I1N522
100775792,I1MYC1
100775793,I1L8J7
100775796,K7KC67
100775798,I1LLR3
100775799,K7MXI5
100775801,I1JK58
100775802,I1JKJ9
100775804,C6TM96
100775805,I1N833
100775806,I1LMI8
100775807,I1N8W4
100775809,S4UQ27
100775810,K7MZ38
100775812,I1NAY9
100775813,I1JXF5
100775815,I1JUI4
100775816,I1N5J0
100775817,K7MWA6
100775818,I1JXH4
100775822,I1JYU8
100775824,I1NFG8
100775825,K7LWF9
100775826,K7KIG3
100775828,K7KHU1
100775829,C6TF06
100775830,I1NI27
100775834,K7N2X3
100775835,A0A0R0HEM4
100775836,C6TG55
100775837,I1NH45
100775838,K7KPU7
100775839,K7LSE2
100775840,I1NHH8
100775842,I1LRV5
100775843,I1K1D7
100775844,I1LPX6
100775849,A0A0R0K099
100775851,K7KML0
100775852,I1K4C0
100775854,C6THG9
100775857,I1K1K0
100775859,K7M1G0
100775860,I1K2D2
100775864,A0A0R4J4T0
100775865,I1M096
100775866,I1M0S1
100775867,K7KYK8
100775868,A0A0R4J4V2
100775869,K7LXC7
100775870,D6C4Z8
100775871,I1LWJ1
100775872,I1KE75
100775873,A0A0R0JMJ8
100775874,K7KSW0
100775875,K7KUE9
100775876,K7KVA7
100775877,I1MAY4
100775878,I1KCV1
100775880,I1M928
100775882,I1MAN9
100775883,I1MB58
100775884,A0A0R0JD32
100775885,I1KMJ1
100775886,I1M7U5
100775887,I1KLI4
100775892,I1MCJ2
100775893,A0A0R0G721
100775894,I1MHK6
100775895,I1MCJ1
100775897,I1MEM7
100775898,K7L4Y5
100775899,I1MDG2
100775900,C6TGD7
100775903,K7K1X8
100775904,I1KZ46
100775905,I1MKX3
100775907,I1KPH5
100775909,K7L584
100775910,A0A0R0IUQ3
100775912,I1MNM8
100775914,I1J4T6
100775915,A0A0R0LIE0
100775918,I1MWJ9
100775919,K7K5C0
100775922,K7MKN0
100775923,C6THA7
100775924,I1MUB6
100775926,I1MUQ7
100775928,K7LDR0
100775929,K7MMH8
100775930,I1L4S5
100775931,K7MJM9
100775932,I1L598
100775933,I1KZU3
100775934,K7MK57
100775936,I1MU11
100775940,I1JE29
100775942,A0A0R4J2N8
100775943,C6TNR9
100775945,I1MWC8
100775949,K7MP90
100775950,I1LBD7
100775951,I1JC74
100775952,I1N084
100775953,K7LKF5
100775954,I1LES5
100775955,I1N349
100775957,D7F7K7
100775958,I1LAG7
100775959,K7LJR3
100775961,A0A0R0HZU6
100775964,C6T7U8
100775965,I1N2Y6
100775967,K7LL87
100775968,K7LLI4
100775969,I1N3V1
100775970,A0A0R0KM06
100775971,A0A0R0HPW5
100775974,I1JMJ6
100775979,K7LRH7
100775980,I1JRX8
100775983,I1LJ81
100775984,I1LJN1
100775985,I1NC55
100775986,I1LKN5
100775988,I1LGC3
100775989,K7LRU0
100775990,A0A368UHG4
100775991,I1NCF6
100775992,I1JUZ5
100775993,I1LFS4
100775994,I1N640
100775995,A0A0R0K6S2
100775998,I1N6M9
100775999,C6TKW1
100776002,I1JY02
100776003,I1JSZ6
100776004,K7LVS1
100776005,K7N2G0
100776007,I1JTP1
100776008,A0A0R0H2K6
100776009,I1NE22
100776011,A0A0R0EIZ5
100776013,I1LTJ1
100776015,K7LVV3
100776016,I1NHW6
100776017,I1K465
100776018,K7LTD8
100776019,A0A0R0EQP6
100776020,I1NIW2
100776022,I1K6H6
100776024,K7KP02
100776029,I1K6C3
100776030,I1LWZ7
100776034,K7M106
100776037,I1M4P0
100776038,I0AW24
100776039,A0A0R0JL56
100776041,I1LYZ2
100776043,K7KY77
100776044,I1K947
100776045,I1M377
100776046,C6TG73
100776047,I1KBM7
100776048,A0A0R0H3J2
100776049,I1M585
100776052,I1K772
100776054,I1KAZ8
100776057,I1KL76
100776059,I1KN62
100776060,I1M761
100776063,I1KJR7
100776064,K7L2C1
100776065,I1KM01
100776066,I1KMG7
100776067,I1KNE6
100776069,I1KHK1
100776071,I1MFA1
100776073,A0A0R4J5E8
100776075,I1MI15
100776076,C6TJC1
100776077,A0A0R0G6Q0
100776079,I1MDC4
100776083,I1KQG5
100776085,K7L7B6
100776087,I1KWF8
100776088,I1MQ34
100776089,K7MEL6
100776092,I1KQ56
100776094,I1KRG9
100776095,I1J8U6
100776096,I1KPB4
100776098,I1J765
100776099,K7K488
100776100,I1L348
100776101,C6TG08
100776102,I1J9Y0
100776103,I1L3P0
100776104,K7MK51
100776105,I1JAZ8
100776106,I1L4I2
100776108,K7K1L1
100776109,I1MQZ7
100776112,C6TGP3
100776113,I1L2K9
100776115,I1MVP6
100776116,I1L3T1
100776117,I1MXS1
100776119,I1MY44
100776122,I1MRZ0
100776123,K7KAA8
100776124,I1MUQ6
100776125,I1L206
100776126,K7K799
100776127,A0A0R0IDG5
100776129,I1JH53
100776131,C6THA6
100776134,I1LC19
100776135,A0A0R4J2M5
100776136,I1LE27
100776138,I1JDJ6
100776139,A0A0R0FEA0
100776140,I1N5E8
100776142,K7LKD4
100776143,K7KDU9
100776145,K7LH87
100776146,I1N5F7
100776147,I1JS15
100776148,I1MZZ3
100776149,I1N0C0
100776152,I1JP38
100776154,C6TNC8
100776155,K7KG89
100776156,K7LRW5
100776157,I1LHS8
100776158,I1LI84
100776159,I1N9E3
100776160,I1LIQ0
100776162,I1NBE2
100776165,C6TJL7
100776166,I1N8G9
100776168,A0A0R0EXW6
100776169,K7LMJ9
100776171,I1LHK4
100776174,I1LJS0
100776175,C6T8W3
100776177,I1JZB0
100776178,I1NG37
100776180,K7KIX8
100776182,I1LSK5
100776183,I1ND43
100776184,I1NG28
100776185,I1LUU8
100776190,K7KRK8
100776194,I1K2V9
100776196,I1J3X8
100776197,I1K5C0
100776204,I1K273
100776205,I1M406
100776207,C6TIE5
100776208,C6T711
100776210,I1KEE7
100776213,I1K9P6
100776214,A0A368UL79
100776215,A0A0R0JLN2
100776216,I1KAR7
100776217,I1M3Q3
100776218,I1KC36
100776219,I1M5N9
100776220,K7KWT9
100776222,I1K7F4
100776227,K7M819
100776229,I1M8K2
100776230,I1M6E9
100776231,I1LW89
100776233,I1M6U7
100776235,I1KHJ4
100776237,K7L0E4
100776238,C6TA31
100776240,I1KKB5
100776241,I1M9T9
100776242,A0A0R0JI69
100776243,K7KYT9
100776244,I1KGW7
100776247,A0A0R0G583
100776248,A0A0R0J5V6
100776251,I1MH54
100776255,K7M9S9
100776257,K7LAP6
100776258,I1KR17
100776259,K7M9J3
100776260,K7L5M1
100776262,C6T5A8
100776263,C6T7K1
100776264,K7MCM1
100776266,I1MK07
100776267,I1KUS8
100776268,C6T7G4
100776271,A0A024FRX1
100776272,K7L9L6
100776273,I1MQK0
100776274,I1KYP9
100776279,I1MMS1
100776280,I1JA76
100776285,I1MP67
100776288,I1L3B8
100776290,I1MXZ4
100776291,I1L5S8
100776292,K7K1V8
100776293,A0A0R0IN83
100776295,I1L1F6
100776296,I1MV69
100776297,K7LEM7
100776298,I1MRF9
100776299,I1L5Q8
100776300,I1MR80
100776301,C6T795
100776303,I1MRV3
100776306,I1JIY0
100776309,K7MM17
100776311,K7K961
100776312,C6TFD4
100776313,I1JI68
100776314,C6TK04
100776316,I1JC01
100776318,K7K5S1
100776319,K7LKU9
100776321,I1JCF4
100776323,I1N3K8
100776324,K7K7W7
100776325,K7MV36
100776326,A0A0R0L6C9
100776327,I1LAZ4
100776329,C6TFV9
100776330,A0A0R4J4C3
100776331,A0A368UGM0
100776332,A0A0R0KF48
100776333,I1LEZ0
100776334,I1N498
100776335,A0A0R4J4D5
100776336,I1N4M7
100776337,C6TDU5
100776338,I1L7L9
100776339,I1N523
100776340,I1JRB2
100776342,K7MPY0
100776343,I1L9X0
100776344,C6T7I3
100776345,C6TDD7
100776346,I1LHE6
100776347,I1JKM1
100776350,I1JK60
100776352,C6TEF1
100776353,C6TM83
100776354,I1JD07
100776355,I1LLZ6
100776356,A0A0R0HTU9
100776357,I1N8W5
100776358,I1N9E1
100776359,I1LGK9
100776360,I1NAE0
100776361,I1LGU1
100776362,I1NB04
100776363,I1JXF6
100776365,C6TIN2
100776366,I1N5J1
100776368,K7KL46
100776372,I1LV53
100776373,I1JU96
100776375,C6TMB3
100776376,I1NI28
100776378,A0A368UI76
100776380,K7N3Y7
100776382,I1NHH9
100776384,A0A0R0HBC9
100776388,A0A368UI44
100776389,K7LUW3
100776393,I1K3T9
100776394,C6TGF7
100776396,I1K4V3
100776401,I1K0H3
100776402,I1M1Y5
100776403,K7KPG1
100776407,K7LZ65
100776408,I1LZB1
100776411,I1M097
100776412,I1KFS6
100776413,K7M3A4
100776414,I1KCM0
100776416,I1KE79
100776419,K7KUF0
100776420,I1KBQ1
100776421,I1MAY5
100776423,K7M8G4
100776424,I1M929
100776426,I1MAP2
100776428,I1KMJ2
100776429,I1M7V3
100776430,K7L2P5
100776435,I1MJ38
100776437,I1MFR6
100776439,I1MHK8
100776443,K7LAA5
100776445,A0A0R0GBH3
100776446,I1KT56
100776447,I1MMX7
100776452,I1J610
100776453,I1KPI0
100776457,I1J9K8
100776462,K7K3N0
100776463,I1J874
100776464,Q84ZV0
100776465,I1J919
100776466,I1JAF5
100776469,I1MTE2
100776470,C6TFI5
100776472,I1J5J6
100776475,A0A368UHP2
100776476,I1MXA6
100776479,I1L6N7
100776480,K7MK60
100776481,I1L046
100776483,I1JI88
100776486,I1JE31
100776488,A0A0R4J2P6
100776496,I1LCN0
100776497,I1LES8
100776500,I1L9Z6
100776501,I1L7Q2
100776502,I1LBJ5
100776503,C6T9N7
100776506,I1N1W5
100776507,C6TBM5
100776508,K7MTK1
100776510,C6TJL4
100776511,K7KEJ1
100776513,K7LHN4
100776514,K7MPG6
100776515,I1JM07
100776516,K7KE78
100776518,I1JQY9
100776519,K7LRI6
100776520,I1JRY4
100776523,C6TIJ9
100776524,I1LJN2
100776526,I1NC58
100776534,I1NCF7
100776536,K7MW25
100776539,K7LN10
100776541,I1JWK3
100776542,I1LLH6
100776544,I1JSY1
100776545,C6T7Q4
100776547,K7LW36
100776549,K7LTM6
100776550,K7N489
100776551,C6TMB7
100776554,A0A0R0EDM6
100776556,I1LQV0
100776559,I1NDH4
100776560,K7KS20
100776561,I1NDI3
100776562,K7KP05
100776564,I1K5W1
100776565,K7KRZ6
100776567,I1K032
100776569,I1M1A4
100776572,I1M4P1
100776576,I1KE70
100776577,I1K952
100776578,I1M379
100776581,I1M488
100776582,I1M587
100776583,I1KD54
100776585,I1KFQ1
100776586,A0A0R0GRV4
100776587,I1K773
100776588,I1K9E7
100776589,I1M7R6
100776590,K7KUW4
100776591,I1MAQ9
100776592,I1KL79
100776594,I1KN63
100776595,I1KI09
100776597,I1KJS2
100776599,K7L2C5
100776600,I1KM03
100776602,C6TAL8
100776603,I1ME31
100776604,I1KHK7
100776607,C6TKW0
100776609,I1MI16
100776610,I1KWJ8
100776612,A0A0R0G6E6
100776613,C6TJ21
100776614,I1MDD3
100776616,I1MFA3
100776617,A0A0R0FZQ3
100776619,K7L7B7
100776620,I1KVA5
100776621,I1KWF7
100776622,I1KY45
100776625,I1KNV4
100776628,K7L5K9
100776629,I1MML5
100776631,K7L6F6
100776632,K7L7C2
100776633,K7K355
100776634,I1J4X9
100776636,A0A0R0LDR1
100776639,I1J562
100776640,I1L4I4
100776641,A0A368UHN8
100776642,K7K1H7
100776644,A0A0R4J424
100776647,A0A0R4J5Q8
100776648,I1L3T2
100776649,I1MXS2
100776651,I1MY47
100776652,I1L685
100776653,I1JGE1
100776655,K7KAB0
100776656,K7MLG0
100776657,K7LCI9
100776659,I1JH54
100776660,I1LAC2
100776662,C6T7Z6
100776664,A0A368UHG9
100776666,A0A0R0KYT6
100776667,K7LL82
100776669,I1JC29
100776671,K7MUP2
100776672,I1N5F1
100776673,C6T9L4
100776675,K7MTZ1
100776677,A0A0R0KT13
100776678,K7LH88
100776679,I1N5F8
100776680,I1JS19
100776682,K7MQ95
100776683,I1MZF9
100776684,I1N0S6
100776685,I1JP39
100776687,I1JQ12
100776688,K7KG90
100776691,C6TDZ3
100776695,I1NBE5
100776699,I1N5Y3
100776701,I1N9Y6
100776704,K7LNB1
100776705,I1NBG2
100776707,I1JZ05
100776708,I1LJS1
100776709,I1JW11
100776711,A0A0R0EUN8
100776714,I1LTG8
100776715,I1JZB3
100776716,I1NG38
100776717,I1NGP8
100776718,I1JUW6
100776720,I1LNN9
100776721,C6TDS6
100776722,C6T7E2
100776723,C6TFW9
100776726,I1LVB0
100776728,K7LTV3
100776731,A0A0R0E613
100776733,C6TIW7
100776735,I1K5C1
100776739,K7LZB9
100776740,I1K132
100776745,I1LXX4
100776746,I1M0S2
100776747,K7M115
100776748,B0EW02
100776749,C6T8M2
100776751,C6TNA1
100776752,I1KAS1
100776753,I1M3Q8
100776754,I1KC37
100776755,I1M5P4
100776757,I1LWL0
100776758,K7KY73
100776761,K7KTC9
100776762,I1KCD7
100776763,I1MBD1
100776765,I1M9K9
100776768,I1MBM0
100776769,I1MC21
100776770,I1M6I2
100776772,K7L0E7
100776773,I1KJ64
100776776,I1KKB8
100776777,A0A0R0GDY6
100776779,I1KMX4
100776780,I1KG93
100776781,K7MD49
100776783,C6TKQ7
100776784,K7L0T8
100776785,C6TKN4
100776787,I1KGR4
100776788,C6TJD4
100776789,C6TFR5
100776791,I1MCZ9
100776794,I1MDY6
100776795,K7L5D4
100776797,I1KRK6
100776798,I1KS30
100776799,I1KSP0
100776801,A0A0R0FUN2
100776802,I1MLY5
100776804,I1KVU5
100776805,I1MNT7
100776806,I1MPF1
100776807,I1KXJ9
100776808,I1MQK2
100776812,I1J7M1
100776817,I1JAZ5
100776819,I1MP72
100776823,K7K1B6
100776824,K7MNY9
100776827,I1L6G7
100776828,I1J666
100776829,I1L1F7
100776830,I1MV69
100776831,K7MMI2
100776832,I1L4B1
100776833,K7MN43
100776834,I1L4S6
100776835,K7LB21
100776837,A0A0R0IK30
100776838,K7K9Y2
100776839,I1L0T3
100776843,I1JG42
100776844,I1JGL8
100776845,I1L8X6
100776847,I1JIL9
100776849,I1JJ29
100776851,C6TE54
100776852,I1JB73
100776853,I1N0A9
100776854,K7LKV4
100776855,K7MT84
100776856,I1JCF5
100776858,K7MU65
100776860,I1N4S3
100776861,K7LJE7
100776862,I1LC26
100776863,I1N1F7
100776864,I1N2I4
100776865,I1LEZ1
100776866,I1N4A0
100776867,I1LFE4
100776868,I1N4M9
100776871,A0A368UGN5
100776872,I1JRB5
100776877,I1JN39
100776878,A0A0R0KJB1
100776879,I1LFN5
100776882,I1JK61
100776884,K7KCV3
100776885,I1NAP8
100776887,I1N749
100776888,I1N836
100776889,I1LLZ7
100776890,I1N8W6
100776891,C6T9K9
100776894,I1NAE3
100776895,K7LMX3
100776896,C6TFQ1
100776898,I1LIY4
100776899,I1JSD9
100776900,K7MVQ0
100776901,I1JUZ7
100776903,I1JXH8
100776906,K7KLZ5
100776908,I1NFH2
100776909,I1LNT9
100776912,I1LRQ0
100776916,I1ND68
100776918,I1NH47
100776919,K7KPU9
100776923,K7KNJ8
100776926,I1K2D4
100776929,I1K3D9
100776930,C6TG62
100776931,I1K4V8
100776932,K7KME8
100776933,K7M0A1
100776934,I1K1K5
100776936,I1M1Z1
100776940,A0A0R0GMP1
100776941,I1LZC9
100776943,A0A0R4J2G8
100776945,A0A0R0JNC7
100776947,I1M4R4
100776954,I1KBQ2
100776956,I1M8A0
100776957,I1M934
100776958,I1KH48
100776960,K7L3F9
100776967,I1MFR7
100776968,I1MCL4
100776969,I1MHL4
100776970,K7M8W3
100776973,I1MGJ9
100776974,I1KT64
100776975,K7MG92
100776976,I1MNE2
100776977,A0A0R0LDM1
100776978,K7MF27
100776980,K7L4I1
100776982,K7L589
100776983,I1KPA1
100776984,A0A0R4J2N4
100776987,I1J6Q5
100776990,I1J4V9
100776992,I1J922
100776993,I1MSF5
100776994,I1JAF6
100776995,K7LEH0
100776997,I1MTE4
100776999,I1MR47
100777000,I1MUR0
100777002,K7LDR8
100777003,K7MNG2
100777004,I1L5A7
100777005,K7LG76
100777007,I1MSN6
100777008,I1L048
100777009,C6TNJ3
100777010,I1JI89
100777014,I1JBE5
100777017,I1JF38
100777018,K7MK14
100777021,C6SXE4
100777022,K7LJM3
100777023,K7LKF9
100777024,I1LES9
100777026,K7K6E8
100777027,I1L9Z8
100777028,I1LAH1
100777029,I1L7U6
100777030,C6TIA3
100777031,I1N1W6
100777032,I1LDK8
100777033,A0A0R0F201
100777034,I1LE37
100777035,I1LEJ5
100777041,I1JMK1
100777042,A0A0R0HPQ2
100777044,C6TMC2
100777045,C6TFL1
100777048,I1JRY5
100777049,K7MY74
100777050,I1NA06
100777051,I1LJ75
100777052,I1LJN3
100777054,I1NC59
100777055,C6T8X1
100777056,C6TIQ7
100777060,I1LGR6
100777061,I1NBY4
100777062,I1NCF8
100777064,K7MW27
100777065,A0A0R0KHF1
100777067,I1LL80
100777068,C6TMU9
100777069,I1JSQ3
100777070,C6TI01
100777071,U3LYW3
100777072,I1LTW9
100777073,I1NDY2
100777074,I1LUI2
100777077,I1NHI4
100777078,I1LS70
100777079,A0A0R0E717
100777080,I1LTJ7
100777082,K7LVV4
100777083,I1NDE0
100777086,I1NIE4
100777087,C6TA54
100777088,I1NJE8
100777089,A0A0R0JZ28
100777091,I1JZI1
100777092,C6TAF7
100777095,C6TAD6
100777096,I1K6C6
100777098,K7KMS8
100777099,K7LZU7
100777102,I1M4P4
100777103,I1K855
100777104,I1KDV5
100777105,A0A0R0JCQ4
100777106,K7LX01
100777107,K7KY78
100777108,I1K956
100777109,C6T752
100777111,I1KBN1
100777112,I1M595
100777114,I1LWJ9
100777115,I1KFQ2
100777118,I1K9F2
100777119,K7KUW6
100777120,C9WSW4
100777122,I1M8K4
100777123,I1M6J0
100777124,K7L2J1
100777127,I1M773
100777129,I1KI08
100777131,I1KJR9
100777132,K7M6F5
100777133,I1KKY7
100777134,K7L305
100777135,C6TM19
100777136,K7L3Y0
100777138,I1KHL9
100777139,K7L135
100777140,I1MFA4
100777141,I1KKF3
100777142,I1MGN0
100777143,I1KVR4
100777145,I1KPN4
100777146,C6TDZ8
100777149,I1KXY6
100777150,I1MFA7
100777151,I1MFV0
100777152,I1KQH7
100777153,B0M1B1
100777154,I1KVA8
100777156,I1MKF7
100777157,I1KY46
100777158,K7MEL9
100777160,K7L4X5
100777161,K7L5L1
100777163,K7K4D8
100777167,K7LDQ4
100777168,I1J503
100777169,I1J9Y6
100777170,K7LE66
100777171,I1MWY8
100777172,K7K5M4
100777173,K7LES9
100777176,I1MSY9
100777177,I1J5D8
100777178,I1L744
100777179,I1L219
100777180,K7LD64
100777181,A0A0R0LE00
100777182,I1MR88
100777184,I1MXS3
100777185,K7K6R4
100777186,I1MY48
100777187,C6TJ15
100777189,I1MRP4
100777190,K7MKP3
100777191,I1JHJ9
100777192,I1MUQ9
100777194,I1L2K5
100777195,I1JFL5
100777196,A0A0R4J2Q7
100777197,A0A0R0I0A2
100777199,K7KAE5
100777200,I1L954
100777201,K7MSD1
100777203,I1JBV1
100777206,I1JD01
100777207,I1JDK2
100777208,I1N491
100777209,K7MVL3
100777211,I1LCJ8
100777213,K7MTZ9
100777214,I1JNF9
100777216,I1L8C4
100777217,I1N5G0
100777218,I1JS31
100777219,I1MZD3
100777223,I1JPJ6
100777224,I1JKI1
100777225,I1JQI6
100777227,K7LRX0
100777228,C6T960
100777229,I1LI87
100777230,A0A0R0EY26
100777232,I1LIQ4
100777233,I1NBF0
100777236,K7KDR9
100777237,I1N8H3
100777238,I1LGI5
100777240,I1N9Y7
100777241,I1LG72
100777242,K7KKU2
100777243,K7LNB7
100777244,A0A0R0EZU3
100777246,I1JZ06
100777247,I1LJS1
100777248,I1JW13
100777249,I1JX06
100777250,K7LN65
100777251,K7LVG0
100777253,K7N3A7
100777255,K7N3N0
100777257,K7N550
100777258,K7N2B4
100777259,I1JTN2
100777260,I1NF42
100777261,I1LUV3
100777262,I1NGN1
100777264,C6TJH7
100777265,I1K0V7
100777266,C6TIV7
100777269,I1MGW7
100777270,I1LST5
100777271,Q0WX04
100777274,K7KRE9
100777280,K7M0M0
100777281,I1LXA6
100777284,C6TM78
100777285,I1KDJ6
100777287,I1M0S4
100777288,I1M1B4
100777290,I1K9Q1
100777292,I1KA91
100777293,I1KAS2
100777294,K7KSB7
100777295,I1M5P5
100777296,C6T7I4
100777298,I1KF70
100777300,K7LYB7
100777303,K7M820
100777306,I1M6N5
100777308,C6FF66
100777309,A0A0R0JCA1
100777310,K7M8K5
100777311,A0A0R0G7Q0
100777313,I1KIL1
100777314,I1KJ91
100777315,K7M4U1
100777316,A0A0R0J9S7
100777317,I1M7E5
100777318,I1KLI6
100777319,A0A0R0JBY6
100777321,I1KI77
100777324,I1MES6
100777327,K7L4S4
100777329,I1MDA0
100777331,I1KR24
100777332,I1MHE0
100777333,I1MDP3
100777334,C6TFP4
100777335,C6T820
100777338,I1MLI4
100777339,K7L7L2
100777340,A0A0R0FUP7
100777341,I1KVU6
100777342,I1MNU2
100777343,I1MPF3
100777344,I1MQK5
100777345,I1KYQ5
100777346,K7LAN9
100777347,K7MFG0
100777348,I1MKS4
100777350,K7K581
100777351,K7L6Z7
100777356,K7LDX5
100777359,B9MST3
100777360,K7LFN8
100777362,I1L6G8
100777365,I1MW74
100777366,I1L4B5
100777368,C6T8R8
100777370,I1JCX7
100777371,I1MR91
100777374,I1KZZ3
100777375,I1L016
100777376,K7KB86
100777377,K7LCA4
100777378,I1JJM1
100777379,I1MQW1
100777380,I1JG45
100777381,I1JGL6
100777382,I1L8X7
100777383,I1JI73
100777384,I1JIM1
100777386,I1JJ36
100777388,I1JJJ2
100777389,I1JB64
100777392,I1JCF6
100777393,I1LFJ6
100777394,I1N3L2
100777396,I1N4T0
100777397,K7K8C2
100777398,I1LAZ9
100777399,I1N1F9
100777400,I1N2I6
100777401,K7KEB0
100777402,I1LF04
100777403,I1LFE3
100777404,A0A0R0EVK7
100777405,K7KFE6
100777408,K7LHV9
100777410,K7KEN4
100777411,I1JNJ9
100777413,I1JRF0
100777415,I1N8A3
100777419,C6T7N4
100777421,I1N838
100777422,C6TEJ0
100777423,I1N8W7
100777424,I1N9E7
100777425,I1LNG0
100777426,K7MZ44
100777427,I1LGU8
100777428,D0EP04
100777429,K7KL36
100777431,I1JUJ5
100777433,I1JV00
100777435,I1JXI1
100777436,C6TA94
100777437,I1JYV1
100777438,I1JT12
100777440,K7LWG2
100777441,K7KIH2
100777443,C6SVD4
100777446,I1LP66
100777447,A0A0R0EM71
100777448,K7LW17
100777449,I1NG30
100777451,K7LSP6
100777452,I1NHI3
100777454,I1K1E3
100777457,K7KPG3
100777461,K7KME9
100777463,I1M044
100777464,K7KNN9
100777465,I1M1Z5
100777466,K7M3P6
100777468,I1LYG0
100777469,K7LZV5
100777472,I1M099
100777474,K7M200
100777475,I1LWD7
100777477,I1LVS2
100777478,I1K7B0
100777479,P33080
100777480,K7KSW6
100777482,C6TGA6
100777483,I1KBQ6
100777487,A0A0R0GI69
100777489,I1KMJ7
100777495,K7MDV5
100777496,I1KGN8
100777497,I1MFR8
100777499,I1MH55
100777500,I1MHL7
100777503,A0A0R0GA40
100777505,I1MMG1
100777506,C6TL14
100777507,I1J6V7
100777508,I1MKY2
100777509,I1KP38
100777511,I1KQV2
100777512,K7L603
100777515,I1J4L6
100777517,I1J7Q6
100777522,I1JAF7
100777524,K7LF72
100777525,A0A0R0FFE6
100777527,I1J6B7
100777528,I1MXB1
100777529,I1L5A9
100777530,I1L6P1
100777531,K7K9Q0
100777532,I1MSN7
100777533,K7LBA7
100777534,K7KAS4
100777535,I1MVC2
100777536,I1JDM5
100777538,K7MM68
100777539,C6T833
100777541,K7K7Z1
100777542,I1MS95
100777543,I1JF39
100777544,C6TG32
100777545,I1MYG5
100777549,K7LIE1
100777550,D2CNC3
100777551,I1LBJ8
100777553,I1N1W7
100777554,C6TE78
100777555,A0A0R0FAW1
100777556,I1JMD6
100777557,I1L840
100777558,A0A0R4J4D2
100777559,I1N3V8
100777560,I1JQG8
100777561,I1MYX4
100777563,I1JM12
100777564,A0A0R0KH70
100777567,I1JQZ7
100777568,I1N8X2
100777569,K7MYV3
100777570,K7LPF1
100777574,I1LL36
100777575,C6T881
100777576,I1LLG6
100777578,I1LIA4
100777579,I1NBY7
100777580,I1NCG0
100777585,A0A0R0HHX0
100777586,I1JY06
100777587,I1JYG0
100777588,I1LQJ5
100777590,I1LQK9
100777591,K7KI21
100777592,K7LTN0
100777594,I1JVN4
100777595,I1LS71
100777596,C6TA34
100777597,I1LTJ8
100777598,I1LPB4
100777599,I1NHX1
100777600,K7KQN4
100777601,K7LTE4
100777602,I1NIE5
100777603,K7N571
100777605,I1K1Y6
100777606,K7K0S3
100777607,A0A0R0E480
100777609,A0A0R0KMJ2
100777611,I1LZE5
100777612,K7M110
100777614,I1M3F6
100777616,K7KWK9
100777617,K7KTA0
100777619,I1LYZ7
100777621,K7KY79
100777622,C6TCV8
100777623,I1M382
100777624,I1K6V7
100777625,K7M2M3
100777626,I1KBN4
100777627,A0A0R0JI98
100777628,A0A0R0FUV4
100777629,I1KD58
100777630,K7LXH4
100777631,K7KYJ4
100777635,I1M7R7
100777636,I1KB23
100777639,I1M8K5
100777640,C6TJC3
100777641,I1MA53
100777645,A0A0R0GK75
100777649,I1KJS8
100777650,A0A0R0JDC3
100777651,I1KM07
100777653,K7KYU7
100777655,K7M9W2
100777656,I1KGC2
100777657,I1MEC0
100777658,K7L138
100777660,I1MCH7
100777661,I1MGN4
100777663,I1MI18
100777664,A0A0R0GFX0
100777666,I1MJJ2
100777669,I1KXY7
100777670,I1MFA9
100777674,A0A0R0IU60
100777675,I1MLY7
100777676,I1KVA7
100777678,I1KWZ3
100777679,C6T8M9
100777680,I1KY47
100777685,C6TF94
100777686,K7MGE9
100777687,I1J8V7
100777688,I1KSY0
100777689,K7MH25
100777690,I1KUA8
100777691,I1J771
100777692,I1J8M6
100777694,I1J9F4
100777698,K7LET3
100777699,I1MSP8
100777701,I1MSZ1
100777703,C6TCR3
100777705,K7LD67
100777707,I1MVQ0
100777708,I1L3T4
100777709,A0A0R0FTB1
100777710,I1MY49
100777711,I1L690
100777713,I1MRZ2
100777715,K7KAB1
100777716,I1MUR3
100777718,I1JBJ9
100777719,I1JH64
100777720,I1L900
100777722,C6T7Q6
100777724,A0A0R0F7J1
100777725,K7LK30
100777729,I1JD04
100777731,I1N492
100777733,A0A0R0KSM2
100777734,A0A0R0HUX4
100777737,I1N3F1
100777739,C6T916
100777740,I1L8C6
100777741,C6TNP9
100777743,I1MZZ5
100777747,A0A0R0KRH5
100777749,I1JPJ7
100777750,C6TFZ2
100777751,I1JQI7
100777753,I1LHI9
100777755,I1LHT2
100777758,K7KBV7
100777760,K7MZL8
100777761,I1N750
100777764,I1N8H5
100777765,K7LRL8
100777766,K7KKE6
100777767,A0A0R4J626
100777768,K7LMK9
100777770,I1NBG9
100777771,I1JY23
100777773,I1LJS4
100777774,K7MWD5
100777775,I1JX10
100777776,I1LTH1
100777777,C6TI98
100777778,K7N3A9
100777781,K7N1N7
100777782,I1NEN0
100777786,I1NGN2
100777787,K7KPL9
100777788,I1LVB4
100777791,I1LRI5
100777792,I1K5S7
100777794,A0A0R0EF11
100777796,Q0WX05
100777797,I1K3E1
100777798,K7N1V9
100777799,I1K3U4
100777800,I1K5C5
100777802,I1LY26
100777805,I1M0N2
100777809,I1KDB0
100777811,I1KEF1
100777812,I1M0S8
100777814,I1LW80
100777815,I1K9Q3
100777816,I1LW89
100777817,A0A0R0JFL7
100777818,I1KAS4
100777819,I1KCM5
100777820,C6TE91
100777821,A0A0R4J3E9
100777822,A0A0R0GJY0
100777823,I1KF62
100777829,K7M823
100777831,I1KH10
100777832,I1MB67
100777835,I1MC24
100777836,I1M6I4
100777837,I1M8L1
100777838,I1KIL7
100777839,A0A0R0J1H1
100777843,I1KLI7
100777846,K7KZB4
100777848,K7L045
100777850,C6TH33
100777851,C6T5S0
100777852,I1KW96
100777857,I1KR29
100777859,I1KRL6
100777861,I1KS33
100777862,I1KSM4
100777863,I1KT68
100777865,I1MLI5
100777866,I1KUT3
100777867,I1MMY0
100777868,I1KVV0
100777869,I1MNU3
100777870,I1MPF4
100777871,I1KYQ7
100777875,A0A0R4J2L5
100777876,I1JA82
100777877,I1KTN7
100777878,I1JAZ9
100777882,I1L0K8
100777883,I1MSJ6
100777884,K7K1B9
100777889,K7ML74
100777890,I1MUR1
100777894,I1L4T3
100777895,C6SW92
100777897,I1MR92
100777899,K7K9Y5
100777900,K7LBQ6
100777902,A0A0R0L7Q8
100777903,C6TMK6
100777904,I1JJM2
100777906,I1JB31
100777908,I1JIM3
100777909,K7LJ97
100777910,I1JC04
100777912,I1JJJ6
100777915,I1LDE7
100777917,K7K6H0
100777919,I1N3L5
100777920,I1JCD8
100777921,K7MV39
100777923,I1JFK3
100777924,I1MYP2
100777925,I1N2J2
100777926,K7KEB1
100777927,C6TBX7
100777928,I1N4A7
100777929,I1LFE8
100777932,I1L7M4
100777933,I1N527
100777934,I1JRC1
100777936,C6TKE4
100777938,C6T9M1
100777939,I1JNK3
100777941,I1LLR7
100777942,I1JRF7
100777944,I1JRY6
100777946,I1JK64
100777948,K7MZ95
100777949,I1LFP5
100777951,K7LMP6
100777952,I1N8W8
100777953,K7MYJ2
100777954,I1LNG1
100777956,I1NAE6
100777958,C6TES3
100777960,K7LP23
100777961,I1JUJ6
100777962,C6TK92
100777963,C6THQ4
100777964,I1N6F6
100777965,I1JSQ5
100777966,I1JXI4
100777968,C6T8C1
100777971,K7KIH3
100777972,I1JT95
100777973,I1LRQ2
100777976,I1LSK9
100777977,K7LS80
100777978,I1NFL5
100777979,I1LUF0
100777980,I1NG31
100777981,C6SXG5
100777982,K7KPV1
100777987,I1NJF4
100777988,I1K1E4
100777990,K7N109
100777991,I1K2D9
100777995,K7N2A2
100777996,K7KR46
100777997,I1K5W8
100777998,I1K6C7
100777999,I1JZJ7
100778000,I1M048
100778004,K7M3P8
100778006,I1LYG1
100778007,I1LZD7
100778008,I1LZU1
100778010,I1KFT5
100778011,I1M2R5
100778012,C6T8L8
100778013,I1M4R7
100778014,K7LWV8
100778015,I1K7B1
100778017,I1K7V4
100778018,I1KA45
100778020,I1K7R3
100778021,I1M859
100778024,I1M938
100778027,I1M6Y8
100778031,I1KIS6
100778034,A0A0K2CT95
100778035,I1MC87
100778037,K7M8X4
100778040,I1KYH8
100778042,I1MK90
100778043,I1KXK1
100778044,K7MF33
100778045,I1J4G4
100778046,I1KPI6
100778050,K7L607
100778053,K7MEF1
100778054,I1J6Q7
100778056,O49859
100778057,D4P3K4
100778059,I1J927
100778060,K7MK25
100778061,I1JAF9
100778064,K7MKN6
100778065,I1MTX6
100778066,I1MXB3
100778067,I1L5B1
100778068,I1JGM1
100778070,I1L069
100778071,I1JD96
100778075,K7MM76
100778076,I1JE38
100778077,I1MS60
100778078,K7K7Z2
100778080,I1JBI0
100778085,K7LLQ7
100778086,I1JE16
100778087,I1LA00
100778088,I1LAH4
100778089,I1LBK1
100778090,C6T9Y6
100778091,I1N1X2
100778092,I1L823
100778094,I1LE40
100778095,I1L7D1
100778096,C6TGE9
100778098,I1L8Z1
100778100,I1JMK4
100778102,K7MQ41
100778103,I1JQZ6
100778105,K7LNC0
100778106,A0A368UGG5
100778108,C6TH34
100778110,A0A0R0HW00
100778111,I1LL41
100778112,I1N7M0
100778113,I1LLH0
100778116,I1LIA5
100778117,I1NBY9
100778118,G0Z355
100778120,I1N646
100778121,A0A0R0K1Q9
100778122,I1LKP7
100778123,I1JSL5
100778124,I1LL85
100778126,K7KLS1
100778128,I1LUJ1
100778129,I1JTQ4
100778131,I1NHI5
100778133,I1LNN7
100778135,I1LTK0
100778137,I1LU06
100778139,I1K481
100778140,K7LTE5
100778141,I1NIE7
100778142,I1NIW7
100778143,I1K6I5
100778145,G0T431
100778146,I1NDW4
100778149,I1M622
100778153,K7M113
100778155,K7M2F6
100778156,K7M399
100778158,I1LYZ8
100778160,K7KTR5
100778161,C6TJ88
100778162,I1KB70
100778164,A0A0R0JPK0
100778165,A0A0R4J4Y0
100778166,I1KD67
100778169,A0A0R0JAE3
100778170,K7KTY9
100778173,I1M631
100778174,I1M8K7
100778175,C6T3I8
100778176,C6TD41
100778177,K7L2J8
100778178,I1KHA2
100778179,K7L3T9
100778180,A0A0R0G8S7
100778181,I1KHJ7
100778182,I1KI18
100778183,I1M912
100778184,I1KJS9
100778185,I1KKZ1
100778186,A0A0R0J6P6
100778187,I1KG42
100778188,I1KNF5
100778189,A0A0R0J4C8
100778190,K7KZN8
100778191,A0A0R0FXU5
100778192,K7L139
100778194,I1MFA5
100778195,I1KKF8
100778196,I1MCN3
100778197,I1KVS1
100778198,I1MD00
100778199,I1KWK9
100778201,I1KPY1
100778203,I1MFB1
100778204,K7MAZ0
100778205,C6TJD3
100778208,K7MFS6
100778209,I1KVA9
100778210,I1KWG4
100778212,K7LA18
100778213,I1MQL1
100778214,A0A0R0FW37
100778216,A0A0R0IEV2
100778217,K7L4X9
100778218,I1MJX0
100778219,I1KRI8
100778225,I1J8M7
100778226,I1L354
100778227,C6TIY8
100778228,A0A0R0LDZ3
100778230,I1JB05
100778231,I1L4J5
100778232,I1MXH1
100778233,K7K124
100778234,K7MKB7
100778236,K7LGI9
100778237,A0A0R0I8A1
100778238,I1L2L8
100778239,I1J5R4
100778241,I1L3T6
100778242,I1MXS7
100778244,I1L691
100778245,E2FKH2
100778248,K7KAB5
100778251,I1L071
100778252,I1L0H0
100778253,C6TNS8
100778254,I1JH67
100778255,A0A0R0I0U7
100778257,I1JHQ1
100778259,K7KAR3
100778261,A0A0R0F078
100778262,C6TBJ1
100778263,I1JBV6
100778264,I1LE35
100778267,K7K674
100778269,I1LB03
100778270,I1N5F9
100778273,I1JL80
100778274,I1N3F2
100778278,K7MVM2
100778279,K7KH56
100778280,K7MQL4
100778283,K7KFG0
100778286,I1JQ15
100778287,K7KG95
100778289,I1LHM6
100778290,I1LHT6
100778292,I1N9F9
100778293,I1JKT3
100778294,C6TAF1
100778295,D6BM32
100778297,I1NBG1
100778298,K7MWX7
100778299,C6T9G2
100778300,I1LMJ1
100778301,I1JWM3
100778302,I1N9Z5
100778303,K7LML1
100778306,I1JY26
100778307,K7KM54
100778310,K7KKT7
100778313,K7N3B2
100778314,I1NGQ6
100778316,K7N558
100778317,B9MST3
100778320,I1LUV5
100778321,I1NGN4
100778322,I1K2K5
100778323,I1LVB6
100778324,I1K3I8
100778329,I1K2W4
100778331,I1K5D0
100778332,A0A0R0GJA9
100778335,K7LZD4
100778336,I1K068
100778338,I1M2Q1
100778340,I1LVS8
100778341,C6TDH3
100778342,I1LXX8
100778343,K7KXM5
100778344,I1M0A2
100778345,I1M0T0
100778346,A0A368UH94
100778348,I1K9Q4
100778349,I1M2B3
100778350,C6TIS1
100778352,I1M5Q4
100778353,K7KWV8
100778355,C6T005
100778357,I1LWV7
100778358,K7KTD3
100778360,I1MBD6
100778363,C6TMG1
100778364,C6ZS32
100778365,I1MC26
100778367,I1M8L5
100778368,C6TA59
100778369,A0A0R0J1V3
100778373,I1KLI9
100778374,A0A0R0GL62
100778375,I1KMX8
100778376,I1KGX1
100778380,K7ME49
100778381,I1MCG4
100778383,I1MJ40
100778384,I1KWY3
100778387,I1KQB1
100778388,K7L5D9
100778390,C6TFQ0
100778392,G3E7M7
100778394,I1KTP1
100778397,I1MMY1
100778398,A0A0R0IYV7
100778399,I1MKD1
100778402,K7L498
100778404,I1MKT0
100778405,A0A0R0LBT7
100778407,K7K584
100778409,I1JB00
100778412,K7MIH8
100778415,K7MN15
100778416,I1J4X3
100778417,K7MNZ8
100778421,I1J4C8
100778422,I1MUC0
100778423,I1MUR2
100778424,I1MV70
100778425,I1L4B8
100778426,K7MJK6
100778427,K7LF06
100778428,I1L5R7
100778430,A0A0R0F723
100778431,I1L6P2
100778432,I1L770
100778434,K7LBQ8
100778436,A0A0R4J2R4
100778440,I1JBS7
100778442,I1JIM7
100778443,I1LAT4
100778444,K7KBC8
100778445,I1N064
100778446,I1JC79
100778449,I1JCG4
100778453,I1N4T2
100778457,I1N2J3
100778458,I1JLC1
100778459,I1LFF0
100778462,C6T814
100778465,A0A0R0KPK6
100778467,I1L8M4
100778469,I1JN43
100778470,I1JNK1
100778471,K7LIL0
100778473,I1JRF8
100778475,I1JRZ1
100778481,I1LK70
100778482,I1N842
100778483,I1LM02
100778484,I1N5Z4
100778485,C6TFD6
100778486,I1LNG4
100778487,I1JU36
100778488,C6TG61
100778491,I1JXG2
100778492,I1LJ14
100778493,I1JUJ8
100778494,I1N5J4
100778498,I1JXI9
100778499,I1N6M4
100778501,I1JYV4
100778503,K7LWG4
100778506,I1LRQ4
100778509,A0A0M3Q190
100778510,K7N2Y2
100778511,C6TMP6
100778514,I1K0U6
100778515,I1LP13
100778517,K7KR68
100778518,K7LU24
100778519,I1NJF6
100778521,K7LUE4
100778522,I1NDJ9
100778524,K7KPG8
100778526,C6T7J9
100778528,C6TFI3
100778529,C6TKK4
100778530,K7KMQ1
100778531,I1JZJ8
100778532,I1K0S6
100778533,I1LX73
100778534,I1K1L7
100778537,I1M5E9
100778540,C6TAL6
100778541,I1LZG3
100778542,I1LZU4
100778544,K7KTH8
100778545,I1M2R6
100778547,C6TGH3
100778548,C6T0H0
100778549,I1LVT1
100778550,I1KE99
100778551,I1K7D8
100778552,C6SW97
100778553,I1KA48
100778556,I1K7U8
100778557,I1M693
100778558,A0A0K2CTP7
100778559,C6TCZ5
100778560,I1M7W2
100778561,I1M9X8
100778566,I1KJN9
100778567,I1MFS0
100778568,I1MG80
100778569,I1MHM0
100778572,I1KYH9
100778573,K7MBD3
100778575,K7MG96
100778578,I1KXK2
100778579,K7MF34
100778581,K7L4I4
100778582,I1MKP1
100778586,K7MGT6
100778588,K7K2R8
100778590,K7K3P1
100778591,I1J879
100778592,I1L0P4
100778593,I1J928
100778595,I1JAG0
100778596,I1L447
100778597,K7LF83
100778600,K7MNG8
100778601,K7K912
100778602,K7LB09
100778603,K7MP28
100778605,I1MSR3
100778608,I1MVD0
100778609,I1JDN1
100778611,I1JE40
100778613,I1JEN2
100778615,I1JF44
100778616,K7MMN7
100778620,K7LKG3
100778621,A0A0R0HZZ3
100778622,K7MTR3
100778623,I1NBF7
100778624,A0A0R0HT51
100778625,I1LBK2
100778628,I1LD28
100778632,I1LE43
100778636,I1L8Z5
100778639,I1JMK5
100778641,I1N1B7
100778644,I1NA14
100778645,C6T7A9
100778648,I1LKP0
100778650,A0A0R0ERI3
100778653,C6TF95
100778655,K7N084
100778656,I1LGV9
100778657,K7MW28
100778658,A0A0R0K6S7
100778660,K7KJX7
100778662,C6TEH6
100778665,I1NCV6
100778666,K7LW49
100778667,I1JTQ5
100778668,A0A0R0HEQ3
100778669,I1LR65
100778670,I1NHI7
100778672,C6T8E0
100778673,I1NE68
100778674,Q00M76
100778675,I1LTK1
100778677,I1LU10
100778678,I1NHX5
100778679,I1K484
100778680,I1LQW4
100778681,I1NIF3
100778682,I1NIW9
100778683,K7KS27
100778684,I1ND77
100778687,I1K3E4
100778688,I1K3U3
100778689,I1LT65
100778692,K7KMT5
100778693,K7LZV7
100778697,K7M2F9
100778699,K7KWL2
100778701,I1LYZ9
100778703,I1KF88
100778704,C6T7P5
100778705,I1KAS7
100778706,I1M397
100778707,C6TAY9
100778708,I1KBN9
100778710,K7M3L6
100778712,I1LWK5
100778713,C6SX72
100778716,C6TDZ7
100778718,K7M5A5
100778720,I1M8L3
100778722,I1MA57
100778723,K7L2K0
100778726,I1KHJ9
100778727,I1KI19
100778729,K7L2D7
100778731,I1KG64
100778732,I1ME34
100778733,K7KZP1
100778734,K7L1J8
100778735,I1MFB4
100778741,I1KWL1
100778742,I1MJJ6
100778745,C6T9X7
100778748,I1KQI1
100778750,I1KSN6
100778751,I1KVB0
100778752,I1MQ49
100778753,I1KNY3
100778756,A0A0R0LGL1
100778757,I1KNW4
100778760,I1KRI9
100778761,K7MF41
100778763,K7L6G1
100778767,K7K496
100778769,I1J9F9
100778772,K7MK54
100778773,A0A0R4J2L6
100778774,I1MXH2
100778775,I1J5E9
100778776,I1MSZ4
100778778,I1L1H1
100778779,I1L226
100778780,I1L2M0
100778781,I1J4E4
100778782,I1L365
100778783,I1MVQ6
100778784,K7LE97
100778785,I1MRK4
100778787,I1L693
100778788,A0A0R0KTB8
100778791,K7K6Y4
100778793,I1MUR6
100778795,K7K626
100778798,C6TEB3
100778800,I1JI75
100778802,I1JC69
100778804,I1JBV9
100778808,I1N499
100778809,I1LB04
100778812,I1LCL2
100778814,I1N3F3
100778815,I1LF06
100778816,I1JNH0
100778817,I1JPS8
100778818,I1L8C7
100778819,C6TAZ1
100778821,K7MQ98
100778824,I1JKE2
100778825,I1JPK1
100778826,C6TAK2
100778830,I1LN20
100778831,I1LI93
100778832,I1N6Z4
100778833,K7KCN0
100778834,I1LIR0
100778835,I1LJ83
100778836,I1NBG4
100778837,K7MVS5
100778840,I1N8H9
100778841,I1LMJ3
100778843,I1N9Z0
100778844,K7LML2
100778847,I1JY27
100778848,K7KM56
100778851,D6BLY3
100778852,K7LT82
100778853,K7KMA4
100778855,I1JUX1
100778856,I1NIV2
100778858,I1NF43
100778859,K7LWB5
100778860,I1NGN5
100778863,I1K3J1
100778867,I1LS50
100778869,I1K2W5
100778870,C6TG99
100778878,I1M415
100778879,I1K813
100778880,C6T7F2
100778881,K7KWR1
100778882,I1LVX4
100778883,C6TAG4
100778885,A0A0R4J516
100778886,I1M1T9
100778888,I1M2B4
100778889,I1KA95
100778890,I1KCN2
100778891,I1M5Q5
100778892,I1K775
100778894,I1KF73
100778897,K7KTD6
100778899,K7KVR7
100778900,I1MBE5
100778901,K7KWA1
100778903,A0A0R4J5A6
100778906,I1MC28
100778907,I1M6I6
100778908,K7M5K9
100778912,I1KKE2
100778913,K7M6M6
100778914,K7M738
100778915,I1KMY0
100778916,K7KZB5
100778917,K7L050
100778918,K7L0U4
100778919,A0A0R0G6F7
100778920,I1MET9
100778922,A0A0K2CTK4
100778924,K7MDV8
100778925,I1KPT0
100778926,I1ME04
100778928,I1KR32
100778929,I1K391
100778931,K7L5X4
100778933,I1KTP2
100778934,K7MEG0
100778935,I1KUU0
100778937,K7MHI5
100778938,K7MHY7
100778939,K7LAE9
100778940,I1KZ55
100778941,K7MFG8
100778944,I1J890
100778951,I1MLF5
100778953,I1L3C2
100778956,K7MNZ9
100778957,A0A0R0IMD6
100778959,K7LG28
100778960,I1MTX8
100778961,C6TDS4
100778962,A0A0R0FC11
100778963,I1MV71
100778964,K7LEP7
100778966,I1KZR0
100778968,I1L6P8
100778970,A0A0R0L5G2
100778971,I1L0U8
100778972,I1MU15
100778975,I1JJN0
100778978,I1JGM9
100778980,I1JIN0
100778981,K7LJA2
100778982,A0A0R0L9L6
100778984,A0A0R0KPM3
100778987,I1JCG6
100778988,I1LFK0
100778990,I1JEJ9
100778991,I1N4T4
100778993,K7MRZ1
100778995,I1LEK0
100778996,A0A0R0IA52
100778997,I1MZ62
100778998,I1JP30
100779000,I1N529
100779001,I1JRC5
100779003,I1JM14
100779005,K7KEN9
100779006,K7K0P8
100779007,I1LHE7
100779008,I1JRF9
100779011,C6TAS5
100779012,I1JK67
100779014,K7MZ98
100779016,A0A0R0HJR9
100779018,C6THW9
100779019,I1NAF3
100779020,K7LMX7
100779021,I1NB13
100779022,I1JXG4
100779023,I1NBZ1
100779027,I1JV03
100779028,A0A0R0ER99
100779030,I1JSW6
100779031,C6TG83
100779034,I1NFI9
100779037,K7KJ92
100779041,K7N2Y3
100779042,K7LW22
100779046,I1LNQ1
100779047,I1NDC0
100779048,I1K501
100779050,I1NJF9
100779051,K7KNK3
100779056,I1LQ66
100779058,I1NEL6
100779060,I1K5X0
100779061,K7KRZ7
100779063,K7KN63
100779065,I1K1L9
100779066,K7M1G7
100779069,K7KWW5
100779070,I1LZC1
100779071,I1JU90
100779072,I1KFU2
100779074,K7LXA6
100779075,I1M493
100779078,I1KEA0
100779080,I1K7V7
100779084,K7M7S3
100779085,K7KW04
100779090,I1KMK0
100779093,I1M9X9
100779094,I1MA40
100779095,I1KNF9
100779096,K7MCV1
100779099,I1MFS5
100779100,C6TDH7
100779101,I1MHM1
100779102,C6ZRU0
100779103,I1MCM2
100779105,I1MEP6
100779106,I1KYI0
100779108,I1KT78
100779109,C6TDF4
100779110,I1MK36
100779111,I1MNE9
100779112,K7L8P8
100779114,K7L9L9
100779117,K7K3E8
100779118,K7L4I5
100779119,A0A0R0ISX6
100779121,K7K4U9
100779122,C6TMX0
100779123,I1MNP5
100779124,I1J6Q9
100779126,I1J7R4
100779127,I1J881
100779130,I1J930
100779131,I1MWK5
100779132,C6TEP8
100779134,I1L117
100779135,K7MKP1
100779137,K7MNG9
100779138,A0A0R0KY17
100779139,K7LFC1
100779140,C6T954
100779141,I1JGM4
100779143,K7MLT7
100779145,I1JDN2
100779146,A0A0R0I621
100779149,K7K5W8
100779151,I1JF45
100779153,A0A0R0L518
100779157,A0A0R0HW79
100779158,I1LEU4
100779159,I1N356
100779160,A0A0R0KVH5
100779161,I1LA03
100779162,C6TM44
100779163,I1LBK4
100779164,K7MRC9
100779167,I1N2Z4
100779169,I1N3W4
100779170,C6TE22
100779171,I1MZ51
100779172,K7KG93
100779173,C6TF30
100779174,I1MYY2
100779176,I1JMK6
100779178,C6TK75
100779180,I1LHT8
100779183,A0A0K2CTB7
100779185,A0A0R0HV42
100779186,I1LL12
100779187,I1N7M4
100779188,I1LGC5
100779190,I1LN00
100779192,K7N085
100779193,I1JVH7
100779194,K7LQ52
100779195,I1JW18
100779198,K7KLG0
100779203,C6TGI0
100779206,I1LTK2
100779208,I1LU07
100779210,K7KQP0
100779212,C6TAF0
100779213,I1NIX1
100779214,K7KS40
100779218,I1K3U6
100779222,I1K5D1
100779224,K7LXR3
100779225,I1LY35
100779226,K7KMT6
100779227,K7LZV8
100779228,K7M117
100779229,K7M2G1
100779230,K7M3A8
100779239,C6T0M2
100779240,I1KC47
100779244,I1K789
100779248,I1M8L4
100779249,K7L2K1
100779250,I1KLR4
100779251,I1KHG3
100779252,A0A0R0GFU8
100779253,C6TEH8
100779254,I1KI20
100779255,C6TDE9
100779256,K7M5V8
100779259,I1KLJ1
100779260,I1KM16
100779263,I1MEC6
100779265,I1MFB5
100779266,I1MIM1
100779268,K7ME51
100779270,I1MD86
100779271,I1KQ73
100779272,A0A0R0G6Q3
100779273,A0A0R0G8I6
100779276,I1MLZ0
100779277,I1KVB1
100779278,A0A0R0IVW0
100779279,C6T886
100779280,I1KY49
100779281,I1MQL5
100779283,K7L475
100779286,I1KRJ9
100779287,I1J8W6
100779288,K7L7D7
100779290,I1J8N1
100779292,I1J9G0
100779294,I1L3P9
100779295,I1MWY9
100779296,I1JB12
100779297,I1MXH3
100779298,I1J5F1
100779299,I1MT00
100779301,K7LGJ2
100779302,I1L1H2
100779303,I1L227
100779304,K7LD71
100779305,K7K2P2
100779306,I1L367
100779307,I1MVR1
100779308,I1L3T9
100779312,I1L694
100779314,I1MS01
100779315,A0A0R0F9Q1
100779316,I1JHK8
100779318,K7MLG2
100779319,I1MVT2
100779321,C6T8C8
100779323,I1JHQ6
100779324,I1JI78
100779326,I1N1T0
100779327,I1JJK1
100779328,I1LC30
100779334,K7MUQ7
100779335,I1N5G3
100779336,K7LK35
100779337,K7LGY5
100779339,C6T967
100779340,K7KEB2
100779341,I1LF07
100779342,I1JNH6
100779344,I1L8C8
100779345,C6TC70
100779346,K7KH59
100779347,I1N001
100779351,C6TIL8
100779355,I1LI96
100779356,I1N9G3
100779358,I1LIR1
100779359,I1LJ84
100779362,I1LK73
100779365,I1N844
100779366,K7MVY3
100779367,C6TI75
100779369,G8FVT3
100779370,I1LGM4
100779372,K7LNC7
100779373,I1NBH2
100779374,K7KLH5
100779375,K7KM58
100779380,C6T787
100779381,I1NG48
100779385,I1NEN3
100779386,I1NF44
100779387,C6TKW2
100779388,K7N3L7
100779390,I1LVC1
100779392,I1LQ04
100779393,I1K5T1
100779395,I1K2W7
100779396,A0A0R0E898
100779397,C6TLH3
100779404,I1K275
100779405,I1LXC2
100779407,I1LXY0
100779410,I1LZU6
100779411,A0A0R0GQ75
100779412,I1M0T5
100779413,I1M1C2
100779414,I1M1R4
100779417,C6TD06
100779418,K7LX74
100779419,C6TG85
100779420,I1K774
100779422,I1KF74
100779423,I1LX37
100779424,A0A0R0GH09
100779425,I1K8M4
100779426,K7KVR9
100779427,K7M829
100779428,I1KD45
100779431,I1MB72
100779432,I1MBM5
100779433,I1KM59
100779434,I1MC30
100779435,I1M6W2
100779436,K7M5L2
100779437,I1KJ52
100779438,C6TDB5
100779439,I1M7A2
100779440,I1KKE4
100779441,A0A1W7GJZ4
100779445,K7L051
100779446,I1KJ56
100779448,I1MEU1
100779452,I1MJ45
100779453,K7M9U5
100779455,I1KZ77
100779456,K7L5E2
100779457,I1KRM3
100779460,I1MLJ1
100779461,K7L7M3
100779463,I1MNU6
100779464,K7LAF0
100779465,C6SXR3
100779466,A0A0R0IWW7
100779467,I1MLM5
100779473,I1JB03
100779474,A0A0R0IUZ9
100779477,K7LDY3
100779479,A0A0R0FTR7
100779482,K7LG31
100779483,I1MTX9
100779485,I1MUC4
100779487,I1MV72
100779488,I1L4C4
100779490,K7LFM5
100779491,I1MR96
100779492,C6TA74
100779494,K7LBR2
100779497,K7LCA5
100779499,I1L0E4
100779500,A0A0R0KYI2
100779501,K7K9Q4
100779502,I1L8Y0
100779504,I1LAT9
100779507,K7K5S8
100779509,I1LDG1
100779511,K7K6H2
100779513,I1N3N3
100779515,K7MV40
100779517,I1JB78
100779518,I1N1G3
100779519,I1LD38
100779520,I1MYY1
100779521,A0A368UII2
100779524,I1JP31
100779525,I1L7M7
100779527,I1JRC6
100779528,A0A0R0HP14
100779530,I1JM15
100779531,K7LI69
100779532,I1L9X1
100779533,K7MQS9
100779534,I1JN48
100779536,I1JKM1
100779537,I1LME7
100779538,I1JRZ3
100779539,I1N8A7
100779540,I1JK76
100779541,I1JKK9
100779546,I1LNG8
100779547,I1NAF8
100779548,I1LGW5
100779549,I1NB01
100779550,K7KL40
100779551,A0A0R0F3E9
100779552,I1LJ16
100779553,K7KIP2
100779554,I1JV05
100779556,I1JWK8
100779559,I1N6P9
100779560,I1JYG6
100779561,I1JYW0
100779564,I1LQM9
100779565,I1JT65
100779566,I1LRQ6
100779567,I1NI73
100779568,K7KJN4
100779569,I1LSL6
100779571,I1NFM6
100779572,I1LUF9
100779573,I1ND82
100779576,K7N4A2
100779577,A0A0R4J671
100779578,A0A0R4J3E2
100779579,K7N5K3
100779583,K7KPH5
100779587,A0A0R0K5J9
100779588,K7KMF6
100779590,A0A0R0JP65
100779591,I1K0H5
100779597,B9MST3
100779598,I1KET7
100779599,I1M3R4
100779601,C6T718
100779602,I1LWJ2
100779607,K7KVB8
100779608,I1M860
100779610,A0A0R0GTX9
100779611,I1M943
100779612,A0A0R0GF25
100779614,I1MAR5
100779615,I1KMK2
100779616,I1M7X5
100779617,C6ZRR2
100779619,I1KNG0
100779620,C6TFK5
100779622,A0A0R0G5X0
100779623,C6T8H0
100779624,C6T623
100779625,K7MB62
100779626,I1MGP4
100779628,I1MI23
100779629,I1MCN1
100779632,I1MDG5
100779634,C6TE00
100779635,I1KUA9
100779636,K7MGA4
100779637,I1MNF1
100779638,I1KWG9
100779639,I1KWZ5
100779640,I1KXK7
100779644,I1KPI9
100779645,K7MFU3
100779647,K7L5A0
100779650,K7K4V0
100779652,I1MNP8
100779653,K7K2S1
100779655,K7K3P5
100779657,I1J932
100779659,A0A0R0LBS8
100779660,A0A0R0I9S0
100779661,I1L567
100779664,C6THD5
100779666,I1L5B8
100779667,K7MP32
100779668,I1MSS0
100779669,K7LBB9
100779672,I1JDN3
100779673,I1L0A9
100779674,A0A0R0KVD3
100779677,I1JFM5
100779678,I1N1E8
100779679,I1N1X0
100779683,I1LEV1
100779686,I1LA04
100779687,K7LJ03
100779689,C6TDX4
100779690,I1MYL4
100779691,I1MYU6
100779692,K7LL04
100779693,I1N2Z5
100779694,I1LE46
100779695,I1N3W6
100779696,I1JMX8
100779697,M9WLV5
100779699,K7LHN7
100779700,K7MPG8
100779702,I1JMK7
100779704,K7MQ42
100779706,I1JQZ9
100779708,I1LHU2
100779710,I1NA19
100779711,I1JK05
100779712,I1NC70
100779713,I1LKP2
100779714,I1N5P8
100779715,C6TFV3
100779716,C7S8C8
100779718,A0A0R0K8G3
100779720,K7LNP3
100779721,I1NCH0
100779724,K7LQ57
100779726,I1LL90
100779728,I1JX20
100779729,I1JY15
100779731,I1JT50
100779732,I1LQT5
100779734,K7LUC2
100779735,I1ND18
100779737,K7LVI6
100779739,I1LU32
100779740,I1K497
100779742,I1NIG2
100779743,I1NIX5
100779744,I1K6K6
100779748,I1K3E9
100779749,C6T743
100779750,K7LT60
100779751,I1K5D3
100779754,I1LY37
100779755,I1K052
100779756,K7LZV9
100779757,I1K0C3
100779759,I1M3G0
100779760,I1LXD2
100779764,I1LZ03
100779765,I1K8L5
100779768,I1KAS9
100779769,I1KB73
100779770,C6TG16
100779771,I1KC49
100779772,C6TGC8
100779773,I1KD75
100779777,I1K790
100779780,I1KB30
100779783,C6TP07
100779785,K7L3U1
100779786,K7M4T4
100779787,A0A0R4J3N1
100779788,I1KI22
100779789,I1KIM3
100779790,I1M918
100779791,I1M7B9
100779792,I1KKZ7
100779793,I1KLJ3
100779794,I1KM19
100779795,K7KYU1
100779801,K7L1V9
100779803,I1MC99
100779805,A0A0R0GGG5
100779807,I1KXZ5
100779808,I1MDE5
100779809,I1KQI8
100779810,I1MLZ1
100779811,K7L7W0
100779812,I1KVW6
100779813,I1MQ52
100779814,I1KY50
100779816,I1MKA0
100779818,I1KNW6
100779820,I1KRK1
100779821,K7K4F6
100779822,K7L6G5
100779823,I1MN89
100779824,I1KUC7
100779825,I1J783
100779826,K7LDQ9
100779827,I1J9G1
100779828,I1J9Z5
100779831,I1L4K8
100779833,K7K1M2
100779834,I1MT08
100779835,I1L755
100779836,I1L229
100779837,C6TH54
100779839,I1L372
100779840,A0A368UGQ3
100779841,I1L3U0
100779842,I1MW79
100779843,I1L4U2
100779844,I1MXT2
100779846,K7LFY0
100779847,I1JGE4
100779848,I1L6P9
100779851,I1JHL1
100779855,I1JH72
100779857,I1JHQ7
100779859,I1JI80
100779860,I1L955
100779862,A0A0R0HV32
100779863,K7K638
100779864,K7LL95
100779866,I1JC31
100779867,K7MUQ8
100779868,C6TL16
100779871,C6TC29
100779873,I1N3F6
100779874,K7KEB5
100779875,I1LF08
100779876,K7KD53
100779877,C6TJK3
100779878,A0A0R0HNZ6
100779879,I1MY82
100779880,K7KH69
100779881,I1L8Q5
100779883,A0A0R0KK28
100779885,I1JQ20
100779892,K7LP67
100779894,I1NBG6
100779895,I1LK74
100779898,K7KDS3
100779900,I1N8I2
100779901,C6TMR5
100779902,A0A0R0EYU7
100779904,A0A0R0EX12
100779905,I1LGA6
100779909,I1JU95
100779910,I1JZ24
100779911,I1LJT1
100779912,I1N6H0
100779913,I1LLM9
100779915,I1JZD4
100779916,I1NG49
100779917,I1NE13
100779918,I1JUY0
100779919,C6TAP6
100779920,A0A0R0EF48
100779921,I1JW69
100779922,C6TNL1
100779923,C6T2K1
100779924,K7N3M0
100779926,I1LVC3
100779927,I1NH52
100779929,I1LPJ9
100779930,A0A0R0HE34
100779931,I1K5T2
100779932,I1NDS3
100779933,A0A0R4J365
100779934,A0A0R0EJ51
100779935,I1JZT6
100779938,A0A0R0KMT0
100779940,C6THE5
100779943,A0A0R0H632
100779945,I1LXH8
100779946,K7LWX4
100779947,I1LXY1
100779948,I1LYG5
100779950,I1LZV0
100779951,I1M0A5
100779952,I1M0T7
100779954,I1M1T4
100779955,K7KU77
100779956,I1M2B6
100779957,I1KA97
100779958,I1M2S6
100779959,I1M399
100779960,I1KCN4
100779962,I1KEA1
100779964,I1KF75
100779966,I1KFR0
100779969,A0A0R0GA14
100779971,I1KD47
100779975,K7M8A3
100779976,I1MC32
100779977,A0A0R0GEN3
100779978,I1M8M3
100779979,I1KJ86
100779980,I1KKE6
100779982,I1KMI5
100779983,I1MAA3
100779985,K7M9X7
100779986,I1KI90
100779987,K7L0V1
100779989,I1MEU5
100779991,K7L8I8
100779992,K7MDW1
100779993,I1KQ30
100779995,K7M9U6
100779998,C6TFG3
100780000,I1KRM4
100780001,I1MDP4
100780003,K7L6L7
100780004,I1KTP8
100780005,I1MLJ3
100780006,I1KUU5
100780007,I1MMY5
100780008,C6TNA5
100780011,C6TCM4
100780012,I1MLM9
100780014,K7K423
100780015,A0A0R0FXY5
100780017,K7K5M8
100780018,K7L7R7
100780020,I1L0U6
100780021,K7K1C5
100780024,I1L6H7
100780025,I1MTY2
100780027,I1MUC6
100780028,I1MUR9
100780029,I1MV74
100780030,I1L4C5
100780032,C6TDE6
100780035,K7ML21
100780040,I1JG54
100780041,I1JGN1
100780043,I1JB59
100780044,K7LJA3
100780045,I1JJ41
100780047,I1JB89
100780049,I1LDG2
100780051,A0A0R0KYZ5
100780052,K7LM76
100780054,I1JEK4
100780055,K7MV43
100780056,I1JF70
100780057,Q3T7D5
100780059,C6T9P8
100780060,I1N2J8
100780062,I1N4N6
100780065,I1N530
100780066,K7KGP3
100780069,I1JM17
100780071,I1JN50
100780072,I1JNK6
100780074,I1JRH0
100780077,K7KH33
100780078,K7MXW2
100780079,I1JK78
100780080,K7KCD7
100780081,I1NAR0
100780082,I1LJP3
100780083,K7LR85
100780084,I1N5Z5
100780085,I1LNG9
100780087,I1NAG1
100780090,I1JU81
100780091,C6TGG1
100780092,I1LJ20
100780093,I1JUK7
100780096,A0A0R0ETU8
100780097,K7KKD3
100780098,K7KL57
100780100,C6TIJ7
100780101,I1JYW5
100780102,I1JT26
100780106,K7LTZ2
100780107,K7N4R4
100780110,C6T9T5
100780111,K7N0Q5
100780112,H9TN50
100780114,I1K2W8
100780117,I1K507
100780118,I1LNQ9
100780119,I1NDH5
100780120,I1K1F0
100780122,I1LQ06
100780127,K7KR49
100780128,A0A0R0JQ04
100780131,K7KNP7
100780134,C6T9Y0
100780135,A0A0R0GYB2
100780137,I1K8D4
100780138,K7LZT9
100780141,K7M2Y9
100780143,K7KSW9
100780144,K7KUG3
100780146,K7KVB9
100780147,K7M8H4
100780148,A0A0R0G7G3
100780149,I1M944
100780150,K7M6X9
100780151,I1MAR8
100780152,K7L3G6
100780154,I1KJT5
100780156,I1KG78
100780157,I1KIT9
100780158,I1MJ44
100780159,K7L1B4
100780160,A0A0R0FUK3
100780161,I1MCT6
100780162,I1MI26
100780164,I1KX93
100780166,I1KQ93
100780167,I1MGL7
100780168,K7MBR9
100780170,I1KUB0
100780171,I1MMH3
100780174,I1MPF6
100780176,K7MF40
100780181,I1KQW2
100780183,I1ML09
100780184,I1KS90
100780185,K7K4V1
100780187,I1MLB7
100780190,I1J7R6
100780191,I1J884
100780194,I1J933
100780196,I1JAG5
100780198,I1L1H6
100780200,I1MXB9
100780201,C3UZD5
100780202,I1L5C0
100780204,I1JD46
100780205,I1MRQ9
100780206,K7LBC0
100780207,I1MVD8
100780208,I1JDN4
100780209,I1MS36
100780210,A0A0R0KVA4
100780211,I1MS61
100780212,C6T7W7
100780213,I1MQX3
100780214,C6T9A5
100780215,I1MSD1
100780217,I1L930
100780219,K7LJN2
100780222,I1LEV2
100780226,C6T8S1
100780227,I1LBL2
100780230,I1LDM8
100780234,I1MZ35
100780235,K7KEJ5
100780236,I1N4A9
100780237,K7KG97
100780238,K7LHN8
100780239,I1MZA3
100780240,K7LI22
100780243,I1JKJ8
100780244,I1JR00
100780245,I1N7R4
100780246,I1LHU4
100780248,K7MYW9
100780249,I1NC75
100780250,I1LKP6
100780251,I1LKX3
100780252,I1N7M4
100780254,C6TEL1
100780256,I1NCH1
100780257,I1N650
100780260,A0A368UIA0
100780261,K7MWJ3
100780263,I1JY21
100780264,A0A0R0H743
100780265,I1LUK8
100780266,K7KI26
100780268,I1NHJ1
100780270,I1LS93
100780271,I1NE73
100780273,I1LTK5
100780275,A0A0R0H7B6
100780276,I1K499
100780279,I1NDG6
100780280,I1K6K8
100780283,K7N1F3
100780284,G0Z352
100780285,I1K3V0
100780288,C6T9U4
100780289,I1J440
100780293,K7KMU1
100780294,K7KNV1
100780296,I1K0K7
100780299,A0A0R0JKI3
100780302,K7LZL0
100780305,I1K969
100780306,I1KAT3
100780307,C6ZRZ8
100780308,A0A0R4J3J4
100780309,I1KC50
100780310,I1M5A7
100780311,I1K730
100780313,K7KSH7
100780314,I1K9G7
100780316,K7KUX4
100780317,I1M833
100780319,K7L2K4
100780320,K7L2U8
100780321,I1KN71
100780322,I1M789
100780323,I1KHK4
100780325,I1KIP9
100780326,K7M5W0
100780327,C6T8K8
100780329,I1KM25
100780330,I1KMZ0
100780331,I1KG82
100780332,K7M9W4
100780335,I1KJG7
100780336,A0A0R4J3M3
100780337,C6TIE0
100780339,K7L855
100780340,I1MIM2
100780341,K7L8U0
100780342,I1MJJ9
100780344,K7MB08
100780345,C6TIC1
100780346,I1MLZ2
100780347,K7L7W1
100780348,C6TKB0
100780350,C6TM06
100780351,I1J5Z1
100780354,I1KRK2
100780355,K7K4F7
100780356,A0A0R0IM08
100780358,I1J785
100780359,F8SMC5
100780361,I1J9G2
100780362,A0A0R4J2N5
100780363,I1L3Q5
100780365,C6TJD2
100780366,A0A0R0IAI6
100780367,A0A0R0FHN8
100780368,I1J5F7
100780369,I1J5E0
100780370,I1L761
100780371,K7LCK9
100780372,C6THU6
100780373,K7LDT2
100780374,I1MVR8
100780375,A0A0R0I9G1
100780376,I1MRC1
100780377,I1L4U3
100780381,I1L6Q0
100780382,I1MS14
100780383,C6T9I8
100780385,I1JHL2
100780386,K7LC17
100780387,K7MLG5
100780391,C6T7F3
100780392,I1MZW3
100780393,I1JHQ8
100780394,I1JI81
100780395,I1JJK5
100780397,I1JC67
100780402,K7MUR0
100780403,C6TML8
100780405,I1LCL8
100780407,I1N3G2
100780408,I1JMN3
100780409,I1LEK1
100780410,I1JNI7
100780411,I1JPT0
100780413,I1JS54
100780414,K7MR26
100780415,I1JP48
100780416,I1JPK8
100780417,C6TBQ2
100780421,I1LI99
100780422,I1N9G7
100780423,A0A0R0HNK2
100780424,I1LJ87
100780426,K7MZM1
100780427,C6T870
100780430,A0A0R0EW82
100780431,I1N8I3
100780432,K7LRM9
100780434,A0A0R0K8V2
100780435,I1LGA7
100780436,K7KKV1
100780437,K7LNC8
100780438,I1NBH8
100780439,K7KLI3
100780440,K7KM59
100780441,K7LPI8
100780442,K7MWS8
100780443,A0A0R0H697
100780444,I1JZD7
100780445,I1NG50
100780446,K7N3N7
100780447,K7KIY5
100780448,I1LR76
100780451,I1NF46
100780452,I1LUW6
100780453,I1NGP4
100780454,I1LVC4
100780455,I1NH57
100780457,I1NHX9
100780458,K7LTV9
100780461,I1K2W9
100780462,I1K4D7
100780463,K7KRQ2
100780465,C6THJ6
100780466,K7KRZ8
100780467,A0A0R4J4R7
100780472,K7M2U7
100780473,I1KDB2
100780474,I1LXH9
100780476,I1LXY7
100780477,A0A368UH77
100780478,A0A0R0JCR2
100780479,I1LZV2
100780480,I1M0A7
100780481,K7M0S3
100780482,I1M1C4
100780483,I1K9R1
100780484,I1M2B9
100780485,I1KAA1
100780486,I1M3A1
100780489,K7LX58
100780490,C6THQ2
100780491,I1KFR3
100780493,K7KVS0
100780494,I1MBE8
100780497,I1M6Q4
100780498,I1MBN1
100780500,I1M6U9
100780502,I1M710
100780503,I1KJ70
100780505,I1M7A0
100780511,K7L0V4
100780512,A0A0R0G6T1
100780513,I1MFT2
100780514,I1MGP5
100780515,K7MDW5
100780516,I1KPT4
100780519,I1MFB6
100780520,K7LAR3
100780521,I1KR39
100780523,C6SVI1
100780524,I1MHN9
100780525,I1KS37
100780526,I1KT81
100780527,A0A0R0ISM0
100780528,A0A0R0FVX5
100780529,I1KUU6
100780530,C6TJE7
100780531,I1MNV2
100780532,K7L948
100780533,I1KP00
100780534,K7K1Z6
100780536,K7MFH1
100780537,K7MG23
100780538,I1J896
100780539,K7K595
100780540,I1KTP9
100780544,I1J8N5
100780546,K7K1C6
100780548,I1L5U7
100780550,K7LG34
100780551,I1MTF9
100780552,I1J667
100780553,C6TFR7
100780554,I1MUS1
100780555,I1MV75
100780556,I1L4C8
100780557,K7MN51
100780558,I1L5S5
100780559,I1JCY3
100780563,K7ML22
100780564,I1JIZ8
100780565,I1L1T7
100780566,I1JJP1
100780567,I1L2F0
100780568,I1JBK1
100780569,I1JB50
100780570,I1JGN3
100780572,I1JIN6
100780574,I1JJ44
100780576,I1JB91
100780579,K7K6H4
100780580,K7LM79
100780582,I1N4T9
100780583,I1JCF9
100780584,K7K8N1
100780585,I1N1G8
100780586,I1MYU7
100780587,I1L803
100780589,I1LFF9
100780593,K7MVB6
100780594,K7KGP4
100780597,I1JM18
100780600,K7MQT1
100780601,K7KEP4
100780602,I1JNK7
100780604,C6SV94
100780605,I1LHL3
100780607,I1JRZ7
100780608,I1N8B0
100780609,K7KC19
100780611,C6TG36
100780612,I1NAR1
100780613,I1LJP6
100780614,C6TFQ6
100780615,I1N8X6
100780616,I1LNH5
100780618,I1N641
100780620,C6TGF0
100780621,I1JXG7
100780622,I1NC02
100780623,K7LP35
100780624,I1JSE0
100780625,I1N5K0
100780626,I1JSF5
100780628,I1JWL1
100780629,I1JXJ6
100780631,I1N7F6
100780632,C6TI89
100780633,I1JYW6
100780634,A0A0R0K2P3
100780636,I1JUB7
100780637,K7KJ99
100780638,I1LRR2
100780639,A0A0R0EP66
100780640,I1LP35
100780641,A0A0R0H600
100780643,K7LW27
100780644,I1NG47
100780646,K7LSF3
100780647,I1K511
100780649,I1K1F1
100780653,I1K2F1
100780658,A0A0R0K5W0
100780660,A0A0R0JQV4
100780661,K7M0A6
100780662,K7KNP9
100780663,I1K1Z6
100780664,K7M1I2
100780666,I1M5F7
100780668,A0A0R0GXG4
100780669,A0A0R0JUQ7
100780671,I1M3R5
100780672,K7M2Z0
100780673,I1M4T8
100780674,I1M5Q9
100780675,I1LVT7
100780678,I1KA62
100780680,I1KBS0
100780682,I1K7V1
100780683,I1MBZ8
100780684,I1M8L8
100780686,K7M6Y4
100780688,I1MAR9
100780689,K7L3G9
100780694,K7M9U3
100780695,A0A0R0G610
100780697,C6TLA6
100780698,I1MG87
100780699,K7MCN6
100780700,A0A0R0G1U5
100780702,I1KYI2
100780703,K7MBE6
100780704,K7MBS2
100780705,I1KSK4
100780706,I1KUB2
100780707,I1MMH4
100780709,I1KWH2
100780711,I1KXL2
100780715,I1MKP2
100780720,A0A0R0IQ79
100780721,C6TH94
100780723,C6TGL4
100780726,I1J886
100780727,K7MIZ2
100780728,K7LDJ0
100780729,K7K1C7
100780731,C6T871
100780733,I1L578
100780734,C6TD39
100780736,I1MRI4
100780737,I1L5C1
100780738,I1MXT3
100780739,I1MRL9
100780740,K7K9Q2
100780741,I1MSS1
100780743,K7KAT3
100780744,I1MVD9
100780745,I1L074
100780746,I1JDN6
100780747,A0A0R0FEH9
100780750,I1JEN9
100780752,C6T944
100780758,A0A0R0I3R5
100780759,I1LEV6
100780760,I1JE25
100780762,I1LAI6
100780763,C6TJ94
100780764,C6TCS7
100780765,I1N120
100780766,I1LDN0
100780767,A0A368UHU9
100780770,I1N3W7
100780771,A0A0R0KHR7
100780772,I1LF10
100780773,C6TEU4
100780774,A0A0R0KFI1
100780775,I1L8D5
100780777,I1L8H7
100780778,I1JML1
100780779,I1MZL0
100780781,I1N6T6
100780782,A0A0R0HA65
100780784,K7MYX1
100780785,I1JLK0
100780786,I1NC79
100780787,C6TME8
100780788,I1LG98
100780789,I1N7M7
100780790,I1LLH3
100780794,I1JRW5
100780795,C6TJM5
100780798,I1JW26
100780800,K7MWJ4
100780801,I1JX24
100780802,I1LH91
100780805,A0A0R0EKE3
100780806,A0A0R4J4R5
100780807,I1JTR1
100780809,I1NHJ3
100780811,I1LS94
100780813,Q00M81
100780817,I1LU34
100780819,C6TM21
100780820,A0A0R0EP65
100780821,I1NIY1
100780823,I1JZI3
100780824,I1LQ43
100780826,E5RPJ6
100780827,I1K3V5
100780830,K7K0S1
100780831,I1K5D9
100780833,I1LY42
100780834,I1K055
100780835,I1LZF5
100780838,K7LY15
100780840,I1KDF9
100780841,I1K8F8
100780844,I1KF96
100780845,I1K970
100780847,K7KUT1
100780848,I1KB76
100780849,A0A0R0J9W7
100780850,I1K6Z2
100780851,K7M3M5
100780852,K7KWD0
100780853,A0A0R0JLU8
100780855,I1K7A3
100780856,K7KTZ8
100780857,I1M9M3
100780858,I1KLA3
100780860,I1M791
100780861,I1KHK5
100780862,I1KI39
100780863,I1KIU7
100780865,A0A0R0J664
100780869,I1KHP6
100780872,I1KK44
100780873,I1MFC4
100780875,I1MH70
100780876,I1KVU2
100780877,I1MIM3
100780879,I1MJK2
100780880,I1KPS1
100780881,K7M9E2
100780884,I1KQJ4
100780885,D4P3K3
100780886,C6TAW8
100780887,K7L881
100780888,I1MQ59
100780890,I1MKA2
100780891,K7K374
100780892,I1KP28
100780893,A0A0R0IKR4
100780894,I1KRK8
100780895,K7K4G2
100780897,I1MN91
100780898,K7L7E0
100780899,I1J786
100780900,A0A0R4J3Y4
100780901,K7LDR9
100780902,I1J9G3
100780903,I1J9Z6
100780908,K7K1N0
100780910,I1MTY4
100780911,I1L234
100780912,I1L2M5
100780913,K7K1V0
100780914,I1L386
100780915,C6T9G1
100780916,I1L3V7
100780917,K7MMI9
100780918,K7LF08
100780919,I1JG49
100780920,C6TEM4
100780921,I1JD16
100780922,C6TGF9
100780924,A0A0R0IEJ8
100780925,I1MTG4
100780926,I1JHL4
100780927,K7LC18
100780930,I1JH79
100780932,C6T831
100780933,I1MZY7
100780934,C6TDC0
100780937,I1L9D7
100780938,K7MTF4
100780939,I1JD17
100780940,I1JDL1
100780943,I1LC37
100780944,I1LCL9
100780946,I1N3G3
100780948,I1LEK4
100780951,I1L8D1
100780952,I1MY83
100780953,K7KH72
100780954,I1MZD4
100780955,K7MQL7
100780958,C6TKX1
100780959,C6TFV1
100780962,I1LN32
100780965,I1LFY7
100780968,K7MZM3
100780970,K7KDS5
100780971,K7MXQ9
100780972,K7LRN0
100780975,K7LML5
100780976,I1JU62
100780977,K7LNC9
100780978,I1NBI0
100780979,I1JY39
100780980,K7KM60
100780983,K7LN66
100780985,I1JZD9
100780987,I1NGR6
100780988,I1JUY3
100780989,C6TD23
100780991,I1NF47
100780992,I1LUW7
100780994,K7KPM1
100780995,I1LVC8
100780996,K7N3Z8
100780997,I1NDC1
100780998,I1K3J4
100780999,I1LQ13
100781000,I1NHY1
100781001,K7LTV3
100781002,I1K5T7
100781003,I1LS51
100781004,I1K2X2
100781005,C6SYT6
100781006,I1K5X7
100781008,I1JJX3
100781009,I1K6D1
100781010,I1LYP9
100781012,K7M0N4
100781013,K7M206
100781015,C6TFY4
100781016,I1LXI0
100781017,I1KDK2
100781018,I1LVJ3
100781020,I1LYH1
100781021,K7M071
100781022,I1M0U1
100781025,I1K9R3
100781026,K7M1P8
100781028,I1M3A3
100781029,I1KCN8
100781030,I1KDP7
100781032,I1KF81
100781033,I1LX46
100781034,I1KFR4
100781036,I1K8N3
100781040,I1MB76
100781041,I1MBN3
100781043,C6TH12
100781044,I1M660
100781048,I1KKE9
100781050,I1KMJ3
100781051,K7M740
100781053,K7MD65
100781055,I1MCG5
100781056,I1MFT3
100781059,I1KWA8
100781060,A0A0R0G614
100781062,K7M9U8
100781066,C6TB96
100781070,I1KS38
100781072,K7L6M3
100781073,C6T7R1
100781074,I1KUU7
100781075,I1MMY9
100781076,C6TEY0
100781077,I1KYS1
100781079,A0A0R0FX78
100781082,I1KTQ0
100781083,K7K5N0
100781084,A0A0R0IW52
100781085,I1MLD5
100781087,I1L0U9
100781089,I1J4Y6
100781090,K7MP06
100781091,K7LFP3
100781092,K7LG40
100781093,I1MTG1
100781094,I1L1H5
100781095,K7MJE4
100781096,I1MUS2
100781097,K7MLP8
100781098,I1L4D3
100781100,I1L5T1
100781101,K7K9D1
100781102,I1MRN2
100781103,K7KA01
100781104,K7LBR4
100781106,K7KB94
100781108,I1JJP3
100781110,I1JFN0
100781111,A0A0R4J2Q3
100781113,K7KB27
100781114,I1L977
100781115,I1JJ46
100781117,I1JB92
100781120,I1JCH3
100781123,K7LIG5
100781124,I1JEL1
100781125,K7MV45
100781126,I1JCH9
100781127,I1MYP4
100781128,I1N1Y9
100781129,I1LD52
100781130,A0A0R0FAU9
100781131,C6TMA3
100781132,C6TDE3
100781133,I1L7N0
100781134,I1N534
100781137,C6T903
100781140,K7MQT2
100781141,I1JN56
100781142,I1JNK9
100781145,I1JQJ7
100781147,I1N6V6
100781148,I1JKN1
100781150,I1JK81
100781151,I1JJZ0
100781153,K7MZA2
100781154,I1LM14
100781156,I1N9Z6
100781158,A0A0R0EXX1
100781159,A0A0R0HLR8
100781161,I1JXG9
100781163,I1JUK6
100781168,I1JXJ7
100781170,I1JY24
100781173,A0A0R0K2N4
100781174,A0A0R0K2Q6
100781175,I1NFK5
100781177,A0A0R0K4Y1
100781179,I1LRR3
100781180,A0A0R0ER00
100781181,I1JTH0
100781182,C6TDN0
100781183,I1LT53
100781185,I1NG45
100781186,I1K2X3
100781189,K7LST9
100781191,C6THV7
100781193,I1K2F2
100781196,I1K4X0
100781197,K7KMG0
100781198,K7KN68
100781199,I1M053
100781208,I1KFV0
100781209,I1M3S3
100781210,I1M4A0
100781211,K7M3C6
100781212,I1M5R2
100781215,I1K7W4
100781216,A0A0R0JF98
100781217,I1M7W5
100781218,I1KBS1
100781219,I1M690
100781222,I1M8M4
100781223,I1M946
100781224,A0A0R0GDM8
100781226,A0A0R0GEW3
100781227,A0A0R0J569
100781228,K7M582
100781229,C6TAU9
100781231,A0A0R0GNL3
100781232,I1KNG6
100781237,K7L1B5
100781238,A0A0R4J583
100781239,I1MI30
100781242,A0A0R0G114
100781243,I1KRN0
100781244,I1KSP3
100781245,I1KUB3
100781246,I1MMH6
100781247,I1MNG0
100781248,I1KWH3
100781249,I1MKD2
100781250,I1KXM1
100781251,I1KY57
100781253,I1KHW9
100781256,I1MM30
100781260,K7MGG0
100781261,K7L629
100781263,A0A0R0FV75
100781265,I1J6R3
100781267,I1J7S5
100781270,K7K4J0
100781271,A0A0R0FHZ4
100781272,I1JAG8
100781274,A0A0R0IHF5
100781275,I1MT11
100781276,I1MXC3
100781277,A0A0R4J419
100781278,K7MNT5
100781279,I1JGM5
100781280,K7LBC1
100781281,K7KAT6
100781283,I1JDN7
100781284,I1MS37
100781285,I1MS62
100781286,K7K801
100781288,I1JF51
100781289,K7MP80
100781290,I1LAH7
100781291,A0A0R4J2S7
100781292,K7LJN3
100781293,K7LKG7
100781294,I1LEV7
100781295,I1N359
100781296,K7K7K6
100781297,I1LAJ3
100781298,A0A0R0HTG9
100781299,I1LBL6
100781300,I1N122
100781301,C6TE98
100781302,C6TCX5
100781303,K7KE27
100781304,K7LL99
100781305,I1N3X4
100781306,I1JMY9
100781307,C6TNU6
100781311,I1JK97
100781314,I1JR04
100781316,C6TD30
100781317,K7MY86
100781319,I1NA26
100781320,K7N033
100781321,I1LKP9
100781323,I1LL00
100781324,K7MXC2
100781326,I1JSB8
100781327,I1LN03
100781329,I1NCH4
100781330,I1N651
100781333,A0A0R4J354
100781335,K7LQS0
100781337,I1LTX8
100781338,K7KI29
100781340,I1LP11
100781341,I1NE76
100781343,K7N2C4
100781345,I1JTR7
100781347,I1K4A1
100781350,I1NIY6
100781353,C6T772
100781355,I1NDX2
100781356,I1K3F4
100781358,I1KEN8
100781364,I1K0C4
100781365,K7M120
100781370,A0A0R0JRI3
100781372,I1LZ12
100781375,I1K973
100781376,I1M2S8
100781377,I1KAT6
100781378,I1KBQ5
100781379,I1KC56
100781380,I1LWG7
100781381,I1KD81
100781382,I1K7B2
100781383,I1LWL6
100781384,I1K7A5
100781388,I1M834
100781389,Q00M68
100781390,I1M9M6
100781392,K7L2U9
100781396,A0A368UJC9
100781398,I1KL02
100781400,C6TM74
100781401,C6TD10
100781403,I1KGC3
100781406,I1MFD0
100781407,I1KKG3
100781408,G3E7N1
100781410,K7L8U1
100781412,C6THQ9
100781413,I1MDE6
100781414,A0A0R4J3V7
100781416,C6TCF4
100781418,I1KTQ4
100781419,I1MLZ6
100781420,C6SZA4
100781421,I1KX04
100781422,C6TF16
100781423,K7MJ07
100781424,K7MEN3
100781426,K7L479
100781427,I1KQ94
100781428,I1KRK9
100781430,I1KT03
100781433,I1J787
100781435,K7K4R4
100781436,I1J9Z9
100781438,I1J490
100781439,I1L4L5
100781440,I1J5G7
100781442,I1L763
100781443,K7MKZ3
100781444,I1L235
100781445,I1L2M6
100781446,I1J6N3
100781448,A0A0R4J443
100781449,C6T841
100781451,I1L697
100781453,I1L6Q4
100781455,I1KZV9
100781458,I1L017
100781460,I1MRZ9
100781461,I1L0B1
100781463,I1JG59
100781464,I1JH80
100781465,I1L903
100781469,K7KBN3
100781470,I1LC48
100781471,K7K640
100781473,I1JD18
100781475,A0A0R0F8V4
100781476,K7K8D0
100781477,C6THW7
100781479,A0A0R4J433
100781483,I1LEK6
100781484,K7LLV5
100781485,I1JNK0
100781486,I1JPT1
100781487,I1L8D2
100781488,I1MZ94
100781489,K7KH74
100781491,I1N0D3
100781494,I1JP51
100781496,I1JPL2
100781497,C6TAL3
100781501,I1LIA8
100781503,I1LIR5
100781504,I1LJ90
100781508,I1LK76
100781509,E3WC99
100781510,I1N8J0
100781512,I1N8X8
100781513,I1N9H0
100781515,I1LGB4
100781517,I1LFN3
100781518,K7MZM9
100781521,K7LPJ3
100781522,I1JWL3
100781525,I1JT28
100781527,A0A0R0EBR2
100781528,I1LR80
100781529,K7N570
100781531,I1NF48
100781532,I1LPD1
100781533,A0A0R0HKZ6
100781534,I1NGP9
100781535,I1K2K9
100781537,I1NH59
100781538,C6TD68
100781540,I1LQ16
100781541,I1NHY5
100781542,I1LPN3
100781543,K7KRM5
100781544,I1LS52
100781545,I1K2X5
100781547,I1K4E8
100781548,C6T9X1
100781551,I1K6D2
100781552,A0A368UH82
100781553,K7KND2
100781554,I1M0P8
100781555,K7M209
100781557,I1M427
100781563,I1K8N0
100781564,I1LZV9
100781565,I1M0U5
100781566,I1M1C7
100781567,C6T6C4
100781568,I1K9R6
100781569,I1M2C2
100781571,I1M3A7
100781572,I1KCP0
100781573,I1KDP8
100781575,K7KY82
100781577,I1KFR6
100781579,I1M803
100781580,K7KVS7
100781581,K7M833
100781583,I1M647
100781584,I1MBN8
100781585,I1KM70
100781586,I1MC38
100781587,I1M6K2
100781588,I1M8M9
100781590,C6TEN9
100781592,I1KKF4
100781593,K7M6N1
100781595,I1KGB0
100781596,A0A0R0J4K3
100781597,K7L0V6
100781598,K7ME58
100781599,C6TD87
100781602,C6THC0
100781603,I1MHN1
100781607,I1MDA2
100781609,I1MER2
100781610,A0A0R0G7N3
100781612,C6TIG0
100781613,I1MHE9
100781614,A0A0R0G3N8
100781615,C6T9W3
100781617,I1KT86
100781618,K7MFE5
100781619,I1KUU8
100781621,K7MHI8
100781622,I1KYS4
100781623,K7K326
100781627,A0A0R0LBQ9
100781628,I1ML44
100781629,I1JAB4
100781630,K7L703
100781631,K7K5N1
100781632,K7L7S1
100781634,C6TE24
100781635,I1MQY0
100781636,I1MSR1
100781637,K7LFP7
100781639,I1MTG2
100781642,A0A0A7DYE7
100781643,I1MUS3
100781644,I1MV80
100781646,K7MJL1
100781647,I1L5T5
100781648,K7MP36
100781652,K7ML24
100781655,K7KBR1
100781657,I1JGP0
100781658,I1L7F8
100781659,I1JIN7
100781660,K7LJA8
100781663,K7K5T4
100781666,I1JCH4
100781668,A0A0R0ETL8
100781669,C6TJJ7
100781670,I1JEL4
100781671,K7MV46
100781672,I1N1H4
100781673,I1N1Z0
100781674,K7LKQ2
100781675,A0A368UHH9
100781676,I1LFG4
100781679,I1L7N5
100781680,K7MVB9
100781682,I1L9B8
100781683,I1MZK9
100781684,I1JM24
100781689,I1JNL6
100781692,I1JQJ8
100781693,I1JRH4
100781694,I1JRZ8
100781696,K7KC24
100781697,I1JKR9
100781698,K7MZA3
100781699,I1LM17
100781700,C6TBL1
100781702,I1NAH8
100781703,I1LGN9
100781704,K7MZD8
100781705,I1JXH3
100781706,I1NC10
100781707,I1LJ27
100781708,I1JUL1
100781710,I1JV14
100781713,A0A0R4J368
100781715,K7KLG9
100781716,K7MX54
100781718,I1JYX0
100781719,K7KHR6
100781720,I1LUL1
100781722,K7LWH6
100781723,A0A0R0KCY3
100781725,C7G303
100781727,I1JTH1
100781728,I1LT56
100781730,I1NG55
100781731,I1K2X4
100781733,K7N4X5
100781734,K7KR77
100781736,I1NCW2
100781737,I1K1F7
100781742,C6TH11
100781743,A0A0R0JVZ4
100781745,I1K4X3
100781746,I1K5D8
100781747,K7KMG4
100781748,K7M0A8
100781749,K7KNQ7
100781751,K7M1I6
100781752,I1M5G4
100781755,K7KXX4
100781757,K7KYN1
100781758,I1M3S6
100781759,I1M4A3
100781760,I1M4U1
100781761,I1M5R8
100781764,I1K7W6
100781766,K7M568
100781768,K7M7S4
100781769,K7KW11
100781770,I1M8M5
100781773,I1KKZ5
100781774,I1MAS1
100781777,I1KJU3
100781778,I1M9N4
100781780,I1KNG9
100781782,I1KIV0
100781783,I1KGP6
100781784,I1MG91
100781785,K7M940
100781786,I1MD02
100781789,K7LAB5
100781791,I1KRN3
100781792,I1KSK1
100781793,K7L7C6
100781795,C6T630
100781796,I1KWH6
100781797,I1MPG5
100781798,K7L9N1
100781799,I1KY58
100781806,I1KP71
100781807,I1KSB0
100781810,K7MHF7
100781811,I1J6R9
100781813,C6TM20
100781817,I1J544
100781819,I1L118
100781821,K7K2J9
100781822,A0A0R0FE22
100781823,I1MXC8
100781826,K7MK75
100781827,I1L092
100781830,K7LCJ5
100781831,C6TJ78
100781833,I1JEP2
100781835,I1JF56
100781836,I1N1F2
100781838,I1JI87
100781840,K7MQD2
100781842,K7LKG8
100781844,I1JE34
100781845,I1LAJ4
100781846,A0A0R0I1I9
100781847,C6TIB0
100781848,C6T8W8
100781849,K7LL10
100781850,I1LE54
100781851,I1MYB2
100781852,A0A0R0KI11
100781853,C6T721
100781857,K7LI24
100781858,K7KE92
100781860,I1N1C1
100781861,K7KGI0
100781864,K7MY87
100781865,A0A0R0F0K6
100781866,I1NC83
100781867,K7LMA2
100781869,I1LL49
100781872,K7KKB7
100781873,A0A0R0HVT6
100781874,I1LIC2
100781875,K7N091
100781878,A0A368UK90
100781879,I1JW29
100781880,I1N6F3
100781884,K7N2I0
100781887,K7N4B1
100781888,C6T8V0
100781889,C6THM4
100781890,I1NE78
100781892,C6TKG0
100781893,A0A0R0H6F0
100781894,I1JWA3
100781896,K7LTF8
100781897,I1NIY9
100781899,I1ND84
100781900,I1K1Z7
100781906,I1J446
100781908,I1LY44
100781909,I1K057
100781912,K7M123
100781915,A0A0R0H5Z4
100781919,I1LZ13
100781921,K7KY87
100781922,C6TI54
100781923,A0A0R0H2Z4
100781924,I1KAU1
100781925,I1KB84
100781926,I1K6X4
100781927,K7KVK2
100781928,K7M3M7
100781929,I1KD82
100781930,I1K7B5
100781931,I1LWN4
100781933,I1K7J6
100781934,A0A0R4J3H8
100781936,K7KUY3
100781938,C6TFM0
100781940,I1KLS0
100781944,I1KIQ3
100781946,I1KL06
100781947,I1KLJ8
100781948,I1KM30
100781949,I1KMJ5
100781950,C6TFA3
100781955,I1KJH1
100781956,I1KGR7
100781957,I1MFD1
100781958,I1KKG4
100781959,I1MH73
100781961,I1KPR3
100781962,I1MJK8
100781964,I1MDE7
100781965,I1KY01
100781967,I1KQJ6
100781968,I1KTQ5
100781969,C6TI99
100781970,I1KVX6
100781971,I1KX07
100781972,I1MQ65
100781973,I1MQM1
100781977,K7L4Y7
100781978,I1KP88
100781979,I1J8Y3
100781980,I1KT05
100781981,A0A0R0FYR2
100781982,K7L7E1
100781983,A0A0R0FYQ0
100781984,A0A0R0LIP5
100781986,K7K1C2
100781987,I1L0S0
100781989,I1JA04
100781992,K7LEU8
100781993,A0A368UGU2
100781994,K7K1N3
100781996,I1L158
100781997,I1MTZ1
100781998,C6TKE9
100782000,I1L387
100782001,C6TNV4
100782003,I1L698
100782004,I1MRP6
100782006,I1MRW2
100782007,I1JD84
100782008,I1L1D4
100782009,I1MUT1
100782011,I1JE49
100782012,K7LD54
100782014,K7K627
100782016,I1JHR1
100782018,I1N014
100782019,I1JC17
100782020,I1L9A2
100782023,I1JD22
100782024,I1JF76
100782025,I1N0K2
100782027,I1LC39
100782028,I1LCM4
100782030,A0A0R0F2V7
100782031,I1JMN6
100782033,I1L872
100782035,I1JPT2
100782038,I1N012
100782039,I1N0D5
100782042,I1JP54
100782043,I1MZN6
100782044,A0A0R0KS92
100782045,I1JQ29
100782046,I1LHG7
100782047,I1LHJ3
100782048,I1LN35
100782049,K7LNP0
100782051,C6THR6
100782052,A0A0R0KFB7
100782053,I1LJQ0
100782055,I1LK79
100782058,G7Z0A6
100782059,I1N8J1
100782060,I1LML4
100782061,I1N9H1
100782063,I1N9Z8
100782066,I1LHM3
100782067,I1NBI4
100782069,I1JZ44
100782070,K7LPJ4
100782071,I1JWL6
100782073,I1JZE2
100782075,I1NGS9
100782076,I1JUY4
100782077,K7LTN4
100782080,A0A0R0K7S9
100782082,I1LUX2
100782083,I1NGQ1
100782087,I1NHK2
100782089,I1NHY7
100782093,I1K2X6
100782096,I1K5Y5
100782098,C6TLN1
100782099,A0A0R0GWX3
100782101,I1M2S4
100782104,A0A0R0GKR5
100782106,K7LYU8
100782107,K7LZ93
100782109,I1LZW1
100782110,A0A0R0H0L0
100782111,I1M1C9
100782113,I1K9R7
100782114,I1M2C3
100782116,A0A0R0GV74
100782117,I1K777
100782119,I1KF87
100782120,K7LXW0
100782128,K7M4E9
100782134,I1KGE6
100782135,I1KJ68
100782136,I1MEV1
100782137,C6THU1
100782138,I1MGP9
100782139,I1MHN2
100782140,A0A0R0IRR3
100782142,I1KWY6
100782143,I1KXL7
100782144,I1MER3
100782145,I1MFC9
100782146,I1KZ97
100782147,I1KR42
100782148,I1MHF0
100782150,I1KS47
100782151,I1KT88
100782152,A0A0R0IPF0
100782153,I1KVB6
100782154,C6TIJ5
100782155,C6TJQ0
100782156,I1J729
100782157,A0A0R0IXF8
100782161,A0A0R0LBF6
100782164,I1KTQ8
100782165,K7K5N2
100782166,I1KV07
100782167,K7MIK6
100782168,I1J887
100782172,S4UQS6
100782175,I1L6J3
100782176,I1MTG3
100782177,I1L1I7
100782178,C6TGJ1
100782179,C6T8U6
100782180,K7MLQ3
100782182,K7MN65
100782183,K7MNT6
100782185,I1MRA4
100782187,I1L0W3
100782188,I1MU52
100782189,K7KB99
100782193,A0A0R0L540
100782194,I1JGP6
100782198,C6TCW0
100782199,K7K5T6
100782200,K7MT07
100782202,I1JCI2
100782203,I1LFL0
100782204,K7MUA4
100782205,I1JEL7
100782207,I1JCI0
100782208,I1N1H5
100782209,I1MYU8
100782211,I1N2K4
100782212,I1MZ05
100782214,I1MZ64
100782217,I1N535
100782218,I1JRE3
100782220,I1MZL2
100782221,I1JK68
100782224,I1JKB3
100782225,I1JNL8
100782226,I1L8V0
100782228,I1JQK1
100782229,I1JRH5
100782231,I1JRZ9
100782232,K7MXW3
100782237,I1LNI1
100782238,A0A0R0K980
100782239,I1N643
100782240,K7LMB0
100782241,I1NAX4
100782242,I1JU82
100782243,I1NC11
100782245,A0A0R0K5D1
100782246,A0A0R0EG62
100782247,I1JV15
100782248,I1LGW3
100782252,I1N6Q0
100782253,I1JYH5
100782254,K7KM14
100782255,I1LUL4
100782256,K7N2X6
100782258,I1JUC5
100782260,K7LTZ8
100782262,C6T9U8
100782264,K7LVV1
100782266,I1NG63
100782268,I1NIG5
100782270,I1LRW2
100782271,A0A0R0EGN5
100782272,I1K1F8
100782277,I1NE44
100782279,I1KSA8
100782281,I1K4X4
100782282,C6T9V9
100782283,K7KMG7
100782284,I1K1N6
100782285,I1M219
100782286,I1K2F3
100782291,I1LW36
100782293,K7M2P3
100782296,I1M5S0
100782299,I1K7W7
100782301,K7M7B8
100782302,K7KVC9
100782303,I1MAZ7
100782305,C6SYM3
100782306,I1M8N2
100782307,A0A0R0GIQ7
100782308,F5HQF1
100782309,I1MAS2
100782310,I1KHE4
100782313,I1KJU5
100782320,I1MJ49
100782322,I1MG92
100782323,I1MI35
100782325,I1MCR3
100782327,I1KYI9
100782330,I1KRN4
100782332,A0A0R4J3U8
100782333,C6SYZ4
100782334,C6TBL7
100782335,A0A0R0IX16
100782337,I1KNW3
100782338,G0T427
100782340,K7MF54
100782341,I1KPK7
100782342,A0A0R0FVG1
100782344,I1KQW5
100782345,I1MKX6
100782347,I1KPA4
100782351,I1J6S0
100782353,C6TCS4
100782354,A0A0R0G1G0
100782355,I1J937
100782357,A0A0R0I3N7
100782360,C6TFH4
100782361,K7LF15
100782362,I1JCS7
100782363,I1L5D0
100782364,I1JGM8
100782365,I1MST0
100782366,I1L094
100782369,C6T9Q6
100782372,K7K806
100782374,C6SYX2
100782376,C6TNL5
100782377,A0A0R0KY07
100782379,I1N296
100782380,I1LCQ9
100782382,K7MTR4
100782383,K7K7L0
100782384,K7MUS2
100782385,A0A0R0I3A2
100782386,I1LB20
100782387,I1LBM1
100782388,I1MYL5
100782389,C6TBL4
100782391,I1LE59
100782392,I1JMZ2
100782393,I1N4C0
100782396,I1L909
100782397,K7MPH2
100782398,I1L9K4
100782399,I1JK99
100782401,I1JR09
100782402,I1N6T7
100782403,I1LHV3
100782404,K7MY91
100782407,I1LKQ4
100782408,A0A0R0HTT4
100782411,I1N5I6
100782413,I1LN08
100782414,I1LIE2
100782415,K7N093
100782419,C6TCI4
100782423,I1LQU6
100782425,I1LS96
100782426,I1NE79
100782429,K7KK42
100782430,I1K4B1
100782431,I1LQY5
100782432,I1NIZ1
100782433,K7KS48
100782436,C6TFQ3
100782441,I1LX24
100782442,I1K029
100782443,K7LZW2
100782444,K7KNV6
100782445,I1M1E0
100782447,A0A0R0H450
100782448,I1M4S0
100782449,I1K860
100782450,I1LZ18
100782451,C6TGZ5
100782453,I1K978
100782454,I1M2T3
100782455,K7KUT7
100782456,I1KB85
100782457,I1KBR3
100782458,K7KVK4
100782459,I1KCP1
100782461,I1KD84
100782462,I1KEC7
100782464,K7KYK3
100782466,I1K9H2
100782468,K7KSS9
100782471,K7L2K6
100782472,I1MB75
100782473,I1KLS6
100782474,K7L3U8
100782476,I1KHL0
100782478,I1KKF5
100782480,I1KM34
100782481,K7L3F8
100782483,I1ME36
100782484,K7KZQ6
100782488,I1MCQ9
100782489,I1KVU7
100782491,I1MD35
100782492,C6THI4
100782495,I1MDE9
100782498,K7MB15
100782499,I1KQJ7
100782501,I1MJZ3
100782502,I1MM02
100782504,A0A368UHU5
100782506,I1MQM2
100782507,I1KYS6
100782510,I1KNX2
100782512,K7L5M6
100782520,C6T6Z9
100782521,I1JA06
100782524,I1MXI7
100782527,I1J614
100782529,I1MTZ8
100782530,I1L241
100782531,I1L2N9
100782532,C6T829
100782533,I1L3W9
100782534,A0A0R0FFH7
100782536,K7MP39
100782537,I1L6A1
100782539,I1L6R1
100782540,I1MS24
100782541,I1L786
100782546,I1MS00
100782548,I1JE51
100782549,I1L2L1
100782551,K7KA44
100782555,I1JJL2
100782556,A0A0R0I5G9
100782558,I1LE57
100782561,A0A0R0KUG6
100782562,I1LA26
100782563,I1JF81
100782564,I1MYI6
100782565,K7K6K1
100782566,A0A0R0I2D9
100782567,A0A0R0HW29
100782568,K7MU20
100782569,I1LEK8
100782572,I1JPT5
100782576,I1MZJ1
100782577,I1L8Q6
100782579,I1JKE3
100782580,I1JPL4
100782581,I1JQ35
100782583,K7LRX9
100782585,I1LIS1
100782586,I1LJ93
100782588,I1LJQ2
100782590,I1LG52
100782591,A0A0R0KF36
100782592,I1JLX8
100782593,C6TN19
100782594,I1N8J5
100782598,K7MYU5
100782600,I1JX53
100782602,A0A0R0ERZ1
100782603,A0A0R0KB44
100782606,I1JSR0
100782607,I1LH58
100782608,I1N6H2
100782611,A0A0R0KCS5
100782612,I1NG53
100782613,K7N3P7
100782614,I1JUY9
100782615,I1LR87
100782617,K7LUL6
100782618,I1NF52
100782619,K7LWC5
100782620,I1NGQ3
100782621,C6TM47
100782625,I1LQ19
100782626,C6TN60
100782627,A0A0R0HCQ2
100782628,K7KRM9
100782629,A0A0R0H4U8
100782631,I1K2X7
100782632,A0A0R0EJ23
100782634,I1K5Y7
100782635,I1LWY2
100782637,I1K6D5
100782638,I1LX43
100782644,C6TLT9
100782645,I1LXZ6
100782646,I1LVZ0
100782648,I1LZW3
100782649,I1M1D0
100782651,I1K9R9
100782652,I1KAA7
100782653,I1M3A9
100782654,I1LW83
100782655,I1KF89
100782656,I1LWQ5
100782658,K7M7F0
100782659,I1K7S9
100782660,I1MBF3
100782663,A0A0R0GFN5
100782664,K7L356
100782665,I1MC45
100782666,I1M6L1
100782670,I1M7F0
100782672,A0A0R0J100
100782673,K7ME59
100782674,I1MEV4
100782675,K7MAX6
100782678,I1KPW7
100782679,I1MER7
100782680,I1MFD7
100782681,I1KZ98
100782682,I1KR44
100782685,I1MI06
100782686,I1KT90
100782687,A0A0R0IYQ0
100782688,I1KVC1
100782689,I1MN10
100782690,A0A0R0G0H4
100782692,I1KP14
100782693,K7MFH9
100782694,I1J7M5
100782695,I1MKT1
100782696,A0A0R0LLZ2
100782697,K7L711
100782699,K7L7S2
100782700,I1MLF6
100782702,C6TMB1
100782704,I1J4Y9
100782706,I1MT15
100782709,A0A0R4J5L8
100782710,K7K1N5
100782711,I1L1I8
100782712,I1MUD6
100782713,A0A0R0FCJ8
100782714,C6TDG2
100782716,A0A0R0FSQ6
100782717,I1MXD1
100782718,A0A0R0FG80
100782719,I1L5T0
100782723,K7ML30
100782728,K7K8Q4
100782730,A0A0R0HPU6
100782731,I1JBY7
100782733,I1JJ56
100782735,K7K5T7
100782737,K7LKX4
100782739,I1JCI6
100782740,K7MUA9
100782741,I1JEM0
100782743,K7MS06
100782744,I1N1Z5
100782747,A0A0R0F259
100782748,I1N3X7
100782750,I1N4P3
100782751,K7KFG6
100782753,A0A0R0F5U2
100782758,K7LI73
100782760,I1N0L6
100782762,I1JRH7
100782763,C6TML1
100782764,I1JS01
100782766,I1JK87
100782767,K7KCE6
100782769,I1N762
100782771,I1LNJ3
100782772,I1NAI2
100782777,I1LJ34
100782778,K7KIQ1
100782779,A0A0R0ESN7
100782782,I1JXK1
100782783,K7KLH4
100782785,I1JYH6
100782786,I1JYX2
100782787,I1JT41
100782788,K7LW58
100782792,I1JVE3
100782793,I1LRR9
100782794,I1NI83
100782796,I1LT58
100782797,C6TMI4
100782798,I1LU28
100782799,I1NFN9
100782800,I1NG65
100782803,I1K519
100782805,C6TG15
100782806,I1K1F9
100782807,K7N120
100782808,I1JZI4
100782811,K7LUW9
100782813,I1K3W1
100782815,C6T800
100782816,I1K5E7
100782818,I1K044
100782819,K7LWV0
100782820,I1K089
100782823,K7M3R7
100782825,C6T8G0
100782826,K7KXX9
100782827,I1M0B1
100782829,C6TGI7
100782830,I1M4U9
100782831,I1M5S3
100782832,I1LVU3
100782834,K7KSN8
100782835,A0A0R0JFA6
100782838,K7M7S9
100782841,C6T7A7
100782842,I1M955
100782843,C6T015
100782844,K7M700
100782846,I1MAS5
100782848,A0A0R0J9A4
100782850,I1KJU7
100782852,A0A0R0JAR5
100782853,I1KLK2
100782855,K7M6W5
100782856,I1KN04
100782857,I1KNH4
100782859,I1ME03
100782862,I1MJ53
100782863,I1KJP6
100782864,I1MCI0
100782865,I1MG96
100782866,I1MI36
100782867,I1MCR8
100782872,I1KRN5
100782873,I1KUB5
100782874,I1MK41
100782875,K7MEM7
100782876,C6THH0
100782877,C6TCP5
100782878,A0A0R0IUB9
100782882,I1KPK8
100782884,K7L5A2
100782886,A0A0R0FU29
100782887,I1KSC6
100782890,I1J6S2
100782892,I1J7T0
100782894,I1J8N9
100782897,P30081
100782900,K7MM16
100782901,K7K6P1
100782902,I1KZP9
100782905,I1JIC7
100782906,I1MVE7
100782908,I1JDP2
100782910,K7K808
100782912,I1JF58
100782913,A0A0R0FNQ0
100782914,I1JHR9
100782916,K7KAS3
100782919,C6THF7
100782920,K7LKH0
100782921,I1LEW9
100782923,I1JE36
100782924,C6TN36
100782926,K7LJF6
100782928,A0A0R0EZ62
100782929,I1LDN7
100782930,K7KE31
100782931,I1JMZ8
100782932,I1LF19
100782933,I1N4C1
100782935,A0A0R0KMW5
100782937,A0A0R0KT16
100782939,A0A0R0HLN9
100782943,I1JKZ7
100782944,I1NC92
100782945,I1LKQ5
100782946,A0A0R0HH96
100782949,K7MY96
100782951,C6TI41
100782953,K7N096
100782955,I1JVJ2
100782957,K7LMB7
100782964,I1LQU7
100782967,A0A0R0H4T5
100782969,I1LTL8
100782970,A0A0R0JRI6
100782971,I1K4B9
100782972,K7LTG0
100782973,I1NIZ3
100782977,C6TM54
100782982,K7LYZ8
100782984,I1LZG4
100782985,K7KNV7
100782988,K7M2G5
100782989,K7M3B4
100782990,I1K8F9
100782992,I1LZ19
100782995,I1M0U8
100782996,K7KTT3
100782997,I1LW90
100782998,I1M2T5
100782999,K7KUU1
100783000,I1KB88
100783001,I1KBR4
100783002,I1KC60
100783003,I1M5B4
100783004,C6T7S2
100783005,I1KDP9
100783006,I1KEC8
100783008,I1KFR9
100783009,K7LY29
100783010,I1K7C3
100783014,K7KT03
100783015,K7L2K8
100783016,I1MB79
100783017,I1KHA5
100783018,K7L3U9
100783020,I1KHL2
100783022,I1KM37
100783023,I1KMJ8
100783024,K7KYX1
100783026,I1KHQ1
100783028,I1KGK4
100783029,K7L1L0
100783032,K7MBX1
100783033,A0A0R4J3U3
100783034,I1KWM5
100783035,I1MJ67
100783037,A0A0R0GFB2
100783040,K7MB17
100783043,I1MM03
100783044,I1KVY0
100783045,I1KX10
100783046,I1MQ72
100783047,I1MQM4
100783048,I1KYS7
100783050,I1J7A5
100783051,I1KNX3
100783052,I1KQA1
100783055,I1KT10
100783059,I1J892
100783060,I1L0L0
100783062,I1J9H0
100783063,I1JA08
100783065,I1J4A1
100783067,K7MNL8
100783068,I1MY22
100783070,I1MU02
100783071,W0SJW7
100783072,A0A0R0I732
100783073,K7K1V3
100783074,I1L3A7
100783075,C6TJY4
100783076,K7K6R8
100783077,I1MY65
100783078,I1L6A2
100783079,I1JGF2
100783080,I1MS25
100783081,I1L789
100783082,I1MTH1
100783085,I1MUT7
100783086,I1MVU3
100783087,I1JE52
100783088,I1JG69
100783089,I1JH86
100783091,I1N1K4
100783095,K7LK50
100783097,K7LLA3
100783104,K7LKF3
100783106,I1N3H5
100783107,A0A0R0KHF5
100783110,K7LHA2
100783113,I1L8Q7
100783117,I1JPL6
100783118,A0A0R0KU10
100783119,A0A0R0KXR5
100783122,C6SV99
100783124,I1N9H9
100783125,I1LJ94
100783127,K7LPG7
100783128,I1NBH9
100783132,K9JGB9
100783133,I1LML6
100783134,I1N9H4
100783136,I1NA01
100783137,K7LMM0
100783139,I1LHN1
100783140,I1NBJ0
100783143,I1LJV3
100783149,I1LLN2
100783150,A0A0R0H1W3
100783151,C6T9G9
100783152,I1NG54
100783155,I1LR88
100783157,I1LSN3
100783158,K7KK17
100783159,I1NF53
100783160,I1LPF5
100783161,I1ND97
100783162,I1LVD2
100783163,I1NH63
100783166,I1LQ21
100783167,I1NHZ1
100783168,I1NIG7
100783169,I1LRJ6
100783170,K7KRN0
100783171,K7LU99
100783172,I1NCV4
100783173,I1JZP0
100783175,I1K5Z4
100783178,C6TE17
100783179,A0A0R0GVX7
100783185,K7KWI1
100783186,I1LXI9
100783188,I1LXZ7
100783190,K7KXN6
100783191,I1LZW4
100783192,I1M1W3
100783193,I1K9S0
100783194,I1KAA8
100783195,I1M3B0
100783196,I1KF90
100783197,I1LX49
100783201,K7KVS9
100783205,I1MBP3
100783206,C7S8C3
100783207,C6T7S4
100783209,I1KJA4
100783213,I1KIA7
100783215,A0A0R0G625
100783216,I1MFU3
100783217,K7L221
100783218,A0A0R0IYA8
100783219,I1KXL9
100783220,I1MDB5
100783221,K7MAP8
100783222,K7LAS5
100783223,I1KR46
100783226,K7L7N3
100783228,K7MHJ9
100783231,I1MLP5
100783232,I1J7M7
100783234,K7K5A6
100783235,K7L716
100783237,I1KV14
100783239,I1MSJ8
100783242,I1MT17
100783243,I1L6J7
100783244,I1MTH0
100783246,K7LC59
100783247,I1MUD9
100783248,K7MLG8
100783249,I1MR73
100783250,I1L4E2
100783251,K7MJL2
100783252,I1MRI5
100783253,K7MNT8
100783254,I1KZR2
100783255,I1MRA9
100783260,C6TIF6
100783262,I1JFP7
100783263,I1JGP7
100783265,G3ECQ4
100783266,K7LJB3
100783267,C6SZA9
100783269,K7K5T8
100783270,I1LDI2
100783271,K7MPA0
100783272,A0A0R0KXS3
100783276,K7MV58
100783277,K7MPE3
100783278,I1N1Z6
100783281,I1N306
100783282,I1LE63
100783283,C6TD59
100783284,K7LM49
100783286,I1JP50
100783287,I1L7P2
100783289,K7KGQ2
100783290,K7LHW6
100783291,K7MPZ0
100783292,I1JK69
100783293,A0A0R4J439
100783294,I1JN61
100783297,I1JRI0
100783298,I1LHL2
100783299,I1N8B5
100783301,I1JKM0
100783303,K7MZA4
100783304,C6TGH8
100783305,I1LM25
100783306,I1LGL2
100783307,I1NAI6
100783309,K7MZF8
100783312,I1JUL6
100783314,C6TKM2
100783316,A0A0R0KGU1
100783318,I1JY29
100783319,I1JYH7
100783320,I1JYX3
100783321,I1JT47
100783322,K7LW62
100783323,A0A0R0EML4
100783324,K7LWI2
100783326,A0A0R0K6N4
100783329,I1LT62
100783332,C6TIL3
100783333,C6T9G0
100783335,K7KR81
100783337,K7N0I6
100783340,I1K1Z8
100783341,K7LUJ8
100783342,C6TMN5
100783343,I1LQ69
100783345,C6TN29
100783346,A0A0R0K2N5
100783348,I1JZV0
100783349,C6TI32
100783353,I1K1N8
100783354,K7M1I9
100783355,I1M5H2
100783358,I1KEU3
100783359,I1K8U1
100783360,I1M3U2
100783361,C6T9S3
100783362,I1M4U5
100783364,I1M5S4
100783369,I1KBU0
100783370,K7M7T0
100783371,C6T7B6
100783373,C6TAQ3
100783374,I1M956
100783376,I1M6J5
100783377,I1KH54
100783378,I1MAS9
100783380,A0A0R0GH92
100783381,A0A0R0J696
100783382,I1KIR3
100783383,I1KJU8
100783384,A0A0R0JEE4
100783385,A0A0R0GKX8
100783388,K7M6W8
100783389,C6SWS6
100783394,K7MDW7
100783397,K7MB71
100783399,C6FF63
100783401,I1MCS0
100783402,I1KPQ8
100783403,I1KYJ9
100783405,K7MBT0
100783406,K7L5P5
100783409,I1MNH0
100783410,C6T8T2
100783411,I1MPH8
100783413,C6TAP8
100783415,I1ML37
100783417,I1KPK9
100783420,I1KQW7
100783422,I1KSD4
100783425,I1MNQ7
100783426,K7K2T2
100783428,I1J7T2
100783429,K7MJ03
100783430,G3E7M3
100783436,A0A0R0LCV3
100783437,I1MVS7
100783438,I1L5D4
100783440,I1MST6
100783444,I1JDP3
100783446,A0A0R0KWB8
100783447,C6TBT5
100783451,C6TG90
100783454,A0A0R0HUB4
100783455,A0A0R0F1A6
100783456,I1LCR1
100783458,I1N364
100783460,I1N4C2
100783461,I1L7Q7
100783462,I1LB36
100783463,I1L7V1
100783464,K7MRE8
100783465,C6TJ18
100783467,I1JLE2
100783469,K7MPL9
100783471,K7KGC0
100783472,I1L911
100783475,I1JKA0
100783477,I1N7R5
100783478,I1LHV5
100783481,I1LIS0
100783482,I1NA52
100783483,K7KDB5
100783484,I1NC98
100783486,K7LQG3
100783487,K7MXD2
100783489,K7MY99
100783490,I1LGJ8
100783492,C6SXA6
100783494,K7KHG3
100783495,I1JSL8
100783502,C6T8J3
100783503,E9KBR8
100783504,I1NHL4
100783508,I1LTL9
100783509,K7KI34
100783510,I1LUH0
100783512,I1K4C2
100783513,A0A0R0HB03
100783515,I1LST9
100783517,I1K3F8
100783522,C6T850
100783523,I1MDV9
100783524,K7LZ00
100783525,K7KMU6
100783528,K7M132
100783529,K7KN21
100783530,I1M3H7
100783534,I1LZI1
100783535,I1M1D1
100783538,A0A0R4J4Y7
100783540,K7KV21
100783541,I1KBR6
100783542,C6T9Y8
100783543,I1KEC9
100783544,I1LWM0
100783547,I1K9I3
100783548,K7KUY6
100783553,I1KLS7
100783554,K7L3V0
100783556,I1KHL1
100783557,I1M933
100783561,K7L150
100783563,K7MBH5
100783564,A0A368UH26
100783566,I1MJ68
100783567,A0A0R4J5H0
100783568,K7M9E7
100783569,K7M9V5
100783570,I1KY04
100783571,K7MB18
100783572,A0A0R4J3Q2
100783574,I1KTQ9
100783575,I1MLK5
100783577,I1MN12
100783578,I1KVY1
100783579,C6TFN3
100783581,I1KYS9
100783582,K7MEP1
100783585,I1KQA5
100783588,I1KT11
100783589,A0A0R0FQ94
100783590,K7L7E7
100783593,K7LBN6
100783594,I1J9H2
100783595,I1JA10
100783596,I1L3Q7
100783601,I1MY27
100783602,K7K252
100783603,I1L765
100783604,I1MTZ7
100783605,K7LCL7
100783608,G7Z0B3
100783609,I1L4V4
100783611,K7MP42
100783612,A0A0R0ID57
100783613,I1JGF3
100783614,A0A0K2CTQ2
100783615,K7MJX7
100783616,I1L792
100783618,I1JHM4
100783619,K7LC21
100783620,I1MUU3
100783621,I1JJR7
100783624,I1JG73
100783626,K7LIT0
100783627,K7MS37
100783629,I1JJL9
100783630,K7LK51
100783631,I1JC62
100783636,I1JF94
100783637,I1N0K6
100783638,I1LC40
100783639,I1LCN1
100783641,K7MU26
100783643,I1JNL3
100783645,I1L8E7
100783647,K7LIH0
100783648,C6TFV5
100783649,K7KFH3
100783650,A0A0R0EW30
100783651,K7KFS5
100783652,C6TMV9
100783654,A0A0R4J2U6
100783655,I1LN37
100783658,I1LJ97
100783660,I1LJR0
100783661,I1NBI8
100783662,I1LK90
100783663,I1JLP7
100783666,I1N8K2
100783667,I1LML7
100783668,I1N9H5
100783670,I1NA03
100783671,I1LGC0
100783672,I1JX56
100783673,K7LND6
100783674,K7MZN4
100783676,I1JZ63
100783679,I1JSR1
100783682,A0A0R4J4G1
100783684,I1ND06
100783686,I1JUZ1
100783688,K7N574
100783690,K7KI15
100783691,I1NF54
100783693,G0T438
100783694,K7N3N3
100783696,I1NHK4
100783697,K7KN83
100783698,I1NHZ2
100783699,I1NIH2
100783701,I1K5U9
100783702,I1LS60
100783704,I1K2X8
100783705,I1K4F3
100783706,K7KRR5
100783709,I1K6E1
100783715,K7M2W3
100783717,I1LXJ0
100783719,A0A0R0GYE0
100783720,I1LYJ0
100783722,I1LZW6
100783723,I1M0B3
100783724,C6T793
100783725,I1K9S1
100783726,I1KAB0
100783727,I1M3B1
100783729,C6TCY3
100783730,I1LX50
100783731,I1K8Q1
100783733,K7KVT4
100783735,I1KH12
100783736,I1MBP5
100783737,I1KM78
100783738,I1MC49
100783739,I1M6L7
100783741,I1M757
100783742,I1M798
100783743,K7M6N2
100783744,I1KGY9
100783746,I1KIA8
100783747,I1KJ71
100783749,I1MEV7
100783752,C6TDQ3
100783753,K7L8K5
100783754,I1KPV6
100783758,I1KZA4
100783759,I1MHG2
100783760,I1MDP6
100783761,I1KS53
100783762,I1MCD2
100783763,I1KT92
100783765,I1KVC4
100783766,I1MNX4
100783769,K7MFI0
100783770,I1J7M8
100783771,I1J8A9
100783772,A0A0R0LLN5
100783774,I1J4I4
100783775,I1KV15
100783778,I1J4Z6
100783779,I1L5W3
100783780,K7MKC7
100783782,K7MKQ3
100783783,I1L1J5
100783787,I1L4E5
100783788,C6TE75
100783789,I1MXD2
100783793,C6TAU4
100783794,I1MRV0
100783798,K7K8R2
100783799,I1JGP9
100783800,I1JIP3
100783801,A0A0R4J4B0
100783802,C6TE39
100783804,K7K5T9
100783806,I1N2N4
100783807,C6T7M7
100783810,I1JEM4
100783811,K7MV63
100783813,I1N1I1
100783814,K7MSK2
100783815,I1N2K7
100783816,A0A0R0F3R1
100783817,I1LE65
100783818,I1MZ36
100783819,I1LFH1
100783820,I1N4P5
100783822,I1N541
100783823,I1JRE8
100783824,I1L8F7
100783825,I1MZL8
100783826,I1JM33
100783827,I1L9R4
100783830,I1JN65
100783831,I1L8V1
100783833,I1JKK8
100783834,C6T8S6
100783835,I1LMG6
100783837,I1N8B7
100783841,A0A0R0F180
100783842,A0A0R0EIY9
100783843,C6TJC4
100783844,I1LM26
100783845,C6SV66
100783846,K7KKN9
100783847,I1NAI8
100783849,I1NAX6
100783850,K7KL53
100783851,A0A0R0HLM6
100783854,I1JV17
100783856,K7KLH6
100783857,I1JYH8
100783858,A0A0R4J364
100783861,K7N2Y4
100783862,A0A0R0HG00
100783864,I1LNY6
100783866,K7KJP5
100783867,I1LT63
100783868,I1ND45
100783869,C6TIE1
100783870,I1NFP8
100783871,I1K2Y1
100783872,I1LP56
100783873,I1K522
100783874,I1NIZ6
100783875,K7LU32
100783876,K7N0I9
100783877,I1K1G2
100783878,A0A0R0E753
100783880,I1K2H3
100783882,I1JZS2
100783883,K7N1E9
100783884,I1K4X8
100783885,Q4JEZ7
100783888,I1M064
100783889,I1K1N9
100783891,I1M225
100783892,K7KPI6
100783895,A0A0R0JT69
100783896,I1LZ20
100783897,I1LVL6
100783898,K7KYN3
100783901,I1M4B2
100783902,I1KC70
100783903,I1M4U3
100783904,A0A0R0JJ40
100783905,I1M5B6
100783908,I1K7E0
100783909,I1K7Y0
100783910,A0A0R4J3F3
100783912,I1M862
100783914,I1M957
100783915,I1M9P3
100783916,I1MAT2
100783917,K7L3H8
100783920,I1KIS3
100783921,C6T949
100783922,I1KKF7
100783924,I1KL13
100783925,I1KLK4
100783932,I1ME95
100783933,I1KIV3
100783934,I1MEG7
100783935,A0A0R0J669
100783936,I1MGA3
100783939,I1MIN5
100783940,K7M913
100783941,I1KYK2
100783943,K7MBT4
100783944,A0A0R0IU20
100783946,I1MMJ4
100783947,I1MNH4
100783948,I1KWI0
100783949,C6T715
100783950,I1KXM8
100783951,I1MQ76
100783952,I1KY70
100783954,K7MF60
100783955,K7L4K0
100783959,I1J9N6
100783961,K7MFA4
100783964,I1J7T2
100783965,I1MQL2
100783966,C6TAJ4
100783967,A0A368UM47
100783968,K7LEI8
100783972,I1MVS9
100783973,I1L3W4
100783976,I1JD48
100783978,K7LBC9
100783979,I1JID0
100783980,I1MRX0
100783982,I1JDP8
100783984,C6TEJ9
100783985,I1MW80
100783986,C6TGX5
100783987,I1JHS1
100783993,K7LLT7
100783995,I1JE41
100783996,K7MUS5
100783998,A0A0R0HT68
100783999,I1LBM4
100784000,I1MY92
100784001,I1LDP1
100784002,I1JMF5
100784003,K7LLJ2
100784005,I1N4C4
100784006,I1MY91
100784007,I1JQM6
100784009,I1MZ03
100784013,I1LHV7
100784015,I1JKY8
100784017,K7MYY4
100784019,I1LKQ8
100784021,I1N7N9
100784022,K7LMM2
100784023,C6T346
100784026,K7LNR4
100784028,I1JVJ7
100784029,I1JW39
100784030,K7LQI4
100784032,K7LQS1
100784033,A0A0R0H2V0
100784036,E9KBR9
100784039,K7N1U8
100784040,K7KJY0
100784041,I1LTM0
100784042,I1LUH4
100784044,K7N401
100784046,K7LTG4
100784047,A0A0R0JYT3
100784051,A0A0R0H273
100784052,K7N244
100784055,I1LXV3
100784058,K7LZW8
100784059,I1K0C8
100784061,K7KP64
100784062,A0A0R0GVS1
100784063,K7M3B9
100784064,I1KDV9
100784066,K7KXE1
100784068,K7KY94
100784069,I1M1D2
100784070,I1M2D3
100784071,I1KAU9
100784072,I1KB92
100784075,I1K7B7
100784077,A0A0R0JZR3
100784078,K7LY31
100784079,I1K7C7
100784080,I1K7N0
100784082,K7KUY8
100784083,K7M5B1
100784084,K7L2K9
100784085,B9MST3
100784086,I1KLS8
100784089,I1KHL5
100784090,I1M657
100784091,C6TL72
100784092,A0A0R0JDS4
100784093,K7KYX3
100784098,I1MH91
100784099,C6TAN4
100784101,I1MJL6
100784103,A0A0R0G4S4
100784104,I1ME15
100784105,A0A368UHV8
100784106,I1MFZ9
100784107,I1KQK0
100784108,I1KR47
100784109,I1KSP8
100784111,I1MLK6
100784112,I1MM08
100784113,I1MN14
100784114,I1KVY3
100784116,A0A0R0G314
100784117,K7MEU4
100784118,K7L483
100784119,A0A0R0IMZ6
100784120,I1KRL3
100784124,I1KUE7
100784125,K7MHT5
100784126,I1J7A3
100784127,I1J895
100784128,I1L363
100784129,I1J9H4
100784130,K7K541
100784132,I1MSN0
100784134,K7LEV4
100784137,I1J5H4
100784139,K7LGJ7
100784140,I1MU00
100784143,I1L3B1
100784144,I1MWA9
100784145,C6TA88
100784146,I1MXU1
100784147,I1JCV7
100784148,A0A0R0FIS1
100784149,I1L6A5
100784150,I1L6R3
100784152,I1MTH6
100784153,I1JD85
100784155,I1MUU4
100784157,I1MVU7
100784158,C6TF33
100784159,I1L0H3
100784160,I1JH89
100784161,I1N1K6
100784163,I1N015
100784164,I1JC46
100784165,A0A0R0HV35
100784166,K7K646
100784168,I1N0E5
100784169,A0A0R0L067
100784172,I1JF96
100784173,A0A0R0HUY3
100784174,I1LCN4
100784176,C6TJP4
100784177,K7KF30
100784178,I1JPU5
100784179,I1L8E8
100784180,K7KH84
100784181,K7MQB0
100784182,I1N0D7
100784185,K7KFI5
100784186,I1JPL3
100784187,I1JQ38
100784188,I1JQK6
100784190,I1JS11
100784191,C6TMD1
100784192,C6THF4
100784193,A0A368UGG7
100784194,I1LJA1
100784195,S4UQ25
100784196,C6TNB0
100784197,B9MST3
100784200,K7MY09
100784201,C6T7N9
100784203,A0A0R0EZU8
100784204,K7LMM1
100784205,K7KID8
100784206,I1LHP0
100784207,I1JU97
100784208,C6TIQ3
100784209,K7KM72
100784210,I1LJV8
100784211,K7LQ67
100784212,I1JWL9
100784213,I1LLF4
100784216,I1JUE1
100784217,I1NGU1
100784218,K7KIZ3
100784219,C6SW39
100784221,I1LSN9
100784222,I1NF56
100784223,I1NG67
100784224,I1NGR1
100784225,I1LVD6
100784228,K7LSY7
100784229,I1NHZ3
100784230,I1NIG8
100784232,K7KRN1
100784234,K7KP23
100784236,I1K2Y0
100784238,K7KQU4
100784239,I1K5Z3
100784243,I1LYQ5
100784244,I1K072
100784245,I1M0R0
100784247,I1M440
100784251,I1LVX5
100784252,G3E7M9
100784254,I1LZW9
100784255,I1M0B8
100784256,P93162
100784257,C6T7L7
100784259,I1KD85
100784260,K7LX64
100784264,I1KCH2
100784269,I1MBP6
100784274,A0A0R0GLB6
100784275,I1M7F1
100784276,K7KZC4
100784277,I1KIA9
100784278,I1KJ72
100784279,K7ME61
100784283,I1KWB6
100784284,I1KX99
100784286,I1MFD9
100784287,K7LAS7
100784290,I1KT94
100784291,I1KUV6
100784292,I1KVC5
100784293,I1MNX6
100784295,I1KZ87
100784300,K7K5A8
100784301,K7L727
100784302,C6TG17
100784303,I1KV18
100784305,I1MWS0
100784306,I1JAI4
100784307,C6T4R9
100784308,I1L5W6
100784309,K7MKD0
100784311,K7MKQ4
100784312,I1J5H1
100784313,I1MUE0
100784314,I1MUS7
100784316,K7LEQ8
100784317,I1MWX2
100784318,I1MXD5
100784319,C6THI7
100784320,I1MRB3
100784321,I1JH50
100784323,K7KBB4
100784326,C6T992
100784327,I1JGQ1
100784330,I1JIP4
100784332,I1JJ62
100784335,I1N0B2
100784336,K7LKY1
100784337,I1N2N5
100784338,K7K6I0
100784340,I1N3R4
100784341,K7K7Y5
100784342,K7MV65
100784344,C6TEW2
100784345,I1N1Z8
100784346,I1N2K8
100784347,I1N309
100784348,K7LLB0
100784349,I1N3Y0
100784351,C6TEZ9
100784352,C6T7C7
100784353,I1JP58
100784355,K7MVC2
100784356,K7LHW9
100784357,K7MQ00
100784359,I1L7E5
100784361,A0A0R0EYC2
100784362,K7KEQ2
100784363,C6TGL5
100784364,I1LMG7
100784366,I1N6X6
100784367,A0A0R0KE29
100784372,K7MXS2
100784373,I1LM27
100784374,I1NAI9
100784375,I1LGZ1
100784376,I1NB14
100784377,I1JSC9
100784378,I1LJ44
100784380,C6TH74
100784381,K7MX28
100784383,I1JYI0
100784384,I1JYX5
100784385,I1JT53
100784386,I1LUM1
100784387,A0A0R0EJ50
100784390,C6TAW9
100784391,I1JVV4
100784393,I1NEQ2
100784394,K7KK45
100784395,I1LU31
100784396,I1NFP9
100784397,K7KPV8
100784399,K7KR83
100784401,K7N0J0
100784402,I1K1G9
100784405,K7LSY2
100784406,I1JZM1
100784409,I1K3W5
100784411,I1K4Y3
100784412,I1K5F2
100784413,A0A0R0JQ96
100784415,K7M0C0
100784418,K7M1J6
100784419,I1M5H7
100784421,I1K8D7
100784422,I1LW00
100784423,K7KXY0
100784424,C6THM9
100784425,A0A0R0JV25
100784426,K7KTT8
100784427,I1M2T7
100784428,I1M3U3
100784429,I1M4B3
100784431,C6TMV8
100784432,K7KVW5
100784433,I1M5C4
100784434,I1M5T2
100784435,I1KES3
100784437,I1KA89
100784439,I1MB04
100784441,I1MC16
100784442,I1M8P0
100784443,I1M6C9
100784444,K7KZF3
100784445,K7M7L3
100784449,I1KIS2
100784450,I1KJV0
100784452,I1M7C3
100784454,I1KLK5
100784457,K7KYT6
100784458,I1KN05
100784459,I1KNH9
100784461,A0A0R4J3N8
100784463,I1MFE2
100784464,I1MGA5
100784465,K7L866
100784468,I1KYK3
100784469,I1MGM8
100784471,I1KRP1
100784472,I1KTR2
100784473,C6T922
100784474,I1MMJ8
100784477,I1MPI1
100784478,K7L9P7
100784480,A0A0R0IVG1
100784481,I1KYS8
100784482,I1MKL0
100784483,I1KPL2
100784485,K7L5A6
100784486,I1MKX7
100784487,I1ML11
100784488,K7L636
100784489,K7K4W0
100784490,A0A0R0FPN3
100784491,K7MHG2
100784492,I1J6S8
100784494,I1J4U2
100784495,K7MJ05
100784496,C6T9V8
100784500,I1L119
100784501,K7K2F3
100784503,I1MVT0
100784504,K7LEA7
100784506,K7LB13
100784507,K7MK81
100784508,I1L0B2
100784509,I1JID1
100784510,K7MJ87
100784511,C6TDZ4
100784513,I1JEQ4
100784514,I1JF68
100784515,I1MSD5
100784516,I1JHS2
100784518,I1JI95
100784520,K7LJP2
100784525,A0A0R0L246
100784527,C6TI09
100784528,C6THA5
100784529,A0A0R4J5S7
100784530,I1LBM7
100784533,I1LDP2
100784534,I1MZ21
100784535,I1LEL2
100784536,I1LF16
100784537,C6TBH0
100784538,A0A0R0EUM4
100784539,K7KGC2
100784540,K7LHP0
100784541,I1MZ04
100784543,I1KJG4
100784544,K7MRT2
100784545,I1LHV9
100784549,K7MYY7
100784551,I1LKR1
100784553,A0A0R0EWC3
100784554,I1LMM0
100784555,K7MYA8
100784557,I1LN13
100784558,I1LIE6
100784560,I1JVJ8
100784561,I1JW44
100784562,K7LQI6
100784564,I1JX38
100784565,C6TDP6
100784566,C6T936
100784567,C6T802
100784571,K7LTE1
100784573,C6TDW1
100784575,K7KHZ0
100784576,I1LP93
100784577,I1LPD3
100784578,I1LUX8
100784579,I1K2L4
100784581,K7KQR0
100784585,I1LQ39
100784587,I1K3G5
100784592,I1K066
100784593,A0A0R0HKC7
100784596,I1M3I2
100784597,I1M4S7
100784602,K7KY96
100784605,A0A0R0JPR1
100784606,A0A0R0GW30
100784607,K7KVC2
100784608,I1K778
100784609,I1KED0
100784610,C6TLC2
100784611,I1K7C8
100784612,K7KU16
100784614,I1KB54
100784616,K7KZG6
100784617,I1M6Q5
100784618,I1KLS9
100784621,K7KYW5
100784622,I1ME37
100784623,I1KHQ4
100784624,I1MEC9
100784625,K7L154
100784626,A0A0R0G189
100784627,A0A368UH62
100784628,K7L8U9
100784629,K7MDY4
100784630,I1MJL8
100784632,I1MDF7
100784633,I1ME16
100784634,I1KY11
100784636,I1KQK1
100784637,C6TMC7
100784639,I1KSQ0
100784640,K7MFF2
100784641,I1MM12
100784642,A0A0R0FJV6
100784645,I1MQM8
100784647,K7K223
100784648,I1KNY0
100784650,I1KRL4
100784651,I1J8Z9
100784652,K7L6H2
100784654,C6THD0
100784656,K7MIK7
100784657,K7K424
100784660,A0A0R0LDD3
100784662,I1J4A4
100784665,I1J5T5
100784666,K7K255
100784668,K7MJD8
100784670,K7K1V4
100784671,C6TDC6
100784673,I1L4V8
100784676,I1MY69
100784677,C6T5Q4
100784678,I1L6S0
100784679,I1MS31
100784680,I1KZW0
100784682,I1L0X0
100784683,K7MLH5
100784684,I1JJS8
100784687,K7K9B1
100784688,A0A0R0KWE7
100784689,K7LIT1
100784690,I1MZW6
100784692,K7LK56
100784693,K7K653
100784694,I1LE61
100784696,I1JDM9
100784697,A0A0R0HZ88
100784698,I1JFA0
100784700,I1LC42
100784701,I1LCN7
100784702,C6TI37
100784703,A0A0K2CTA0
100784704,I1JPU7
100784706,I1JLJ2
100784707,K7MPS6
100784708,K7MQM6
100784710,I1JNM3
100784711,I1JP66
100784713,I1JPL8
100784714,I1JQ39
100784715,I1JQK7
100784716,K7LRC2
100784718,I1LN40
100784719,I1LIB7
100784721,I1LJA4
100784723,I1LJR9
100784724,I1NBJ2
100784725,K7LPS9
100784731,I1NA10
100784732,K7LMM4
100784735,I1NBJ6
100784738,K7KM74
100784739,I1N696
100784742,K7KKE4
100784744,I1JXK6
100784745,I1LLN6
100784746,I1JSY3
100784750,A0A368UHH6
100784751,K7KIZ6
100784752,I1LR93
100784755,I1LVD9
100784756,I1NHK5
100784757,I1K3L7
100784758,I1LQ27
100784759,I1NHZ5
100784760,I1NIG9
100784761,I1LRK5
100784765,I1K201
100784766,I1NDL8
100784767,C6T7E8
100784770,I1K602
100784774,I1LYQ6
100784781,I1LXJ1
100784783,C6T8H4
100784784,C6TDG7
100784786,I1LZX1
100784787,I1M0B5
100784788,I1LVL9
100784789,C6TGY5
100784791,I1LWL4
100784792,I1KF99
100784793,A0A0R0GIC7
100784795,I1K8Q5
100784797,K7M7F1
100784802,K7KZD4
100784803,A0A0B5E2I3
100784804,I1MBP7
100784806,I1M712
100784808,I1KL21
100784812,I1KIB7
100784814,I1MEJ2
100784815,I1MEW0
100784816,I1L068
100784817,A0A0R4J3K7
100784818,K7MCB9
100784819,I1KWC0
100784821,I1MES0
100784822,I1MDD1
100784823,I1KZA6
100784824,K7MC40
100784825,A0A0R0IK43
100784826,I1KTA5
100784827,I1KUV8
100784828,I1KVC8
100784829,C6TGP5
100784830,I1KZ93
100784831,A0A0R0FWJ6
100784832,I1J7N4
100784833,A0A368UK88
100784834,I1JAC3
100784835,K7L729
100784837,I1KPG8
100784838,I1J943
100784841,I1JAI7
100784842,K7LFQ6
100784843,A0A0R0F973
100784845,I1MTH5
100784846,I1MR49
100784847,C6TMS9
100784848,C6TE50
100784849,A0A0R0IA82
100784850,I1MWX3
100784851,I1MXD7
100784852,A0A0R0II66
100784853,I1MRB4
100784854,K7KA20
100784860,C6TNK9
100784862,I1JIP5
100784863,I1LAW4
100784864,I1JJ63
100784865,I1N067
100784866,I1JBA2
100784869,A0A0R0KSP1
100784870,K7LM94
100784871,I1N3R8
100784872,I1JEM8
100784873,A0A0R4J5U2
100784874,I1JCI1
100784875,I1N1I4
100784877,C6TKA5
100784879,M9WP20
100784881,A0A0R4J4E1
100784882,A0A0R0FDT6
100784883,A0A0R0KQH6
100784884,I1L7Q4
100784886,K7KGQ6
100784890,I1N0L8
100784891,C6TDR3
100784894,I1JRJ1
100784895,I1N8D4
100784897,K7KCF3
100784901,C6TEJ5
100784902,C6TCX0
100784904,I1NAJ0
100784905,K7LMZ7
100784906,I1NB15
100784907,K7KL60
100784908,A0A0R0HFT9
100784909,A0A0R0K5E1
100784911,I1JV20
100784912,I1LGW4
100784915,C6T7E3
100784916,I1JYX6
100784917,A0A0R0K8X2
100784918,I1LUM8
100784920,A0A0R0H9A9
100784922,C6TGP7
100784924,K7KJP7
100784928,A0A0R4J4K9
100784929,C6TDH4
100784931,K7LSH6
100784932,K7KR86
100784934,I1NCW9
100784935,I1K1I0
100784936,I1NDJ8
100784939,I1LQB0
100784940,I1K3W8
100784942,I1K4Y6
100784945,I1M069
100784946,K7KNR2
100784948,K7M1J7
100784950,I1M5H8
100784954,I1M0V2
100784955,K7KYN6
100784956,I1K992
100784958,C6SXR4
100784959,I1M3U4
100784960,I1M4B5
100784961,I1KC74
100784962,C6SVL7
100784963,I1M5C1
100784964,I1M5T4
100784966,I1KES7
100784967,I1K7Y9
100784968,I1KA92
100784969,K7KVE1
100784970,K7M7T2
100784971,K7KW17
100784972,I1M958
100784975,K7L3I1
100784976,K7M597
100784977,I1KI49
100784979,K7M5X0
100784982,K7M6H0
100784983,K7L2Q5
100784986,I1KN06
100784987,I1KNI0
100784988,K7MCV9
100784989,A0A0R0IYN4
100784990,A0A0R0J1M0
100784991,C6T923
100784997,K7LAC5
100784999,K7MBT7
100785000,I1KRP6
100785002,I1KUC0
100785003,K7MGD2
100785004,I1MNH6
100785005,C6T824
100785006,I1KXN9
100785007,I1MQ79
100785008,I1KY73
100785014,I1KQX5
100785016,K7L640
100785017,I1J675
100785019,A0A0R0FZK5
100785020,K7K2T5
100785022,I1J7T4
100785023,I1MQL8
100785028,I1L248
100785030,I1MVT1
100785031,K7K921
100785033,I1JGN5
100785035,K7LBD1
100785036,A0A0R0LBQ6
100785037,I1JEQ6
100785039,K7K8D4
100785040,I1JHS3
100785041,A0A368UHJ6
100785042,I1JI97
100785045,K7LJP4
100785046,I1N088
100785049,K7MTS0
100785050,I1JE45
100785051,K7MUS9
100785052,I1LAK5
100785053,I1L7T5
100785054,I1N0L0
100785055,I1LBM9
100785057,I1LD56
100785058,I1L826
100785059,I1LEL3
100785061,C6SWN5
100785062,I1MY95
100785063,K7KGC4
100785066,I1JMM6
100785067,I1N108
100785068,I1JR13
100785069,K7MXF1
100785070,I1LHW2
100785072,I1JKZ0
100785073,C6TJ69
100785074,K7MYY9
100785076,I1LKR2
100785077,K7LQC9
100785079,C6TF85
100785080,K7MYB0
100785081,C6TJA6
100785082,C6SV66
100785085,C6TJE2
100785087,C6TDB1
100785089,A0A368UIA5
100785090,K7LVT4
100785091,I1NEX3
100785092,I1JTS4
100785093,K7LTE2
100785096,I1LSA5
100785098,I1NE92
100785101,I1LUY0
100785102,I1NGR2
100785104,A0A0R0ENT1
100785105,I1K4C9
100785110,A0A0R0EG06
100785111,I1K3G6
100785113,K7KML7
100785114,K7KXV1
100785117,I1K067
100785118,I1LZH4
100785120,I1M3I7
100785122,I1LVV2
100785125,K7LZX6
100785127,I1M1D5
100785128,A0A0R4J4V5
100785130,I1KAV1
100785131,I1KBS3
100785132,I1KDQ7
100785133,I1KED1
100785134,A0A0R0GW88
100785135,K7KSI9
100785136,K7KU23
100785139,K7M7K7
100785141,I1KLB7
100785142,I1MB84
100785143,C6TIK3
100785144,I1KNA1
100785146,M9WUI4
100785147,K7KYX4
100785152,I1MGR5
100785153,I1MCR5
100785156,I1KQ01
100785157,C6SWX2
100785159,I1KQ72
100785160,K7MB21
100785162,K7L5F3
100785163,I1MDT8
100785164,I1KSQ4
100785165,C6TIH5
100785166,I1MK10
100785167,K7MGX2
100785169,I1KX25
100785170,I1MQM9
100785171,K7MEP6
100785172,A0A0R0IEX8
100785173,I1KQC0
100785174,I1KRM0
100785175,I1J900
100785176,I1KPB6
100785177,K7MH48
100785180,I1J7A8
100785181,K7MIL1
100785182,I1J898
100785183,A0A0R0I7B0
100785185,K7K4S3
100785186,I1JA15
100785189,K7K112
100785191,I1MXK4
100785193,K7MP21
100785194,I1J5H5
100785198,I1MU04
100785202,I1MQT8
100785203,I1L4V9
100785204,I1MRK7
100785207,I1L6B0
100785208,I1JD22
100785209,I1L6S3
100785210,I1MS32
100785211,C6T4Y8
100785212,K7MKQ8
100785214,I1L0X1
100785215,I1L018
100785216,I1MUV0
100785217,I1JJT1
100785219,C6THF5
100785222,I1JG82
100785223,I1JH93
100785227,A0A0R0HVD0
100785229,I1LE62
100785231,I1JB69
100785233,I1JFA7
100785235,I1LC43
100785236,P02235
100785237,I1N201
100785240,I1JNM0
100785241,I1JPV8
100785242,K7LHB2
100785244,I1N022
100785245,K7MPW9
100785247,I1MZJ5
100785248,I1JNQ2
100785249,K7KC80
100785251,I1JPL9
100785252,I1JQ43
100785253,I1JQK9
100785254,I1LLX9
100785256,I1JS10
100785257,K7LRY3
100785258,K7LNQ4
100785260,I1LJA7
100785263,I1LK96
100785266,I1N9I2
100785267,I1JWM9
100785268,I1NA13
100785270,I1NBJ7
100785271,I1JY87
100785272,I1NC24
100785274,I1NCH8
100785275,I1LJW0
100785276,I1JSR4
100785277,I1N6H6
100785278,I1JXK7
100785280,C6TF54
100785281,I1LQH9
100785282,A0A0R0EMF3
100785283,I1JUE4
100785284,I1NGU4
100785285,K7KIZ9
100785286,I1LR94
100785287,I1NIX7
100785289,I1NF59
100785290,I1LVE2
100785291,K7N4B5
100785292,K7LSY9
100785294,I1LRK6
100785295,I1NJ02
100785296,I1K5V4
100785300,A0A0R0JUI2
100785302,I1K5F3
100785303,I1K603
100785306,I1K6E8
100785313,C6THE7
100785314,C6TJB3
100785317,I1M0B7
100785318,I1K9S7
100785320,I1KFA2
100785321,A0A0R0GI78
100785322,I1LWW1
100785324,I1MAI3
100785326,I1KCH9
100785330,I1M6M6
100785331,C6TII9
100785332,K7M5M6
100785333,I1KJA8
100785335,I1KL22
100785337,I1KMK8
100785340,K7ME62
100785341,I1MEW4
100785342,I1MFV2
100785344,Q6PP98
100785345,I1MCX0
100785346,A0A0R0IX14
100785348,I1KXM5
100785350,I1MFE1
100785351,K7LAS8
100785354,I1KS60
100785356,K7L6N1
100785357,I1KUW1
100785358,I1KVD4
100785359,I1MNY7
100785360,K7LAS0
100785362,K7K3L0
100785363,K7K434
100785364,I1JAC9
100785365,K7L734
100785369,I1JAI9
100785371,I1MR00
100785373,I1MTI0
100785374,I1J672
100785375,I1MUE5
100785377,I1MV90
100785378,C6T9Z6
100785379,I1KIU6
100785380,I1MWX5
100785382,I1JCY7
100785384,I1JH52
100785385,I1MU62
100785387,I1L044
100785388,I1JBC4
100785390,K7K8R6
100785391,I1JGQ5
100785393,C6TKZ4
100785394,I1LAW5
100785395,I1JJ64
100785397,I1JBA3
100785399,I1LDJ2
100785400,I1N0D2
100785401,I1JCJ6
100785402,I1L9G9
100785408,A0A0R0F381
100785409,C6TDP1
100785410,I1N3I2
100785411,I1N3Y4
100785412,K7KEL5
100785413,K7LM52
100785414,C6TA01
100785415,C6TDC5
100785417,C6TNK3
100785420,I1MZM8
100785421,I1JM38
100785422,K7LI80
100785423,I1LAB9
100785424,I1MZG8
100785425,C6T3T8
100785427,I1LLS9
100785428,I1LMG8
100785429,A0A0R0ESZ8
100785435,C6T7Z9
100785437,I1LGG5
100785439,I1LGZ7
100785440,C6THU8
100785442,I1JUM2
100785443,K7MVR4
100785444,I1JV21
100785446,I1JYI4
100785447,A0A0R0KIX6
100785448,K7KHS5
100785449,C6TBU9
100785450,K7N2Y8
100785451,A0A368UHF3
100785452,I1LNY8
100785453,I1NIA8
100785454,I1JTH5
100785456,I1NEQ6
100785458,C6TC48
100785459,C6THL0
100785460,K7LW34
100785461,I1K2Z2
100785464,A0A0R4J4L7
100785469,A0A0R0H5I4
100785470,I1K2H6
100785472,I1NDR0
100785473,K7KQG0
100785476,I1K0V0
100785477,I1LX74
100785480,I1M240
100785484,I1K8D8
100785485,A0A0R4J4W7
100785486,I1M0V3
100785487,I1KFX1
100785488,C6TJH4
100785490,A5JVZ7
100785491,C6TDV9
100785492,I1M4B9
100785493,I1K6Z5
100785494,C6TGC1
100785496,I1M5T8
100785497,K7KXV5
100785498,I1KFT9
100785499,K7KSY5
100785500,K7KUI3
100785502,I1MB08
100785504,I1MC18
100785505,I1M8P8
100785506,I1M6D0
100785510,K7M5A1
100785512,I1KIU5
100785516,A0A0R0J5I1
100785519,I1KN08
100785520,I1KNI1
100785521,I1MDX5
100785526,I1KGP8
100785527,C6TNA9
100785528,I1MGA9
100785529,I1KVV7
100785531,K7M914
100785532,I1KYK7
100785533,I1MGN3
100785534,I1MDJ2
100785535,K7L5P9
100785536,I1KTS3
100785537,K7L7D2
100785538,C6TJZ7
100785539,I1MNI2
100785540,C6TMY9
100785541,C6T7G0
100785543,I1MQ84
100785544,I1KY80
100785545,C6T822
100785546,K7MF63
100785547,I1KP40
100785549,I1KQX6
100785551,I1ML12
100785552,K7L641
100785554,I1J6T1
100785555,I1J7T7
100785557,A0A0R4J2H3
100785559,K7MMV5
100785561,K7LFA3
100785562,I1J5K5
100785563,I1L250
100785565,I1MVT3
100785566,I1JCS9
100785568,K7K9Q7
100785569,I1MRR0
100785571,A0A0R0LBD8
100785572,K7MLV1
100785573,I1L225
100785574,C6TAX2
100785575,I1JF74
100785578,I1JI98
100785581,I1LBH1
100785582,I1JJM7
100785586,I1LAK8
100785587,I1LB45
100785588,I1N0L1
100785590,I1N131
100785591,I1LDP9
100785592,I1LEL4
100785593,I1LF24
100785594,K7MP58
100785595,I1JQN4
100785596,K7LHP2
100785597,I1MZ15
100785598,I1L9K7
100785600,I1MZL3
100785602,K7KGI6
100785606,I1LIT1
100785607,I1NA65
100785608,K7LPI2
100785609,I1JKZ6
100785611,C6TNZ4
100785613,C6TMH7
100785615,I1N8Z3
100785617,I1LN24
100785618,A0A0R0HLG2
100785619,I1LIE8
100785620,I1N666
100785621,K7KJD7
100785622,I1LH27
100785624,I1JX45
100785626,I1N5L4
100785627,I1JZG1
100785628,K7LVT6
100785630,I1LQV6
100785631,I1NE24
100785634,K7LUN1
100785636,K7KJY1
100785637,A0A0R4J4S6
100785638,I1NGR3
100785640,A0A368UGA1
100785641,I1K4D2
100785642,A0A0R0H2F6
100785643,I1NIH3
100785644,A0A368UJB9
100785647,I1K3H2
100785650,I1K4F8
100785654,I1LX25
100785657,K7M2H2
100785660,I1LZI3
100785661,A0A0R4J4M5
100785662,I1KFB0
100785664,C6T6G0
100785666,I1KAC2
100785667,C6TMA0
100785668,I1M3C1
100785669,I1KBS4
100785670,I1LVM8
100785671,I1KDR0
100785674,K7LY33
100785675,I1K7J5
100785676,A0A0R0JEA5
100785680,I1MB86
100785682,A0A0R0J704
100785683,I1MC52
100785684,I1KNA6
100785686,I1KM52
100785687,I1KGB5
100785688,I1KGC4
100785689,I1MCF0
100785691,I1KKH4
100785692,I1MGR7
100785694,I1KPQ5
100785695,I1MD36
100785696,K7ME64
100785697,K7L993
100785698,K7M9F8
100785700,K7LA00
100785701,I1MG08
100785702,I1KR50
100785704,C6T932
100785706,I1MN16
100785707,I1KVZ0
100785708,A0A0R0IT59
100785709,I1MQN0
100785713,I1KQC7
100785714,I1KP89
100785715,I1J901
100785717,I1KUF9
100785718,I1KV22
100785720,I1J7B4
100785723,I1J945
100785725,I1J9H6
100785726,I1JA18
100785729,A0A0R0L4D0
100785730,K7LEW2
100785731,K7K1C9
100785732,I1MY36
100785736,I1L768
100785737,I1MU06
100785738,I1L1J8
100785739,C6TMC5
100785741,I1MWB9
100785743,I1MXU7
100785744,I1L5U2
100785746,C6TK77
100785748,I1L6S7
100785750,I1L796
100785751,K7MKQ9
100785752,A0A0R0L0E8
100785753,I1L0X2
100785754,K7LC29
100785756,K7KBR6
100785757,C6TN48
100785758,I1L0E5
100785760,I1JH94
100785763,K7LK59
100785764,I1JC49
100785765,I1LE66
100785766,K7MTH3
100785767,K7K6V5
100785768,I1LA34
100785771,I1LCN8
100785772,K7MSK8
100785773,K7KDW9
100785774,K7KFX8
100785775,K7LHB7
100785776,K7KH86
100785777,K7MQB6
100785780,I1JNP9
100785781,I1JP67
100785783,A0A0R0KSQ2
100785784,K7KG28
100785785,I1JQL0
100785788,I1JKM6
100785789,K7KH38
100785790,I1LN45
100785791,I1LIC5
100785792,I1N6Z5
100785793,I1LJB0
100785795,C6TN86
100785796,A0A481MY75
100785797,I1JL52
100785799,I1N9I5
100785800,I1JSC7
100785801,I1N629
100785802,K7LMM6
100785804,K7LNE3
100785805,C6TJK9
100785807,C6SV94
100785810,K7LPK7
100785811,A0A0R4J4A7
100785814,I1LH60
100785815,I1N701
100785817,I1JY36
100785818,I1LTK4
100785821,K7N3R8
100785822,K7KJ03
100785823,K7N578
100785824,I1ND59
100785826,C6TE65
100785827,I1K0W1
100785829,I1NDE2
100785831,C6TP04
100785835,C6T763
100785837,I1K5F5
100785838,I1K604
100785841,I1K6E9
100785842,I1LYQ8
100785844,A0A0R0GY74
100785846,I1K0P7
100785849,I1LXK1
100785850,I1KDK5
100785851,A0A0R0GL93
100785852,C6TIP7
100785854,K7KU85
100785855,I1K734
100785860,I1K8R4
100785862,I1KCI0
100785863,A0A0R0GHN2
100785870,I1KHM1
100785871,I1M8N8
100785873,A0A0R0J3J2
100785874,I1M7F5
100785875,K7L3H0
100785877,K7MD72
100785878,C6TG96
100785880,I1MJM1
100785882,K7MAY6
100785884,I1MCU1
100785885,I1MI49
100785888,I1KQ49
100785890,K7MAQ2
100785891,I1KQB5
100785897,I1KUW2
100785898,I1KVD7
100785899,I1MNY8
100785900,I1J5W9
100785901,A0A0R0IF33
100785904,K7MGM6
100785905,K7K5B2
100785907,I1J4I5
100785909,I1MSJ9
100785910,I1JAJ0
100785911,I1L5X2
100785912,I1MT24
100785914,I1MUT2
100785915,I1KJG4
100785917,K7LEQ9
100785918,K7MN82
100785919,I1MXD9
100785921,I1MRB7
100785926,I1JDQ5
100785927,I1MWD4
100785931,K7KBE6
100785933,K7K5U2
100785936,I1L7I1
100785937,I1JEN0
100785938,K7MV73
100785939,I1LD62
100785941,I1N317
100785942,K7LLB1
100785943,I1N3I6
100785944,I1JN11
100785945,K7LM55
100785946,I1N4P9
100785952,C6T862
100785953,K7KC10
100785955,I1N0L9
100785956,I1JKB4
100785962,K7MZA9
100785963,K7MWZ7
100785964,I1LLJ1
100785966,I1LGG7
100785967,I1JWV2
100785968,I1NAK9
100785969,I1NAX9
100785970,I1JU83
100785972,I1N5M1
100785976,I1JYI8
100785978,I1JT58
100785981,C6T953
100785982,A0A0R0HAK1
100785983,I1NIB0
100785986,K7N0P3
100785987,I1LTM8
100785988,I1JTS1
100785989,I1NFR2
100785990,I1LUH6
100785991,I1K2Z5
100785992,I1LP81
100785993,I1K536
100785994,A0A0R0H3M6
100785996,I1K1I2
100785999,K7KPK2
100786000,I1LSY1
100786002,C6TEK8
100786003,K7N1F0
100786004,I1K4Y8
100786006,I1M079
100786011,I1M5I2
100786013,I1LZ33
100786014,I1M0V4
100786015,K7KYQ1
100786016,I1K995
100786017,A0A0R0H0V4
100786018,I1KBA0
100786020,C6TH22
100786021,I1KC82
100786023,A0A0R0GYQ4
100786024,I1M5U0
100786026,I1KFU0
100786027,I1K7K7
100786028,I1KAA0
100786029,C6TL35
100786033,K7M492
100786034,I1M6D2
100786037,I1KMN2
100786038,K7M5A7
100786039,C6T7D5
100786040,C6THU4
100786041,A0A368UHY7
100786042,A0A0R0J2I7
100786044,K7M6R3
100786046,K7L3Q0
100786047,I1KNI2
100786050,C6TIE6
100786054,I1MFE5
100786056,C6T9K6
100786058,A0A0R0G7Q1
100786059,I1KQK6
100786061,I1KRP8
100786062,I1KTS4
100786065,C6TIS0
100786066,A0A0R0IX28
100786068,I1KXP3
100786069,C6TGI2
100786070,C6TFV0
100786072,I1KYT2
100786073,I1ML51
100786076,I1KQX8
100786077,K7MF30
100786078,A0A0R4J3S3
100786079,I1J9P3
100786080,K7L6H3
100786083,I1J6T3
100786084,K7MIG6
100786086,I1J8A4
100786089,I1MSG4
100786091,K7LFA9
100786092,I1L252
100786093,C6THV2
100786095,I1L5E4
100786096,K7K9Q8
100786097,I1MSU0
100786098,K7LBD3
100786101,I1JER2
100786102,I1JB44
100786103,C6T857
100786104,I1JBX3
100786107,I1JJM8
100786109,I1LCR7
100786110,I1LEY5
100786112,I1N0I5
100786113,K7LJ28
100786114,K7LJG7
100786116,K7LJS6
100786117,A0A0R0F7L7
100786118,K7LL19
100786120,K7LLK0
100786121,I1LF27
100786122,I1MZ53
100786123,I1MY98
100786124,I1JQN7
100786127,A0A0R0KMM9
100786128,K7MRB7
100786129,I1JR16
100786130,I1N7R7
100786131,K7MYA7
100786132,I1LIT2
100786134,A0A0R4J498
100786135,K7N066
100786137,A0A0R4J5Y3
100786138,I1N8K8
100786139,I1LMM9
100786142,I1LN25
100786143,I1LNJ9
100786144,A0A0R0HQM5
100786146,I1JVK6
100786151,A0A0R4J4P2
100786152,K7N2K1
100786154,I1NHM9
100786155,A0A0R0KDN2
100786156,I1LSA8
100786158,I1LUY6
100786159,C6TJ73
100786161,I1NH68
100786162,K7KQS0
100786163,S4UQS3
100786164,I1NIH4
100786167,I1K3H5
100786172,I1LZH9
100786173,I1K0D0
100786174,C6TH89
100786175,I1K0L1
100786176,I1M3J2
100786177,I1M4V5
100786178,I1K8G1
100786180,K7KXE2
100786181,K7LZY4
100786182,I1LZX2
100786183,I1M0B9
100786186,I1M2D9
100786187,I1KAC0
100786188,C6TF78
100786189,I1M3C3
100786190,I1KBS6
100786191,I1M4V2
100786192,C6TFB9
100786194,C6TIY5
100786198,K7KV10
100786200,I1KDA4
100786202,I1MB88
100786203,A0A0R0J5V5
100786204,I1MC57
100786205,A0A0R0JE29
100786206,I1M7C5
100786207,I1KM54
100786208,I1KHQ5
100786209,K7L157
100786212,I1KWN6
100786213,I1MJM3
100786214,I1KX47
100786216,I1MDA4
100786217,I1KY13
100786220,I1KSQ7
100786221,I1MM17
100786224,I1KX30
100786225,K7MJ17
100786227,A0A0R0LGB9
100786229,I1KQD2
100786230,K7L5N4
100786231,I1J907
100786233,I1KUG0
100786234,I1KV25
100786235,I1MPA0
100786236,I1J4Q1
100786239,I1J946
100786241,I1JA23
100786243,A0A0R0LDQ5
100786244,I1L108
100786247,K7K1P0
100786248,I1J631
100786249,K7LBV6
100786251,I1L1K1
100786252,I1MUE6
100786253,C6T7H7
100786255,I1L3C6
100786259,K7LFP0
100786260,C6TAC2
100786261,I1L6B1
100786262,C6TF79
100786263,I1MS42
100786265,K7KAC9
100786266,I1L0X3
100786267,I1L1E8
100786268,I1MUV2
100786269,I1JJU2
100786271,A0A0R0L178
100786272,I1JG86
100786273,I1JGQ6
100786274,I1JH95
100786278,K7LK60
100786279,K7K655
100786280,K7LLB3
100786282,I1JD43
100786284,K7LII3
100786285,I1JFB0
100786287,I1LCP2
100786288,I1MYV2
100786290,I1JLC7
100786291,I1JNM7
100786292,A0A0R0KSN4
100786294,K7KH88
100786298,I1JNQ1
100786299,C6T0H9
100786302,C6TF56
100786306,K7MXL2
100786308,I1LN48
100786309,C6TMF2
100786311,A0A0R0HFN7
100786313,I1NBK6
100786314,I1LKA0
100786317,A0A0R0EYF5
100786319,I1NA16
100786320,K7LMM8
100786321,I1JX65
100786322,I1LHP8
100786323,K7MZN9
100786324,I1JY97
100786325,C6SV94
100786326,A0A0R0KNW8
100786327,I1NCI3
100786329,K7KHI6
100786331,C6TL96
100786332,I1JXK9
100786337,I1JUG0
100786340,Q6T300
100786341,K7N580
100786343,I1NF60
100786344,I1LU29
100786348,I1K3M1
100786349,K7LSZ7
100786350,K7N4M9
100786351,K7LTX1
100786352,I1NCX7
100786353,A0A0R0K5H4
100786356,I1K301
100786358,K7KRR9
100786362,I1LYQ9
100786364,K7M0Q9
100786366,K7M2X2
100786368,C6TDS1
100786369,C6SVP2
100786372,K7KSE3
100786373,C6T8R2
100786375,K7KTG4
100786377,C6TGI3
100786379,I1KKU5
100786381,K7M8C1
100786383,I1KHM3
100786384,K7M5M9
100786385,I1KJB0
100786386,K7M641
100786387,C6ZRZ5
100786389,I1KL27
100786390,A0A0R4J3M6
100786391,K7KZD0
100786393,K7L068
100786395,I1MJM4
100786396,I1MEW5
100786397,C6T856
100786399,I1MHQ0
100786400,I1MI51
100786401,I1KPL5
100786405,K7LAS9
100786407,A0A0R0G5Q4
100786408,I1KS63
100786409,I1KUW3
100786411,I1MNZ0
100786416,K7K436
100786418,I1KTU1
100786421,I1L3E1
100786423,C6TF57
100786427,I1J676
100786429,I1MV96
100786430,C6TCT8
100786431,C6T799
100786432,I1MWY0
100786435,K7MJI6
100786436,I1JD69
100786437,I1JDB9
100786438,K7LCB5
100786439,A0A0R0L273
100786441,I1JBK8
100786442,I1MZU0
100786443,K7K659
100786446,I1N2F6
100786448,I1N2N6
100786449,K7K6I9
100786450,A0A0R0HQM9
100786451,A0A0R0EY38
100786452,K7MV75
100786453,I1JFM3
100786454,A0A368UGQ4
100786455,I1LD65
100786456,A0A0R0F1L5
100786457,I1N318
100786458,I1N3I7
100786460,I1LFH8
100786461,C6ZRP2
100786463,C6TAB5
100786464,I1N551
100786465,I1JRG3
100786466,I1L9D8
100786467,I1MZN5
100786469,I1L9S3
100786470,C6TG29
100786475,H9TN45
100786476,I1NAS9
100786477,I1N5R3
100786478,K7LQS4
100786479,C6T7R7
100786480,I1LGG8
100786481,I1JU39
100786482,K7MZ72
100786485,K7KL62
100786488,K7KJ17
100786490,I1N6Q1
100786491,C6TA73
100786493,K7KHS6
100786494,I1LUP3
100786495,K7N2Z5
100786496,I1LV96
100786497,I1LNU9
100786499,I1LRT5
100786500,I1NIB1
100786501,K7LV81
100786502,C6TIX7
100786503,I1LTN0
100786504,C6TIW0
100786505,I1LUH9
100786507,A0A0R0H9H8
100786509,K7LU34
100786510,I1NCX2
100786511,K7KNL8
100786514,I1JZN0
100786515,I1LSY2
100786516,I1NE48
100786517,K7LV22
100786518,I1K3X2
100786519,C6TKH4
100786522,K7KMI1
100786523,I1LY64
100786526,I1K203
100786529,I1LZ35
100786530,I1M0V5
100786531,I1KFX9
100786532,A0A0R0GUQ3
100786533,I1K9A0
100786534,I1M2V0
100786535,I1KBA1
100786536,I1M3V0
100786537,I1KC83
100786538,I1KCQ5
100786539,I1M5C8
100786540,C6THR2
100786542,I1KFU1
100786543,K7KSY8
100786546,K7M7T5
100786548,A0A0R0GGE2
100786549,I1M8Q0
100786551,D0FZ14
100786553,I1M832
100786554,C6T7X3
100786555,C6T8R9
100786557,I1KJV5
100786558,K7M6H2
100786559,C6T4P7
100786561,I1KN10
100786562,I1KNI4
100786563,I1ME96
100786564,K7L0K1
100786567,I1MFE6
100786568,I1KVW4
100786571,K7MBF8
100786572,I1KQK9
100786573,K7M9H6
100786574,C6TC18
100786575,C6TEJ6
100786576,I1MLL4
100786578,C6TER4
100786579,I1MNI3
100786580,C6TLI4
100786581,I1KXP8
100786582,C6TDF0
100786583,C6TFN4
100786585,C6TEV2
100786591,K7L644
100786592,K7L6I7
100786595,C6TAN8
100786596,I1MQN2
100786598,I1J9I1
100786602,K7LCN0
100786604,C6TIZ7
100786607,I1MSU3
100786610,I1MRX2
100786612,C6TCK3
100786613,I1JER3
100786615,K7KAH0
100786616,A0A368UHP0
100786617,I1JIA0
100786618,I1L957
100786620,K7LJR0
100786621,K7KBP3
100786622,C6TAS0
100786623,K7LKH7
100786625,I1N373
100786626,K7K7M0
100786627,I1N4D6
100786628,I1L7R1
100786629,A0A0R0HN03
100786630,C6T8Z2
100786631,C6T8T0
100786633,K7LLL0
100786634,C6TJA9
100786635,I1LF29
100786636,K7MPP0
100786637,I1JQN9
100786638,E8Z9A2
100786641,I1N112
100786644,I1LFZ3
100786645,I1NA73
100786646,I1LJS6
100786647,K7N067
100786649,A0A0R0EJN2
100786651,I1N8Z8
100786652,I1JTX2
100786653,I1LN28
100786655,A0A0R0HNK5
100786656,I1JUM4
100786657,K7KJE2
100786658,A0A0R4J4G7
100786660,I1JX51
100786665,I1JTT1
100786666,K7N4D0
100786668,C6TI78
100786670,I1NE97
100786672,I1LUZ0
100786673,I1ND98
100786675,C6TF38
100786676,A0A0R0K3J4
100786678,I1NIH9
100786679,I1K6Q3
100786681,I1NDP1
100786682,K7KQ83
100786683,A0A0R0GZS9
100786684,K7N247
100786691,I1M3J4
100786696,K7LUV6
100786698,I1LZX7
100786699,I1M0C1
100786700,I1K8S4
100786701,I1M1W8
100786703,C6TGM6
100786704,C6T7Z2
100786705,K7K0Q1
100786706,I1M3C6
100786707,I1KBS7
100786708,I1M4W0
100786709,I1KDR5
100786710,C6ZRS6
100786711,K7LXI9
100786712,K7LY35
100786713,I1K7E5
100786714,A0A0R4J3F5
100786715,I1M7S3
100786716,C6TIT4
100786717,K7KV13
100786719,I1MBG2
100786721,K7L2L4
100786722,I1MB91
100786723,K7L2W3
100786724,I1KM81
100786727,I1KM58
100786728,A0A0R0J3T7
100786729,I1KHQ6
100786730,K7MA17
100786732,I1KK71
100786733,I1KGU0
100786734,I1MGS2
100786735,C6T8X3
100786737,K7MDY7
100786738,K7M987
100786740,I1MD87
100786741,A0A0R0FWZ0
100786742,I1KY15
100786743,I1MG13
100786744,I1KR53
100786746,K7MFT7
100786747,K7MGX6
100786748,K7L897
100786749,A0A0R0IT34
100786754,K7L4K8
100786756,K7L5N5
100786757,K7K4I0
100786761,K7MHW0
100786762,K7K399
100786763,K7MIL9
100786765,I1J950
100786767,I1MSN3
100786769,I1L4P3
100786770,K7MNM7
100786771,I1J504
100786772,K7MP23
100786773,I1J5A5
100786777,I1L1K3
100786778,I1MUE7
100786779,A0A0R0IAX6
100786782,C6T7C9
100786783,K7LF19
100786784,I1MXU8
100786786,A0A0R0ICF9
100786787,I1MY74
100786788,I1JD21
100786789,C6T9S1
100786790,I1MRP7
100786791,I1L7A0
100786792,I1MRT0
100786793,I1JHN8
100786796,A0A0R0L450
100786798,A0A0R0IC97
100786799,I1JBE8
100786800,I1L0H6
100786801,I1JG92
100786803,C6TE74
100786807,I1JJ67
100786810,I1LE77
100786814,I1LA40
100786815,K7K8E7
100786817,C6THN7
100786818,I1LCP5
100786819,I1N204
100786820,K7KCY6
100786821,C6TDB0
100786822,K7KF34
100786825,K7KH89
100786826,I1MZD7
100786828,I1L8R1
100786829,I1JNQ3
100786830,I1JP70
100786831,K7MQ15
100786832,C6TA11
100786833,I1JQ51
100786834,C6TJE9
100786835,I1LHG9
100786836,K7LRC8
100786837,I1JRJ5
100786838,I1N7Y1
100786840,I1LIC8
100786841,K7MYL7
100786843,K7KBW0
100786846,K7KDF6
100786847,K7LQ62
100786850,I1N9I9
100786852,I1NA18
100786853,I1LGE6
100786855,I1LHP9
100786856,K7MZP1
100786858,I1NC37
100786860,I1LJW9
100786866,I1JXL3
100786868,I1LTK6
100786869,I1NG66
100786870,K7KIL1
100786871,I1NGV6
100786872,K7KJ05
100786873,I1LRA5
100786874,I1NIY4
100786875,I1JTN9
100786876,A0A0R0EAF3
100786878,I1LVE5
100786879,G1AS85
100786880,K7KQA9
100786881,K7LT00
100786882,I1NI06
100786883,K7LTX2
100786884,I1NJ06
100786887,I1NE96
100786888,I1K5G1
100786889,C6TET0
100786893,I1LYR2
100786894,I1K073
100786897,K7M2X3
100786898,I1LXK6
100786900,I1KDK6
100786901,I1LYL2
100786903,I1KEV5
100786904,K7KWF3
100786905,I1LW88
100786906,C6T7L6
100786907,K7LXL0
100786908,I1K8S3
100786909,A0A0R0JS40
100786910,I1M6J6
100786912,I1M6N2
100786913,I1M8P4
100786914,I1KJB2
100786915,I1M9I9
100786916,I1KKG6
100786918,I1KML2
100786919,C6TII3
100786921,I1KIC0
100786924,I1MEW7
100786927,I1MGA8
100786928,I1MCU2
100786929,I1MI52
100786931,K7L935
100786933,K7L9F8
100786934,K7L9P4
100786935,I1MES9
100786936,K7LAT1
100786939,I1KS65
100786941,I1KUW4
100786942,I1KVD9
100786943,K7MHL1
100786944,I1MPJ0
100786946,K7LAS2
100786948,K7K3L3
100786949,I1MJW5
100786952,A0A0R0LER5
100786953,I1KTU6
100786954,I1J4I7
100786955,C6TDD2
100786956,K7K429
100786957,C6THN6
100786958,K7MN31
100786959,I1JAJ4
100786962,I1L144
100786963,I1MR20
100786964,A0A0R0L7E8
100786965,K7MLH0
100786966,I1MV98
100786967,I1L3X2
100786968,C6T8P2
100786969,I1MWY2
100786970,K7MJN1
100786972,I1JB95
100786973,K7MJI9
100786974,I1JH60
100786978,I1JDR2
100786980,I1MWD6
100786981,I1JFQ5
100786983,I1N1F6
100786984,I1JIQ1
100786985,I1JBA6
100786990,A0A0R0HQQ2
100786991,I1N3S6
100786993,K7MV79
100786994,C6TE96
100786996,I1LD67
100786997,I1MZ22
100786998,K7KEL8
100786999,I1N4D2
100787000,I1L889
100787002,I1L7R9
100787003,C6T9E0
100787007,C6TIM6
100787009,I1L8M8
100787013,I1LHF1
100787014,I1JR21
100787015,K7LRK1
100787019,I1N780
100787020,I1LLJ5
100787021,I1N870
100787023,A0A0R0HAW9
100787024,K7MZ77
100787028,K7LP50
100787030,A0A0R0KBI3
100787033,K7MX57
100787034,I1JT00
100787035,K7KM33
100787036,A0A0R0K2V3
100787037,I1LQL3
100787038,I1NDZ7
100787039,K7LTA8
100787041,I1JVG0
100787042,I1LRU0
100787045,K7N2E6
100787046,C6TDQ2
100787048,K7N321
100787049,I1LUH8
100787050,I1K304
100787052,K7KRA3
100787053,I1LPS4
100787055,C6TEP6
100787058,I1K2I1
100787061,K7KML2
100787062,I1K4G0
100787064,I1K4Z1
100787066,A0A0R0GLP4
100787072,K7M3S7
100787073,C6TG60
100787075,C6TI60
100787076,I1K8U2
100787077,C6SV94
100787078,C6TGL2
100787079,I1KBA3
100787080,I1M3V1
100787081,I1M4D1
100787082,I1KC87
100787083,I1K711
100787084,I1M5C9
100787085,C6TBU2
100787086,I1LVX9
100787087,A0A0R0H2F3
100787088,K7KYM7
100787089,K7KSZ8
100787091,K7KVF2
100787093,I1MC27
100787096,I1KL05
100787097,I1M6N8
100787098,A0A0R0GG96
100787099,I1KMN3
100787101,C6T8C9
100787102,I1M941
100787103,A0A0R0J2N5
100787105,I1KLL8
100787107,C6TEF0
100787108,A0A0R0FW96
100787109,C6TF34
100787111,I1KIX5
100787112,I1MJ65
100787114,I1KVW9
100787115,I1MIQ1
100787120,C6TJH6
100787121,K7L723
100787122,I1MLL7
100787123,I1KUC8
100787125,C6TNT2
100787126,I1KWJ0
100787127,I1KXQ1
100787128,K7MER9
100787129,C6TJZ6
100787131,I1KYT6
100787134,K7K279
100787135,I1KQY1
100787137,I1ML13
100787138,K7L645
100787140,I1KT33
100787141,I1ML76
100787144,I1J7U5
100787145,K7MFC9
100787147,I1J9J2
100787148,K7LEJ6
100787150,K7K1X0
100787151,I1J5K6
100787152,K7LCN4
100787153,K7K2K4
100787154,I1MVT7
100787155,I1L5F2
100787156,C6SXQ1
100787157,K7K9R1
100787158,K7MK87
100787159,I1L0D3
100787162,K7LBB5
100787164,I1JER4
100787165,A0A0R4J5M9
100787166,I1JF79
100787167,I1JHT1
100787169,I1JIA1
100787173,I1JC65
100787174,I1N2A0
100787176,I1LEZ3
100787178,I1JE55
100787179,I1N4D8
100787182,K7LJS8
100787183,I1MYL7
100787184,I1LDQ6
100787185,A0A0R0KRA1
100787186,I1L860
100787187,I1N3Y7
100787189,I1MY99
100787190,I1JQP2
100787191,I1L923
100787192,K7MPJ1
100787194,I1JMN8
100787197,I1JS16
100787199,I1JKZ3
100787200,I1LIT5
100787201,K7MZ02
100787202,K7LPI4
100787206,I1N5U7
100787207,I1N8L6
100787208,K7MYB6
100787210,I1LN30
100787212,K7LNS0
100787213,I1JUM6
100787214,C6TH60
100787215,I1JCJ3
100787216,I1JW56
100787217,I1N5K4
100787218,I1JX54
100787220,K7KHB3
100787222,K7N2K5
100787223,A0A0R4J333
100787224,I1NHN1
100787225,C6TJ84
100787226,I1LP40
100787227,K7N1X0
100787228,C6T9T4
100787229,I1LUY9
100787230,I1NGR8
100787231,A0A0R0JYK1
100787232,I1NH70
100787233,K7KQS2
100787237,I1LQ45
100787239,I1K3H9
100787242,I1J3Y3
100787243,A0A0R0JMB1
100787246,K7LZY0
100787248,K7M141
100787251,K7M3D8
100787252,I1K863
100787256,I1LW17
100787257,I1LW26
100787258,I1KFB9
100787260,C6T845
100787261,C6TEY7
100787262,I1KAC4
100787263,I1KAW7
100787264,K7M2D8
100787265,I1M4W2
100787266,A0A0R0EEX3
100787267,C6T7Y6
100787268,K7LXJ2
100787270,I1K7E7
100787272,I1MAE8
100787273,K7KV15
100787274,I1M689
100787276,I1K810
100787277,I1M9Q5
100787279,I1MB96
100787281,I1KNB3
100787284,I1KM60
100787285,I1KGB8
100787286,I1KHQ7
100787288,I1KGK8
100787289,K7L1W6
100787290,I1MGS3
100787291,I1MHA1
100787292,I1MJ79
100787293,A0A0R4J5B8
100787294,C6TN49
100787296,I1ME27
100787298,C6TN61
100787300,I1KSR1
100787301,I1MK11
100787302,I1MN22
100787303,I1KW03
100787304,C6TFK7
100787307,I1J7B3
100787310,K7L5P1
100787311,I1J910
100787313,I1KV38
100787315,A0A0R4J2I4
100787316,K7MIM2
100787317,K7LDD8
100787318,C6TNS4
100787321,I1MX21
100787322,K7K122
100787324,I1J506
100787325,I1J5H8
100787326,K7K262
100787328,I1MU10
100787329,K7LDB7
100787331,I1L3C9
100787332,I1L4W8
100787333,I1MXU9
100787334,I1KZR5
100787335,K7K0Q6
100787338,I1MTI5
100787339,I1JHP2
100787340,K7LBR8
100787342,K7MLI3
100787343,K7KBS3
100787345,I1L0B7
100787349,K7MS40
100787350,I1N019
100787351,I1JJ68
100787352,A0A0R0HV52
100787353,I1JBY6
100787354,K7LLB6
100787357,K7K7B3
100787358,I1LC49
100787359,I1N1J3
100787360,I1LCP4
100787361,K7MSL1
100787362,I1MYY4
100787363,I1JM92
100787366,K7KF36
100787367,I1N4Q1
100787369,K7LHC7
100787372,K7KF48
100787373,K7KFI9
100787375,C6TA03
100787376,A0A0R0KRX0
100787377,I1JQL5
100787378,K7LR51
100787379,K7LRD0
100787380,I1JRK1
100787381,I1N7Y7
100787382,I1LN61
100787383,I1LIC9
100787384,K7MYL8
100787385,I1LJB5
100787392,K7MYW8
100787393,K7LMN3
100787394,I1JX67
100787395,I1LHQ1
100787396,I1NBK4
100787397,I1JU98
100787399,I1JZ87
100787400,I1NCI6
100787401,I1LJX1
100787403,I1LKT6
100787404,I1JWN7
100787405,I1LFT2
100787409,I1JY45
100787410,C6TK09
100787412,K7KIL3
100787413,I1NGV8
100787414,I1LRA6
100787416,I1LT75
100787418,I1NF64
100787419,I1LU00
100787421,K7LWN0
100787422,C6TG35
100787424,I1LQ51
100787425,K7N4P0
100787426,I1LRL5
100787427,I1NJ08
100787428,I1K5W3
100787436,I1M0T1
100787437,I1LXA8
100787440,A0A0R0GKM0
100787443,C6TG06
100787444,I1KEV6
100787446,K7LXI3
100787451,K7KWB0
100787452,I1MBQ7
100787455,I1KIP8
100787456,K7L0Y9
100787458,I1M9J0
100787459,C6TML7
100787465,K7M8T3
100787467,K7MB82
100787468,K7MCD8
100787470,I1KWZ1
100787471,I1MCT5
100787472,I1KXB0
100787473,I1KXN1
100787474,I1MET0
100787480,K7MCM8
100787481,A0A0R0IPI1
100787482,C6TDB4
100787483,I1MP01
100787486,I1KZA2
100787489,I1MMA3
100787491,A0A368UGT8
100787492,I1JAE9
100787493,K7L738
100787496,I1J8A7
100787497,I1J8Q7
100787501,I1J545
100787502,I1L5X5
100787505,C6TEG0
100787507,I1MUT8
100787510,I1L4F4
100787511,I1MWY7
100787512,C6TDD9
100787513,I1JCT0
100787517,I1MU89
100787518,I1JJ30
100787520,I1JDR4
100787523,I1JFQ7
100787525,K7KB36
100787528,K7K5U4
100787529,G7Z0B5
100787530,I1JCK2
100787531,A0A0R0HQT6
100787532,K7MUC6
100787533,C6T8D7
100787534,K7LJG8
100787535,I1JCI3
100787536,I1LD68
100787537,K7MU39
100787539,C6TBV2
100787540,I1LFH9
100787541,I1JP64
100787543,A0A0R0FH00
100787544,K7KGR6
100787545,K7MQ23
100787546,I1JM47
100787547,A0A0R0HP87
100787548,K7KEQ8
100787550,I1LLT4
100787551,I1JR24
100787553,K7MXX9
100787556,I1JL75
100787558,I1N786
100787559,I1LLJ4
100787561,I1KSB8
100787563,C6THP0
100787564,K7LN02
100787565,I1NB24
100787567,K7LP51
100787568,I1JV29
100787570,A0A0R4J5Z6
100787572,I1JYJ4
100787573,I1JYY1
100787575,I1LNT8
100787578,I1LQV3
100787579,I1JVG1
100787580,I1LRU3
100787581,I1NIC0
100787583,I1NER6
100787584,I1LTN4
100787586,A0A0R4J642
100787587,C6T727
100787590,I1NII0
100787592,K7LU39
100787593,I1NCX4
100787595,A0A0R0HHA4
100787596,K7KPK7
100787601,I1K4G9
100787602,I1NDW5
100787603,C6TE10
100787604,I1K016
100787614,I1M0C2
100787615,I1M0W1
100787616,I1M1E5
100787617,I1K9A2
100787619,K7LWT5
100787620,I1KC89
100787621,C6TJN6
100787624,K7KSJ6
100787625,I1KFU7
100787627,I1KAB5
100787629,K7M7T9
100787630,I1K7V5
100787631,K7M8K8
100787632,C6SZ89
100787633,C6T8U4
100787634,I1KH58
100787635,I1MAU6
100787636,I1MC59
100787637,I1KMN7
100787640,I1KJV9
100787641,I1KLM3
100787644,I1KNI8
100787648,K7MDX6
100787649,I1KGP7
100787650,I1MFE8
100787652,I1MIQ4
100787655,I1KRQ7
100787656,I1KTB0
100787657,I1KTS9
100787659,I1KUC9
100787660,I1MNI7
100787661,I1KWJ3
100787662,I1KXQ3
100787663,I1MQ89
100787664,K7LA44
100787667,K7K3T6
100787668,K7L5B1
100787670,I1KPA5
100787671,I1J9R9
100787672,I1KT34
100787673,G7Z0A5
100787675,K7MJ19
100787676,H7BRI4
100787677,I1L466
100787678,K7LFB9
100787680,F6GPL6
100787681,I1L265
100787682,I1J5P2
100787683,I1MVT5
100787685,I1L6B5
100787686,I1JGP8
100787687,I1MSU6
100787690,I1L228
100787691,I1L0F0
100787694,K7K8D7
100787695,I1JH98
100787696,I1JBW0
100787698,K7LJ48
100787700,C6T9X5
100787702,A0A0R0HWD5
100787705,I1N4D9
100787706,I1LAL2
100787707,I1LBN5
100787709,C6TF83
100787710,I1N321
100787712,I1LEM1
100787713,I1N3Y9
100787714,C6TAA8
100787715,I1MYA7
100787716,K7KGD3
100787719,K7LI30
100787720,I1JMN9
100787725,C6TEC8
100787726,C6TIP6
100787728,I1LIT6
100787732,K7N071
100787733,A0A0R0HAS1
100787734,I1N8L7
100787735,I1N906
100787736,I1LN31
100787737,I1LNK3
100787738,I1LIF3
100787739,I1JUM9
100787741,K7KJE4
100787742,I1JW58
100787744,K7KKV9
100787745,I1LH96
100787747,K7KHR5
100787748,K7LVT9
100787750,I1NHN7
100787752,I1LSB1
100787754,I1NCV1
100787756,I1NGR9
100787757,I1NH77
100787760,K7N0S4
100787762,I1NDX9
100787763,I1K305
100787764,C6SWA8
100787765,K7LT69
100787767,A0A0R0K0W3
100787768,P33081
100787769,I1K609
100787770,K7KMV6
100787771,K7LZY1
100787772,I1M1H9
100787775,K7M3D9
100787776,I1K8G2
100787779,I1LZI7
100787780,I1LZY0
100787781,I1KFC0
100787782,A0A368UIF9
100787783,I1K9T6
100787785,I1KAC9
100787786,I1M3D0
100787788,C6TG07
100787789,C6TB48
100787790,C6TA36
100787792,I1LXD3
100787793,K7KSJ8
100787796,I1MBG6
100787798,K7L2L5
100787799,C6TF04
100787800,I1KLU8
100787801,K7L364
100787804,I1KL30
100787805,I1KG22
100787806,K7L3H1
100787807,I1KN13
100787809,I1KHS5
100787810,I1MED3
100787812,C6F116
100787814,I1MCJ7
100787815,I1MGS7
100787817,I1MJM5
100787818,I1KX48
100787821,C6THH1
100787822,I1MG15
100787823,A0A0R0ISD1
100787826,I1MM32
100787827,A0A0R0FZ77
100787834,K7L4L5
100787835,C6T7I0
100787836,I1KRM9
100787837,I1J913
100787839,K7L7F7
100787840,K7L7T1
100787841,I1MPC3
100787842,C6TD72
100787850,K7LEW8
100787851,I1MXM3
100787852,I1J507
100787854,K7K1P3
100787855,I1J5E3
100787856,I1L774
100787857,I1MU14
100787858,K7LDB8
100787859,I1L3D1
100787860,I1MWC4
100787862,I1JCW2
100787863,I1L5V5
100787864,A0A368UGU3
100787865,I1JGF7
100787866,I1L6T4
100787868,I1L7A6
100787869,I1MTI6
100787870,K7KAE3
100787871,I1MUW2
100787872,A0A0R4J2S3
100787873,I1MS04
100787874,C6T601
100787875,C6TAF4
100787876,K7LIT2
100787878,I1MZZ2
100787880,Q38JB2
100787881,I1LC77
100787884,K7K6V8
100787885,I1LA46
100787886,I1JFB5
100787888,I1N1J4
100787890,C6T7C5
100787891,A0A0R0HYQ3
100787892,I1JNN1
100787893,I1N4Q4
100787894,I1JPX3
100787896,I1N029
100787899,A0A0R4J2W1
100787902,A0A0R0KUR1
100787903,I1JQ59
100787904,I1JQL7
100787907,I1JRK2
100787910,A0A0R0HMG3
100787911,K7MYM2
100787912,I1LG13
100787913,I1LG73
100787916,C6TJE0
100787917,I1N614
100787918,K7KKG7
100787919,K7MYX2
100787920,K7LMN4
100787922,A0A0R4J4G4
100787923,I1NBK5
100787924,I1JYA1
100787925,I1NC48
100787926,I1JZ90
100787927,I1NCI8
100787928,K7LPL3
100787932,I1JXL6
100787934,C6TAH2
100787937,K7KIL6
100787938,K7N3S5
100787939,I1JV08
100787940,I1LRA7
100787941,I1NIZ2
100787942,C6T9C9
100787943,C6ZS10
100787944,K7N4C1
100787945,I1K3P4
100787947,I1NDE3
100787948,I1LRL7
100787949,K7N5A2
100787950,I1K5W4
100787954,I1K6F5
100787955,K7LZF7
100787956,K7M0R7
100787957,K7KP30
100787960,I1LXK7
100787962,I1LYM0
100787963,I1LZ38
100787967,A0A0K2CT47
100787968,I1K738
100787970,C6T8J1
100787971,K7LXP9
100787973,K7M586
100787974,I1KCI3
100787976,A0A0R0GDJ8
100787977,C6T9R4
100787979,I1KHN2
100787980,I1KI60
100787981,C6TD25
100787982,I1KIT1
100787983,K7L0Z1
100787985,A0A0R0GCB6
100787986,A0A0R4J3P8
100787989,A0A0R0J6L5
100787992,C6TM35
100787994,I1MHR0
100787995,I1MI57
100787996,I1KWC8
100787998,K7L940
100787999,K7M918
100788001,K7L9P9
100788004,I1KZB4
100788006,I1MDQ0
100788007,Q6WNU4
100788008,I1MDW6
100788009,I1KUX4
100788011,I1KVE9
100788012,I1MKB2
100788013,I1MPJ4
100788014,I1J5X0
100788015,C6TIF4
100788017,I1J637
100788019,K7K439
100788020,I1MMT2
100788021,I1JAF0
100788022,A0A0R0IMY2
100788023,I1J6T7
100788024,C6T1D3
100788025,I1J8R3
100788026,I1J9J6
100788027,K7LDZ6
100788028,I1JA26
100788029,K7MN35
100788030,I1JAJ6
100788031,C6TAZ7
100788032,K7LG71
100788033,I1MTI4
100788035,I1MUT9
100788036,K7LEC2
100788037,I1L4F8
100788038,I1MXE4
100788040,I1JCY8
100788041,I1MRC4
100788042,I1JH62
100788043,I1MRV6
100788044,I1JJ31
100788045,I1L1V1
100788046,I1JBC5
100788048,I1JER5
100788050,I1JBK9
100788053,A0A0R4J2R3
100788055,C6TM61
100788056,I1JJN1
100788057,A0A0R0L0M3
100788059,A0A0R0I4I0
100788060,I1N2N7
100788061,I1JCK3
100788062,A0A0R0HYL4
100788064,K7K6G1
100788065,K7MV83
100788066,I1LB56
100788067,I1JFM7
100788069,K7MU41
100788070,I1JK31
100788071,C6TKR9
100788073,I1L7S7
100788074,I1JRH6
100788075,I1L9E6
100788078,K7MQU3
100788079,C6TH15
100788081,I1JR28
100788082,K7LRK9
100788087,I1NAT4
100788088,I1N7Q9
100788089,C6TE63
100788090,I1LMN5
100788091,I1JSC2
100788092,K7MZ81
100788093,A0A0R0HLG9
100788094,I1JQI1
100788095,K7KL66
100788097,K7MVR8
100788098,I1JV30
100788099,K7MWD1
100788102,I1JYJ5
100788103,K7KM36
100788107,I1LVA5
100788108,I1LQV9
100788111,I1NIC1
100788113,I1NES0
100788114,K7LVL9
100788116,I1NFR9
100788117,I1LUI4
100788118,I1LUZ1
100788119,I1K313
100788120,I1LP99
100788121,I1NII1
100788122,I1K0Y9
100788124,I1K1K1
100788127,K7LUK7
100788128,I1K2I7
100788129,K7LT17
100788131,C6T9C4
100788132,I1K4H1
100788135,I1JZP1
100788136,K7LZ22
100788141,I1K8D9
100788142,I1LY18
100788143,I1M0C5
100788144,C9WA61
100788145,I1M1E7
100788146,I1K9A3
100788147,I1KAW9
100788151,I1KC90
100788152,I1M5D1
100788153,I1M5U7
100788155,I1K7E2
100788156,A0A0R0JN76
100788158,Q00M67
100788160,C6TII7
100788161,I1MB15
100788162,I1MC36
100788163,I1M8Q6
100788164,I1M984
100788165,K7M6J4
100788166,I1M6V1
100788167,I1KMN8
100788168,K7M5B4
100788170,C6TGW4
100788171,I1M7I6
100788172,I1M7M5
100788173,I1KNI9
100788174,I1MDX7
100788179,A0A0R4J5D6
100788180,I1MHA5
100788183,A0A0R0INF0
100788184,A0A0R0GAV8
100788186,C6T7T0
100788187,K7L6P0
100788188,A0A0R0IMW8
100788189,C7S8B8
100788190,I1KUD4
100788191,K7MEN0
100788192,I1KWJ4
100788193,A0A0R0IUQ7
100788194,C6TN05
100788195,I1KY91
100788197,I1KP02
100788199,I1J7H4
100788201,I1J7X3
100788206,I1KT37
100788207,K7MGU8
100788208,I1J6A5
100788209,I1MLC0
100788210,I1MLE9
100788211,K7K1A3
100788212,K7MJ25
100788213,K7LDJ8
100788218,I1L1K7
100788219,I1MUF2
100788220,K7K103
100788221,I1L267
100788223,K7MM25
100788225,M9WU78
100788226,K7K9R3
100788228,I1L0D6
100788229,I1L0Y5
100788233,I1L0H7
100788235,Q8S3B9
100788236,I1JHA1
100788237,I1JHT5
100788243,K7LKI4
100788245,A0A0R4J5V6
100788246,K7K7M1
100788247,I1N4E5
100788248,I1LAL4
100788249,K7MQU7
100788250,I1LBN7
100788252,A0A0R0I6V8
100788253,I1LDR2
100788254,I1N324
100788255,I1JMG9
100788256,I1LEM3
100788257,K7MUG8
100788258,I1LF44
100788260,K7KGD6
100788262,I1MZ20
100788263,I1JMP1
100788264,I1LAC2
100788267,A0A0R4J5T7
100788269,C6TC05
100788270,I1LHW4
100788271,A0A368UK73
100788273,I1LJS8
100788278,I1LN34
100788279,C6TDK5
100788280,I1LIF8
100788283,I1JVL2
100788284,I1JSM1
100788286,C6T919
100788288,K7KHC2
100788294,I1LSB3
100788295,K7LSF6
100788296,A0A0R0EJN3
100788298,I1NF68
100788300,K7N3N8
100788301,I1NH79
100788302,I1K4D9
100788303,I1LR17
100788304,I1K6Q7
100788305,K7KMF2
100788308,I1K307
100788316,I1K1U8
100788317,I1M1I2
100788318,I1K0L3
100788319,K7M2I3
100788324,A0A368UH80
100788326,I1M1X6
100788327,I1K9T7
100788328,A0A0R0H261
100788329,I1KAD1
100788331,I1M3D2
100788332,C6TFR9
100788335,K7KXM2
100788336,I1LWN9
100788337,I1LWT4
100788339,K7KU35
100788340,I1KB95
100788342,I1KLC7
100788343,I1MB99
100788345,I1KNB6
100788346,K7M4W0
100788347,I1KL32
100788348,I1KM63
100788349,I1KML6
100788350,I1KG63
100788356,I1MGS8
100788357,I1MJ86
100788359,I1KX49
100788362,K7LA15
100788363,I1MG17
100788365,I1KR58
100788367,I1KSR5
100788368,C6TIZ2
100788369,I1MN29
100788370,I1KW08
100788371,I1KX38
100788373,K7L490
100788374,I1KPN8
100788377,I1J914
100788378,I1KUH2
100788379,K7L7T5
100788381,I1J7C8
100788382,A0A368UGZ1
100788386,I1L3R6
100788388,K7K127
100788389,K7LEW9
100788390,K7MNN5
100788391,I1MY42
100788392,I1J5I2
100788394,K7ML08
100788395,C6TCZ1
100788396,A0A0R0FD04
100788398,I1L3D3
100788399,C6T7M3
100788400,I1KZR6
100788401,A0A0R0F600
100788403,I1L6T7
100788404,I1MS48
100788406,K7MKR2
100788407,I1JHP5
100788409,I1MUW3
100788413,I1JJ70
100788415,K7K661
100788416,I1LEA3
100788417,A0A0R0KSQ6
100788418,I1LA47
100788419,C6THT0
100788420,I1JCM4
100788421,K7MS29
100788423,I1LE83
100788425,K7KF38
100788426,C6TM62
100788427,K7MV22
100788428,I1N554
100788429,I1JPX4
100788430,I1L8H6
100788432,I1N032
100788434,I1N0U6
100788435,I1JNP5
100788438,I1JPN0
100788439,I1JQ61
100788440,I1LHH0
100788441,I1LHJ5
100788442,I1JKM6
100788443,K7MXL5
100788444,K7LRY8
100788445,I1LID0
100788446,I1N6Z6
100788448,I1NBM1
100788451,I1LKS6
100788452,I1JLY9
100788454,I1LFQ3
100788455,I1N873
100788456,C6T7F7
100788458,A0A0R0KG32
100788460,K7MZP3
100788466,A0A0R0KC23
100788468,I1JSX0
100788470,C6TIQ8
100788471,I1LQI0
100788473,C6TL77
100788475,A0A0R4J305
100788476,I1LRA9
100788477,K7N584
100788478,I1LP75
100788480,C6T9V6
100788484,I1NI18
100788485,I1LRL8
100788486,A0A0R0ERR0
100788490,I1K6G0
100788491,K7LZG0
100788493,I1M0T4
100788494,I1K0H6
100788498,I1K818
100788499,I1LXL0
100788501,I1KDK7
100788503,A0A0R0GMF6
100788504,C6T904
100788506,I1KFY7
100788507,I1KCR0
100788511,I1K8T2
100788512,K7KVT9
100788515,I1M6J9
100788516,I1MAU7
100788517,I1MBR1
100788519,I1KI62
100788521,I1KIQ6
100788522,I1KJC7
100788524,I1M9J3
100788528,I1KID3
100788534,I1MI58
100788535,C6TG03
100788536,I1KPP1
100788537,K7M923
100788539,I1KXN5
100788540,A0A0R0FXZ8
100788541,C6THE2
100788542,I1KZB5
100788544,I1MHQ4
100788547,K7L7P5
100788550,C6T7F1
100788551,I1MPJ5
100788554,K7MFJ7
100788556,I1KSF2
100788559,I1KTV1
100788560,K7K2U4
100788561,I1J8A8
100788562,I1J8R4
100788563,K7K4U0
100788565,C6TGJ7
100788566,K7MN36
100788568,A0A0R0F950
100788569,I1L6M1
100788571,A0A0R0L7J8
100788574,C6T7Z4
100788575,I1MWZ4
100788576,K7LF21
100788577,I1MXE7
100788583,I1JDR9
100788585,Q2Q021
100788586,C6TFA6
100788587,I1JIQ4
100788588,K7LJR6
100788589,I1JJN8
100788591,I1LDJ8
100788592,I1L9J7
100788594,I1N4Y2
100788597,C6TJL3
100788598,I1LD73
100788599,I1N3K1
100788600,K7KEM1
100788601,I1N4D7
100788602,K7KFI8
100788603,I1L8A7
100788604,K7KGR9
100788606,A0A0R0EWG8
100788607,K7KDT4
100788609,I1JN75
100788611,K7LR12
100788612,C6TGS2
100788616,A0A0R0KJ97
100788617,I1JKW3
100788618,I1NAT5
100788619,C6TLX4
100788620,I1N7R1
100788622,K7MYC4
100788624,K7MZ80
100788625,I1LH08
100788626,C6SZ18
100788627,K7KL68
100788628,A0A0R0HFI7
100788629,I1N5N4
100788630,A0A0R0K666
100788634,C6T8L2
100788637,A0A0R4J4M0
100788639,K7LWK4
100788641,I1JVG2
100788643,I1NIC2
100788645,C6TED0
100788646,A0A059TA88
100788647,K7N327
100788648,K7LW43
100788649,I1LUZ5
100788651,I1LPA9
100788652,I1NII5
100788653,K7KRA4
100788655,I1NCX8
100788656,K7KNN7
100788658,I1LQ11
100788659,I1JZM8
100788664,A0A0R0JY08
100788665,C6TJ04
100788667,I1LY76
100788669,I1M094
100788671,I1KDQ9
100788673,I1M0C6
100788674,I1M0W9
100788675,I1M1F0
100788676,I1K9A8
100788677,C6THI0
100788680,K7M318
100788682,C6THA2
100788683,C6T8X7
100788684,K7LWZ4
100788686,I1K7K8
100788687,I1KAB7
100788688,K7KVG4
100788691,A0A0R0GG41
100788692,I1M6B1
100788693,I1M989
100788694,C6TFH7
100788696,C6SV66
100788697,I1KMP6
100788698,I1M843
100788699,I1M730
100788700,C6T7T9
100788702,K7M6X1
100788703,I1KNJ0
100788705,I1MI98
100788707,A0A0R0FX22
100788712,C6TK64
100788713,C6TFF7
100788714,K7L882
100788717,K7MBG3
100788718,I1KRR4
100788719,I1KTC2
100788720,I1KTT7
100788721,I1MLL9
100788722,I1KUD5
100788724,A0A0R0IS82
100788725,D2DF32
100788727,I1MQP1
100788728,I1J6X1
100788733,I1KQZ0
100788735,I1KT40
100788736,K7MGV0
100788737,I1J6A8
100788739,I1J7U8
100788740,K7MJ28
100788742,I1L468
100788743,K7LFC4
100788744,C6TJF3
100788746,A0A0R4J3Z4
100788748,A0A0R0FEJ5
100788749,I1MRC7
100788752,I1L6B9
100788761,I1MS67
100788762,K7LD58
100788765,K7K9D0
100788766,I1JB52
100788767,B9MST3
100788768,I1JHU2
100788770,I1L958
100788772,C6TJZ2
100788774,I1LEZ5
100788775,K7MTT7
100788776,I1JCC5
100788777,A0A0R0EY64
100788778,I1LBP4
100788779,I1MYL8
100788780,I1LCP7
100788781,I1MZ08
100788782,C6TFY2
100788783,I1N3Z2
100788784,K7LLY0
100788786,I1JQQ7
100788788,I1MZ23
100788789,I1L8H9
100788793,K7MRC2
100788794,I1MZS6
100788796,C6TFJ7
100788797,I1LHW7
100788798,C6TM36
100788799,K7MZ04
100788800,I1LJT4
100788802,K7N074
100788806,I1LNK7
100788807,I1NA25
100788810,C6TJ45
100788811,I1JVL8
100788812,I1JW60
100788814,A0A0R4J5X2
100788815,K7KHD7
100788816,A0A0R0EI16
100788817,I1NHP0
100788818,I1JTD8
100788819,I1LSB4
100788820,A0A0R0H5E5
100788824,I1LU35
100788825,I1NGS1
100788826,I1NDB4
100788830,K7N0S9
100788831,I1JZJ1
100788833,K7N1G1
100788834,I1K3I2
100788840,I1K090
100788842,I1K0D1
100788843,I1M1I3
100788844,I1K0L4
100788845,I1LXB5
100788846,K7M3E1
100788849,I1LZZ0
100788850,K7KYA6
100788852,I1K9U2
100788853,C6TLP0
100788854,I1M2V4
100788855,C6TCH4
100788856,C6ZRV5
100788858,I1KEF0
100788859,K7LY40
100788860,I1K7F1
100788863,I1M684
100788864,K7KV26
100788865,K7M7L2
100788866,A0A0R0GS25
100788868,A0A0R0GRT9
100788871,K7L3W3
100788873,C6TJM0
100788874,I1KL34
100788875,C6TGT7
100788876,I1KML7
100788877,I1KN17
100788878,K7KZS9
100788881,A0A0R0J9F3
100788883,I1MCN5
100788884,I1KPS4
100788885,I1MD37
100788886,I1MJM7
100788888,K7M9H3
100788889,K7M9W9
100788892,I1KQM2
100788893,I1KR61
100788895,K7L6A4
100788896,I1MK12
100788897,A0A0R0FSS2
100788898,I1KW09
100788899,K7MEQ9
100788902,I1KPP3
100788903,I1KQE7
100788906,K7MH52
100788910,I1J7C7
100788911,K7MIM6
100788912,I1L2U1
100788913,I1J4Z0
100788914,K7LE86
100788917,I1L4P7
100788918,K7MNN6
100788919,K7K1D3
100788922,C6T667
100788923,I1MU18
100788924,I1MVA8
100788925,C6TFQ8
100788927,K7LFQ1
100788929,I1JGG0
100788930,I1L6T8
100788931,A0A0R0FIJ6
100788934,K7KAF2
100788935,M9WQD9
100788936,K7MLI9
100788937,I1JJV1
100788938,A0A0R0FMC5
100788939,C6TMB0
100788940,I1N020
100788941,I1JJ75
100788942,I1LC85
100788946,K7K6W1
100788948,I1L7B7
100788949,K7K8F0
100788950,I1N1K0
100788951,C6T7J5
100788953,I1LE84
100788954,K7KF40
100788955,K7LM62
100788957,K7MVD1
100788959,A0A0R4J436
100788961,I1N037
100788964,I1MZJ7
100788965,A0A0R0KIT7
100788966,I1JP78
100788968,I1JKG5
100788969,I1JQ64
100788973,K7LRZ5
100788974,I1LID1
100788975,K7MYM4
100788976,I1NBM2
100788977,C6TJJ5
100788978,K7LQ69
100788981,I1N877
100788982,I1LMN6
100788983,I1N9J4
100788984,K7KKH4
100788987,K7LNE9
100788988,I1NBK8
100788991,I1NCJ4
100788992,K7LPL5
100788994,K7LQ72
100788995,K7KKI2
100788996,C6TFI8
100788998,K7KL81
100789000,I1JY56
100789002,K7N3D0
100789003,K7N3T0
100789004,I1LRB2
100789005,I1NIZ5
100789006,I1LT79
100789007,K7KK18
100789008,C6T789
100789009,I1NHL5
100789011,I1LQ72
100789012,I1NI21
100789013,I1LPN5
100789014,I1NJ17
100789015,K7KRQ4
100789016,K7N140
100789017,A0A368UI56
100789020,K7KS12
100789021,K7LZG4
100789022,A0A0R0JQT3
100789025,A0A0R0H710
100789028,I1LXK9
100789031,I1LYM5
100789032,I1LZ40
100789033,I1K8Q6
100789036,B0M1A1
100789037,I1KFV6
100789038,K7LYD5
100789039,K7KTH1
100789044,K7M745
100789045,C6TBD1
100789047,K7L032
100789048,I1M8P9
100789049,I1KIM7
100789050,I1KJD0
100789052,A0A0R4J571
100789053,A0A0R4J3M4
100789054,I1M9V7
100789055,C6TGH6
100789056,K7KZD3
100789058,I1KGE9
100789059,K7L0W7
100789060,I1MJN0
100789061,I1MEX4
100789064,I1MI59
100789065,I1KWD0
100789067,K7M925
100789068,K7L9G5
100789069,A0A0R0IUH4
100789070,C6TE08
100789071,I1MFF3
100789072,I1KZB7
100789073,I1MDL7
100789076,K7M9R3
100789077,A0A0R4J3Y1
100789078,C6TF64
100789079,K7MHL9
100789080,I1MPJ6
100789083,E9L572
100789085,K7K3M1
100789089,I1MJX6
100789091,A0A0R0ITE7
100789093,K7K432
100789094,I1J8R6
100789097,B3TPR9
100789099,I1JAK5
100789100,I1MT35
100789104,I1L1K9
100789105,I1MUU1
100789106,A0A0R0IID0
100789108,I1MWZ7
100789109,C6T9E3
100789110,I1MXE8
100789113,K7KA31
100789115,K7KBC6
100789116,I1JDS0
100789121,C6TMZ2
100789125,C6TEW5
100789126,E3NYP9
100789128,K7LKZ4
100789129,I1JCK9
100789132,I1JEN8
100789133,A0A0R0HSJ1
100789134,I1N4Y3
100789135,I1LB65
100789136,I1JFM8
100789137,I1MYV4
100789138,C6TAC0
100789139,A0A0R0I896
100789141,A0A0R0KPM5
100789142,I1N4E2
100789144,I1L7T7
100789145,A0A0R0KD43
100789146,I1L9E7
100789148,K7KDT9
100789150,I1JN76
100789152,I1JR32
100789153,K7LRL1
100789154,K7MXY1
100789158,K7KCY1
100789159,I1LJC1
100789161,K7MX18
100789162,I1N7S1
100789163,I1LM57
100789166,I1LH09
100789168,I1LJ67
100789173,K7KM40
100789174,K7KHS2
100789175,I1LUQ4
100789176,K7N301
100789177,I1LVB2
100789178,I1LQW6
100789179,I1NIC3
100789180,K7KJR3
100789181,K7N2F4
100789182,I1LP96
100789184,C6TKM9
100789185,I1LUZ7
100789187,C6TGP8
100789188,K7KRA5
100789189,K7LSU1
100789193,I1K2J1
100789197,I1JZV3
100789198,I1J3Y4
100789201,I1LY82
100789202,A0A0R0GWH6
100789203,I1M279
100789206,A0A0R0GKM3
100789207,K7LYY2
100789208,I1LZI9
100789209,I1M0C8
100789210,A0A0R4J4U0
100789211,I1M1F2
100789212,I1K9B3
100789213,I1KAX5
100789214,I1KBA5
100789215,E2FKH4
100789217,I1M5V2
100789218,I1KEV1
100789220,K7KUJ3
100789223,I1MC53
100789228,K7M5B6
100789229,I1M945
100789233,K7L3Y8
100789235,I1KGD7
100789237,I1KIX8
100789238,I1MJ83
100789239,C6TJH0
100789240,A0A0R0GAQ0
100789241,A0A0R4J5C8
100789242,K7L884
100789243,A0A0R4J5D9
100789247,I1KTC3
100789248,I1MLM1
100789249,C6TF32
100789250,C6TNU0
100789251,I1KX40
100789252,I1KXQ8
100789253,I1MQ94
100789254,I1MQP2
100789255,I1J6X2
100789256,I1KYU1
100789257,I1ML63
100789264,K7L6J8
100789266,A0A0R4J2H9
100789267,A0A0R0FR52
100789268,I1J7U9
100789269,K7MJ33
100789271,I1L0Y9
100789272,I1L5C9
100789273,I1J5U2
100789274,I1MUF4
100789277,C6T6E2
100789278,A0A0R4J5R0
100789279,I1MRC8
100789280,I1L5F6
100789281,I1MXV2
100789283,I1L6C1
100789285,I1MRR2
100789286,K7LBE9
100789287,K7LBS1
100789290,I1L079
100789291,C6T8Y4
100789292,I1L2L4
100789295,I1JBQ0
100789296,I1JGR4
100789297,I1JHA3
100789298,I1LAI7
100789301,I1N2A2
100789302,I1LCT5
100789303,I1LEZ6
100789305,K7K7M3
100789307,I1MYJ1
100789308,I1LBP9
100789309,I1LC57
100789310,K7LKG4
100789311,C6SVH8
100789312,C6TFT5
100789313,C6TM75
100789314,I1LF51
100789316,I1JQR0
100789318,I1L9L2
100789319,I1JMP7
100789322,A0A0R4J5Q9
100789323,K7MRU0
100789324,I1JQL8
100789327,I1JS27
100789328,I1LFV4
100789329,I1JKZ4
100789330,I1LIU7
100789331,K7MZ05
100789332,C6SZA4
100789333,I1NCE9
100789336,K7LS60
100789337,I1NA32
100789338,K7LNS4
100789339,I1JVL9
100789340,I1LH30
100789341,I1JX62
100789342,I1N751
100789343,K7KHE0
100789347,A0A0R0K554
100789349,K7N4D7
100789351,I1LSQ9
100789352,I1ND23
100789353,I1NF70
100789354,I1NG83
100789355,I1NGS2
100789358,I1LR24
100789359,I1K6R2
100789360,A0A0R4J610
100789361,I1K215
100789362,I1LQ46
100789363,I1NDY1
100789365,A0A0R0K0I8
100789368,I1K5G9
100789372,A0A0R0GS35
100789373,I1K242
100789374,K7M3E4
100789379,C6T8L0
100789380,I1K9U4
100789381,I1M2G5
100789382,I1LW99
100789383,I1M3D4
100789384,K7M2R0
100789385,I1KBT2
100789386,A0A0R0GJL6
100789387,K7KSH2
100789388,I1LWQ1
100789389,I1K7F8
100789392,K7M7C1
100789395,K7M5D3
100789397,I1MBA1
100789398,A0A0R0J6E8
100789399,I1KHC4
100789400,K7L3W5
100789402,A0A0R4J3N6
100789403,I1KL35
100789404,K7L3H6
100789405,I1KN18
100789406,I1KHT9
100789408,K7L1M8
100789409,I1KGU2
100789410,Q2LAK9
100789413,I1MJM9
100789415,K7M9H8
100789416,C6TDH5
100789418,C6T9K0
100789419,I1K2S3
100789420,I1KSR6
100789421,I1MM41
100789422,I1MML3
100789424,K7L8A6
100789425,I1MKE0
100789427,I1KNZ5
100789428,K7L508
100789429,H9CDQ2
100789430,K7MH54
100789431,K7L7G2
100789432,I1KV67
100789433,K7MHW4
100789434,K7K183
100789435,A0A0R0FZV0
100789436,I1L0L6
100789437,I1J959
100789438,I1J4B5
100789443,K7MNN7
100789444,I1J510
100789448,A0A0R0L625
100789450,C6TF89
100789458,I1MTJ2
100789460,I1MUW8
100789465,I1L907
100789468,I1JJ78
100789469,K7LK66
100789470,I1JC50
100789471,I1LEA5
100789475,I1LA49
100789476,K7K8F3
100789477,I1N1K1
100789478,K7MT95
100789480,I1LE85
100789483,C6TE84
100789484,K7MV24
100789485,K7MVD3
100789486,I1JPY1
100789487,I1JK45
100789490,I1MZH4
100789491,I1N0U7
100789492,I1JNN6
100789493,I1JKE5
100789494,I1JPN3
100789495,C6TJX5
100789496,C6T935
100789497,I1JRL0
100789499,I1LN75
100789500,I1LID2
100789501,K7MYM5
100789503,K7MZR5
100789506,I1LKS8
100789509,C6TDZ0
100789510,I1N9J5
100789512,K7LMP3
100789513,I1JX75
100789514,I1NB22
100789515,I1LHR6
100789516,I1NBL1
100789517,I1JYA5
100789518,I1JZ98
100789520,I1LJX9
100789524,I1N6H9
100789525,I1JXM5
100789531,I1LRB4
100789532,I1LRV3
100789534,K7LV86
100789535,C6TMF3
100789536,K7LWN2
100789537,I1NHL8
100789538,I1K0W3
100789540,I1NI23
100789541,I1LRM4
100789542,C6TLV3
100789547,C6TJ60
100789548,I1LWY5
100789550,I1K6G2
100789554,I1M2V9
100789555,A0A0R0JT94
100789556,I1M485
100789557,K7LYA5
100789560,C6TFK4
100789561,I1LZ47
100789562,I1KEG7
100789563,K7KXZ1
100789564,I1KFZ4
100789565,K7KUJ6
100789567,I1KCR5
100789568,I1KD99
100789569,K7LX68
100789570,I1KFB5
100789571,K7LXX9
100789572,I1KFV7
100789574,K7KTH2
100789577,I1K7Y3
100789579,K7M750
100789580,I1MAV2
100789581,C6TAG2
100789583,A0A0R0J6B1
100789584,K7M5N3
100789585,I1KJD2
100789587,I1KKI1
100789588,I1M7F7
100789589,K7KZD7
100789590,I1MIJ9
100789591,A0A0R0J7E6
100789593,C6TC27
100789594,I1MGB9
100789595,A0A0R0IRT2
100789597,K7M927
100789603,I1KRR2
100789605,I1KS74
100789606,I1KTT9
100789607,C6THQ3
100789608,A0A0R0ITP2
100789609,A0A368UJC3
100789610,I1MP14
100789611,I1MPJ8
100789612,I1KYA1
100789613,I1KZB1
100789616,K7K441
100789618,A0A0R0IUG4
100789619,K7K2V0
100789620,I1J8B1
100789621,I1J8R7
100789623,I1MWT3
100789624,I1JAK7
100789625,I1MQS1
100789627,I1MR21
100789629,C6TDF9
100789630,A0A0R0I9A7
100789631,I1L4G5
100789632,I1MWZ8
100789633,C6TB43
100789634,C6TMI0
100789635,I1JCY9
100789636,I1MRN5
100789638,I1MU94
100789639,K7KBC7
100789641,I1JDS1
100789642,A0A368UK63
100789643,I1JBG7
100789645,I1JFR6
100789647,I1JIQ7
100789649,I1JB63
100789650,I1JBB5
100789651,I1N0B3
100789652,C6T8P6
100789654,I1JCL0
100789655,I1L7I4
100789656,I1N3T8
100789657,I1L7R2
100789658,I1N4Y5
100789659,I1LB67
100789660,A0A0R0EVI2
100789661,C6TEE0
100789663,I1N3K6
100789664,I1N4E0
100789665,I1JP80
100789667,I1JRJ0
100789670,I1JM54
100789672,I1JN77
100789674,K7LRL3
100789675,I1JK94
100789676,A0A0R0EXP2
100789677,I1JKP5
100789679,I1LJC1
100789680,K7MZB8
100789681,I1N798
100789682,I1N7S3
100789683,K7LQS7
100789684,I1N913
100789686,I1NAL9
100789687,K7LN06
100789688,I1NC50
100789689,K7LP59
100789690,I1N6B4
100789693,I1JYZ2
100789695,K7N302
100789697,I1LQW9
100789698,I1JTA3
100789699,K7N4U8
100789701,I1NES3
100789702,A0A0R0H6V3
100789704,C6ZRU4
100789705,I1NFS4
100789706,K7LSM5
100789707,K7KPX1
100789708,K7LSK8
100789709,I1NII8
100789713,I1K1K6
100789716,I1LQ12
100789717,I1K2J3
100789718,I1LQ74
100789719,K7N1P4
100789721,K7KQW5
100789722,K7KR70
100789724,I1K620
100789725,A0A0R0JZ89
100789726,I1LY90
100789728,K7M0D3
100789730,I1M285
100789733,I1M5K1
100789734,A0A0R4J4Q5
100789735,K7LZY7
100789736,I1LZZ1
100789737,I1M0C9
100789738,C6TJ23
100789739,I1M1F8
100789741,I1K6W1
100789743,C6THU3
100789744,I1LWI2
100789745,I1LVZ1
100789746,I1K7B6
100789747,I1KEV3
100789748,Q00M73
100789749,I1KAC6
100789752,A0A0R0JJI0
100789753,K7M8L8
100789754,D2DKF1
100789756,I1M9R5
100789757,K7KZF4
100789759,I1M845
100789760,K7M5Y0
100789761,K7M6I1
100789763,I1KNJ2
100789764,A0A0R0G3L8
100789765,I1KGD8
100789766,A0A0R0G4W9
100789768,K7L0K5
100789769,C6TIY6
100789770,I1KJR5
100789771,K7MAQ6
100789772,I1MC85
100789773,I1MHB2
100789774,I1KVX7
100789775,I1MIQ7
100789776,I1KYM5
100789778,I1KQM0
100789780,I1KTC4
100789781,C6TJ17
100789782,C6TED1
100789784,I1KX41
100789785,I1KXR4
100789786,A0A0R0FSY2
100789789,I1KYU6
100789790,K7MF69
100789791,A0A0R0LFS9
100789792,I1J7X9
100789793,C6TJP9
100789796,I1J6C3
100789799,K7K3R6
100789800,A0A368UHP4
100789801,A0A0R0FFS8
100789803,I1J5U4
100789806,K7LCP7
100789808,I1L2R2
100789809,I1MVU0
100789811,K7MJN5
100789813,I1L6C2
100789814,K7MKA9
100789815,K7LBF2
100789817,M9WQF0
100789818,I1L233
100789819,I1JF89
100789821,I1JGR7
100789822,C6TMN1
100789823,K7LJ06
100789824,I1LTE6
100789825,K7LJ53
100789830,K7MTT9
100789831,I1JE61
100789832,K7MQW2
100789833,I1LBP8
100789835,Q2LAL2
100789837,K7LLL1
100789838,C6TGK9
100789839,K7LLY3
100789842,K7MPK4
100789844,A0A0R0KHF0
100789845,I1M4R7
100789847,A0A0R0KMX0
100789848,K7LR55
100789849,K7MWN4
100789850,I1JS28
100789851,I1LHX1
100789854,K7MZ08
100789855,I1LJT5
100789856,I1NCF0
100789857,K7MY24
100789858,I1LMN8
100789860,I1LN41
100789861,K7LS61
100789862,I1NA27
100789863,I1LIH0
100789864,I1JUN3
100789865,I1N678
100789866,I1JVM0
100789867,C6SWX1
100789869,K7KKI8
100789870,I1JX64
100789871,I1LH97
100789872,C6TKR4
100789876,K7KJ12
100789877,K7N4E2
100789878,K7KJI6
100789879,I1LSB5
100789881,Q00M86
100789882,A0A0R0ELK1
100789883,K7N3P1
100789884,I1NH81
100789885,K7KQT1
100789886,C6TM84
100789888,I1K216
100789889,I1LSU8
100789890,I1K316
100789894,K7KRH0
100789895,I1J454
100789900,I1K0L7
100789903,K7LZB4
100789906,I1M1Y1
100789907,C6THU5
100789908,I1M2G9
100789909,I1M2V7
100789910,I1M3D5
100789911,A0A0R4J536
100789912,K7KVD4
100789913,A0A0R4J508
100789914,K7KWZ7
100789917,K7KSK8
100789919,I1M7S7
100789920,A0A0R0JH94
100789921,D4N5G2
100789922,I1MBA3
100789923,K7L2X5
100789925,C6TEM2
100789926,A0A0R0J988
100789927,I1M7D3
100789928,I1KHN8
100789929,A0A368UHX7
100789930,C6TJB6
100789931,A0A0R4J3Q9
100789932,K7L357
100789933,I1KMM0
100789934,I1KN20
100789935,A0A0R0IZW5
100789936,K7MDK7
100789937,I1MGT5
100789939,I1MI61
100789941,A0A0R0GHM8
100789942,C6T9E5
100789945,I1ME49
100789948,I1K2S3
100789949,I1KSR8
100789951,I1MM44
100789952,C6TMV6
100789954,I1MKJ2
100789955,C6SXT0
100789956,I1KNZ6
100789957,I1KPQ1
100789959,I1KRP3
100789962,A0A0R0ISF6
100789965,K7K3C2
100789966,I1MQ37
100789968,A0A0R0LM01
100789971,K7K553
100789972,I1L3S1
100789973,A0A0R0L5Q2
100789977,K7K1P5
100789978,K7LFR3
100789980,K7LGK6
100789981,I1MU21
100789982,I1MVB0
100789985,K7MNI7
100789988,I1L6U0
100789990,I1MTJ3
100789991,I1JHQ5
100789996,K7K7Q0
100790001,C6TD26
100790002,K7K662
100790006,I1JDQ1
100790007,I1LA53
100790008,I1JFC5
100790009,K7K8S9
100790010,I1MYQ5
100790011,I1N2M8
100790013,C6TH50
100790014,I1JLD0
100790016,C6TCB9
100790017,I1N559
100790018,I1JPY2
100790021,I1L8K4
100790026,I1JPN9
100790028,I1JR34
100790030,I1JRL2
100790031,I1N6V9
100790033,I1LID3
100790034,I1N9K8
100790036,K7MZR6
100790039,I1LKS9
100790041,I1N5X4
100790042,A0A0R0HK66
100790046,A0A0R0HPY0
100790047,I1NBL2
100790048,I1JU99
100790049,I1JZA2
100790050,I1NCK2
100790051,I1LJY4
100790055,I1JXM6
100790057,K7KHT1
100790059,A0A0R0ELT0
100790061,K7LU20
100790062,I1NIZ8
100790064,K7LSL4
100790065,A0A0R0HI11
100790067,I1K3Q0
100790068,I1LQ81
100790069,I1NI24
100790070,I1LRM8
100790071,I1NJ23
100790074,I1NDM3
100790076,A0A0R0K221
100790079,C6TNR2
100790082,I1K0H8
100790085,I1M489
100790087,I1LVT0
100790090,A0A0R4J3G4
100790091,A0A0R4J4V8
100790092,K7KTE8
100790093,K7KXZ5
100790094,I1KFZ5
100790095,I1K9B8
100790096,K7KUJ8
100790097,I1LWE0
100790098,C6TFG0
100790099,I1KDA1
100790103,I1KFV9
100790104,C6TB81
100790105,A0A0R0JD38
100790108,I1KD57
100790109,K7L285
100790110,I1M643
100790111,I1MAV4
100790112,I1MBR7
100790114,I1KI70
100790115,K7L116
100790117,I1KJW5
100790120,I1M670
100790123,K7L079
100790125,I1MJN1
100790126,A0A0R0G676
100790128,I1MGC0
100790130,C6TGU4
100790133,I1MET8
100790135,K7LAT7
100790136,I1KRR6
100790138,I1KS76
100790139,A0A0R0IVM9
100790140,I1KUY3
100790141,C6TDB8
100790143,K7MHN5
100790144,C6TH37
100790145,A0A0R4J3X1
100790149,I1MKT6
100790153,A0A0R0IN04
100790155,I1J8B2
100790158,A0A0R0LNM2
100790159,I1MT36
100790161,I1MTJ1
100790162,I1L1L2
100790163,B6CBQ9
100790164,C6T1P2
100790165,I1MWE2
100790166,K7LER4
100790167,I1MRG7
100790168,K7LF24
100790170,I1L5V8
100790172,A0A368UGQ2
100790173,K7KA35
100790174,I1MU95
100790175,I1JJ37
100790177,K7K7C7
100790179,A0A0R0FPX2
100790181,K7MRZ2
100790182,I1JHU5
100790183,C6TM45
100790184,I1LAY2
100790186,I1N070
100790187,I1JJP2
100790190,A0A0R4J4D1
100790191,I1N2N8
100790192,I1JCL3
100790193,C6THI9
100790194,K7K803
100790196,K7MV85
100790197,I1LB68
100790198,C6TMC0
100790199,A0A0R0HXA8
100790201,I1MYA8
100790202,K7MU64
100790204,I1N4E4
100790207,I1JRJ3
100790208,I1L9E9
100790209,I1MZQ0
100790210,I1JM55
100790211,I1MZI2
100790212,I1JN79
100790213,I1LLT7
100790216,K7KC35
100790218,I1JKP6
100790220,I1LJC2
100790221,I1NAV2
100790222,I1N7A0
100790223,I1LL59
100790224,A0A0R4J618
100790226,I1N915
100790227,I1JU42
100790228,I1NAM1
100790230,K7KIF9
100790231,I1NC51
100790232,A0A0R0HLR0
100790234,A0A0R4J330
100790235,C6ZRM1
100790238,I1JYZ3
100790239,I1LQL6
100790240,A0A0R0ELT1
100790241,I1LVB7
100790242,A0A0R0HBT7
100790243,K7KJB0
100790245,I1JTH9
100790246,I1ND48
100790247,A0A0R0H7D8
100790249,I1LU40
100790250,I1NFS6
100790253,I1NIJ2
100790260,I1K2J5
100790263,I1K506
100790266,I1LY93
100790267,I1K047
100790268,C6TBP8
100790270,C6T7U9
100790271,I1K2H0
100790272,I1LY24
100790273,C6TH41
100790274,I1LZZ2
100790275,C6THU0
100790276,I1M0X8
100790277,C6TEY5
100790278,I1K6U5
100790279,C6T7R3
100790280,C6TIJ0
100790281,A0A0R0GVW8
100790282,I1M5W3
100790283,K7LWZ7
100790284,K7KSI5
100790286,K7KUJ4
100790287,I1KBY4
100790288,K7M7V2
100790289,I1MC56
100790291,K7M604
100790292,I1M9R6
100790294,K7L3J1
100790295,K7M5B7
100790297,I1M9P8
100790298,K7M6S0
100790299,I1MA59
100790304,K7L0L3
100790306,I1KJR6
100790308,K7MB04
100790309,A0A0R0G2C6
100790310,K7L886
100790311,I1MIQ8
100790313,K7L546
100790315,C6SWW8
100790316,I1MLN2
100790318,K7L8S8
100790319,I1KX42
100790321,I1MKG3
100790322,I1MQP4
100790323,A0A0R0J215
100790324,I1ML70
100790327,K7K4Y7
100790328,K7L6K1
100790329,I1ML79
100790330,I1J4J0
100790331,I1MNT3
100790333,I1J4U4
100790334,K7LDK4
100790337,K7K2G2
100790338,I1L273
100790340,I1L2S0
100790342,I1L5G0
100790345,C6TGB1
100790347,I1MSY8
100790348,I1L0E3
100790349,I1L002
100790353,K7LD59
100790354,I1JF91
100790355,I1JG98
100790356,I1JGR5
100790358,I1L932
100790363,I1LCT8
100790364,K7LHY3
100790366,I1JE70
100790367,I1N4F3
100790368,I1N0N7
100790369,I1LBQ2
100790370,A0A368UHG0
100790371,I1LCQ1
100790373,I1N3Z6
100790374,I1LF55
100790375,I1MYC2
100790377,K7LHP9
100790380,I1JMQ2
100790385,I1JS32
100790386,A0A0R0HDH0
100790388,I1NA89
100790392,A0A0R0EMD7
100790393,I1LMP2
100790395,C6TDV8
100790396,K7LNS5
100790397,I1JUN4
100790398,K7MW52
100790400,I1JW68
100790402,C6T8L7
100790403,I1JX69
100790404,I1N753
100790406,I1LU05
100790407,I1JTU0
100790408,I1JUH5
100790409,K7N4E5
100790410,I1LP17
100790412,I1NEA8
100790413,I1K0T6
100790414,I1NH84
100790415,K7KQT2
100790416,I1LR42
100790417,I1K6R8
100790419,I1K217
100790420,K7LUT9
100790422,I1K3I4
100790425,I1K5H2
100790426,C6TBZ4
100790427,A0A368UI45
100790429,I1K0D2
100790430,K7M148
100790431,I1K0L8
100790432,I1M4X2
100790433,I1K866
100790434,I1LYM9
100790436,K7KXF2
100790437,I1KFC7
100790439,I1K9U6
100790440,I1LW92
100790441,I1M2W0
100790442,I1M3D9
100790443,I1KBT7
100790444,I1M4Y2
100790445,I1KDT2
100790448,I1K7J7
100790449,A0A0R0JEA8
100790450,I1MAT3
100790453,K7M4I5
100790454,I1KHC5
100790455,I1MC65
100790456,K7L3W6
100790457,I1M6X9
100790458,C6T991
100790459,I1KIN8
100790460,I1KL38
100790461,I1KLP0
100790462,I1KG23
100790463,I1KN22
100790464,I1KGC5
100790465,I1MIX1
100790466,I1KGL0
100790467,I1MGT7
100790468,K7MCE3
100790469,A0A0R0G499
100790471,C6TGY8
100790472,K7ME75
100790474,I1KY51
100790475,K7MB33
100790476,I1KR64
100790478,I1KSS1
100790481,I1MN39
100790482,K7L8B1
100790483,I1MKE1
100790484,I1KNZ9
100790485,K7L4M7
100790486,I1KQF5
100790489,A0A0R0FQA7
100790490,I1KPF7
100790491,I1KV74
100790493,I1J7D2
100790494,K7MIN2
100790495,C6TAV2
100790496,I1J9K7
100790497,I1JA47
100790500,K7MNC1
100790501,I1J4C7
100790502,K7LEX1
100790503,K7MNN9
100790504,I1J515
100790505,I1MY53
100790506,C6T918
100790507,K7LBV1
100790509,I1L780
100790510,A0A0R0FM07
100790511,A0A0R0JYU2
100790513,C6TGY9
100790514,C6TFE3
100790515,I1MQT4
100790517,I1L6U2
100790518,I1MS63
100790519,I1KZP3
100790521,K7KAF6
100790522,K7LC40
100790525,I1JE91
100790527,K7MQ77
100790529,G0T428
100790534,I1JC37
100790536,I1L7M8
100790537,I1N1K3
100790538,I1MYY6
100790541,A0A0R0KJI4
100790542,K7LM67
100790543,C6TGF4
100790544,I1MZ81
100790546,K7LHC9
100790549,I1JNP0
100790550,I1JP84
100790552,C6T7M0
100790553,I1JR35
100790554,K7KGV1
100790556,A0A0R0HSF8
100790557,K7LNQ6
100790558,I1N9K9
100790560,K7MZR8
100790562,I1JL18
100790563,I1LKT0
100790566,A0A368UIM7
100790567,I1N9J8
100790569,I1LGG0
100790570,C6SZ18
100790571,K7LNF5
100790572,I1NBL5
100790573,I1JYB4
100790574,I1JSD2
100790575,A0A0R0F2G9
100790576,I1LJY8
100790578,C6TID5
100790580,I1JXM8
100790582,I1JY63
100790583,K7LVK3
100790586,I1NGX0
100790587,A0A0R4J4P0
100790588,C6TD53
100790591,I1LUI9
100790592,K7N3E5
100790593,I1LV00
100790594,I1LVF3
100790595,I1NHM0
100790598,I1NI29
100790599,I1LRM9
100790601,K7KRR4
100790602,I1LPV8
100790605,I1K622
100790607,F4ZZ26
100790608,K7LXV6
100790609,K7KNE1
100790610,I1M0U4
100790611,I1M2X1
100790612,C6TDQ6
100790613,I1M490
100790617,K7KT68
100790619,I1LW02
100790620,I1KEW9
100790622,C6TNQ1
100790623,I1M4E6
100790624,I1KCR7
100790625,C6TJ56
100790626,A0A0R0GUV6
100790627,I1KEV4
100790628,I1KFB7
100790629,K7LXY1
100790630,I1KFW3
100790631,I1K8U4
100790632,K7M7G0
100790637,I1M6K5
100790638,I1MAV6
100790639,C6TM58
100790640,K7M4H2
100790643,I1M762
100790644,I1KJW6
100790647,K7L083
100790648,I1KJ81
100790649,A0A0R0G7E0
100790650,A0A368UKI9
100790651,I1KKP3
100790652,K7MB89
100790656,I1KXN8
100790657,K7MAC8
100790659,K7LAU1
100790660,I1MHH6
100790662,I1MHQ7
100790663,I1KTU7
100790664,C6TDW4
100790665,I1KVF7
100790666,I1MNJ8
100790667,I1KWK5
100790668,I1MKB4
100790669,I1MPK1
100790671,C6TFB5
100790672,I1KP16
100790673,A0A0R0FMA3
100790675,I1MMA5
100790676,I1J8C8
100790678,K7K5C1
100790679,K7L742
100790681,I1L3F0
100790683,C6TFX7
100790685,I1MTJ4
100790686,I1L1L3
100790687,A0A0R4J5Q0
100790688,C6TLR5
100790689,C6SVE9
100790690,I1MWZ9
100790691,K7LF28
100790693,I1L5W0
100790694,I1JCZ0
100790696,I1JH74
100790697,I1MUA0
100790698,I1JJ42
100790700,I1JDS6
100790701,I1MVZ9
100790702,I1JET2
100790703,C6TM28
100790705,K7MRZ4
100790708,I1LBM6
100790713,I1N2N9
100790715,I1L7I7
100790717,C6TJ63
100790721,I1LC61
100790723,K7LKS0
100790724,C6TJ90
100790725,I1N327
100790726,I1N3K9
100790729,I1L7T9
100790730,K7KGT5
100790732,K7MQ32
100790733,I1JM56
100790734,I1JN81
100790740,C6T1E8
100790741,I1LJC4
100790742,I1N7A3
100790743,A0A0R0ERJ9
100790744,K7LQS9
100790745,I1N919
100790746,I1JWW8
100790748,K7LN07
100790750,K7N016
100790751,A0A0R0HFM2
100790752,I1N6B5
100790753,C6TEY4
100790756,I1JYZ7
100790757,K7LW87
100790759,I1LVC2
100790760,I1JTA6
100790761,I1NID0
100790762,I1LNP4
100790763,B4YB07
100790764,I1LP98
100790765,I1NF73
100790767,I1LU43
100790768,I1NFS9
100790769,K7KPX4
100790770,I1LPD0
100790771,I1NIJ3
100790775,B2ZF65
100790778,I1LSM9
100790779,I1LQ75
100790781,I1LT42
100790782,I1K4H8
100790783,I1K510
100790784,K7K0W4
100790785,K7KMJ2
100790786,K7LZ37
100790787,K7KN88
100790788,K7M0D4
100790789,K7M1M7
100790790,K7M2J4
100790792,A0A0R0H5J8
100790793,I1LY25
100790794,G7Z0B4
100790795,I1LZZ3
100790796,I1M0D3
100790797,I1M0X9
100790799,I1KBA6
100790800,I1KC97
100790801,I1M5D8
100790802,I1M5W1
100790803,I1LWJ5
100790804,I1KEG1
100790806,K7KUJ5
100790809,K7M8L9
100790811,K7M6K1
100790813,I1KMQ3
100790814,K7M5B9
100790815,K7M5Y2
100790816,I1M7C6
100790817,K7M6S1
100790820,C6TE11
100790822,K7KYZ6
100790824,O81348
100790825,I1KIY7
100790827,I1KJR8
100790828,C6T929
100790829,I1KGU5
100790830,I1MFX0
100790833,I1MD11
100790835,C6THA9
100790836,I1KQL7
100790839,C6TL39
100790840,C6TGQ5
100790841,I1MQ97
100790842,I1MQP6
100790845,K7K145
100790846,I1MKP8
100790847,K7K3V0
100790848,K7L5B9
100790850,I1MMN5
100790851,I1J9T6
100790852,K7L6K2
100790854,I1J6C6
100790855,K7MHI0
100790857,K7K3S1
100790858,I1L304
100790861,I1MUG0
100790863,C6TCB6
100790864,I1L2S4
100790865,I1MVU2
100790866,A0A0R0IIF7
100790867,I1MXV6
100790871,I1MSZ0
100790872,K7LBG0
100790873,I1L102
100790874,I1JIE4
100790876,A0A0R0I2Q8
100790880,I1JBQ3
100790882,I1JIA7
100790884,K7LKI9
100790887,K7K7N8
100790888,S4UQG2
100790889,I1N0N8
100790890,C6T788
100790891,I1N143
100790892,I1L7Y6
100790894,A0A0R0I6J5
100790895,I1N3Z7
100790896,I1LF57
100790897,A0A0R0F3Z8
100790898,I1JQS4
100790900,K7MPL4
100790901,I1L7E3
100790902,I1L9Y1
100790904,K7MPZ2
100790905,I1MZS7
100790906,A0A368UIK5
100790907,I1JS33
100790908,K7LNH4
100790910,I1JKZ8
100790911,K7N083
100790912,K7MY26
100790913,I1LMP4
100790914,I1NA34
100790915,I1LIH4
100790919,K7LN16
100790921,I1JWP7
100790922,K7KHM7
100790923,A0A0R4J4F1
100790925,I1JT30
100790926,K7N2M0
100790927,K7KI54
100790928,K7KIM5
100790929,I1NHQ8
100790931,I1LSR4
100790932,K7N1Y1
100790934,I1NDA1
100790936,I1NH88
100790937,K7KQT4
100790938,K7LTK7
100790939,K7KS74
100790941,A0A0R0JZD5
100790942,K7N1G5
100790943,C6T9W1
100790944,K7KQ91
100790946,I1K5H3
100790947,I1K0A7
100790950,A0A0R0GSN8
100790951,K7M3E7
100790952,I1LYN0
100790955,K7KXQ2
100790958,K7M1T6
100790959,A0A0R0H359
100790960,C6T868
100790962,K7M3G1
100790963,I1LWN8
100790964,I1LXE1
100790966,A0A0R0JEJ9
100790967,I1M679
100790972,A0A0R0GPY8
100790973,K7L3X0
100790974,I1M7E3
100790975,A0A0R0J6F0
100790976,I1KIQ7
100790977,I1KJE0
100790978,I1KL43
100790980,I1KN23
100790981,K7KZU2
100790984,K7L1N1
100790985,I1MGT8
100790986,I1MHR5
100790987,K7MCS6
100790988,A0A0R0ISA2
100790989,C6TJL6
100790990,I1MJN7
100790992,I1MDK4
100790993,I1ME58
100790995,K7MB35
100790996,I1KR67
100790997,B3F5J6
100790998,K7L6B3
100791001,I1KW18
100791002,I1MKE2
100791005,K7L4M8
100791006,I1KQG1
100791007,I1KRP4
100791008,I1J923
100791010,K7L7G8
100791011,K7L7U1
100791013,I1J7E1
100791015,I1J4W3
100791017,I1J963
100791019,I1J508
100791024,I1J4D1
100791025,I1L109
100791026,K7MNP1
100791027,I1J516
100791029,K7K1P9
100791030,I1L5Y8
100791031,K7LGK9
100791032,C6TH27
100791033,A0A0R0FDV5
100791034,K7LE00
100791035,C6T757
100791036,C6TFW4
100791038,K7MJZ6
100791039,I1KZQ2
100791040,I1MTJ7
100791042,K7LC41
100791043,I1MUY1
100791044,K7KBT4
100791045,C6THE4
100791046,I1L0C5
100791047,I1JE88
100791051,A0A0R4J2R5
100791052,I1JJ81
100791053,I1JJP4
100791057,K7MTI8
100791059,I1JDQ3
100791062,I1MYQ4
100791063,I1N2N0
100791067,I1N4R3
100791068,I1N566
100791070,K7LHD6
100791073,I1JKD2
100791074,I1JP86
100791075,I1JPP0
100791076,C6TM80
100791078,I1JRL7
100791079,I1N7Z9
100791080,A0A0R0HLY8
100791081,I1LID7
100791083,I1NBN5
100791084,C6TB15
100791087,I1LL60
100791090,I1LM64
100791091,I1N9K0
100791093,I1LNL1
100791095,K7KIE3
100791096,I1NB41
100791098,C1PHB8
100791099,I1JYC0
100791100,K7KM92
100791101,I1NCK6
100791104,I1LH06
100791105,I1N6I0
100791107,K7KLJ9
100791110,A0A0R0K914
100791112,C6T8C2
100791113,I1NE15
100791114,K7LTR3
100791116,K7N593
100791117,I1JTP4
100791118,I1LUJ0
100791119,I1NG91
100791121,I1LVG0
100791122,I1NHM3
100791123,K7KQC5
100791124,K7LT25
100791127,I1K5Y6
100791128,A0A0R0JTR0
100791129,K7KQI7
100791130,I1K624
100791133,I1K6H0
100791136,K7M246
100791144,K7KX39
100791145,C6T8B6
100791146,A0A0R0JMJ5
100791147,K7KTI2
100791148,A0A0R0JDX3
100791149,I1M1Y4
100791150,I1KAY2
100791151,I1M4E7
100791152,A0A0R0JK56
100791154,D2D5G4
100791156,I1KFW9
100791158,K7KTI3
100791162,I1M8R6
100791165,I1M6P0
100791167,A0A0R0GEX5
100791169,I1M765
100791170,I1KJW9
100791172,P04793
100791173,I1KH36
100791174,K7L085
100791180,K7L4S2
100791181,K7M933
100791183,I1KXP0
100791185,I1MFF8
100791187,I1MHH8
100791188,I1KRR8
100791190,A0A0R4J3X2
100791192,I1MK47
100791193,C6T7J3
100791194,I1MK96
100791195,I1KWK6
100791196,A0A0R0G2W9
100791197,I1KX44
100791199,I1KYA3
100791204,K7K3M5
100791208,A0A0R0LFK6
100791209,K7L743
100791210,C6TCP9
100791213,I1MR05
100791214,I1L6N8
100791216,C6TFU3
100791217,I1MUU5
100791218,I1L3W7
100791219,A0A0R0FFN4
100791220,I1MX00
100791221,A0A0R0IB32
100791222,I1L5W1
100791224,I1MRD9
100791226,A0A0R4J5P6
100791227,A0A0R4J2Q0
100791229,C6TIR9
100791236,I1LBM8
100791238,I1JBE6
100791239,I1N0B5
100791240,C6TE82
100791241,I1JCL8
100791242,C6TGY1
100791243,K7MUD6
100791244,I1LAL9
100791245,K7MQS3
100791247,C6TMG7
100791248,I1LD86
100791249,K7LL39
100791250,I1MZ09
100791251,I1N3L0
100791253,I1N4E7
100791254,K7KFK6
100791256,A0A0R0KP45
100791257,K7LHY2
100791258,K7MQ33
100791259,I1JMQ3
100791261,I1JN82
100791262,K7LIL9
100791264,I1JQM3
100791265,K7LRL6
100791266,K7MXY8
100791269,I1JKQ5
100791270,I1LIV3
100791271,C6TA35
100791272,I1NAV6
100791273,I1LJU0
100791274,I1N5R5
100791275,A0A0R4J5X1
100791277,K7LMR2
100791278,I1JU43
100791279,I1NAM3
100791280,A0A368UK56
100791281,K7KL76
100791282,C6TA76
100791283,I1LJ95
100791284,I1N5T3
100791285,I1JV39
100791286,K7MWE5
100791287,A0A0R4J335
100791288,K7MWI6
100791290,I1JT14
100791294,I1NID2
100791297,I1LT85
100791298,I1NES7
100791299,I1LTP6
100791300,I1NF75
100791301,I1LU45
100791302,I1K328
100791303,I1LPJ0
100791304,K7N4Z1
100791305,K7KRB9
100791306,K7LU46
100791308,I1K1L1
100791309,I1LPY2
100791311,C6TD51
100791312,A0A0R0EDB8
100791314,I1K4H9
100791316,I1K512
100791318,K7KMJ7
100791319,A0A0R0GLS9
100791321,I1M0A9
100791323,K7M2J5
100791326,I1LVX7
100791327,K7M0E5
100791328,I1M0Y0
100791329,I1M1G3
100791331,I1KC98
100791332,I1M5D9
100791333,I1M5W5
100791334,C6ZRQ4
100791335,A0A0R0JM25
100791336,I1K822
100791337,I1K7P4
100791338,K7M5C8
100791340,I1MC62
100791341,A0A0R0GNL7
100791342,I1KH60
100791343,K7L3J2
100791344,I1M855
100791349,C6T8B5
100791350,C6TEX0
100791351,C6TN06
100791352,K7KYZ7
100791353,A0A0R0G6A6
100791354,A0A368UHY8
100791355,I1MJ87
100791357,I1MFF9
100791359,I1MFX1
100791360,I1MHB6
100791362,I1MIR8
100791363,I1KYN2
100791365,A0A0R4J3Q3
100791368,K7MFH4
100791370,I1MN40
100791371,A0A0R0IZW0
100791372,I1MQ98
100791376,K7MFW6
100791378,K7L5C2
100791380,C6F120
100791381,K7K4Z0
100791383,K7MGW4
100791384,C6TKF4
100791385,K7MHI3
100791390,I1MUG1
100791394,I1L2S6
100791398,C6TEQ6
100791400,I1L6D2
100791401,I1JGR9
100791403,K7LBG2
100791405,K7KAW5
100791406,I1MVH6
100791407,I1L0E9
100791409,I1JF92
100791410,I1JG99
100791411,I1JGR6
100791412,I1JHB6
100791414,I1JIB0
100791417,I1N091
100791418,K7LKJ1
100791420,K7MTU6
100791423,I1N0P0
100791424,I1LBQ5
100791426,I1LCQ5
100791428,I1LEM9
100791429,I1LF60
100791430,K7MP75
100791433,I1MZ46
100791439,I1JS35
100791440,I1LFV5
100791441,I1JKT9
100791442,K7MZ14
100791446,I1N8M4
100791447,C6TEZ8
100791450,I1JSE2
100791453,K7LQJ6
100791454,I1JWP9
100791455,I1JX70
100791456,A0A0R4J2Z7
100791457,I1NF07
100791459,I1JV24
100791460,I1NHQ9
100791464,I1NGT0
100791465,K7N422
100791466,I1K4E9
100791468,I1JZJ6
100791472,I1K3J0
100791475,C6TAI2
100791477,I1LZJ8
100791479,K7M151
100791481,K7KWM0
100791482,I1LYN1
100791485,I1KFD3
100791487,C6TL75
100791488,I1KAE3
100791489,A0A0R0GUG7
100791490,K7M2R7
100791491,I1KBT9
100791492,I1M4Y5
100791493,I1LWR6
100791497,A0A0R0GD26
100791498,I1KBA7
100791500,K7M856
100791501,K7L2X8
100791502,A0A0R0IYY7
100791503,I1MC68
100791504,I1KND2
100791506,K7L044
100791507,I1KIR0
100791508,I1KL66
100791510,I1KN24
100791511,I1KHU8
100791514,I1MCU4
100791515,I1MI68
100791516,I1MJ97
100791519,I1MDK5
100791520,K7M9X4
100791522,I1MDE8
100791523,I1KR70
100791524,Q6X0M9
100791525,I1KSS4
100791527,K7MFW9
100791529,K7K392
100791531,K7L4N0
100791532,I1KQG2
100791533,K7L5P7
100791534,I1J924
100791535,K7L7H4
100791536,I1KV77
100791538,C6T777
100791539,K7MIN3
100791540,I1J8B3
100791541,A0A368UHN9
100791542,C6T7V5
100791543,Q43457
100791546,I1JAL0
100791547,K7K129
100791548,I1L4Q1
100791550,I1J580
100791552,K7LFR7
100791553,I1MTK1
100791554,K7K1L7
100791555,I1L784
100791556,I1MU23
100791557,C6TM38
100791558,K7K2R1
100791559,C6TD70
100791560,I1MXG2
100791561,I1MQU1
100791563,I1L6U7
100791564,I1MRP8
100791566,C6TF66
100791568,K7LC44
100791569,K7MLJ5
100791570,I1JDD2
100791571,I1MS08
100791575,K7MSA5
100791577,I1JIR0
100791578,C6ZS23
100791579,I1JJP5
100791581,A0A0R0KY63
100791582,K7LLE2
100791584,K7K7B9
100791586,I1JFD1
100791587,K7MS47
100791588,K7KDY0
100791591,I1LFJ5
100791592,K7MV34
100791594,K7KFZ2
100791595,I1L8J6
100791596,K7KDC2
100791597,I1MZD8
100791599,I1MZJ8
100791600,C6T8W5
100791601,A0A0R0KU70
100791603,I1JPP3
100791604,K7KE36
100791607,C6T9E6
100791608,I1LN96
100791609,C6T7T7
100791610,I1N9L6
100791611,C6TJI2
100791612,K7MZS1
100791614,I1LKT2
100791616,I1LGA1
100791618,I1LLK1
100791619,I1N887
100791620,C6TIC8
100791623,I1LNL2
100791626,I1NB42
100791627,K7LNF7
100791628,I1NBL9
100791629,I1JYC1
100791632,A0A0R4J4F5
100791634,I1LKU4
100791637,I1JXN3
100791638,I1LHC9
100791639,I1JY66
100791641,K7KHT4
100791643,A0A0R4J4M3
100791645,I1LRC1
100791647,I1NFT1
100791648,I1LUJ2
100791649,I1NG92
100791650,I1LV06
100791651,I1LVG3
100791652,K7N4C7
100791653,I1K3Q8
100791654,K7LT27
100791655,I1NI31
100791657,I1NJ30
100791658,I1K5Y8
100791660,A0A0R0EGA1
100791661,K7KPL7
100791663,C6T7X5
100791666,I1K6H3
100791667,I1K075
100791669,I1K0I0
100791672,K7KWI6
100791675,I1K8B5
100791676,C6TD63
100791679,I1K9C2
100791680,I1M1Y6
100791681,I1KAY6
100791684,I1K7E4
100791686,K7LXY3
100791687,C6SXI7
100791688,K7KTI5
100791689,I1KCL5
100791691,I1M8R8
100791692,I1M9S1
100791693,K7L292
100791694,I1MAC5
100791695,I1MAV8
100791696,I1MBS2
100791697,I1M6P3
100791698,K7KZQ2
100791701,I1KJX2
100791702,Q6LEG8
100791704,A0A0R0GL54
100791705,A0A0R0J5K1
100791706,K7KZE8
100791711,A0A368UGZ7
100791713,I1MGD1
100791717,I1MCW5
100791718,I1KXB8
100791719,K7L9Q3
100791720,K7MAD0
100791723,C6TK52
100791724,I1MDQ4
100791725,I1KTV2
100791726,I1KV01
100791728,I1KVF9
100791729,I1MNJ9
100791730,I1KWL0
100791732,I1KX51
100791733,I1MPK4
100791734,C6THQ1
100791735,I1KYU9
100791737,I1MLS1
100791741,A0A0B5EA67
100791743,K7K5C5
100791744,I1KTV9
100791746,K7K3S6
100791750,I1L1M0
100791751,C6TMD3
100791752,A0A0R0IFE0
100791754,K7MN92
100791755,A0A0R0IB23
100791756,I1L5W4
100791757,I1MRE3
100791759,K7ML59
100791760,I1JJ43
100791762,A0A0R0KU12
100791763,I1JET4
100791764,I1MSD9
100791765,C6TEX9
100791766,I1L8Y6
100791767,C6TFG4
100791768,I1LBN1
100791770,A0A0R0HXP2
100791771,I1N2P1
100791772,K7K6K2
100791773,A0A0K2CTJ9
100791774,I1N3U7
100791775,K7LJ37
100791777,I1MYV9
100791778,I1LD87
100791779,I1LDS8
100791780,C6T899
100791781,I1N3L1
100791782,I1N3Z8
100791783,I1JN29
100791784,I1N4F0
100791789,C6TJ42
100791790,I1N0M8
100791791,I1JN85
100791794,I1LMI9
100791795,I1N8F4
100791798,I1JKR2
100791799,I1LIV5
100791800,K7KCY7
100791801,I1LJE2
100791803,A0A0R0HPS3
100791805,I1N5V2
100791806,K7MYD7
100791807,I1LN46
100791809,C6ZJZ2
100791810,I1LH23
100791811,K7KL77
100791812,I1N687
100791816,I1JSM3
100791820,C6TCW4
100791822,K7N306
100791823,I1LVC5
100791825,A0A0R0EQI8
100791826,I1LSC0
100791828,C7S8D3
100791829,I1LTP7
100791830,I1LPC3
100791831,K7KPY3
100791832,I1LPD9
100791833,I1NDF8
100791834,C6TA07
100791836,I1K1L2
100791837,K7LUM3
100791840,C6TE12
100791841,I1K513
100791844,K7KMJ8
100791845,I1LYA3
100791847,I1M0B2
100791848,C6TBP8
100791850,I1M3M2
100791851,I1K0R9
100791852,I1M5L3
100791853,C6TIV1
100791855,I1M0D9
100791856,I1M1G4
100791857,I1KBB0
100791858,I1KC99
100791859,I1KCS1
100791860,A0A0R0H8B2
100791862,I1LVZ4
100791863,A0A0R0JM36
100791864,K7KT17
100791865,I1KAD3
100791866,K7KVI2
100791867,K7M7V6
100791869,K7M8M3
100791870,I1M995
100791871,K7L3J5
100791876,I1M7N0
100791877,I1KMM2
100791878,I1KNJ6
100791879,I1KGF6
100791882,I1KIZ1
100791884,K7L1D9
100791885,I1MFG2
100791886,C6TDP0
100791887,K7MC09
100791888,K7L889
100791889,A0A0R0GCH5
100791890,K7LAD5
100791893,I1KTD4
100791894,I1MLN6
100791895,I1KUE8
100791896,I1KW20
100791897,I1KXS1
100791899,A0A368UGX7
100791900,I1ML78
100791902,A0A0R0IQ72
100791905,K7K4Z2
100791906,K7L6K5
100791908,C6TA29
100791911,I1J9L3
100791916,I1L281
100791917,A0A0R0FIB0
100791919,I1L5G4
100791920,A0A0R0FIC1
100791925,I1L0F8
100791927,K7KAW7
100791928,I1MVH7
100791929,I1L080
100791930,I1JE93
100791933,I1JBI5
100791934,I1JGA0
100791935,C6ZJZ1
100791944,I1LB72
100791945,I1N0P3
100791946,I1LBQ7
100791947,I1N146
100791948,I1LCQ6
100791951,K7MP83
100791955,I1L9M0
100791957,I1LA33
100791958,K7MRD0
100791967,I1N8M5
100791968,I1LMP8
100791969,K7KI77
100791970,I1NA37
100791971,I1JUN8
100791973,I1JVM8
100791974,I1LH32
100791976,I1JSR9
100791977,I1JX73
100791979,A0A0R0HGX7
100791980,K7N2M4
100791981,I1JT54
100791982,K7KIN2
100791985,I1LNZ2
100791987,I1LSS1
100791989,I1NGT2
100791990,I1NH94
100791992,I1LR46
100791993,A0A0R0JYL8
100791994,K7N0T3
100791995,I1K220
100791997,K7N1G9
100791998,I1K326
100791999,I1K3J5
100792002,I1LXW3
100792003,I1K0B7
100792005,C6T9X9
100792006,I1M1K5
100792007,A0A0R0GXM7
100792008,I1KDG3
100792009,I1LYN2
100792012,I1KEH4
100792013,A0A0R0JI52
100792014,I1K9V8
100792016,A0A0R0JFI2
100792017,I1M2W4
100792018,I1M3W5
100792019,K7KVD9
100792020,I1M4Y6
100792021,K7LXL8
100792023,I1K7H3
100792028,K7L2M6
100792029,I1MBA8
100792030,K7L2Y0
100792036,I1KL47
100792037,I1KM77
100792038,C6TLW1
100792042,A0A0R0J373
100792043,K7MCE9
100792044,I1MCX3
100792046,I1MJA0
100792050,I1ME63
100792052,I1MG29
100792053,C6T985
100792055,K7L6B6
100792057,A0A0R0FVK4
100792059,K7LAT9
100792060,I1J5Z8
100792062,K7L4N1
100792063,I1KQG3
100792064,A0A0R0IJC9
100792065,I1J926
100792068,I1KV82
100792069,I1MLE0
100792071,K7MFC4
100792072,I1J8B4
100792073,I1J8S2
100792074,I1J966
100792075,I1JA52
100792077,I1JAL3
100792084,I1L5Z4
100792085,C6TD35
100792086,K7LGL7
100792087,C6TEX5
100792088,A0A0R0F6M9
100792089,A0A0R0I8M7
100792093,I1L6U8
100792094,C6TGQ0
100792095,I1KZW3
100792097,I1JHR7
100792098,I1L1G9
100792099,I1MUY4
100792100,I1JJW0
100792102,K7LIU4
100792103,I1JHW1
100792104,K7MQB4
100792105,I1JIR2
100792106,I1JJ86
100792107,C6THA0
100792109,K7K669
100792110,I1LEB0
100792111,I1JD68
100792113,I1JFD2
100792115,K7KED7
100792116,I1JNP6
100792117,I1LFK1
100792118,I1N4S0
100792119,C6TGZ9
100792120,K7KFZ4
100792121,K7LHE4
100792122,A0A0R4J2S8
100792125,I1JNR4
100792126,I1JP91
100792127,C6TKY8
100792128,I1JKI6
100792129,A0A0R0KUR3
100792131,I1JRM3
100792132,A0A0R0HLW9
100792133,I1LIE7
100792134,I1N9L9
100792137,I1LG74
100792140,A0A0R0HSJ5
100792141,C6T0C3
100792142,I1LM68
100792143,K7MW06
100792145,I1LGG6
100792148,K7LNF9
100792149,I1N671
100792151,I1JUB5
100792152,I1NCL5
100792154,I1LKU5
100792155,I1N6I1
100792157,I1LLP4
100792158,A0A0R0KBI5
100792159,I1JYK7
100792160,C6TF86
100792161,A0A0R0K2Y7
100792164,I1NGY6
100792165,I1LRC3
100792166,K7N597
100792167,A0A0R0E8P2
100792170,I1NFT2
100792172,I1NG95
100792173,I1LV08
100792175,I1K3Q9
100792176,I1LQB2
100792177,C0LZ80
100792178,K7LTY2
100792180,I1K5Z1
100792182,I1NDM4
100792185,A0A368UJA3
100792186,I1K628
100792187,I1LWY6
100792188,C6TH17
100792190,K7LZI2
100792191,K7KNE5
100792195,K7KWI8
100792197,D0EP05
100792200,K7KX41
100792201,I1LZZ8
100792205,C6TJV3
100792206,I1JQ42
100792207,I1M4E9
100792208,I1KDB1
100792209,C6TFG5
100792210,K7KXY5
100792211,I1KFC5
100792212,K7LXY7
100792213,A0A0R0JZV9
100792216,K7M540
100792218,A0A0R0JR31
100792222,I1MAV9
100792223,I1MBS8
100792224,I1M6W3
100792225,I1M8Q7
100792226,I1KJE6
100792228,I1KJX6
100792229,I1KKJ7
100792230,I1KLP2
100792231,K7KZE9
100792233,I1MJP4
100792234,I1MEY6
100792235,C6TEL0
100792237,I1MGD6
100792240,K7L9H1
100792242,A0A0R0G6W7
100792247,I1KTV3
100792248,A0A0R0IPR5
100792249,I1MML9
100792250,C6TKC3
100792251,K7MGZ8
100792252,I1MNK0
100792253,C6ZRN6
100792256,K7MI24
100792257,I1KYA5
100792258,I1KYV2
100792260,A0A368UGV6
100792264,I1MMT5
100792266,I1KTW1
100792267,C6T7P9
100792269,K7MKF6
100792272,I1MUG2
100792273,C6T9A6
100792274,A0A0R0FQU8
100792275,I1L4X7
100792278,I1JGA3
100792279,K7LG00
100792280,I1MRF8
100792281,K7KA43
100792282,K7ML60
100792283,K7KBD6
100792285,I1JBC8
100792286,K7MJY9
100792287,K7K833
100792288,C6THX9
100792290,I1LAZ0
100792292,C6TBW3
100792293,I1N2G0
100792294,I1N2P3
100792296,C6TKT7
100792298,I1JEP8
100792299,I1N263
100792300,I1LD89
100792301,I1LDT1
100792302,I1N339
100792303,C6SZD4
100792304,I1LEN1
100792305,K7MUH5
100792307,I1LF62
100792308,I1N4F1
100792309,I1JPA6
100792310,I1L8A8
100792311,K7KGU0
100792313,I1JM61
100792314,A0A0R0KHJ4
100792317,I1L8V8
100792318,K7LR15
100792319,K7KGC5
100792320,K7MWR9
100792323,I1JKR4
100792324,I1LIV8
100792325,I1LJD2
100792326,A0A0R0F1H9
100792329,I1N933
100792331,I1NAM7
100792334,K7N026
100792335,I1LJB1
100792337,C6TLS9
100792339,I1JW71
100792343,K7KM48
100792344,K7LW94
100792346,I1LVC6
100792348,C6THB0
100792350,I1LT88
100792351,I1NCW3
100792352,I1LTQ0
100792353,A0A0R4J4R4
100792354,I1K341
100792355,I1LPE4
100792356,I1NIJ5
100792359,K7N0K7
100792360,I1K1L8
100792361,I1NDL9
100792363,K7KQW8
100792365,I1JZV8
100792369,I1LX30
100792371,I1LVJ8
100792372,K7M1M9
100792373,I1M3M3
100792374,I1K2H1
100792375,K7M3U6
100792376,I1LY30
100792377,C6TLS3
100792378,K7M0E6
100792379,C6TLP3
100792380,I1LWB0
100792381,I1KBB2
100792382,I1KCA0
100792383,I1KCS3
100792384,I1M5E2
100792385,C6TNS3
100792386,I1KDT9
100792389,A0A0R0JL37
100792391,I1MB27
100792393,K7M8M4
100792394,I1M6D5
100792395,I1MC70
100792396,I1KMR1
100792397,I1M856
100792398,I1M733
100792401,I1KMM6
100792402,A0A0R4J3P2
100792403,I1KGF8
100792404,A0A0R0G4Y4
100792405,K7L0L5
100792407,K7L1X9
100792408,I1MC89
100792409,I1MHC1
100792410,I1KVZ2
100792411,I1MIS4
100792415,I1MLN7
100792416,K7L8B5
100792418,I1MQA6
100792419,I1MQQ0
100792421,K7MF75
100792423,I1MKP9
100792431,K7K109
100792432,I1MNV3
100792433,K7MFB9
100792436,I1MWL9
100792437,K7K1E2
100792441,C6TE92
100792442,I1MVV1
100792443,F8WRI5
100792444,C6THM0
100792447,A0A0R0F8Y2
100792448,K7LBG6
100792449,K7LBT8
100792450,I1JIF1
100792451,A0A0R0FN92
100792452,I1L239
100792453,C6T9C1
100792457,I1JGA1
100792458,K7KA61
100792460,I1JIB3
100792464,K7K7N9
100792465,I1N4F9
100792466,C6TI40
100792467,I1N0P5
100792469,K7MRH5
100792470,I1LCQ8
100792471,C6TB35
100792473,K7MP87
100792476,I1MZ48
100792480,K7MPZ3
100792481,I1N5M4
100792482,I1N803
100792483,I1JS44
100792484,C6ZRZ2
100792486,I1NA98
100792490,I1N8M7
100792491,C6T785
100792492,I1LNL3
100792493,I1NA38
100792495,K7KIS2
100792496,I1N686
100792497,I1JVM9
100792498,I1JWQ3
100792499,K7KHN1
100792501,I1JSE5
100792503,C6TIX9
100792507,I1ND08
100792508,I1LRW8
100792511,C6TGB3
100792512,K7N3Q1
100792514,I1NH95
100792515,I1K4F7
100792516,A0A368ULD4
100792517,I1K6T3
100792523,I1K333
100792526,I1K5I1
100792528,I1K0B9
100792529,I1LZK9
100792533,K7M3F1
100792534,I1KDG4
100792535,A0A0R4J4R0
100792537,A0A0R0JLC9
100792538,C6TJ58
100792539,I1KFD8
100792540,I1M1Y8
100792541,I1K9W2
100792542,I1M2H5
100792543,I1KAF0
100792544,I1M3W6
100792545,I1KBU2
100792546,I1M4Y7
100792548,A0A0R0GSW4
100792549,I1K7H8
100792552,I1M7X7
100792555,K7L2M7
100792556,C6T8S0
100792557,K7L2Y1
100792558,K7L391
100792560,I1KHP4
100792561,I1KI83
100792562,K7L0F9
100792563,I1KL55
100792565,A0A0R4J3R4
100792566,I1KN29
100792567,C6TF07
100792568,I1KHV0
100792570,I1MHS0
100792572,K7L8W0
100792573,K7MDZ9
100792574,I1MJP7
100792577,I1ME64
100792578,K7LA24
100792579,I1MG40
100792581,Q6X0N0
100792582,I1KSS9
100792585,I1KZC7
100792586,K7L496
100792587,I1KPR5
100792588,I1KQG4
100792589,I1KRQ3
100792590,I1J940
100792591,K7MH66
100792593,I1J6W1
100792594,A0A0R0IQ38
100792596,C6TF46
100792599,I1J8S3
100792600,I1J967
100792602,I1JA55
100792603,K7LE88
100792604,K7K5F4
100792606,I1MSN5
100792607,I1J4E1
100792608,K7LEX5
100792609,K7MNP3
100792610,K7MP34
100792611,K7K1Q1
100792612,K7LFS2
100792613,I1MR22
100792614,K7K265
100792615,I1L788
100792616,K7ML12
100792618,I1L3G2
100792620,I1JCQ0
100792622,K7MJ70
100792624,I1L6V1
100792625,K7MJZ8
100792626,K7LB16
100792627,K7MKS0
100792628,I1JHR8
100792629,C6F122
100792630,I1MUY5
100792631,I1JJW1
100792632,I1L0C7
100792633,I1MZX0
100792634,I1JHW2
100792637,I1JIR8
100792638,C6TEM0
100792639,K7KBQ7
100792641,I1JC06
100792642,I1L9D9
100792644,A0A0R0KTZ8
100792645,K7LIK2
100792646,K7K8F8
100792647,A0A0R0KRW9
100792649,I1MZ24
100792650,I1JLD1
100792651,K7KF45
100792652,I1LFK3
100792653,C6THG7
100792657,A0A0R0KKR3
100792658,I1L8K7
100792659,A0A0R0EYT1
100792660,I1JNR6
100792662,I1JPP7
100792663,A0A0R4J2X8
100792664,I1JR41
100792665,K7LRD6
100792666,C6TEW9
100792668,I1LFX0
100792669,I1N9M7
100792672,I1LKT4
100792674,I1LL68
100792675,K7KDU1
100792677,I1LM70
100792678,K7MYM1
100792679,K7KKI7
100792680,I1LGG9
100792682,I1NB44
100792685,A0A0R0KKK3
100792686,I1JZB1
100792687,I1NCL9
100792688,I1LK01
100792689,K7LMY6
100792690,I1LKV0
100792691,I1LH66
100792693,C6TEX7
100792695,K7KHT7
100792696,I1NG87
100792699,K7LTR5
100792700,K7N598
100792701,I1NEB4
100792702,I1NF81
100792704,C6TLC8
100792705,C6TNZ0
100792706,I1LV11
100792707,I1LVG6
100792708,C6T9J5
100792709,K7KQC7
100792711,E8Z9A8
100792713,I1LS78
100792714,I1K2K7
100792715,I1NDT2
100792716,I1K414
100792717,F2YBA9
100792719,A0A0R4J3C2
100792720,K7LZI5
100792724,K7M260
100792725,K7KPC0
100792726,K7M2Y7
100792731,I1LZ59
100792732,C6TIX5
100792733,I1K8Q7
100792734,I1M0Y6
100792735,I1K8U6
100792736,I1K9C5
100792737,I1KAY3
100792738,K7M325
100792740,I1KEW0
100792741,I1KFC6
100792744,I1LWW5
100792745,I1K8Y2
100792746,I1MAA6
100792747,A0A0R0JLI3
100792748,I1M8S0
100792750,I1M6K6
100792751,A0A0R0GR14
100792752,A0A0R0G885
100792753,I1KJF1
100792755,C6TI35
100792756,K7L2S5
100792757,K7KZF1
100792758,I1MIK0
100792761,I1MEJ4
100792762,K7MAF5
100792763,K7MB07
100792769,I1MEU9
100792771,I1KZE1
100792772,C6TJR4
100792774,I1MHQ9
100792775,C6TGV5
100792777,K7MGF3
100792778,I1KVG2
100792779,I1MK81
100792780,I1KWL2
100792781,I1MP25
100792782,C6T8X9
100792783,I1MPK6
100792784,I1KYB0
100792786,I1KSH5
100792787,C6TE81
100792788,K7K5C7
100792789,I1KPE2
100792792,K7MKF8
100792793,I1L6P4
100792794,I1L1M9
100792795,I1MUG4
100792796,I1MUU9
100792798,I1L4H1
100792801,I1L5W9
100792802,A0A0R0L3E0
100792803,K7LG03
100792804,I1MRN6
100792805,I1JH84
100792807,I1JJ51
100792809,I1JDT3
100792810,I1MQW6
100792811,I1JET8
100792812,I1JFS9
100792813,I1JGT3
100792816,K7LJT2
100792818,I1JBF4
100792820,I1LDL3
100792823,I1L9L1
100792824,I1N3V4
100792826,I1LAN2
100792829,I1N1L4
100792830,I1MYV8
100792831,I1LD94
100792832,A0A0R0HY27
100792833,K7MTQ2
100792834,K7LLL4
100792835,A0A0R4J5T8
100792837,I1LF63
100792838,K7KFL4
100792839,I1L7U8
100792841,I1L9G2
100792842,I1JM63
100792843,I1JMQ8
100792844,I1N0N0
100792847,I1JQN6
100792848,I1LMJ6
100792849,I1N8F7
100792850,K7KC40
100792852,I1JKR6
100792853,I1LIV9
100792854,I1JL89
100792855,K7MZC7
100792856,I1LG49
100792857,I1N5R6
100792858,I1N934
100792859,I1LN51
100792861,I1NAM8
100792862,K7LN12
100792864,A0A0R0ETE6
100792867,I1JV43
100792868,K7KK20
100792870,I1LQF9
100792871,I1JZ01
100792873,I1NFP5
100792874,I1LQN4
100792878,A0A0R0E9G0
100792879,I1LTQ1
100792880,I1JSB3
100792881,C6TKH5
100792882,K7KN79
100792883,K7LSM2
100792884,I1NIJ6
100792887,I1K1M3
100792892,I1JZT9
100792894,I1K517
100792897,I1JZR0
100792901,K7M1N2
100792902,K7M2J7
100792904,K7M3U8
100792906,K7LZZ5
100792907,K7M0E7
100792908,K7M142
100792909,I1M3E4
100792910,I1KBB3
100792911,I1KCA3
100792913,I1M5W8
100792914,K7KSH4
100792915,A0A0R4J4X4
100792917,K7KT21
100792918,I1KAD6
100792919,K7KVI3
100792921,I1M8A5
100792925,I1KMR4
100792926,I1M6Z7
100792927,K7M6I8
100792928,A0A0R0G9I4
100792929,K7M6Y5
100792930,I1KMN0
100792931,C6TJ61
100792936,I1KIZ4
100792937,C6TIK0
100792939,I1MGV1
100792940,I1MCR9
100792942,I1MD14
100792943,I1KYP3
100792944,I1MGR0
100792945,A0A0R0G1Y0
100792946,I1KTD5
100792947,C6TGR9
100792948,I1KUF1
100792949,I1MM57
100792950,C6TMC6
100792951,K7L9T2
100792952,I1MKG4
100792953,I1MJV0
100792955,K7MF78
100792957,I1J7Y6
100792958,A0A0R0II74
100792959,I1MKY6
100792960,K7MGG6
100792963,K7MGW7
100792964,I1J6D4
100792965,I1MNV8
100792967,I1L0Q4
100792972,I1L286
100792973,K7K2L0
100792974,I1L2S8
100792975,I1MVV4
100792976,I1L3W2
100792977,I1L5G7
100792980,K7LBG7
100792981,I1JIF3
100792982,I1JEA1
100792985,I1JF97
100792988,C6TDI7
100792990,K7LJ58
100792991,I1LCU7
100792992,A0A0R0I715
100792994,K7K7P1
100792995,K7MUV0
100792996,I1LB73
100792997,C6TE15
100792998,A0A0R0HUD3
100792999,K7MRH9
100793000,I1LC62
100793001,I1LCR3
100793002,K7MTA5
100793004,I1MYF9
100793005,K7KGE4
100793007,I1MZ54
100793008,I1L8I0
100793014,I1N805
100793015,K7KH61
100793016,I1LHY4
100793017,I1NA99
100793020,I1LGD4
100793021,I1N8M8
100793022,I1LMQ1
100793024,I1LNL7
100793025,I1NA39
100793027,I1JUP2
100793028,I1N690
100793029,K7KJG4
100793031,I1JSS0
100793032,A0A0R0ESD1
100793033,A0A368UIA4
100793035,C6T422
100793038,K7KI57
100793039,A0A0R0K5A2
100793040,I1JT82
100793041,I1LRC7
100793043,I1LNZ3
100793045,I1LSS9
100793048,A0A0R4J678
100793049,K7KQU9
100793050,K7LTM0
100793051,I1NJ38
100793052,K7KS83
100793053,C6TIV2
100793054,I1K225
100793056,I1NDY4
100793057,C6SWZ3
100793058,I1K3K2
100793060,I1NEG8
100793061,G0WJI4
100793064,I1M1L8
100793065,I1K0M0
100793067,K7LZC0
100793069,K7M1G4
100793070,I1K9W7
100793073,K7M2S2
100793074,I1KBU6
100793076,K7LXM1
100793085,I1KLF3
100793086,K7M812
100793091,I1KHP5
100793092,I1KI89
100793093,I1KIN3
100793094,I1KL53
100793096,A0A0R0JDU3
100793097,I1KHV2
100793100,I1MFG1
100793101,I1MHS1
100793103,I1MJA2
100793104,I1MJP8
100793106,B9MST3
100793109,C6TJG1
100793110,I1KRS2
100793111,A0A0R0IQZ2
100793114,I1MNK3
100793115,K7MET1
100793116,I1KZC9
100793118,I1KPR7
100793119,K7L517
100793120,I1KRQ5
100793122,K7MH68
100793123,K7L7H6
100793124,K7L7V6
100793125,K7MHY1
100793126,C6T7X8
100793128,I1L2U8
100793129,K7K1C3
100793130,I1J4Z2
100793132,I1JA57
100793134,C6TGU6
100793137,K7K137
100793138,I1L4Q4
100793139,K7MNP5
100793140,I1MY63
100793141,I1J5A7
100793145,C6TDD0
100793147,B3TPN3
100793148,I1MX06
100793149,I1JFV5
100793150,I1MXG5
100793151,K7MJ71
100793152,K7K9K2
100793153,C6T842
100793156,K7MKS1
100793158,I1L1H8
100793159,K7KBT7
100793160,I1MS12
100793162,I1N1L7
100793163,I1JHW3
100793165,A0A0R0L2D6
100793167,I1JJQ0
100793168,K7K671
100793169,I1LEB2
100793172,A0A0R0KWI5
100793175,I1N3L3
100793177,A0A0R0HNQ2
100793178,I1N4S5
100793181,A0A368UIG7
100793184,I1JP99
100793186,I1JPP8
100793187,A0A0R4J2Z1
100793188,K7KGK0
100793189,I1LM52
100793192,K7LNS1
100793193,A0A0R0EN86
100793194,I1LJE0
100793197,I1LKT8
100793200,I1N888
100793201,I1LM72
100793202,I1N9K2
100793203,I1LGN1
100793204,I1NB45
100793206,I1NBM6
100793209,C6T9S8
100793210,I1LK06
100793215,A0A0K2CTB3
100793219,I1NG88
100793220,C6TAI5
100793222,K7N5A0
100793223,K7N1Y6
100793224,I1LT90
100793225,I1NF82
100793226,I1NFT5
100793227,I1LUJ6
100793228,C6TGG0
100793230,C6TEZ0
100793231,I1K0W4
100793232,I1LQB4
100793233,C6T6A5
100793234,I1LRN2
100793237,A0A0R4J632
100793238,I1JZM5
100793239,I1K415
100793240,C6TAJ8
100793242,C6TMV4
100793244,I1K160
100793256,K7LZP6
100793257,A0A0R0GXN6
100793258,C6T8T3
100793260,C6T7V9
100793261,A0A0R0JRE3
100793262,A0A0R0GS00
100793263,I1KEW1
100793264,K7KYB1
100793265,I1LWR1
100793266,I1KFX4
100793268,K7KTK7
100793269,I1M676
100793275,C6TJ50
100793276,I1MAW2
100793278,K7M5N8
100793279,I1KJF2
100793280,K7L1G6
100793282,I1KKK0
100793283,I1KLP4
100793284,I1KH50
100793288,I1MEZ2
100793289,I1MFX5
100793291,I1MGE1
100793293,I1KPX1
100793294,I1KPS3
100793295,I1MD76
100793296,A0A023GS44
100793298,A0A0R0G8C6
100793299,I1KZE2
100793300,I1KQM6
100793301,K7M9K9
100793303,A0A0R0ITF3
100793308,W8E7P1
100793309,I1KYB1
100793314,I1J4H5
100793315,I1KSH6
100793317,I1JAH1
100793318,I1KTW3
100793319,C6TEI0
100793320,I1J8B7
100793322,I1MSK1
100793323,C6TJG5
100793326,I1L1N4
100793327,C6THP4
100793329,I1L4X9
100793330,C6T7D4
100793331,I1JCZ4
100793332,I1L6D9
100793333,K7MJK5
100793335,I1MUA9
100793336,K7KBD7
100793339,K7K9S7
100793343,I1JBF5
100793345,I1LDL4
100793347,I1L9L3
100793348,K7MUE3
100793349,K7K812
100793350,C6T7N0
100793352,I1MYR0
100793353,C6TJN1
100793354,I1LDA4
100793356,I1N344
100793357,I1LEN3
100793358,I1N402
100793360,I1JPB0
100793361,I1L7W1
100793362,I1JRK7
100793363,K7LHY4
100793365,I1JM64
100793366,I1JMQ9
100793368,K7KER4
100793369,I1L8V9
100793370,I1LLU2
100793371,K7KGC7
100793376,I1LIW0
100793377,K7MZC9
100793378,K7LPJ7
100793379,I1N937
100793380,A0A0R0HM32
100793382,I1NAM9
100793384,A0A0R0KAD1
100793385,I1NC68
100793386,C6TMM9
100793387,I1N5U5
100793388,I1JSF8
100793390,I1JSM5
100793394,I1LNT0
100793395,I1JZ02
100793397,I1NFP6
100793400,I1NID9
100793401,A0A0R0H4Y0
100793403,I1NET3
100793404,I1LTQ3
100793405,I1LU49
100793406,I1NGT9
100793408,K7LSM4
100793409,I1NIJ7
100793412,C6TJ53
100793413,K7LUM7
100793415,K7LV27
100793416,K7KQX3
100793418,I1K518
100793420,I1JZR2
100793423,I1M2A3
100793425,I1M5L9
100793426,K7LZZ8
100793427,I1M0E8
100793428,A0A0R0GS15
100793429,C6T050
100793430,K7KV36
100793432,A0A0R4J3H1
100793433,C6TGV1
100793434,I1KDU5
100793435,I1KEH2
100793436,I1K835
100793438,I1K7R7
100793440,I1M9A5
100793442,K7M440
100793443,K7L3K2
100793445,I1M734
100793447,I1KNK0
100793448,I1KGG0
100793449,I1MIA5
100793450,I1ME45
100793451,A0A0R0J279
100793454,I1KKJ1
100793455,I1MGV2
100793457,I1MIS9
100793458,I1KYP4
100793459,I1MDH3
100793461,I1KTD7
100793462,A0A0R0FM59
100793463,A0A0R0INR5
100793464,I1MM58
100793465,I1KW26
100793466,I1KXS7
100793467,K7MIR9
100793468,I1MQQ6
100793469,A0A0R0FLL2
100793472,K7K3V4
100793475,K7K500
100793476,K7L6K6
100793478,I1J6D7
100793480,C6THL8
100793482,I1L311
100793483,C6T7T3
100793484,I1MWM7
100793485,I1J582
100793487,I1L287
100793489,I1L2T0
100793490,I1MVV5
100793492,I1L5G8
100793493,A0A0R0FSD4
100793494,I1JD52
100793495,I1MT01
100793496,I1L0G2
100793500,A0A0R0KVP7
100793501,C6TI33
100793503,I1JF98
100793506,A0A368UIJ6
100793507,I1L934
100793508,I1JIB7
100793513,K7LLW0
100793516,I1N4G1
100793518,I1MYJ4
100793519,I1LBR6
100793521,I1LC64
100793522,I1LCR6
100793523,C6TB17
100793525,K7LLC9
100793526,K7MUT7
100793527,K7MP92
100793528,I1JQT3
100793529,I1MZ55
100793531,A0A0R0F5U7
100793534,I1L8R7
100793536,I1N6U0
100793538,Q2LAL3
100793539,I1NAA3
100793541,K7N087
100793542,A0A0R0KEI4
100793544,I1LLL3
100793545,A0A0R0ELH8
100793546,I1LMQ2
100793548,I1LFR2
100793549,I1NA42
100793550,K7LNS9
100793551,A0A0R4J321
100793552,I1JSI5
100793553,A0A0R0K933
100793554,K7KKY0
100793556,I1JXN8
100793557,I1JYL4
100793558,I1JSF0
100793559,I1LQJ9
100793560,I1NF24
100793561,K7KI62
100793562,I1JUJ9
100793563,I1JV26
100793564,K7LTR9
100793565,I1NE25
100793566,A0A0R0HAR3
100793571,I1NH96
100793572,I1NHN2
100793573,I1K0X7
100793574,I1LR58
100793575,I1NJ39
100793576,I1K117
100793577,K7N0Z6
100793579,C6T174
100793582,I1K342
100793583,K7KQA5
100793585,I1K5I4
100793586,I1LVQ2
100793587,K7KMX3
100793588,K7M004
100793589,K7KMY2
100793590,I1M1M0
100793593,K7LZC8
100793595,I1KEH9
100793596,I1KFE7
100793597,I1K8U7
100793598,I1K9W8
100793599,I1KAF3
100793600,I1KBU7
100793601,I1M4Y8
100793602,K7LXM7
100793608,K7KV40
100793612,I1M6Q8
100793613,K7L2Y3
100793614,I1KHC6
100793618,I1KI91
100793619,I1KIP4
100793620,A0A0R0J4T8
100793622,C6TCL9
100793624,I1KHV6
100793628,I1MFG5
100793629,K7MCG1
100793630,C6TMK2
100793631,I1KWQ2
100793632,I1MJA3
100793633,I1MD60
100793637,K7M9Y0
100793638,K7LA33
100793639,I1MG48
100793640,I1KR74
100793641,I1KRS3
100793642,C6T8J5
100793643,I1KST6
100793645,I1KV03
100793646,I1KVG4
100793647,I1MNK8
100793648,C6TLX5
100793649,I1KP17
100793651,A0A0R0IF24
100793655,A0A0R0FYZ8
100793656,K7L7I0
100793657,I1KV98
100793658,I1J4R3
100793659,I1MQ54
100793661,I1J8S4
100793662,I1J968
100793663,I1JA60
100793665,I1JAM5
100793666,A0A0R0I3P4
100793667,K7MND6
100793673,K7LFS7
100793674,I1MTK9
100793678,I1MUG7
100793680,C6THF2
100793681,K7LE10
100793682,I1MRG8
100793684,K7MNJ9
100793686,C6TET5
100793687,C6T8G6
100793688,K7MK00
100793689,K7LB18
100793692,K7MLJ7
100793694,I1JDT9
100793696,I1MZX1
100793697,I1JHW4
100793699,I1N1U5
100793700,Q6LEG8
100793701,I1JJ97
100793702,C6T8R7
100793703,I1LCB8
100793705,K7LLE5
100793706,I1JD80
100793709,K7MU69
100793711,K7LH39
100793713,I1L7D4
100793714,I1N4S6
100793715,A0A0R0FEM3
100793717,K7LHE5
100793718,A0A0R0KMB5
100793721,I1N9G0
100793722,I1JPA0
100793723,K7MRL3
100793724,I1JKG7
100793725,C6TFJ8
100793726,C6TIF3
100793727,I1LHJ7
100793728,I1JRP0
100793729,A0A0R0HLV3
100793730,C6TJA8
100793731,I1N9N3
100793732,I1LJD8
100793733,K7KCN6
100793734,K7MZT0
100793736,I1LKT9
100793738,C6T8U8
100793739,C6TD66
100793740,I1N9K4
100793741,I1JU07
100793743,I1NB48
100793745,I1NBM9
100793746,I1JUA1
100793747,K7KM97
100793748,I1NCL7
100793750,I1LGX2
100793751,K7LQ79
100793753,A0A0R0ECU3
100793754,I1LHD3
100793755,I1JY67
100793756,I1LTM1
100793757,K7KHT8
100793758,I1NGA8
100793759,C6T705
100793760,I1NGZ3
100793761,I1NJ11
100793762,K7N1Y8
100793764,I1NF84
100793766,I1NGA4
100793767,C6TI80
100793768,I1LVH0
100793770,I1LQB5
100793771,E2FKI8
100793772,I1LRN4
100793773,I1K5Z7
100793775,C6TMH0
100793777,I1K416
100793778,A0A0R0JZV5
100793781,I1K6H5
100793782,I1LYW1
100793784,I1M0W2
100793785,K7KN04
100793792,A0A0R0GNA8
100793793,I1LW28
100793794,K7KY00
100793795,C6TK47
100793796,A0A0R0H449
100793797,I1KDB5
100793798,I1LWA0
100793799,I1KFD2
100793801,K7KYQ4
100793802,K7LYE7
100793803,I1K8Z1
100793805,K7M592
100793807,I1KD65
100793808,I1M8S3
100793809,K7M4C2
100793810,I1KKV5
100793811,I1MAC8
100793812,I1MBS7
100793814,C6THV0
100793817,C6ZRR1
100793818,A0A0R0JA70
100793819,I1KG47
100793820,I1KH51
100793822,I1KGI1
100793825,I1MCJ9
100793827,I1MCM1
100793829,I1KQ12
100793831,I1KXP5
100793832,I1MEV5
100793835,I1KQM7
100793838,I1KTW4
100793839,A0A0R0FTN0
100793840,A0A0R4J5K2
100793841,I1MP33
100793843,K7MI26
100793844,I1J4F8
100793845,I1MLS7
100793846,K7K3M9
100793847,A0A0R0ITT2
100793849,K7L745
100793851,I1J8C1
100793853,I1MT49
100793858,I1L4H4
100793859,C6TKM1
100793860,K7LFQ7
100793862,C6TH16
100793863,K7MJL6
100793865,K7ML63
100793866,A0A0R0L2T2
100793867,I1L047
100793868,I1JEU0
100793869,K7K9S8
100793870,K7LIP4
100793873,I1LBP0
100793878,K7MUE5
100793882,I1JB80
100793883,I1N1M0
100793884,K7MSR4
100793885,K7LKS8
100793886,I1LDT7
100793888,C6T9S5
100793889,I1JN35
100793891,K7LGX1
100793894,I1JM65
100793896,A0A0R0F849
100793897,K7KER6
100793900,I1JQN8
100793901,I1LMK1
100793902,A0A0R0KVX2
100793904,I1JKR8
100793905,K7LMF5
100793907,C6T7Y2
100793909,I1N938
100793910,C6TDQ5
100793912,I1LH38
100793913,I1JU86
100793914,C6T7Q7
100793915,I1LJB8
100793916,I1N5U6
100793917,I1JV48
100793918,I1N6I6
100793920,I1N5K6
100793923,I1LUS6
100793924,K7N313
100793928,I1JTI1
100793929,C6SWM5
100793930,I1LTQ5
100793931,I1LU50
100793933,K7KPZ4
100793934,I1LPF6
100793935,C6TER6
100793938,I1NCZ1
100793939,I1K1M6
100793940,K7N142
100793943,K7KQX8
100793945,I1K520
100793946,A0A368UI34
100793947,K7LZ51
100793948,A0A0R0K2I1
100793949,I1M0C3
100793950,I1K1R2
100793951,I1M2A6
100793953,K7M3V3
100793955,I1LZK6
100793956,C6TML4
100793957,I1M1H5
100793959,I1M3E7
100793960,I1K6W6
100793961,I1KCA9
100793963,A0A0R0JV14
100793964,I1KEH3
100793966,A0A0R0JLV8
100793968,I1KH61
100793970,K7L3K8
100793971,K7M5C9
100793973,A0A0R0GIU4
100793974,I1KNK2
100793975,K7KZ03
100793976,K7MCY1
100793978,K7MDE3
100793982,I1MGV6
100793983,K7MC14
100793984,K7L895
100793985,K7MDH3
100793988,C6T9T8
100793989,I1KUF3
100793991,K7L8B7
100793992,I1KXS8
100793993,A0A0R0G401
100793994,K7MJ39
100793995,K7MF85
100793996,I1J7H8
100793998,I1KP76
100794000,I1ML17
100794001,K7K501
100794002,I1KT65
100794003,C6THS8
100794005,I1MLC2
100794006,I1J6W3
100794009,K7K4V5
100794010,I1J524
100794012,I1L288
100794013,I1L2T1
100794016,C6TIN8
100794017,I1MXW9
100794018,I1JGS5
100794019,I1MQV2
100794021,I1L122
100794022,I1JIF8
100794023,I1JEB0
100794026,K7MMK0
100794027,I1JF99
100794029,I1JBU6
100794031,I1JIB8
100794032,I1N1Z1
100794034,A0A0R0HWH6
100794036,K7K7P2
100794037,A0A0R0HRK1
100794038,I1N0I8
100794039,C6TM91
100794040,K7MQY6
100794041,I1LBR5
100794042,K7MRI5
100794043,I1LC79
100794044,C6TNA2
100794046,K7LLD0
100794047,K7MUU3
100794048,K7MP93
100794049,I1JQT5
100794050,K7LHQ6
100794054,A0A0R0HWP3
100794055,K7MPZ4
100794058,I1N812
100794059,I1LFV6
100794060,I1JL05
100794064,I1N7T3
100794065,C6TEM5
100794066,I1LM73
100794067,I1N8N2
100794068,I1LMQ4
100794069,I1NA43
100794072,C6TFS9
100794073,K7MW65
100794074,I1JVN2
100794076,C6T803
100794078,I1JYL3
100794079,I1JSF2
100794083,K7KJ18
100794084,I1LRD0
100794085,C6TMD5
100794086,I1JTE1
100794090,I1NH98
100794091,I1NHN3
100794092,I1K4G2
100794093,K7LTM1
100794094,I1NJ40
100794095,I1K135
100794097,A0A0R4J4T4
100794098,I1K345
100794099,I1K3K6
100794102,K7KMX4
100794103,K7M005
100794109,K7LYZ0
100794110,C6T0H9
100794112,I1KE90
100794114,K7KYC4
100794115,I1K8V3
100794116,K7M1G6
100794117,I1K9W9
100794118,A0A0R0JJD7
100794120,C6TB14
100794121,I1M5E5
100794122,A0A0R4J3I7
100794124,G0T432
100794125,I1M7S9
100794126,I1K7Q5
100794128,I1MBI7
100794129,A0A0R4J5A5
100794130,I1KLF6
100794131,K7M816
100794132,I1KLW4
100794135,K7M4Y8
100794136,I1KHQ9
100794137,I1KI92
100794138,I1KIU3
100794139,D3Y5N8
100794141,K7L3S0
100794144,I1KIG2
100794147,I1KK93
100794149,K7M922
100794150,I1MI74
100794151,A0A0R0IG75
100794152,C6SXX2
100794153,I1MJQ3
100794155,K7L9H2
100794156,I1MDA6
100794157,K7LA34
100794158,I1MG49
100794159,I1KR79
100794160,I1KRS8
100794161,I1KS96
100794163,K7L6C1
100794164,I1MI24
100794165,I1KV06
100794166,I1KVG8
100794167,C6TAF5
100794168,K7L8U3
100794169,K7LA68
100794171,I1KZD1
100794172,I1J600
100794173,I1KP12
100794175,I1KQI5
100794176,I1KRR5
100794177,I1J951
100794179,I1KUL0
100794180,I1KVA1
100794182,I1J7F3
100794184,I1J8S7
100794186,A0A0R0I9G3
100794188,A0A0R0IGR8
100794189,K7K5G2
100794191,K7MND7
100794193,I1L4R2
100794195,I1MSR4
100794197,I1MTL1
100794199,I1L797
100794201,I1MUG9
100794202,I1MUV6
100794203,I1MVC5
100794205,I1JB85
100794206,I1MXG8
100794207,A0A0R0FFW0
100794209,C6TEE2
100794210,K7MK01
100794211,A0A0R0I7U2
100794213,K7KAH3
100794216,I1JJW4
100794217,I1MS13
100794218,I1JDU1
100794219,I1L0C8
100794220,K7MM94
100794221,I1JFT2
100794223,K7KAJ8
100794225,I1N1U6
100794227,I1LCB9
100794230,K7MTJ9
100794231,K7K6Y5
100794233,I1JFE0
100794235,I1MYB0
100794236,A0A0R0IAP7
100794239,A0A0R4J5V1
100794240,I1N576
100794242,A0A0R0HWR0
100794248,I1JPQ2
100794250,C6TI94
100794252,C6THC7
100794253,I1LNA7
100794255,I1N9N4
100794256,I1LJC6
100794258,K7MZT1
100794263,I1N893
100794266,I1NB50
100794267,I1LHU3
100794268,K7KMA1
100794269,I1NCM4
100794273,I1JW76
100794276,K7KLK6
100794277,Q39832
100794278,A0A0R0HGN4
100794281,K7N3V1
100794284,A0A0R4J339
100794285,I1NF87
100794286,I1JTS5
100794287,I1LUJ9
100794288,I1NGA6
100794289,A0A368UIA2
100794290,I1LVH4
100794292,I1LQB6
100794293,E2FKI9
100794295,K7KRR7
100794298,K7N1X8
100794302,I1LYW3
100794303,A0A0R0JPQ3
100794304,I1M0W3
100794305,I1K211
100794308,A0A0R0JUA6
100794312,A0A0R0GKE4
100794313,C6T9Z5
100794314,I1KEX4
100794315,I1M0Z1
100794316,C9WA59
100794317,I1M2W8
100794318,I1M4G0
100794319,K7KVY8
100794321,A0A0R0JGR0
100794322,K7LXZ1
100794323,C6TAS2
100794325,I1K8Z6
100794327,K7KSY2
100794328,C6T7X4
100794330,C6TJB7
100794331,I1MBT0
100794332,K7M4I0
100794333,I1M8R5
100794335,I1KJZ4
100794336,I1KLP7
100794338,A0A0R0IYV3
100794340,I1KJ87
100794342,C6TI63
100794343,I1MFX7
100794347,I1KPN7
100794350,K7MAD4
100794351,K7MAR8
100794352,I1KQB7
100794353,K7MC66
100794354,I1MCC4
100794355,C6TM04
100794356,I1MMM4
100794358,I1MPL1
100794359,K7LAJ8
100794363,I1MMU1
100794364,K7K5D3
100794365,C6TEE3
100794366,I1J8C2
100794367,K7LE04
100794368,K7MKG5
100794369,K7LG88
100794371,I1L1N9
100794372,I1MWG2
100794373,I1L4Y5
100794374,I1L5X6
100794376,K7LG05
100794378,K7ML64
100794379,A0A368UIM2
100794381,I1JEU3
100794384,I1LAZ8
100794385,K7LJT5
100794386,I1N259
100794387,I1JBF8
100794388,I1N2G6
100794389,K7LKZ8
100794390,I1N0D6
100794393,A0A0R0L1X4
100794394,I1LAN8
100794395,I1N505
100794397,K7MS61
100794399,I1LDA7
100794400,I1LDT8
100794401,K7MTQ6
100794402,I1LEN5
100794403,I1N404
100794405,K7KFL8
100794406,K7LGX4
100794408,A0A0R0HQJ3
100794409,K7MQ37
100794411,A0A0R0KGG4
100794412,C6TC47
100794413,I1MZE8
100794414,K7KER8
100794417,I1JQP1
100794418,I1LMK2
100794419,I1JKN7
100794421,K7KCI1
100794422,A0A0R0ELV1
100794423,I1JKS4
100794424,I1LIW1
100794426,K7MZD0
100794428,I1N939
100794429,I1LN56
100794430,I1LNL8
100794431,I1JU45
100794434,I1JXM9
100794435,I1NC86
100794437,I1N5U9
100794438,I1JV50
100794443,I1JZ08
100794445,I1NFQ3
100794446,K7LWM6
100794448,I1NE34
100794449,I1LP19
100794453,I1NGU7
100794454,K7KPZ9
100794455,K7LSM6
100794459,I1K1M5
100794462,I1K4J0
100794464,K7K0S8
100794466,A0A0R0JQ82
100794467,I1LYC0
100794470,I1K096
100794471,A0A0R0GTE4
100794472,I1M3N0
100794474,I1LXM9
100794476,I1M0F2
100794477,I1M1H8
100794478,I1KAY9
100794479,I1M3E8
100794481,I1KBV2
100794482,K7KVN5
100794483,I1M4Y9
100794486,A0A0K2CT67
100794487,A0A0R0JS68
100794488,K7KT23
100794489,A0A0R4J305
100794490,A0A0R0JHY1
100794495,I1M635
100794497,I1M871
100794498,K7M5Y8
100794503,I1KNK4
100794505,K7L0L9
100794506,K7MDZ4
100794508,K7M8Z4
100794510,K7L8A0
100794511,C6T7B5
100794512,K7LAE0
100794513,A0A0R0G186
100794515,I1KTE1
100794516,K7MEG5
100794517,I1KUF4
100794520,I1KXS9
100794521,I1MQB2
100794522,I1MKH8
100794523,C6TN32
100794524,I1MKL4
100794530,K7L6K8
100794531,K7MGX3
100794532,C6T9F1
100794533,K7MHJ6
100794534,I1J4M8
100794537,I1J9N4
100794538,K7MMX2
100794539,I1J525
100794541,K7K1Y8
100794542,I1L290
100794543,I1J5P9
100794544,I1L2T5
100794546,I1MVW0
100794547,I1MX10
100794548,I1L5H1
100794552,I1L0G6
100794553,K7LBU2
100794554,I1JIG0
100794556,I1JEB1
100794558,I1MS71
100794560,C6TCH7
100794561,I1JGA5
100794562,K7KA66
100794564,I1JIB9
100794565,I1L961
100794566,C6TD54
100794567,I1N1Z2
100794568,I1JJA3
100794569,I1N092
100794570,K7LKK0
100794571,C6TEV5
100794574,I1LA71
100794575,K7MUV4
100794576,C6TEE7
100794578,I1LBR4
100794579,I1N156
100794580,I1LC80
100794581,K7LKI0
100794584,I1N4F6
100794585,I1LFK7
100794586,I1MYG3
100794592,I1LA39
100794595,A0A0R0HNC5
100794596,K7KCJ8
100794597,K7MZ26
100794598,I1NCI9
100794599,I1JL20
100794600,I1N5V6
100794603,I1N8N3
100794604,I1LMQ5
100794605,I1JTX5
100794606,I1NA46
100794607,I1LGH9
100794608,I1NBN1
100794609,K7KLQ7
100794610,I1LIJ5
100794611,I1JUP6
100794612,A0A0R0KFX3
100794614,C6TKF9
100794615,I1JX88
100794616,C6T9E4
100794617,I1JQ42
100794618,I1JSF4
100794619,I1JTW3
100794620,K7KIP4
100794621,I1LRD1
100794623,I1LNP0
100794624,C6TFH2
100794625,I1NFU1
100794627,I1NHA0
100794630,I1NJ42
100794631,A0A0R0JSG4
100794632,I1NDB6
100794634,C6TN67
100794637,C6TIC9
100794638,I1K5J4
100794640,I1LZL5
100794645,I1LY46
100794649,I1K8V5
100794650,C6TEV8
100794651,K7KUA8
100794652,C6TCY9
100794653,I1LWH0
100794655,K7KSM0
100794658,K7KV41
100794661,I1MAW4
100794662,C6TI23
100794663,I1MBC1
100794664,I1KNF8
100794665,I1KHR3
100794666,I1KI94
100794667,I1KIS7
100794668,I1KL62
100794669,I1M7G1
100794670,C6T767
100794671,A0A0R0FXE6
100794675,I1MFG7
100794676,I1MHT2
100794677,I1MI78
100794678,I1MJA9
100794680,K7M9J9
100794682,K7M9Y5
100794683,A0A368UIT0
100794684,K7MB47
100794685,A0A0R0IHL7
100794686,I1KR80
100794687,I1KS98
100794688,I1MCC9
100794689,K7L6C3
100794691,I1KV08
100794692,C6TD80
100794693,I1MN48
100794694,K7MHE0
100794695,I1KWM1
100794697,I1MKH5
100794698,I1KZD2
100794702,I1KQI6
100794703,I1KRS0
100794704,K7K4K4
100794706,I1KUL7
100794707,I1KVA3
100794709,I1MQ62
100794710,K7LDE7
100794711,I1J8T1
100794712,C6TI04
100794713,K7LDT3
100794714,I1JA62
100794715,I1L3S9
100794717,I1L481
100794718,I1MQY6
100794719,I1J568
100794720,A0A0R4J437
100794721,I1MSQ1
100794722,I1MY68
100794723,I1J5K4
100794726,I1L798
100794727,I1MU28
100794728,I1MUH0
100794729,I1MUV8
100794730,I1MVC8
100794731,K7MNK5
100794734,I1L6W0
100794736,I1KZW4
100794737,I1MTL3
100794738,A0A0R0L7H2
100794739,I1L1I2
100794740,A0A0R0FL47
100794743,I1JDU3
100794749,K7LK91
100794750,I1JC11
100794751,I1LEB5
100794753,K7K6Y6
100794754,I1JDS8
100794755,K7LI34
100794756,I1JFE5
100794757,I1JCM6
100794758,I1JL91
100794759,I1N3L9
100794760,I1LF76
100794761,A0A0R0KJS8
100794762,I1N4S7
100794763,A0A0R0FGB9
100794764,K7KG05
100794765,K7LHF4
100794766,I1JK48
100794767,C6T965
100794768,K7MRM1
100794770,I1JR51
100794772,A0A0R0KNW9
100794773,I1LNA9
100794774,I1LIF7
100794776,I1LJE1
100794780,I1LKU1
100794781,K7LQH2
100794783,I1N5I8
100794786,C6TP05
100794788,I1JZC3
100794789,A0A368UGH6
100794790,I1LK07
100794795,A0A0R4J313
100794796,K7N3F0
100794797,I1LQY0
100794799,K7N5A6
100794800,I1ND26
100794802,I1JWB6
100794803,I1LU53
100794804,K7LW53
100794805,I1NGB5
100794806,I1LVH2
100794807,I1K3S7
100794808,K7LT52
100794809,I1NI40
100794811,K7KRS3
100794814,I1K2L2
100794816,A0A0R0K553
100794819,K7LZI8
100794821,I1M0W4
100794824,I1K0Q0
100794830,K7M0V2
100794831,E2GK55
100794832,C6T1N0
100794833,I1M2X5
100794834,C6TAQ4
100794835,I1JWV2
100794836,I1KDB7
100794838,I1KFD4
100794840,I1K7I5
100794842,A0A0R4J3G1
100794844,I1KCM6
100794846,I1MC67
100794848,I1M6G4
100794850,I1M6K8
100794851,C6T8Q3
100794852,I1M6R1
100794854,I1KJF7
100794855,C6THR8
100794859,I1KH53
100794861,I1MEJ5
100794862,C6T7V2
100794865,I1MGE5
100794866,I1KWD6
100794872,A0A0R0GE20
100794874,I1KTX1
100794875,I1MMM7
100794876,C6THD4
100794878,I1KYV5
100794879,K7MFL5
100794880,A0A0R0LAV8
100794881,I1MJS7
100794882,K7K447
100794883,I1KSI5
100794886,A0A0R0ITP5
100794887,I1J7X0
100794888,I1J4W4
100794890,K7MN42
100794891,I1MT53
100794892,I1L146
100794893,I1J5H6
100794894,I1L1P4
100794896,I1L4I1
100794897,I1L4Z0
100794898,A0A0R0KY87
100794899,A0A0R0FIB7
100794901,I1KZT2
100794902,I1MRH0
100794903,I1JH91
100794907,I1JEU4
100794908,K7K9T5
100794910,K7LJF0
100794913,I1JJQ4
100794916,I1LDL8
100794919,K7MUE8
100794920,I1L7R6
100794921,I1N0J9
100794923,K7MS66
100794925,I1LDA8
100794926,I1LDU5
100794927,I1MZ10
100794928,I1LEN6
100794929,I1N405
100794930,A0A0R0KI95
100794931,I1JPB5
100794933,I1JRL5
100794934,I1L7E1
100794935,K7MQ38
100794937,I1JM69
100794939,I1JN94
100794941,K7LMC9
100794942,A0A0R4J2Y2
100794943,K7LRM6
100794944,C6T8S8
100794945,I1N6Y1
100794948,A0A0R0KE56
100794951,K7MZD4
100794952,I1N7B5
100794953,K7LRG1
100794954,I1N942
100794958,C6TIP9
100794959,I1LJB9
100794961,C6T907
100794963,K7LN56
100794964,K7MX33
100794966,I1JZ11
100794967,I1LUT3
100794970,I1JTA7
100794971,I1NIE2
100794972,K7KJJ4
100794974,K7N2G1
100794975,I1LTR2
100794976,C6TES8
100794979,I1NHN5
100794980,C6TI44
100794983,I1NCZ4
100794989,I1K4J2
100794990,A0A368UMQ7
100794991,A0A0R0E333
100794993,I1K6H8
100794995,I1LYC1
100794996,I1K053
100795000,I1M5M7
100795002,I1LYP1
100795003,I1LW41
100795004,I1M1I0
100795005,I1K6U7
100795006,I1M3F1
100795007,I1KBB6
100795008,K7KVE5
100795009,I1KCB2
100795010,I1M4Z2
100795012,I1KEW2
100795013,I1K839
100795015,K7M7W3
100795017,A0A0R0GC70
100795019,K7L3L1
100795021,I1KKK4
100795022,I1KM88
100795024,K7L3Z8
100795026,I1ME12
100795027,I1ME47
100795029,I1MEH3
100795032,A0A0R0GBB6
100795034,I1MIT7
100795035,A0A0R0GDM9
100795037,A0A0R0GAG4
100795038,C6TGN6
100795040,I1MLQ4
100795041,I1K2S3
100795042,I1MM59
100795043,I1KW34
100795045,A0A0R0G342
100795046,C6TC43
100795047,I1ML92
100795050,K7K3V6
100795053,I1J9V8
100795054,K7L6K9
100795056,K7K2H0
100795058,I1J6W7
100795063,I1J527
100795066,P08012
100795068,I1L2T8
100795069,K7LE13
100795070,I1MQT5
100795071,K7MN99
100795072,G8XQT2
100795073,I1JGT1
100795074,I1MT07
100795076,A0A0R0I3V1
100795077,I1MRY0
100795079,I1JEB2
100795083,I1MSE1
100795084,I1JGA6
100795085,A0A0B4SX26
100795086,I1JHW9
100795087,K7LGQ9
100795088,I1JIC0
100795089,K7MSK1
100795090,K7LKK1
100795092,I1N3A3
100795095,C6T7F8
100795097,I1LBS0
100795098,I1N157
100795099,I1LC88
100795100,I1LCS3
100795103,I1L844
100795104,I1N4F8
100795105,I1LFL2
100795107,I1JQT8
100795108,I1L8E4
100795112,A0A0R0KJC6
100795114,I1JPQ4
100795117,C6TCZ9
100795119,K7MZ27
100795121,K7N0A5
100795122,A0A0R0KQF9
100795124,I1N8N4
100795125,K7LRQ4
100795126,C6TDY7
100795127,K7LMQ6
100795128,I1N672
100795130,I1LIJ7
100795131,I1JUP9
100795132,I1N6A0
100795133,I1JSI6
100795134,I1JW77
100795135,I1LH34
100795136,C6TJ41
100795137,A0A0R0K9T4
100795139,I1JXP5
100795140,C6TBK8
100795142,K7N2N9
100795143,I1JTW4
100795144,I1JT76
100795145,I1LRD2
100795146,C6TEI3
100795147,I1LST6
100795149,I1LT97
100795150,A0A0R0EAH9
100795151,I1LV16
100795152,C6TFY0
100795156,I1K137
100795157,K7N0U2
100795161,I1K3K7
100795162,I1LQF4
100795163,K7N264
100795164,I1K5J5
100795165,I1K0D6
100795172,K7LZ06
100795174,I1K8L9
100795177,K7KYC6
100795178,K7KTI9
100795179,C6TIH8
100795180,K7KUA7
100795181,I1KAG5
100795184,C6T8B1
100795185,A0A0R0GHN9
100795186,K7KSN0
100795191,I1M887
100795192,C6TBZ8
100795193,I1MBC4
100795195,A0A0R0GGN1
100795196,I1KHR6
100795197,I1KI95
100795198,I1KIQ9
100795199,C6TFZ4
100795200,I1KN40
100795201,K7KZV3
100795203,K7KZ35
100795205,K7MCG4
100795210,I1KY72
100795211,I1MG56
100795212,A0A0R4J3Q5
100795213,I1KR84
100795214,I1KS99
100795218,C6TG30
100795220,A0A0R4J5K4
100795221,C6TG75
100795222,I1KWM4
100795224,K7LA74
100795226,A0A0R0IX89
100795228,I1KP32
100795229,I1KPT3
100795235,I1KPH2
100795237,I1MQ63
100795239,I1J8T2
100795240,I1J971
100795241,C6TB95
100795243,I1JAN1
100795244,K7LEL2
100795245,A0A0R0FGZ5
100795246,I1J4G0
100795247,C6TMX3
100795248,I1MXP3
100795250,K7K1I3
100795251,I1L611
100795252,I1MTL6
100795255,I1MU29
100795256,I1MUH1
100795257,K7MLI5
100795258,I1MVD1
100795261,I1L5X7
100795262,K7MJ96
100795263,I1JGH3
100795264,K7LGC2
100795265,A0A368UJZ4
100795266,A0A0R0I1T7
100795273,C6TN20
100795274,I1L0D0
100795276,I1JFT4
100795277,I1L910
100795278,C6TJY5
100795279,I1MZZ7
100795280,K7MSE3
100795286,I1JCA9
100795287,I1L9L6
100795288,I1JFF5
100795291,I1N3M1
100795293,I1JNQ5
100795294,I1N4S8
100795295,I1N579
100795298,D4N5G1
100795299,C6TA87
100795300,K7MPX8
100795302,A0A0R0KLS3
100795303,K7KGK5
100795306,I1LNB2
100795307,I1LIF9
100795308,I1N9N7
100795309,A0A0R4J4D0
100795311,I1LJW2
100795313,I1LKD9
100795314,I1LKU2
100795315,K7KDP3
100795317,C6TK72
100795319,I1JU66
100795320,C6TER0
100795321,K7LNG6
100795325,A0A0R4J4A9
100795327,K7KLL1
100795329,K7KHU5
100795330,A0A0R0EB47
100795331,I1LQY2
100795332,K7N3V2
100795336,I1NF91
100795337,K7KI39
100795338,A0A0R4J4K4
100795339,I1NGB7
100795340,I1LVH5
100795342,K7LT53
100795343,E2FKJ0
100795344,K7KRS4
100795345,A0A0R4J4Q4
100795346,I1K2L6
100795349,I1K423
100795350,I1K641
100795353,K7LZJ2
100795354,I1K177
100795356,K7M0T4
100795358,I1M319
100795360,I1M4B4
100795363,K7KTA3
100795364,I1LZ66
100795365,I1K8R0
100795366,C6ZRZ0
100795367,I1K9D8
100795369,I1M2X7
100795370,K7M344
100795371,K7KVY9
100795372,I1K745
100795373,I1KDV2
100795374,C6T2J6
100795375,I1LWR2
100795376,I1KFZ1
100795378,K7M538
100795379,K7KUK4
100795382,K7KWC5
100795383,C6TM55
100795384,I1M8T1
100795388,I1M6S7
100795389,K7M5P3
100795390,I1KJG0
100795391,C6TFD5
100795393,I1KLQ1
100795396,A0A0R0J7Z0
100795398,I1MEZ7
100795399,I1MFY0
100795400,K7L234
100795401,I1KWD7
100795405,K7MAD8
100795408,K7M9L0
100795409,I1KRS9
100795410,I1KTX6
100795411,I1MMM9
100795412,C6TCA1
100795416,C6T7U1
100795418,A0A0R0LLV1
100795419,I1KTX2
100795420,I1J4A5
100795422,I1L3F9
100795425,I1L6R5
100795426,I1L1Q0
100795428,C6T876
100795432,I1MXX2
100795434,I1L6E5
100795436,K7KA51
100795438,K7KBE4
100795441,I1JFA4
100795443,C6TDU2
100795445,I1JIS3
100795446,C6TJM1
100795447,C6TNI1
100795448,I1LBP5
100795449,K7MSP8
100795450,I1JJQ5
100795451,K7K5W6
100795454,K7K6K8
100795455,K7MUF0
100795457,C6TEV1
100795458,A0A0R0FEA6
100795459,K7K8P0
100795460,I1N1M5
100795461,K7MSR8
100795462,C6T7Q5
100795463,I1LDU6
100795464,I1N348
100795465,I1LEN7
100795466,I1MZ39
100795467,I1JPB6
100795469,I1JRL8
100795470,K7LHY6
100795471,K7MPR7
100795474,I1JN95
100795476,K7KGD1
100795477,I1LMK8
100795478,K7KC40
100795479,A0A0R0ELR0
100795481,I1LIW6
100795484,I1N7B8
100795486,C7SQI9
100795488,I1LN68
100795489,K7LMA0
100795492,I1LH53
100795494,I1N688
100795495,K7LP91
100795496,K7MVW5
100795497,I1JV54
100795498,F6KBT3
100795500,I1LUT4
100795501,I1NFQ5
100795502,K7LWM8
100795503,K7N4V9
100795506,C6TJ33
100795507,C6TK30
100795508,A0A0R0JRP8
100795510,I1NHN6
100795511,C6TJF2
100795514,K7N0L2
100795515,K7KNQ5
100795518,K7LT43
100795519,I1JZU0
100795521,I1K526
100795522,I1J3Z3
100795523,I1J464
100795524,I1K6H9
100795526,K7LXT7
100795528,I1M0D0
100795531,I1K2H7
100795532,K7LWW1
100795534,I1LZL0
100795535,C6TA62
100795536,I1M1I1
100795537,I1KAZ3
100795538,K7M2F4
100795539,I1KBB7
100795543,I1KEI4
100795545,K7KT25
100795550,K7L2N1
100795552,C6TGR3
100795553,C6TD76
100795554,K7M5Y9
100795556,I1M9Q7
100795557,H2BER5
100795558,C6TNI9
100795559,I1KNK8
100795565,I1KGQ2
100795566,I1KKJ5
100795567,F6M9W9
100795569,K7L8A3
100795570,C6TGZ4
100795571,I1KWQ5
100795572,C6TEX8
100795574,A0A0R0GB26
100795575,C6TB56
100795576,I1MLQ6
100795577,C6T8E8
100795578,I1MM62
100795579,I1KW41
100795580,C6TEE4
100795581,I1MQB5
100795582,I1MQR1
100795584,A0A0R0FUI7
100795585,A0A0R0FN05
100795588,A0A0R0LJH9
100795589,K7L6M2
100795590,C6TDA7
100795591,I1MNX8
100795594,I1J9N5
100795595,I1MSH6
100795597,I1L5E7
100795601,I1MX12
100795602,I1L5H5
100795604,I1MT12
100795606,K7LBU6
100795610,C6T7J6
100795611,K7LBG5
100795613,K7LD75
100795616,C6T9U0
100795617,A0A0R0L0Q0
100795618,C6TLG0
100795622,K7LKK4
100795624,I1N3A4
100795625,I1JE78
100795627,K7MUW1
100795628,I1N0R4
100795629,A0A0R4J499
100795632,A0A0R0I4H6
100795633,A0A0R0F1R8
100795634,K7KE67
100795635,C6ZRS2
100795636,I1N4G3
100795638,K7MPA3
100795639,I1JQU0
100795642,I1L8I2
100795646,I1JNT6
100795647,K7MPZ7
100795648,K7KFL5
100795651,I1N814
100795652,I1NAB0
100795653,I1NCJ2
100795655,I1LMQ8
100795656,I1N9L0
100795658,C6TAU3
100795659,I1NBN8
100795661,I1LIJ8
100795662,I1N6A2
100795664,K7KHJ0
100795667,I1JX93
100795668,I1JXP6
100795670,I1JSF6
100795671,I1LU36
100795672,I1NF35
100795673,I1JTW7
100795676,I1NHR7
100795678,K7LUS5
100795679,Q00M88
100795680,I1LTA4
100795681,A0A0R0EAH8
100795682,K7KPP6
100795683,A0A0R4J634
100795684,K7KQV6
100795686,I1K138
100795690,K7KPY9
100795691,I1K3K8
100795694,I1K5J8
100795696,A0A0R0JQR5
100795697,I1LZL8
100795704,I1LVX8
100795707,A0A0R0JUF7
100795708,C6THB7
100795711,I1M206
100795712,I1K9X5
100795713,I1KAG7
100795714,I1M3X6
100795716,I1M5F3
100795717,I1M5X7
100795719,I1K7J3
100795721,K7KU64
100795722,I1M7T1
100795726,K7M864
100795727,K7M7Q4
100795728,I1MBC7
100795729,K7L2Y6
100795730,K7L3A8
100795731,I1KNG3
100795732,A0A0R0GL67
100795733,I1KHR7
100795734,I1KI96
100795735,I1KIT4
100795738,C6TEJ8
100795739,I1KHW2
100795740,K7L0A1
100795741,K7MA29
100795744,I1MFG9
100795745,I1MGE7
100795746,I1MHT6
100795747,I1M5E2
100795748,I1MJB1
100795749,C6TN28
100795752,K7LA42
100795754,I1KQN1
100795755,C6T8T7
100795756,A0A0R4J3S5
100795759,I1KVH4
100795760,I1MN50
100795761,K7MI44
100795762,I1KYC2
100795763,K7MET6
100795766,A0A0R0IKZ3
100795767,I1KPT7
100795768,I1KQJ1
100795769,I1KRS6
100795770,K7K4L2
100795773,I1KVA4
100795774,K7MHZ7
100795778,K7K1C4
100795779,C6TNI2
100795780,K7LDT6
100795781,I1JA69
100795783,I1JAN2
100795790,C6TNB7
100795791,K7K269
100795792,I1L7A2
100795794,I1MUW6
100795797,C6TCS0
100795798,A0A0R0KXF2
100795799,K7LB30
100795801,I1JD28
100795802,C6TJX6
100795803,I1MS81
100795806,I1JHT7
100795808,K7MLK8
100795809,I1JDD7
100795810,I1JDU5
100795813,I1JBL6
100795815,A0A0R0FC26
100795816,I1JC18
100795817,I1LEC2
100795819,K7K6Z0
100795821,I1JFF6
100795822,A0A0R0KH31
100795823,I1N3M2
100795825,I1N4S9
100795828,I1L8M2
100795830,A0A0R0KHM9
100795832,K7KG36
100795833,I1JR59
100795836,A0A0R0KQ68
100795837,K7LND5
100795838,I1LHZ9
100795842,I1LG50
100795843,I1NBR0
100795845,I1LKU7
100795847,I1LL77
100795848,I1N897
100795853,I1JZD0
100795854,I1JS10
100795855,I1LK10
100795857,A0A0R0EJ93
100795858,I1LHD1
100795859,I1JSY8
100795861,I1JZ14
100795863,I1NGB3
100795865,I1NJ35
100795866,A0A0R0EIE0
100795867,C6TH13
100795871,I1LUK7
100795872,C6TDP7
100795875,I1LPN7
100795878,I1K2L7
100795879,K7LUY3
100795880,A0A0B5EC24
100795881,A0A368UI64
100795884,I1LYX3
100795885,I1K183
100795886,C6T9M0
100795887,I1M0W7
100795889,K7M281
100795890,I1K296
100795891,I1M4B6
100795892,K7KT16
100795893,I1K8B8
100795895,K7KY03
100795896,A0A0R0H312
100795897,A0A368UHA2
100795898,I1M2X8
100795899,I1M4Z3
100795900,K7KVZ0
100795901,C6TJW6
100795903,I1KFZ3
100795904,K7KTL9
100795906,K7KUK8
100795907,I1M687
100795908,I1KCM8
100795910,K7M5Q0
100795913,I1MBT5
100795915,K7M5P4
100795916,I1KJG1
100795917,A0A0R0G8R3
100795918,I1KK08
100795919,A0A0R0GC05
100795920,I1KLQ2
100795921,I1KH57
100795922,K7MD83
100795924,C6SWA8
100795925,C6TKD1
100795926,I1KKP6
100795929,I1KXP9
100795931,A0A0R0FZ58
100795932,I1KZE8
100795933,I1KTX8
100795934,I1MP44
100795938,K7MG35
100795939,I1J8D8
100795943,I1KPE3
100795944,I1J4M9
100795945,C6TME0
100795946,I1J8C9
100795947,I1L3G0
100795948,C6T4Q3
100795949,I1MT63
100795950,A0A0R0IKE9
100795951,C6TDK1
100795952,A0A0R0IB04
100795953,I1L3H1
100795955,I1L3Z0
100795956,C6TGX3
100795957,I1L4Z1
100795958,I1MXH7
100795959,I1MXX4
100795960,C6TI71
100795961,I1MRI9
100795962,I1JH99
100795963,K7ML77
100795964,I1JJ60
100795965,K7K840
100795966,I1JFA6
100795967,I1JGU4
100795970,I1JHD7
100795971,I1JIS7
100795975,I1JJQ7
100795976,I1N0B7
100795977,I1N2P9
100795978,K7K6L6
100795980,K7K815
100795985,I1N1N5
100795986,I1N272
100795987,I1LDB1
100795988,I1LDU7
100795989,I1N351
100795990,I1LEN8
100795991,A0A0R4J5Y0
100795992,K7KEN5
100795993,K7KFM6
100795994,I1L8A9
100795995,K7KGV2
100795996,K7MQ39
100795997,I1MZE0
100795999,I1MZF1
100796004,I1N910
100796005,A0A0R0KE59
100796006,I1LIX1
100796009,I1N5R9
100796010,I1LM81
100796011,I1N946
100796013,C6T926
100796018,I1JXP3
100796019,I1NC81
100796021,K7MVW7
100796022,I1JV65
100796023,A0A0R0KI21
100796028,I1NFQ8
100796029,I1LVE6
100796030,A0A0R0KDG3
100796032,K7N4W2
100796033,K7KJK2
100796036,I1LTR5
100796037,C6TK30
100796038,K7KQ02
100796039,K7LSN0
100796040,I1NHN9
100796041,C7S8C5
100796042,I1K583
100796043,I1NCZ7
100796044,C6TL11
100796047,A0A0R0JX95
100796048,I1K528
100796049,C6T778
100796051,I1K6I9
100796053,I1LYD2
100796055,I1M0D4
100796056,K7M1Q1
100796057,K7M2K6
100796059,I1LYP2
100796060,K7M001
100796061,K7M0G4
100796062,I1M1I6
100796063,I1LWB2
100796064,I1KBC0
100796067,I1KEI7
100796070,K7KVJ1
100796071,K7M7W5
100796072,K7M630
100796073,K7KZH8
100796078,K7L1Z4
100796079,I1M9Q8
100796081,K7L370
100796082,K7M6Z0
100796083,I1KNK9
100796092,C6TJF6
100796094,C6T8R3
100796096,I1KYQ1
100796097,I1MGS5
100796098,I1KSU1
100796099,I1MLQ7
100796102,C6T8B4
100796103,I1KWM7
100796104,I1KXT4
100796107,K7K1Y3
100796111,C6TIC4
100796112,I1J651
100796113,A0A0R0IIB0
100796115,K7MGH1
100796116,I1KT85
100796117,I1J4J6
100796118,I1MNX9
100796123,C6SXM4
100796128,I1MX14
100796129,I1L5H6
100796131,A0A0R4J415
100796135,C6TA61
100796139,I1MWF0
100796140,C6TFJ4
100796142,I1JIC8
100796143,I1L962
100796145,I1MYG7
100796146,I1LCX0
100796147,C6TGU2
100796149,I1L9L7
100796150,A0A368UIH1
100796152,K7MUW2
100796153,I1N0R5
100796154,C6TFN8
100796155,K7MRJ1
100796156,I1L7Z0
100796158,K7LLD7
100796159,K7MUV5
100796161,A0A0R4J5P1
100796162,I1JQU2
100796163,I1L936
100796164,I1MZ67
100796167,I1LA43
100796168,I1JNT9
100796169,I1JPA9
100796170,K7KFU3
100796171,K7LR64
100796175,A0A0R0EPP8
100796176,C6T9P3
100796178,I1NCJ3
100796181,K7LQU5
100796183,A0A0R0KK01
100796184,I1NA51
100796187,I1LIJ9
100796190,C6THL5
100796191,K7LQJ9
100796192,I1JSS2
100796195,I1JXP9
100796196,I1JSF7
100796197,I1LU37
100796199,I1JTX1
100796200,I1LQY4
100796201,A0A0R0KCB2
100796203,I1LRY1
100796204,K7LUS9
100796205,A0A0R0KE69
100796206,Q43462
100796207,I1ND63
100796208,C6TAA1
100796209,I1LV18
100796211,I1LVI0
100796212,I1NHA4
100796214,I1K142
100796217,I1K352
100796220,I1LZM1
100796222,I1M1N0
100796229,I1K8P2
100796230,K7M089
100796231,K7KYC9
100796232,A0A0R0JKX7
100796233,I1K9E0
100796235,I1KAG8
100796236,I1M3X7
100796237,K7LXC0
100796238,K7M3Q2
100796242,K7KYB8
100796243,K7LY67
100796247,K7KV47
100796250,I1M8B1
100796251,I1MAW7
100796255,A0A0R0GJF4
100796256,I1KHR8
100796258,I1KL58
100796259,I1KMN9
100796260,I1KN49
100796262,I1KHW5
100796265,I1MFH0
100796266,A0A0R0G0M9
100796268,I1MI86
100796269,C6TJK4
100796271,A0A0R0FVZ4
100796272,I1ME75
100796273,I1KY75
100796274,A0A0R0G6T3
100796275,C6TKL7
100796276,A0A0R4J3W6
100796278,C6T8F1
100796279,I1KVJ0
100796281,C6TJI9
100796282,K7L9D2
100796283,I1MPM0
100796284,I1KYC3
100796285,K7MET9
100796288,I1KP46
100796289,I1KP63
100796290,I1KRS7
100796293,I1KUM7
100796296,A0A0B5EC52
100796299,A0A0R0LJ03
100796300,A0A368UK02
100796301,C6TJD6
100796302,I1MX68
100796303,I1J4G6
100796304,I1L4R5
100796307,I1J5K9
100796310,A0A0R0LFZ5
100796311,I1L7A3
100796312,I1MU32
100796313,I1MUH4
100796314,I1MUW7
100796316,I1J5S5
100796317,I1MWG7
100796318,I1JCQ3
100796320,K7K9K6
100796321,I1L6X2
100796322,A0A0R0H625
100796324,K7MKS7
100796325,K7KAH6
100796327,A0A0R0FCT0
100796328,K7K719
100796329,I1MS15
100796330,I1JDU6
100796335,I1N1U9
100796338,I1LEC5
100796340,K7K8I2
100796344,I1JNQ9
100796346,I1N583
100796348,A0A0R0HPB8
100796349,K7KDD8
100796354,Q6DW76
100796355,I1JR62
100796356,A0A0R0HA80
100796358,C6TEK4
100796359,I1LNB6
100796360,I1N8G8
100796361,I1LI00
100796365,I1LJW4
100796366,K7MZU1
100796368,C6TK18
100796369,I1JL56
100796371,I1N898
100796372,C6TIY1
100796373,I1LHW0
100796377,K7LQ86
100796378,I1LLF6
100796379,I1N6I2
100796380,I1JY77
100796381,I1JZ18
100796382,I1LTM6
100796383,K7KHU9
100796384,I1NGB4
100796385,I1NGZ9
100796388,A0A0R0KBT7
100796389,I1LU56
100796390,I1LUK9
100796391,I1NGC0
100796393,I1LQD8
100796394,K7N4Q3
100796396,I1K612
100796401,A0A0R0JZS0
100796405,I1K184
100796406,K7KNS1
100796408,I1K0I3
100796410,K7M300
100796413,K7KTA5
100796414,K7LZQ3
100796415,I1KEX7
100796417,C6TE97
100796418,A0A0R0GUG6
100796420,I1M4Z7
100796421,I1KCT7
100796423,I1LWA3
100796425,I1KFZ6
100796426,I1K906
100796427,A0A0R0GFM4
100796428,I1KAG0
100796430,K7KVV7
100796434,I1MAD8
100796435,I1MBU0
100796436,A0A0R4J566
100796438,I1KJG4
100796442,I1KLQ4
100796443,I1KH63
100796444,A0A0R4J5D0
100796445,A0A0R0J2Q1
100796446,K7ME92
100796447,K7MAG4
100796449,A0A368UHW7
100796450,C6T7F9
100796452,I1MEW8
100796453,I1MFI4
100796455,I1MHJ4
100796456,I1MHR3
100796457,I1KTE5
100796460,I1MKU0
100796461,A0A368UIQ7
100796464,I1J687
100796466,C6TJ80
100796467,I1J7F7
100796470,K7MJB8
100796471,I1L6S1
100796473,I1L3H6
100796474,I1MR95
100796475,I1L3Z2
100796476,K7LES5
100796477,I1L4Z2
100796478,K7MNK8
100796480,C6TNR7
100796481,I1L6F2
100796483,I1JHA0
100796484,C6TDL0
100796485,K7LCD6
100796486,I1JEV0
100796487,K7K8E5
100796490,I1JHD9
100796491,I1JHX0
100796494,C6TKI1
100796496,I1JJQ8
100796498,I1LDM4
100796499,K7MQM3
100796500,I1JB68
100796501,K7MUF3
100796502,A0A0R0HSU1
100796504,C6T027
100796505,I1L7X1
100796506,I1MYR4
100796508,A0A0R0HNC1
100796509,C6TAB8
100796511,I1N407
100796512,A0A0R0KMM3
100796513,I1LF84
100796514,I1L7X0
100796515,I1JRM0
100796518,I1N045
100796519,I1JM84
100796521,C6TMV1
100796522,K7LHL4
100796524,I1JQP5
100796528,Q2LAL4
100796531,I1NAX1
100796533,A8C8H3
100796534,I1N948
100796536,A0A0R0HJI4
100796538,C6TAB4
100796539,I1LH56
100796540,K7KL92
100796541,I1NBP5
100796542,C6TJS1
100796543,K7LP96
100796544,I1JV68
100796545,K7KJI0
100796550,A0A0R0EAY8
100796552,K7KIP5
100796554,K7N4X2
100796558,I1LPA0
100796559,K7KQ03
100796560,K7LSN5
100796561,A0A0R0E5J0
100796562,C6T9T2
100796563,I1K0Z2
100796564,K7N0L3
100796565,I1K1P1
100796569,I1K3L0
100796572,I1NEQ1
100796573,I1K529
100796574,A0A367GJQ4
100796575,I1K5K2
100796577,I1JZS8
100796578,A0A0R0GV98
100796579,C6TBN8
100796580,K7LXZ2
100796581,A0A0R0H1B6
100796585,I1LYP8
100796586,C6TH56
100796587,I1M0G8
100796588,I1M1I7
100796589,I1M204
100796590,K7M2F5
100796591,C6TMG6
100796592,I1KBV9
100796593,I1KCB5
100796594,I1LW01
100796595,C6ZRQ2
100796596,I1KEX8
100796598,I1K7R8
100796599,K7M7W6
100796601,K7M631
100796602,I1KH62
100796603,K7M452
100796604,I1KMU9
100796606,I1KIA1
100796607,C6TFW5
100796608,I1KKL5
100796609,I1M9Q9
100796610,A0A0R0G9Q6
100796611,I1KM93
100796613,I1KNL0
100796614,I1KGH5
100796618,A0A0R0J294
100796620,I1KJU0
100796623,D6QX28
100796624,K7L8W5
100796625,K7L4U1
100796626,I1KYQ2
100796627,K7MBJ5
100796633,I1KW47
100796634,I1MJS9
100796635,I1J6Y4
100796644,I1KT87
100796645,I1MN21
100796647,I1MNY0
100796648,I1MLF1
100796649,K7K4L8
100796650,I1J9N9
100796652,A0A0R0LBR5
100796654,K7K1J9
100796655,I1J5Q1
100796656,K7LDE5
100796657,I1L5H8
100796659,I1MT21
100796661,I1L128
100796662,I1JIG5
100796664,I1L084
100796665,K7K7S0
100796667,I1L2N0
100796669,I1JGB2
100796671,I1JIC4
100796673,I1LCX3
100796675,K7MTW5
100796676,I1L9M1
100796677,C6TH51
100796679,I1N4H1
100796680,I1N0R6
100796682,I1N162
100796683,I1LCS9
100796685,C6TEG2
100796686,A0A0R0EV61
100796687,I1N4G7
100796689,K7MPA4
100796690,I1JQU5
100796692,K7MPM9
100796694,I1L8S1
100796695,I1JNU2
100796697,I1JPB4
100796698,C6T7G6
100796699,I1LHH6
100796700,I1N7S9
100796706,I1NCK4
100796708,I1N7T7
100796709,K7LQU3
100796710,I1N8N8
100796711,K7MYN0
100796712,I1NA53
100796713,K7LMQ9
100796714,K7KLR7
100796717,K7KHJ1
100796718,I1LLB4
100796719,I1JWR6
100796720,K7KKY8
100796721,K7MWG8
100796722,K7KHF4
100796724,I1NF39
100796727,A0A0R0H2W2
100796728,I1NHS0
100796729,C6TF49
100796730,K7LUT0
100796731,C6TGB6
100796732,I1NEU8
100796733,I1NFA5
100796734,I1NFU7
100796735,C6TB08
100796737,I1LVH8
100796740,K7LSS6
100796741,I1NJ45
100796742,I1K147
100796743,K7N0U6
100796744,K7LT03
100796746,I1K354
100796748,K7N1D6
100796749,K7LYR1
100796750,I1K033
100796752,I1K0E1
100796753,I1LX92
100796758,A0A0R0GV25
100796761,I1KEI2
100796762,I1M016
100796764,I1K9E4
100796765,C6T8H9
100796766,I1KAH2
100796767,I1M3X9
100796768,C6TJ36
100796769,I1M5F6
100796770,I1KDC3
100796771,A0A0R0HCJ1
100796779,I1M7Y1
100796780,A0A368UI50
100796783,C6T999
100796785,K7M821
100796788,A0A0R0J8E7
100796789,A0A0R0IZP4
100796791,I1KL72
100796793,I1KMP3
100796794,C6TG86
100796797,K7L1P2
100796798,I1MFH1
100796800,A0A0R0G388
100796802,I1MJB3
100796803,A0A0R0J325
100796806,I1KY77
100796808,I1KQN6
100796809,I1KRB4
100796810,I1KRT6
100796811,I1KSA6
100796813,I1KVJ5
100796815,I1MNL7
100796816,K7L9D8
100796817,K7MI53
100796818,I1KYC4
100796820,I1KZD7
100796821,K7K3A2
100796822,K7L4A3
100796823,K7L530
100796825,I1J981
100796827,C6TFT1
100796828,I1KVB9
100796829,K7MHZ9
100796830,C6TIZ1
100796831,I1J8T4
100796833,A0A0R0LK87
100796834,I1JAN7
100796835,K7LEL4
100796836,K7MND8
100796838,I1L4R9
100796839,K7MNQ4
100796840,I1MSR6
100796841,K7K1Q9
100796843,I1MTM1
100796844,I1J5E8
100796846,I1MU33
100796848,I1MR65
100796849,K7MLU0
100796851,I1MWH0
100796852,A0A0R0ICN4
100796853,I1MQX2
100796855,K7MK06
100796856,I1KZS3
100796857,K7MKS9
100796860,I1MV15
100796862,I1JDU7
100796864,K7K8V7
100796868,C6ZRY3
100796869,K7K683
100796870,K7LLE8
100796871,A0A0R0FDV7
100796873,K7K7D2
100796874,K7K8I7
100796877,I1LEP0
100796878,A0A0R0KF80
100796879,I1N584
100796880,K7KG14
100796881,I1L8M5
100796883,K7KEE9
100796886,I1JQ84
100796888,I1JRN2
100796892,K7MYN6
100796894,I1NBR6
100796897,I1LL78
100796898,I1N899
100796899,K7KKJ0
100796900,C6TLF4
100796901,K7LNG9
100796903,K7LPN1
100796907,I1JY78
100796908,C6T7L1
100796909,C6TH79
100796912,I1NGB6
100796914,I1NJ37
100796915,C6T8I9
100796917,I1JWC1
100796918,I1LPC4
100796919,I1LUL2
100796920,C6TCV4
100796921,K7KQE1
100796923,I1NI49
100796928,I1NCZ3
100796929,C6TL69
100796930,C6T8R1
100796933,K7LZK3
100796934,I1K185
100796935,K7KNS4
100796936,I1M0X5
100796938,A0A0R0GUP4
100796941,I1K824
100796944,C6TJ87
100796945,I1KEY1
100796946,I1M2I5
100796947,I1M2Y6
100796948,I1KAZ7
100796950,I1KCT9
100796954,I1KFZ9
100796955,K7KTM2
100796956,I1M7Q3
100796958,I1KCN1
100796959,I1K7Y8
100796960,A0A0R0EBW6
100796961,I1M9U2
100796962,I1KH25
100796963,K7M768
100796964,I1M6T9
100796965,K7M4K2
100796966,K7M5P6
100796970,K7L2T6
100796972,I1MIK4
100796973,I1KJ97
100796974,I1MJQ7
100796976,K7MB13
100796977,I1MGW5
100796978,C6TI82
100796980,K7L9R3
100796981,K7MAE1
100796983,I1KZF1
100796984,I1MHJ3
100796986,I1KTE6
100796988,I1MM64
100796989,K7L7S5
100796991,C6T8S4
100796993,I1KSJ0
100796994,E3NYV9
100796995,I1J4I1
100796999,I1J8D3
100797001,C6TNI5
100797003,I1L1Q5
100797004,I1L3H8
100797007,I1L4I7
100797009,I1L4Z3
100797011,I1JG23
100797012,I1L6F3
100797013,I1MRJ1
100797014,A0A0R0L0P7
100797015,I1MUC8
100797016,I1JJ76
100797017,A0A0R0KQE9
100797018,A0A0R4J2Q1
100797019,I1JGU8
100797022,I1JHE4
100797023,C6TGN8
100797024,K7KB53
100797025,I1LB29
100797026,C6TDY0
100797027,A0A0R0HUA7
100797029,I1JBG6
100797030,I1MYG9
100797031,I1LDM5
100797033,K7MUF4
100797034,C6TG80
100797035,I1N519
100797038,I1LC95
100797039,I1N1N9
100797040,A0A0R0EUL8
100797041,I1LDV2
100797043,I1N411
100797044,K7KEN6
100797045,I1L878
100797048,K7LHY7
100797049,I1MZR2
100797051,K7KDX0
100797053,I1JN99
100797055,I1LHF5
100797056,I1JQP7
100797057,I1LML8
100797059,K7MYC7
100797061,I1LIX6
100797063,I1NAX3
100797064,I1N7C6
100797065,A0A0R0HKE0
100797066,K7KK89
100797067,A0A0R0EM40
100797068,A0A0R0HM03
100797069,K7LMA5
100797070,A0A0R4J346
100797072,I1LH59
100797074,I1NBP6
100797078,I1JV73
100797079,I1JVP4
100797080,A0A0R0ESF4
100797082,I1JXQ2
100797084,I1LNN1
100797086,I1LVE7
100797087,I1JUL5
100797088,K7N4X3
100797091,I1JTI3
100797092,Q7PCB4
100797093,K7LSN9
100797094,C6TCG5
100797095,I1K586
100797099,K7LSY5
100797100,I1K3L2
100797102,I1K4K1
100797103,I1K531
100797104,A0A0R0E4B1
100797105,I1K5K3
100797106,A0A0R0ES85
100797107,K7KS32
100797114,A0A368UID8
100797115,I1LZL9
100797116,K7M0G7
100797117,I1K8W1
100797118,I1M1I9
100797119,K7M1H7
100797120,I1M3F9
100797121,I1KBC3
100797122,I1KBW3
100797123,I1KCB9
100797124,I1LWJ6
100797126,I1KFE8
100797127,I1K853
100797129,K7M7W8
100797130,I1M9B3
100797132,I1KLG2
100797133,K7M454
100797134,K7M5D8
100797135,I1KIA5
100797137,A0A0R0JCY4
100797148,I1KW13
100797149,A0A0R4J5G7
100797152,I1KYQ3
100797153,I1MGT0
100797154,K7M9I7
100797156,K7MFJ5
100797157,I1KUG8
100797158,C6TCJ5
100797159,I1KW51
100797160,I1MP46
100797161,I1MQB8
100797162,K7MEB5
100797163,K7K3H2
100797166,A0A0R0LAM8
100797171,I1KPC1
100797173,I1J6F1
100797174,K7MHK5
100797177,I1J976
100797178,I1J9P0
100797179,I1MSH9
100797180,I1J534
100797181,I1L5G1
100797182,K7K2G5
100797183,I1J6I6
100797185,I1L5H9
100797186,I1JGT5
100797187,I1MT23
100797188,I1L0H9
100797189,C6T8I1
100797194,I1MQW9
100797195,K7LD84
100797196,K7MMK5
100797199,I1JBX6
100797201,I1LCX7
100797202,K7LLW7
100797203,I1N3B2
100797211,I1LCT0
100797212,I1N2R0
100797214,I1LEB8
100797215,C6TGM7
100797218,I1N4U6
100797220,K7KGF4
100797221,I1L941
100797222,C6T859
100797223,K7MPW4
100797226,A0A0R0KLJ8
100797227,C6THK0
100797229,I1LI02
100797234,I1JLR3
100797235,A0A368UGC0
100797236,K7LQU4
100797237,I1N8N9
100797238,K7MYY2
100797239,I1LGI8
100797240,K7KLR9
100797241,I1LIK9
100797242,C6TCT1
100797243,I1N6A7
100797244,C6TGZ1
100797245,K7LQK2
100797246,I1JWR8
100797247,I1JX97
100797251,I1JTX3
100797256,I1LRY9
100797257,I1LSU7
100797258,C6TJF9
100797259,K7N2H4
100797260,I1NFA6
100797261,I1NFU9
100797262,I1LPG0
100797263,K7KPQ4
100797264,I1LPI4
100797265,I1NHA9
100797267,I1NJ46
100797268,I1K149
100797269,K7N0U7
100797273,I1JZP6
100797277,K7M014
100797278,K7M173
100797283,I1LVV6
100797284,I1LY54
100797286,I1KE98
100797287,I1KEI3
100797289,K7KYD7
100797290,I1M100
100797291,I1K9E8
100797292,I1K9Y2
100797293,I1KAH5
100797294,I1M3Y1
100797295,I1M4H1
100797296,K7M3R1
100797297,I1K750
100797298,K7M407
100797299,I1LWP2
100797301,A0A0R0JKL1
100797302,I1K9Q2
100797307,I1MBK1
100797308,I1M8B6
100797310,I1MBD7
100797311,I1KLX3
100797312,I1KMD0
100797313,I1KNG5
100797317,I1KL75
100797318,C6T851
100797320,K7MCQ5
100797322,K7L0A3
100797323,K7KZ37
100797324,I1KGS6
100797325,I1MCM4
100797326,C6T8I5
100797328,I1MJB6
100797330,A0A368UI59
100797332,I1KY82
100797334,I1KQP2
100797335,C6TMF6
100797336,I1KRT7
100797337,I1KSA2
100797338,I1MDU9
100797340,C6TF59
100797342,A0A0R4J5L4
100797343,C6THG3
100797344,A0A0R0IYM8
100797345,I1KYC6
100797346,K7MEU6
100797347,I1KZD9
100797350,K7L5R7
100797351,K7K4M4
100797353,I1KUM8
100797355,I1MPG4
100797356,K7K3U5
100797363,C6TBA7
100797364,K7LEL5
100797365,I1MX72
100797366,A0A368ULZ9
100797367,I1L4S3
100797369,C6TEX4
100797370,I1J5L3
100797371,I1L136
100797372,K7K272
100797373,I1L7A5
100797375,I1MUH8
100797376,I1L295
100797380,I1MXX5
100797381,C6THJ2
100797384,I1L6X1
100797385,I1MS97
100797386,I1KZT0
100797388,I1JHU7
100797393,K7K7E4
100797395,I1JB48
100797399,C6TBY0
100797400,I1JC21
100797401,C6TA95
100797408,I1JMS4
100797409,K7LH30
100797411,C6TLD4
100797414,I1JLN5
100797416,C6TFX5
100797418,I1JQ89
100797419,C6TC58
100797420,A0A0R4J308
100797421,K7LS22
100797423,I1LIG5
100797425,A0A0R4J2U5
100797426,I1LJW6
100797427,K7MZU2
100797430,I1LL79
100797431,I1N8A0
100797432,I1NB57
100797436,K7LPN4
100797440,I1LHD5
100797441,C6THI5
100797443,C6TME7
100797444,I1JZ22
100797445,K7KHV4
100797448,K7N5B7
100797449,D3G9M7
100797450,C6TFH3
100797451,I1LUL3
100797452,I1NGW2
100797453,I1NHP1
100797455,K7LT62
100797456,C6TN56
100797459,I1LS80
100797461,C6TDU7
100797462,I1K429
100797463,I1K645
100797464,K7LXR0
100797466,I1LZ00
100797469,I1M0Y3
100797471,I1M328
100797475,I1LXN4
100797476,A0A0R0JC83
100797477,K7KWZ1
100797479,K7LZQ6
100797480,K7KY04
100797481,E2FKI3
100797484,C6TFH0
100797486,I1K785
100797487,I1KEY3
100797489,I1KG02
100797490,I1K913
100797494,I1M8U9
100797495,I1M9U6
100797497,K7M771
100797499,K7M4K3
100797501,K7L145
100797503,I1KK11
100797504,I1M9J8
100797505,K7L1Z9
100797506,C6SZA4
100797508,I1KH65
100797510,C6TIA2
100797512,I1MFZ5
100797513,I1MGW6
100797515,C6TER2
100797516,I1MCZ2
100797517,I1KXQ2
100797522,I1MDR1
100797523,K7L6R2
100797525,I1MM65
100797527,I1KXU8
100797528,A0A0R0LC36
100797529,K7MFM6
100797532,A0A0R0LBK6
100797533,I1KSJ3
100797535,I1JAI8
100797536,I1KTX5
100797537,C6TGH9
100797538,I1J7G3
100797539,I1J8D4
100797541,I1L147
100797542,I1J693
100797543,I1L1Q6
100797544,I1L3I1
100797545,K7MM50
100797547,I1L4I9
100797548,I1MX16
100797549,K7LF35
100797550,A0A0R0FHK0
100797551,K7K942
100797552,K7K9D6
100797553,K7LG12
100797554,A0A0R0FH68
100797555,I1JHA8
100797556,I1MUC9
100797557,I1JJ77
100797559,I1JEV3
100797560,I1JFB6
100797561,I1JBT0
100797563,K7MS02
100797564,I1JHX2
100797570,I1JC13
100797571,I1LDM9
100797573,K7MUF6
100797574,K7K817
100797575,I1LAQ0
100797576,I1N531
100797577,C6TF87
100797578,I1JCJ2
100797579,C6TG59
100797582,B3TPN4
100797583,A0A0R0F2G6
100797586,I1LF85
100797588,I1JRN1
100797590,I1MZR3
100797592,K7KDX2
100797593,C6TIP5
100797596,K7LR22
100797597,I1JQP8
100797598,I1JR66
100797600,K7KC52
100797603,I1LFZ7
100797605,I1NAX5
100797606,C6TDF5
100797607,I1LM88
100797608,I1JSB6
100797609,I1LMR4
100797610,K7MYE9
100797611,I1LN78
100797612,I1LGL6
100797616,A0A0R0KGZ6
100797617,I1NBP7
100797618,I1NC94
100797619,C6TEF8
100797620,K7MVX5
100797621,I1JSG0
100797622,C6TDJ3
100797625,I1JXQ3
100797626,I1LQG7
100797627,K7LWA8
100797629,I1LVE9
100797630,K7KIQ8
100797632,I1NIG1
100797634,I1LSD8
100797636,I1LTS0
100797639,I1NIM0
100797641,K7N0L6
100797643,I1K237
100797644,K7LUN8
100797646,I1K3L4
100797647,I1LT47
100797648,I1K4K5
100797650,I1J403
100797651,I1K5K4
100797652,A0A0R0JYY8
100797654,K7LZ63
100797655,I1K0Y7
100797656,I1M0D7
100797657,K7M1Q3
100797658,K7LY20
100797659,K7M3W9
100797661,C6TD78
100797662,C6TDQ8
100797663,I1K8W3
100797665,I1M3G2
100797666,C6TIW9
100797667,I1KCC0
100797670,I1KFE9
100797671,K7KT28
100797672,K7KVJ6
100797673,I1KD00
100797674,I1M9B6
100797678,I1KMV5
100797680,K7L067
100797683,E8Z9A7
100797684,I1M7N4
100797685,I1KNL5
100797686,I1KGH8
100797688,A0A0R0G3X1
100797692,I1KJU2
100797693,K7L1Y8
100797694,I1MCS2
100797696,K7MDH8
100797697,K7L8W6
100797700,I1MDH5
100797704,I1KUG6
100797705,A0A0R0FYA3
100797706,I1KW55
100797708,I1MPM2
100797709,I1MKG5
100797710,K7MEB7
100797712,C6TH84
100797714,K7L4P8
100797716,I1J7Z9
100797717,K7L5D7
100797720,K7K2A6
100797721,K7L6M6
100797722,I1J6F4
100797723,I1MNY3
100797725,K7LDL9
100797726,I1J979
100797727,I1J9P2
100797729,K7K1F1
100797730,K7LFD8
100797731,K7MKT2
100797734,I1L2V6
100797735,C6TM41
100797739,I1L0I0
100797740,K7LBV0
100797741,I1JIH6
100797744,K7K7S2
100797745,K7LD07
100797746,K7MMD5
100797748,I1JGB5
100797749,I1JID2
100797750,I1JJR1
100797752,K7LLW8
100797753,A0A0R4J5W6
100797754,I1L7J3
100797755,K7K7Q1
100797756,I1LA80
100797758,I1MYJ6
100797761,I1LCT2
100797764,I1LEC1
100797765,I1N3M5
100797766,A0A0R0F4Z3
100797767,I1LFM1
100797768,K7MV48
100797769,I1MYI4
100797770,I1JQV3
100797771,K7LHR2
100797777,K7MQ01
100797778,I1JKE8
100797779,A0A0R0KKX7
100797780,A0A0R0EJS3
100797782,I1LI05
100797784,I1NCK8
100797785,I1JLR5
100797786,I1N7U0
100797789,I1N9L8
100797790,I1N632
100797791,I1LGJ0
100797792,I1JYG2
100797793,K7LNT6
100797794,C6TIZ8
100797796,I1JW97
100797797,I1LLB7
100797800,I1JSH6
100797801,K7LVV8
100797803,K7KI82
100797804,C6THP9
100797805,I1LRE4
100797807,K7LUU3
100797809,I1ND50
100797810,I1NFB0
100797811,C6T9J4
100797813,K7KPQ6
100797814,I1LVI1
100797815,I1NHB1
100797816,A0A0R0K3T3
100797817,I1LR70
100797818,K7N5C5
100797819,C6T742
100797824,I1K353
100797825,I1LQF6
100797826,I1NDV2
100797827,I1K0E3
100797828,I1LVQ8
100797833,C6TAS3
100797835,I1KEI5
100797836,I1M021
100797837,K7KYD8
100797838,C6TEG8
100797839,D0FZ12
100797840,I1KAH6
100797841,I1M2Z0
100797842,A0A0R4J4X3
100797843,H2BER4
100797844,A0A0R0GJA8
100797847,K7LY69
100797848,I1K7K3
100797849,I1LXQ3
100797850,A0A0R4J3F8
100797854,I1MBK4
100797855,I1M8B7
100797856,I1MAX1
100797857,C6T7P0
100797860,K7L3Y3
100797861,I1M7H2
100797863,K7L0F8
100797864,A0A0R0GIH6
100797866,I1KN61
100797867,I1MDY5
100797868,K7KYY8
100797871,I1KK99
100797872,I1MFH5
100797873,I1MGF2
100797875,I1MD43
100797877,K7M9L4
100797879,I1KY89
100797881,I1KRA5
100797882,G0Z353
100797883,C6TKH6
100797885,I1KVK0
100797887,C6TGB2
100797888,I1KX90
100797889,I1KNY8
100797890,A0A0R0FUX3
100797891,C6TNR0
100797893,A0A0R0IF05
100797895,K7L5S0
100797896,I1J668
100797897,I1KUN0
100797899,K7MI02
100797900,I1J4V0
100797904,C6TCD8
100797907,I1L491
100797909,I1J4H8
100797911,I1J5L7
100797913,I1L164
100797914,I1MUI0
100797916,I1MUX4
100797918,K7K2R7
100797919,I1JFX1
100797920,I1L5Z0
100797921,K7MJA4
100797923,I1L6W7
100797925,I1KZW7
100797926,K7MKT1
100797927,K7KAI6
100797928,I1L1J0
100797930,C6TBA0
100797931,I1NBF7
100797934,I1JHE6
100797935,I1L913
100797938,A0A368ULS4
100797939,I1JC23
100797945,K7LKT7
100797946,I1JMA5
100797947,I1JMS6
100797948,A0A0R4J4C8
100797949,K7KF62
100797950,I1N587
100797952,I1L8M7
100797953,C6THL6
100797955,I1JMT0
100797956,I1JNA6
100797957,I1MZQ2
100797958,I1JQ93
100797959,I1JRN0
100797960,I1JS72
100797962,A0A0R0EVP9
100797963,I1LIG9
100797966,I1LG43
100797969,C6TAG3
100797970,A0A368UIN0
100797972,I1N659
100797973,I1LHX0
100797978,K7LQ91
100797982,I1JY84
100797983,I1JYM2
100797984,I1LTN1
100797986,I1NGC1
100797988,K7N5C6
100797991,I1JTS7
100797992,A0A0R0H7I0
100797993,A0A0R0HEY5
100797994,I1NGW5
100797995,K7KQE5
100797996,I1LQE3
100797998,I1LRN9
100797999,A0A0R0JZV2
100798000,C6TIH3
100798002,K7KMI5
100798005,C6T8N7
100798007,I1LZ06
100798009,K7M288
100798011,K7KPK5
100798012,I1M4C1
100798014,I1K8E3
100798016,I1LZ77
100798018,I1M2I9
100798019,C6TM72
100798020,I1M506
100798021,I1KCU1
100798026,I1MAB5
100798027,I1KAG3
100798030,I1M9V5
100798031,I1MAE2
100798032,K7M4K5
100798033,A0A0R0GBV5
100798034,K7L147
100798036,C6TF91
100798037,A0A0R4J4Z8
100798038,I1KKL9
100798039,I1KJ99
100798041,K7ME94
100798043,I1MFZ7
100798044,I1KPM3
100798045,C6TLL7
100798047,A0A0R0FXV0
100798048,K7MAS6
100798050,K7M9L2
100798053,I1KTY9
100798054,I1MM67
100798055,I1KV21
100798056,K7L9V3
100798057,K7K347
100798058,I1MLU6
100798061,I1J8E3
100798062,K7L666
100798064,I1JAJ1
100798066,K7K161
100798067,I1J7G5
100798068,K7K449
100798069,I1L0V6
100798071,K7MKH9
100798073,I1L6S2
100798077,I1MVW9
100798079,I1L4J2
100798080,I1MRH1
100798081,K7LF36
100798083,K7K947
100798084,I1L6F6
100798085,A0A0R0FHT5
100798087,K7KBF1
100798088,K7LB98
100798089,I1JEW3
100798090,C6TIW1
100798091,I1JGV0
100798093,I1JHX6
100798094,I1JIT7
100798097,I1LBQ9
100798099,I1JBG8
100798100,K7LL08
100798101,I1N2Q1
100798102,A0A368UIG5
100798103,K7MUG0
100798104,C6TH23
100798105,I1L7R8
100798106,I1N537
100798107,I1LBA0
100798108,K7K8P1
100798109,C6TDY8
100798110,I1N293
100798111,I1LDV5
100798112,C6SWY4
100798113,K7MUH9
100798114,I1JN45
100798116,K7KFN0
100798117,K7LGY4
100798118,I1JRN4
100798120,A0A0R0EW95
100798122,I1JK86
100798124,I1JQP9
100798125,I1JR71
100798126,K7LRP2
100798127,C6TH26
100798129,I1LIY3
100798131,I1NAY2
100798132,I1N5S4
100798133,I1JTU5
100798134,K7MVZ6
100798135,K7KKC8
100798136,A0A0R0HLZ8
100798137,I1LFQ7
100798138,I1JWX8
100798140,K7LN36
100798141,K7KL97
100798142,K7MZS7
100798144,I1N5X2
100798145,I1JV77
100798146,C6TL42
100798148,I1N6G2
100798149,C6TIT2
100798150,I1JXQ5
100798151,K7MVR5
100798154,I1NFR1
100798158,K7N4X7
100798162,I1LTS1
100798163,I1NFV2
100798164,I1K370
100798165,I1LPI0
100798166,I1NIM1
100798167,I1K588
100798168,I1LPT5
100798171,I1K243
100798174,A0A0R0K284
100798176,I1JZU1
100798181,C6TEL5
100798182,A0A0R0JVS7
100798183,K7LZ66
100798188,I1LXN5
100798190,I1LYR4
100798191,I1LZM2
100798192,I1M0H9
100798193,I1K8W4
100798194,I1M1J3
100798195,I1K6W3
100798198,I1LWJ8
100798201,I1K7G3
100798202,K7KT30
100798203,I1KC25
100798205,K7M4A7
100798207,I1KLG4
100798208,A0A0R0G768
100798211,I1KIB6
100798214,I1KL77
100798215,I1KM98
100798216,I1MA73
100798217,I1KNL6
100798218,K7KZ14
100798219,K7M8S0
100798222,I1MEH7
100798223,K7L1E5
100798225,I1MHU4
100798226,K7L4I6
100798227,I1KWR3
100798228,I1KYR5
100798229,I1MGT1
100798230,I1MDK2
100798231,I1MLR4
100798232,K7L7F6
100798233,I1KW58
100798234,K7MHQ7
100798235,I1MPM4
100798236,C6TJ92
100798237,K7MEB8
100798239,I1KYW3
100798240,I1MKL5
100798241,I1J7I2
100798242,I1KPU9
100798244,K7L5E1
100798247,K7K510
100798248,K7L6N0
100798251,I1MNY6
100798253,K7K4M1
100798254,C6SXD2
100798259,C6T7K3
100798260,K7ML17
100798264,I1MXX3
100798266,K7K9T8
100798267,I1MT28
100798269,I1L135
100798270,A0A0R0L8J4
100798273,I1MS73
100798274,I1MSA9
100798275,A0A0R0L3G5
100798276,K7LHQ9
100798277,C9WA66
100798280,I1JJR2
100798282,I1LF47
100798284,K7LI37
100798286,I1N4I4
100798287,I1N0S0
100798288,K7LGX0
100798289,A0A0R0EZD3
100798290,I1N1P3
100798293,I1LEC3
100798294,I1N3M9
100798295,A0A0R0F4I8
100798296,A0A0R0I5R7
100798297,I1MZ70
100798299,I1JQV4
100798301,I1MZ86
100798302,A0A0R0HQW0
100798303,A0A0R0F511
100798304,I1L8N4
100798305,A0A0R0KV03
100798307,A0A0R0KKU3
100798308,I1JPR3
100798311,I1LI06
100798314,I1LJC8
100798317,I1N7U1
100798318,I1LLM2
100798320,C6TEU5
100798322,A0A0R4J4A3
100798323,K7KIG6
100798324,C6SV78
100798325,I1NCN9
100798326,I1N6B3
100798328,C6T8V8
100798329,I1JWS3
100798332,K7KHG1
100798333,I1LU44
100798334,K7N1H7
100798336,A0A0R0HCI1
100798338,I1LRE5
100798339,I1NHS6
100798341,C6TD92
100798342,C6T9N8
100798344,I1NFA7
100798346,I1LVI3
100798347,C6TNT5
100798348,K7KQX4
100798350,I1NJ51
100798351,I1K153
100798352,I1NDE1
100798355,I1K360
100798358,I1K189
100798359,I1K1W2
100798360,K7M174
100798361,I1K0M5
100798363,I1LY59
100798365,I1K8P4
100798367,K7KYE3
100798368,I1K9F6
100798369,A0A0R4J4Y5
100798370,A0A0R0JF20
100798371,C6TI65
100798372,C6TBU3
100798374,C6T7I1
100798375,I1M5Y6
100798376,K7KU73
100798379,K7KV53
100798380,K7M7N1
100798381,I1M8C2
100798382,I1M8V0
100798384,K7M826
100798385,I1KMD3
100798386,K7L3Y4
100798388,I1KHS1
100798390,I1KMP5
100798392,K7MCR2
100798396,I1MGF5
100798398,I1MJB7
100798399,I1MJR2
100798400,C6TNI4
100798401,I1MDM7
100798402,A0A0R0FWV5
100798404,C6TMI2
100798406,I1KR95
100798407,I1KRU1
100798408,I1KSA8
100798410,I1KVK3
100798411,I1MN56
100798412,I1KWN4
100798413,I1KXA2
100798414,C6TE87
100798415,K7MEU7
100798416,I1KZE6
100798417,A0A0R0IF48
100798418,I1KQK5
100798419,A0A0R0IJM4
100798420,I1J985
100798421,A0A0R0FZ27
100798422,K7L7I9
100798423,K7L7X0
100798427,I1J8U1
100798428,K7K589
100798431,K7MNE3
100798432,I1J4I0
100798433,I1L4S8
100798434,I1MSR9
100798435,K7LFT8
100798440,K7LCS3
100798441,I1MUX5
100798442,I1MVE1
100798444,I1L5Z1
100798447,C6ZRZ4
100798448,I1MSA3
100798450,I1MTN4
100798451,I1JHV1
100798452,K7LC61
100798453,I1MV20
100798454,I1JDE1
100798456,I1JBD3
100798458,K7KA75
100798459,C6TK33
100798460,C6T4T1
100798461,A0A0R0I0C0
100798463,I1LED2
100798465,I1JD99
100798467,I1JCG8
100798469,I1LDC1
100798472,I1LEP1
100798473,A0A0R4J4D8
100798474,I1JNS0
100798476,I1JQ30
100798477,A0A0R0HPE7
100798478,I1JLN9
100798480,K7KEF0
100798481,I1JNA7
100798483,K7MRN3
100798484,K7KCB9
100798485,C6TC92
100798486,I1JRP8
100798487,A0A0R0KQ82
100798488,I1LND2
100798490,K7MYP0
100798491,K7KD74
100798492,I1LJX5
100798493,I1NBS6
100798495,I1LKV5
100798496,A0A0R0KMH2
100798497,I1LL89
100798498,I1LM95
100798499,C6TD81
100798500,K7KIE6
100798501,I1LHX5
100798502,K7KMB5
100798503,I1JUR0
100798504,I1LGU6
100798505,I1LH71
100798507,I1LHD6
100798508,I1JY86
100798510,I1JT45
100798514,K7KI24
100798515,I1LU61
100798516,C6TBL4
100798517,K7KQE7
100798519,I1NI57
100798520,C6TF68
100798523,C6TAA6
100798524,A0A0R0K2K1
100798526,I1K434
100798527,I1K5K5
100798528,I1K650
100798530,K7LZL3
100798531,A0A0R0JW45
100798534,I1LVR5
100798536,I1K0S1
100798544,I1M2J1
100798545,I1KB00
100798546,A0A0R0GV97
100798547,I1M507
100798548,A0A0R0JQ91
100798550,C6SX18
100798551,K7KTM6
100798553,I1KAG4
100798555,K7KWC8
100798556,I1M6G5
100798558,I1M6K9
100798559,K7M8E1
100798561,I1M719
100798562,I1KJH0
100798563,K7L1H7
100798564,I1KKM6
100798565,I1KLR2
100798567,I1MCE6
100798568,C6TGI1
100798570,A0A368UI94
100798571,I1MF03
100798572,I1MCK0
100798576,K7L8N1
100798577,K7L949
100798578,A0A0R0FVB4
100798579,K7L9R5
100798581,K7MAS8
100798582,I1KQC2
100798585,K7L6R5
100798586,K7L761
100798588,I1KV23
100798589,I1KXU9
100798590,I1MLU7
100798594,I1KSJ6
100798596,K7K5E1
100798597,I1KTX9
100798598,I1J6X7
100798599,K7K3F5
100798600,I1J8D7
100798603,I1MT65
100798604,I1L6S4
100798607,G3ECQ9
100798608,I1L3Z8
100798609,C6TKR8
100798612,I1MRJ3
100798614,I1L5I2
100798615,C6TIG2
100798616,I1MRK3
100798619,I1JJ87
100798620,I1L1W7
100798621,C6TKM4
100798622,C6T7M5
100798623,I1JBI8
100798625,K7KAK7
100798626,C6THB5
100798627,I1LB32
100798628,K7KBG7
100798630,I1JBG9
100798631,I1LDN4
100798633,A0A0R0F3Z7
100798635,K7LJ63
100798636,K7MVC1
100798637,C6TAN1
100798638,I1JCJ3
100798639,K7LK78
100798640,A0A0R0FCM7
100798644,I1JPC8
100798645,A0A0R0HWK0
100798646,I1JRN7
100798647,I1L8G4
100798648,I1MZC3
100798650,I1JM95
100798651,I1N0P1
100798652,K7LHI3
100798655,I1JQQ0
100798656,C6TFV6
100798657,I1LMN2
100798658,I1JKB2
100798659,I1LIY5
100798661,K7MZE5
100798670,I1LH70
100798672,I1N673
100798673,I1NC96
100798674,C6F117
100798675,K7MVX7
100798676,A0A0R4J338
100798677,I1JSJ3
100798678,I1N6E3
100798680,I1JXA0
100798682,I1JXQ6
100798686,I1JT68
100798690,C6T673
100798691,K7KJT5
100798692,C6T7U3
100798693,I1NFV4
100798696,I1NHP2
100798697,I1NIM3
100798700,I1ND04
100798702,C6TF76
100798703,I1K4K7
100798704,C6TGB7
100798706,I1K6J5
100798711,I1M3P1
100798713,I1LXN6
100798717,I1LZM3
100798718,I1K8W6
100798719,I1M1J5
100798720,I1KBC8
100798721,I1M4H7
100798722,I1KCC2
100798723,K7LX04
100798726,I1LWU1
100798727,C6THE6
100798728,K7KT32
100798729,K7KVJ7
100798730,I1M869
100798732,I1M9B5
100798735,I1KHF1
100798736,A0A0R0GLW2
100798737,I1KIB8
100798738,I1M737
100798739,K7M6J6
100798740,I1KL80
100798741,I1KM99
100798747,K7L1Z1
100798748,I1MHU8
100798749,C6T741
100798750,I1KWR8
100798751,I1KXD0
100798752,I1KYR6
100798753,K7MBJ7
100798754,I1MLR5
100798755,I1KUH3
100798756,I1MMN7
100798757,C6TFD8
100798759,K7MHQ9
100798761,I1MQC0
100798766,I1KPV0
100798772,I1J9X6
100798775,I1J6F8
100798776,I1MNY9
100798779,K7K4M3
100798780,I1J9P9
100798781,I1MWN3
100798782,C6TEE9
100798783,I1MXQ7
100798784,I1J589
100798786,I1MTN1
100798787,I1MU40
100798788,I1L1R1
100798789,I1L2W3
100798791,I1JB93
100798792,I1JGU2
100798795,A0A0R0IAW3
100798801,A0A0R0KYN1
100798803,I1JID6
100798805,I1JJR3
100798807,I1LCZ0
100798808,I1L9F4
100798809,I1N3B5
100798810,I1L9M7
100798811,K7K7Q4
100798813,I1N4I7
100798815,I1LBT2
100798816,I1MYM3
100798817,C6TEG6
100798818,I1L7Z3
100798821,A0A0R0HNG9
100798822,K7MU75
100798823,I1N4H5
100798825,K7MV52
100798827,K7KGF5
100798828,I1L949
100798829,A0A368UGI8
100798830,I1L9M4
100798831,I1MZE6
100798832,K7LID1
100798833,I1JNV3
100798835,A0A0R4J302
100798836,I1JPR4
100798839,K7MWQ6
100798840,I1LI08
100798842,I1NAC5
100798848,K7MXV2
100798849,I1N8P5
100798850,I1N9M3
100798854,K7N0D4
100798855,I1JSN9
100798856,I1LLC4
100798857,I1JSS8
100798858,I1JYM3
100798861,I1JTY6
100798862,I1LQZ8
100798863,C6TAM5
100798865,I1LNN6
100798866,I1LTB2
100798867,I1NEV7
100798868,I1NFB3
100798869,I1LUL6
100798871,C6TH57
100798872,I1K2Q0
100798873,I1LVI4
100798875,I1K4J1
100798877,I1NJ53
100798878,K7KNE6
100798881,I1K361
100798883,I1K034
100798884,I1LZP4
100798885,I1K190
100798888,I1K248
100798889,K7M3G9
100798890,I1LY62
100798892,I1M026
100798893,K7KYE4
100798894,I1M104
100798895,C6TN70
100798896,K7M1H9
100798897,K7KUM7
100798899,K7M2T1
100798900,K7KWJ6
100798901,I1LXF9
100798902,I1K7K9
100798903,K7LXQ1
100798904,A0A0R0JJM8
100798909,A0A0R0GAF9
100798910,I1M8V1
100798911,K7M7R0
100798912,C6SWR8
100798913,I1KLX7
100798914,A0A0R0J554
100798915,I1KNH1
100798916,K7M4M7
100798917,K7KZS3
100798919,I1KMP7
100798922,K7L0A8
100798923,K7MDN6
100798924,A0A0R0J369
100798925,I1MFH7
100798926,I1MGF6
100798927,A0A0R0G446
100798928,I1MJB8
100798929,K7ME99
100798930,I1KX60
100798931,I1MD91
100798932,A0A0R0G3N1
100798933,A0A0R0IVN3
100798935,I1KQP5
100798938,K7L630
100798939,A0A368UGZ4
100798940,I1KVK5
100798941,A0A0R0G0J8
100798942,I1KWN9
100798944,A0A0R0J2L9
100798945,K7MEV2
100798946,I1KZF2
100798948,I1KP31
100798949,K7L540
100798950,I1KRU7
100798951,I1MNE6
100798952,I1KUN2
100798954,I1MPG9
100798956,I1MJY9
100798957,G3ECQ8
100798958,I1J8U3
100798959,I1JA85
100798960,K7LEA3
100798961,I1L495
100798962,K7MK66
100798963,I1J4I6
100798964,A0A0R0IAV4
100798965,I1MQS2
100798968,I1J644
100798969,A0A0R0I422
100798970,C6TAD7
100798971,I1MUX7
100798973,I1MWH7
100798975,I1L5Z2
100798978,A0A0R0IJV1
100798979,A0A0R0FJJ9
100798980,K7LB46
100798981,I1MTN5
100798983,I1L1J2
100798984,I1JDE4
100798986,I1JDV8
100798988,I1JFU5
100798989,C6TGW2
100798990,I1JHF2
100798991,K7LIV1
100798992,K7MS54
100798994,I1LCD4
100798995,K7K691
100798996,I1LED4
100798997,A0A0R0F9N6
100798998,I1JDA2
100799000,I1LDC4
100799005,I1LF87
100799009,A0A0R0HPC7
100799010,I1JK51
100799012,I1JNA8
100799014,I1JQ98
100799015,I1JS74
100799018,I1LIH2
100799019,C6TDE1
100799020,A0A0R0KF98
100799021,I1LJX8
100799024,I1LKV6
100799025,A0A0R0KN53
100799026,I1LM96
100799029,I1JX82
100799030,I1LHX7
100799031,I1JUR2
100799032,K7LPP0
100799034,A0A0R0EHQ4
100799036,C6TBN7
100799039,K7KHV7
100799040,I1NGC7
100799041,I1NH22
100799042,Q9S7H2
100799043,I1NCV9
100799045,I1NGW9
100799046,I1K3U7
100799047,K7LT68
100799048,C6TFU5
100799053,K7KPN5
100799054,I1JZS9
100799055,I1K5K7
100799056,C6TGB4
100799058,K7LZM0
100799060,K7M0U9
100799061,I1K0I4
100799062,K7M290
100799063,C6TEH9
100799064,K7M304
100799066,I1K8C0
100799068,I1LZ78
100799069,I1KEZ4
100799071,C6SZE1
100799073,I1M3G4
100799074,I1KBX0
100799075,I1KCU2
100799079,I1MAN0
100799081,I1M6G6
100799082,A0A0R0J4W7
100799083,I1MAE3
100799085,I1M6V5
100799086,K7M5Q3
100799087,C6TGR5
100799088,I1KK13
100799090,C6THL9
100799091,A0A0R4J3N0
100799092,K7M512
100799093,I1KH74
100799097,I1MF04
100799098,A0A0R0G014
100799100,I1MCP5
100799101,I1MHC7
100799102,I1KWE6
100799103,I1MD01
100799106,I1MFJ5
100799108,C6TH59
100799109,I1MK18
100799110,I1KV28
100799112,I1J760
100799113,A0A0R0FMH4
100799115,I1KSJ7
100799118,I1KTY1
100799119,I1J6X9
100799120,C6T9F4
100799121,I1J4W8
100799124,C6TJN7
100799127,I1L3I9
100799130,I1L4J8
100799131,K7MNA8
100799132,C6TE52
100799133,K7K948
100799134,K7LFF2
100799135,I1JCZ8
100799136,I1L6F8
100799137,A0A0R0F7S2
100799138,I1JHB0
100799139,I1MRW7
100799140,I1JJ88
100799142,I1JED0
100799144,K7K5X0
100799145,I1JFC0
100799146,I1JHY0
100799149,I1JJB5
100799151,I1JBH4
100799152,I1N2H7
100799153,I1LDP3
100799154,I1JCP8
100799156,A0A0R0I0B9
100799158,I1LBA3
100799160,K7LK80
100799161,C6THR3
100799162,I1N362
100799163,K7MUI6
100799166,I1L7Y5
100799167,I1JRN9
100799169,I1MZS1
100799171,I1JM96
100799172,I1MZH0
100799174,C6T6Z1
100799179,I1JKS9
100799180,A0A0R4J4E9
100799181,K7LMG5
100799182,I1NAY7
100799183,I1N7D8
100799188,I1N648
100799189,K7LN42
100799190,A0A0R0KAJ2
100799191,C6TGH7
100799192,C6TDP9
100799195,C6TEW0
100799203,I1JZ32
100799204,K7N323
100799206,A0A0R0KBY3
100799209,K7N4Y1
100799211,I1LP21
100799213,C6TB02
100799214,K7N347
100799216,I1LPI5
100799217,I1NHP3
100799218,C6TNW7
100799220,I1LPU0
100799222,K7N153
100799223,I1K246
100799226,I1K4K8
100799227,I1K535
100799229,C6TGF8
100799232,I1K0Z6
100799234,K7M1Q8
100799236,I1M5R6
100799237,C6THF8
100799240,I1K8W8
100799241,I1KBD0
100799242,K7M353
100799243,I1KCC5
100799244,I1M5G0
100799245,I1M5Y7
100799247,C6TA48
100799248,C6TD50
100799250,I1KFF8
100799251,I1K868
100799257,I1M653
100799259,C6TCT9
100799260,I1KIC2
100799262,A0A0R0J5K5
100799263,I1M7N5
100799264,K7L406
100799266,K7MD15
100799267,I1KHX9
100799268,K7L0N1
100799269,K7L1F0
100799270,I1KKK8
100799271,C6T7E0
100799273,C6TAV1
100799274,A0A0R0ILS3
100799275,I1KPW0
100799278,I1MLR6
100799279,I1KUH5
100799280,I1MK54
100799281,I1KW60
100799283,I1MP51
100799284,I1MKD8
100799285,I1MQC2
100799288,I1KYW9
100799290,I1J7I3
100799291,I1KPV2
100799294,K7L5E4
100799296,I1MMQ6
100799299,I1MN26
100799302,K7MIC1
100799303,C6TFB0
100799304,I1J9P7
100799306,K7K5H3
100799310,I1MU41
100799312,I1MUI4
100799313,A0A0R0LEU2
100799314,I1L2W4
100799315,C6T7A0
100799316,I1MXY3
100799319,I1MT30
100799320,A0A0R0I2W8
100799324,K7MMK8
100799326,I7CLX2
100799329,I1N048
100799330,I1JJR5
100799335,A0A368UIH3
100799336,I1LA89
100799339,C7S8C0
100799341,K7MS89
100799342,K7LKJ0
100799343,K7MTC5
100799344,I1JMI9
100799345,I1N3N2
100799346,K7MUW9
100799347,I1L7B1
100799349,K7MPB2
100799350,I1JK39
100799353,A0A0R0HP60
100799355,I1JNV7
100799356,K7MP74
100799357,I1JPC4
100799358,C6T7V6
100799362,I1NAC8
100799363,I1JK06
100799364,I1NCL2
100799367,I1N8P6
100799368,I1N9N1
100799369,K7LMR0
100799371,I1JYH0
100799373,I1N6A4
100799375,K7KK55
100799376,K7LQK9
100799377,I1N761
100799378,I1JYM6
100799380,K7LVW3
100799381,I1NF49
100799382,I1JV49
100799383,I1NHS8
100799384,I1LRZ5
100799386,Q00M91
100799387,C6TG33
100799389,K7N2T9
100799390,I1LU65
100799393,I1LV38
100799396,K7N440
100799397,A0A0R0K274
100799399,I1NJ54
100799400,C6TER3
100799402,I1JZP7
100799403,I1K3M2
100799406,I1LZP6
100799407,I1K192
100799410,I1M505
100799411,I1LY63
100799413,K7KXQ9
100799414,I1M028
100799415,K7KYE7
100799416,I1M107
100799417,C6TKV0
100799418,I1K9Z3
100799419,I1M2Z2
100799420,C6TFS5
100799421,I1M508
100799422,I1KDD0
100799424,K7KSN9
100799425,I1LWX3
100799429,K7M884
100799430,A0A0R0GAG6
100799432,K7M7R1
100799433,K7M828
100799434,I1KLX9
100799437,K7L3Y6
100799438,K7M4Z9
100799439,I1KHS6
100799440,I1KIV5
100799441,I1KMP8
100799442,A0A368UI05
100799444,K7L0B7
100799445,K7MDN8
100799449,I1MCY0
100799450,I1MCA3
100799451,K7MEA1
100799455,K7LA55
100799456,K7MB59
100799457,K7LAV9
100799458,I1KQQ1
100799459,I1KRA4
100799460,I1KSB2
100799461,C6TGJ0
100799462,I1MN61
100799465,I1KYD6
100799467,K7LAV4
100799468,A0A0R0IF22
100799469,A0A0R0INE6
100799471,K7K4M9
100799472,A0A0R0IP64
100799474,I1MPH0
100799475,I1J7Y5
100799476,A0A368UJD9
100799478,I1JA86
100799479,I1L0X6
100799480,K7K149
100799481,K7LEZ7
100799482,I1MSS5
100799483,I1J5A9
100799485,C6TMU7
100799486,K7LCS5
100799487,I1MUX8
100799488,I1J6R0
100799491,I1L5Z5
100799492,I1MQY9
100799493,I1JD32
100799494,K7LGD5
100799495,I1MSA6
100799496,I1KZT9
100799498,K7MLL5
100799499,I1JDE5
100799501,I1JDW0
100799504,I1JGV6
100799505,A0A0R0L094
100799507,I1MZX3
100799508,I1N026
100799510,I1JC40
100799512,K7K702
100799513,K7K7E2
100799515,C6TJK8
100799516,A0A0R0I2R8
100799517,C6T7L5
100799518,A0A0R0I6L3
100799519,I1LF88
100799520,I1JNS5
100799521,I1MZ84
100799522,I1JQ45
100799523,I1L8N2
100799524,K7KDE7
100799528,I1N0W4
100799529,I1JKP1
100799534,I1LJY0
100799535,A0A0R0F2G7
100799537,I1LKV8
100799542,K7MYZ4
100799543,I1JX83
100799544,K7LNH5
100799545,I1JZE8
100799546,I1JUR3
100799548,C6TBD6
100799549,I1JXR6
100799550,I1LHD9
100799551,I1JSY9
100799553,I1LTN2
100799554,I1JTC6
100799555,K7N3G6
100799556,K7N3X1
100799559,I1NGX1
100799560,K7KQF6
100799562,I1K634
100799564,I1K1Q3
100799565,I1K2M5
100799566,K7LT23
100799568,I1K441
100799569,I1K5K8
100799571,K7LZM2
100799575,A0A368UI80
100799576,K7M309
100799577,I1KDL9
100799580,I1LZ82
100799581,A0A0R0GVD4
100799582,I1K8R1
100799583,K7M0I0
100799584,I1M2J4
100799586,I1M3G7
100799587,A0A0R0JHR5
100799595,I1M812
100799596,I1KCN7
100799598,A0A0R0GM55
100799602,I1M8U4
100799603,I1KJH7
100799604,C6TGI5
100799605,I1M665
100799606,I1KKN4
100799607,K7L2U4
100799609,I1KMA2
100799611,K7KZG0
100799612,I1KGL3
100799613,I1MEK0
100799614,I1MF06
100799615,A0A368UH16
100799616,K7KZB1
100799617,A0A0R0G313
100799618,I1KWE7
100799620,I1MD04
100799621,K7L9R6
100799622,K7MAF0
100799623,I1MFJ8
100799624,K7MBW6
100799625,K7MC77
100799626,E2FKH5
100799627,I1KTF9
100799628,I1KTZ9
100799629,C6TGA5
100799630,I1KV29
100799631,I1KXW2
100799632,I1J761
100799633,I1MKM9
100799638,A0A0R0LKS5
100799639,I1KTY2
100799640,K7K2Y4
100799641,I1J7G9
100799642,I1J8E1
100799643,I1MT67
100799644,K7K203
100799646,I1MTN2
100799647,C6ZS05
100799648,I1L3J2
100799649,I1MVX6
100799650,I1L401
100799651,K7LET8
100799652,I1MX24
100799653,I1L506
100799656,I1L5I7
100799658,A0A0R0IM79
100799660,I1JHB3
100799665,I1JEW1
100799666,I1JFC7
100799668,I1JHY5
100799669,I1JIU3
100799670,I1L984
100799671,I1JC07
100799673,I1N264
100799674,I1JBI1
100799675,K7LL16
100799676,I1N2Q3
100799678,I1MYI1
100799680,B9MST3
100799681,I1N544
100799683,A0A0R0F9G6
100799685,I1L7B2
100799687,I1MZ11
100799688,I1LEC4
100799689,K7MUI8
100799690,K7KEP2
100799691,I1L7Z5
100799694,A0A368UHE6
100799695,I1MZE2
100799696,I1JMA0
100799697,K7MQW6
100799698,K7LHI7
100799701,I1JQQ6
100799702,I1JR73
100799704,A0A0R0HTX2
100799709,A0A0R0KFH6
100799710,I1LJF6
100799711,I1NAY8
100799712,C6THJ7
100799713,K7MYF0
100799714,I1JTX8
100799715,A0A0R0HY73
100799716,I1LFR3
100799718,C6SVH9
100799719,I1LGP6
100799721,I1NBQ5
100799723,I1LJE7
100799724,I1N5X8
100799725,I1JV82
100799726,A0A0R0KG90
100799728,I1JWS5
100799729,I1JXA2
100799731,A0A0R0H2R3
100799733,I1LUV4
100799734,I1NFR8
100799735,I1LVF4
100799736,I1JUM5
100799737,I1LR01
100799744,I1NFV5
100799745,I1K0V3
100799746,I1LPI7
100799747,A0A0R4J669
100799748,I1NIM7
100799752,I1K249
100799755,K7KQZ5
100799756,I1K538
100799758,I1K6K2
100799759,I1JZT8
100799760,I1LYF3
100799763,I1M2D8
100799768,I1LYR9
100799769,K7KTK1
100799770,I1LW70
100799771,A0A0R0JFN7
100799773,I1M4I0
100799774,K7KVP4
100799776,I1M5Z1
100799778,I1KEL3
100799779,I1KEY6
100799781,I1KFG2
100799788,A0A0R0GED4
100799789,I1KMW4
100799790,I1M8A4
100799791,I1KIC5
100799793,C6TM03
100799794,K7M703
100799795,I1KNM2
100799796,I1KGJ1
100799800,K7L0N2
100799801,A0A0R0GER2
100799802,K7L1F1
100799803,K7MCJ2
100799805,C6T9Q4
100799807,I1KXD1
100799808,K7LAF9
100799811,C6TCA5
100799812,I1MNM6
100799813,C6TM32
100799814,I1MKD9
100799815,I1MQC4
100799816,I1MJU4
100799817,I1KYX0
100799818,C6TAR7
100799819,I1KPV7
100799820,C6TDD1
100799821,I1J805
100799823,I1ML28
100799825,K7L6P2
100799826,I1MN27
100799827,I1J6G1
100799829,A0A0R0FZI0
100799830,A0A0R0LCA2
100799831,B4YB10
100799832,I1J986
100799834,I1JAP9
100799835,K7MNQ9
100799836,I1J550
100799837,I1L5G9
100799838,I1MR38
100799839,I1L1R9
100799841,I1J5Q3
100799842,C6TFE2
100799843,C6SZ17
100799846,I1JGU6
100799847,I1MT31
100799848,A0A0R0ICR4
100799849,C6TGW7
100799850,K7KB13
100799852,I1L088
100799853,I1MS74
100799855,D0PPG4
100799857,I1JBX7
100799859,C6TIQ2
100799861,I1LCZ6
100799862,I1LF50
100799864,C6T7T1
100799867,I1N4J1
100799868,I1JFH5
100799869,I1LBU6
100799871,I1MYR8
100799872,H2EUM8
100799873,I1N2R6
100799874,K7MPJ9
100799875,C6T9X8
100799876,I1N4V3
100799878,I1JQV7
100799882,K7MQP5
100799886,I1JPC2
100799888,K7LR68
100799890,I1N5M7
100799891,I1LI12
100799892,K7KCR4
100799894,I1JL02
100799895,I1NCL4
100799897,I1N7U4
100799901,I1N9N6
100799902,I1LGJ5
100799903,I1NB78
100799906,O48927
100799908,K7LQL5
100799910,I1JYN0
100799911,I1JSJ6
100799912,I1LU57
100799915,I1JV53
100799916,I1NHT0
100799917,K7KJY7
100799918,I1LTB7
100799919,C6TGU2
100799920,K7LS73
100799921,I1LUL9
100799923,I1LV40
100799924,A0A0R0HRF3
100799926,I1NHB5
100799927,K7KQY3
100799928,K7LTP0
100799930,I1K157
100799931,G0T437
100799935,I1K367
100799936,I1K3M3
100799938,I1K657
100799941,K7M027
100799942,I1K193
100799946,I1M032
100799947,I1KFJ6
100799948,I1LW57
100799950,I1K9Z8
100799951,C6T7L9
100799952,I1KDD3
100799954,I1K7L5
100799956,I1K9R4
100799957,K7M796
100799958,K7M7C8
100799961,I1M9C0
100799962,A0A0R0GLJ6
100799963,I1MBE7
100799964,I1KLY2
100799965,A0A0R0GPT5
100799968,K7M502
100799969,I1KHS7
100799970,I1KIV7
100799972,I1KMQ0
100799973,C6F117
100799974,A0A0R0GBI0
100799975,I1ME81
100799977,I1KGS8
100799978,I1MFI0
100799980,I1MIA7
100799981,C6TNG0
100799983,K7L9B1
100799984,K7M9M0
100799985,K7M9Z7
100799986,K7LA57
100799988,I1KZG5
100799990,K7L5I0
100799991,I1KRU8
100799992,I1KSB3
100799994,I1KVL4
100799995,C6T7J4
100799996,I1KWP1
100799997,I1KXB6
100799998,I1KYD8
100799999,K7MEV8
100800000,K7LAV5
100800002,I1KP34
100800003,K7L542
100800006,I1KUN5
100800008,I1MPH4
100800011,B5KMS9
100800012,I1JA87
100800013,I1L3V2
100800014,I1L0Z5
100800015,I1J4I9
100800016,K7LEZ9
100800017,C6TDR2
100800018,I1J5M1
100800019,I1L627
100800020,I1L171
100800021,I1L2A6
100800024,C6TKS2
100800026,I1MQZ1
100800029,I1KZW8
100800030,I1MTN8
100800033,I1MV23
100800034,I1JBB1
100800036,F6KBT2
100800037,I1L0D2
100800039,K7K8W7
100800040,K7K9U6
100800041,C6TGP0
100800042,A0A0R0HS84
100800050,I1JCB1
100800051,I1LDC9
100800052,I1L833
100800054,I1LF90
100800055,I1N594
100800056,I1JQ46
100800058,I1JLP1
100800059,K7LI97
100800060,I1JMU7
100800061,I1JNB0
100800065,K7KH90
100800066,K7LS27
100800067,K7MXZ9
100800068,I1LFX2
100800069,I1N9Q1
100800071,A0A0R4J4D4
100800072,I1NBU4
100800073,C6TK86
100800074,I1LKV9
100800076,K7LQI7
100800077,I1N8A2
100800080,I1NA64
100800081,K7KKY2
100800084,I1JUR5
100800085,I1JXR7
100800087,I1JY91
100800089,I1JTC7
100800090,I1NGE0
100800091,A0A0R0ECS1
100800092,I1LNN4
100800093,I1NJ57
100800094,K7N241
100800095,I1JTQ3
100800097,I1NGX2
100800098,I1K0W7
100800101,I1LRP6
100800102,K7KRT8
100800104,K7KNR3
100800105,I1JZM9
100800107,K7KQK5
100800108,I1K5L3
100800111,I1LZ26
100800113,I1K0I6
100800114,K7M292
100800116,G7Z0B7
100800120,K7KTA9
100800121,A0A0R0GNK5
100800122,I1LZM6
100800123,I1KEZ7
100800124,I1M0I1
100800125,I1K9F9
100800126,I1KB03
100800127,I1M3H0
100800129,C6T8M7
100800130,C6TB60
100800131,I1LWB5
100800133,K7KTN3
100800134,C9WA65
100800135,I1KAH0
100800137,I1M6G8
100800139,I1MAE5
100800142,C6T798
100800143,K7L1J4
100800145,I1KLR6
100800146,K7M6T4
100800150,I1MF07
100800151,I1MG10
100800156,I1KXQ7
100800157,I1MEY4
100800158,K7MAS9
100800161,K7L6E6
100800162,I1KTG2
100800163,C6SXX2
100800164,I1MK19
100800165,I1KV32
100800166,I1KXW5
100800167,A0A0R0FVB0
100800173,K7K5E4
100800174,I1KTY3
100800175,K7K2Y6
100800176,K7K3G0
100800177,I1J8E5
100800179,K7LE15
100800181,I1MT72
100800182,K7K204
100800183,K7LGA8
100800184,C6TMH5
100800185,I1L3J5
100800186,E2GK53
100800187,I1L402
100800188,I1L4J9
100800189,K7MNB0
100800190,I1L510
100800191,I1MXJ2
100800192,K7LFG1
100800193,K7LG20
100800194,I1MRL0
100800195,I1JHB5
100800197,C6TDC4
100800198,K7LD14
100800199,I1JEW0
100800200,C6TJL9
100800201,K7MQ57
100800202,K7KAL2
100800203,C6TIF1
100800204,I1JJB7
100800206,K7K5X3
100800210,I1JCQ8
100800211,K7MUG9
100800212,K7K5Q4
100800213,I1LAQ3
100800215,I1LBA7
100800216,I1N0T2
100800217,E2FKH8
100800218,I1MYW9
100800219,K7MTR6
100800220,I1LEC9
100800221,C6TN26
100800222,I1MYB4
100800223,K7KFN7
100800224,K7LGZ7
100800227,I1JK88
100800231,I1JQQ9
100800232,I1JR75
100800233,K7LRQ0
100800234,K7KC58
100800235,I1N926
100800236,I1JKT0
100800237,I1LJ09
100800239,C6THC8
100800241,I1N7E6
100800242,I1N958
100800243,I1JTX9
100800244,I1LN91
100800246,I1NAP9
100800247,A0A0R0HCA2
100800248,I1JXT0
100800249,I1NBQ6
100800250,I1NC72
100800252,K7MVY0
100800253,I1JSG1
100800254,I1JVS7
100800258,I1JWS7
100800262,I1LT87
100800263,I1JZ38
100800264,I1LUV6
100800266,K7LWN4
100800267,I1JUM7
100800268,C6TMM4
100800270,K7LU56
100800271,K7N4Y4
100800275,K7LUU9
100800276,I1LNP3
100800277,I1NFW0
100800278,A0A0R0JZX2
100800280,A0A0R0EDH2
100800281,I1NIN0
100800288,I1K4L0
100800289,I1K539
100800290,K7K0T6
100800291,I1K6K5
100800292,K7KMM0
100800295,I1M0E5
100800296,I1M2E7
100800298,I1M5S8
100800299,K7LYD9
100800301,I1LY67
100800302,I1LYS6
100800305,I1M2Z6
100800306,C6TK68
100800307,I1M4I4
100800308,I1KCD0
100800309,I1M510
100800310,K7M3R8
100800312,C6T704
100800313,A0A0R0JMB3
100800314,K7LXN8
100800315,I1KFG3
100800316,I1K873
100800317,I1K7S0
100800321,Q7PCB0
100800323,K7M459
100800324,A0A0R0J8I1
100800326,K7L075
100800328,A0A0R0GKM7
100800329,I1KL88
100800330,I1M7N6
100800331,K7L407
100800332,I1KGJ4
100800339,U5HSD8
100800340,I1KW21
100800345,I1MDH9
100800347,C6T950
100800350,I1MNM3
100800351,Q43437
100800353,I1MJU8
100800355,I1MLA1
100800358,K7L5E5
100800360,A0A0R0LER9
100800361,K7L6P3
100800363,K7K2J4
100800364,I1MNZ3
100800365,K7MIC4
100800366,A0A0R0LIX1
100800367,I1J987
100800369,I1MX79
100800370,K7MNR0
100800373,I1MU43
100800374,C6TLU9
100800376,K7K1R2
100800377,C6TNB6
100800379,I1MR77
100800380,I1JGU7
100800382,I1L142
100800383,I1JIJ8
100800384,C6TBS8
100800387,I1MSB1
100800388,I1JGD2
100800390,I1JIE7
100800391,K7LJ62
100800392,K7MSK4
100800393,C6THX1
100800396,I1N3B8
100800397,I1L9P5
100800398,I1JCD2
100800400,I1N4J4
100800401,C6TFS4
100800402,C6T4B4
100800404,I1MYR9
100800406,I1N2R9
100800408,A0A0R0FBM8
100800410,A0A0R4J5V8
100800412,K7KGG4
100800413,I1KFS7
100800414,I1MZ96
100800415,K7LI39
100800416,I1JNW1
100800418,K7KFV1
100800419,C6TH30
100800420,I1LHH9
100800422,I1LI15
100800424,I1NAD6
100800426,I1NCM3
100800427,I1JLR5
100800428,K7LQX2
100800429,I1LGH7
100800430,I1N8Q1
100800432,K7LMR1
100800433,A0A0R0EQU0
100800436,I1NCP9
100800438,I1JWB5
100800439,A0A0R0HAD5
100800440,C6TIW3
100800442,K7LVW8
100800443,I1NF57
100800445,A0A0R0EQF2
100800447,K7LVC3
100800450,I1LPE1
100800451,I1NGD0
100800452,I1LV45
100800453,A0A0R4J386
100800454,I1LPI1
100800456,I1K4J5
100800457,I1NJ61
100800458,I1K158
100800461,A0A0R0H1C7
100800462,K7N1J0
100800463,C6TBI4
100800464,C6T7T4
100800465,I1K658
100800467,I1K0F5
100800469,I1K194
100800471,I1LX92
100800475,I1LW30
100800477,I1M109
100800478,A0A0R4J3H9
100800479,I1M2J8
100800480,C6T725
100800482,I1K7L7
100800484,I1K7N3
100800489,I1MBL7
100800490,I1M9C3
100800492,K7M834
100800494,C6TE13
100800496,I1KNI6
100800498,K7KZS6
100800499,I1KIV9
100800502,I1KN74
100800503,K7MCR5
100800505,K7L0B9
100800507,I1MEK5
100800509,I1MFI3
100800510,I1MIA8
100800511,K7M8N1
100800512,K7L4R2
100800514,I1ME88
100800517,I1KZG6
100800518,K7L567
100800519,I1KRB6
100800520,C6TIA9
100800521,I1KSC2
100800522,A0A368UJF8
100800523,K7L825
100800524,C6TM92
100800526,I1KXB7
100800527,K7MEV9
100800528,K7LAW0
100800530,I1KP36
100800531,K7L547
100800532,A0A0R0IJR0
100800533,I1J669
100800534,I1MLA5
100800535,I1KUN9
100800537,A0A0R0FZ47
100800539,I1MQ81
100800540,I1L0S5
100800541,I1MWF2
100800542,I1JA88
100800543,I1L3V3
100800545,I1J4J2
100800547,A0A0R0F8D6
100800548,I1J5M2
100800549,K7LFU3
100800550,I1L173
100800553,I1L5Z7
100800556,I1KZV1
100800557,I1MRP9
100800558,I1KZU0
100800559,I1MTN9
100800560,I1JHV7
100800562,I1JDE8
100800564,A0A0R0ICB3
100800565,K7MJZ2
100800567,I1JGV8
100800568,I1JHF7
100800571,I1LCE0
100800572,I1JC42
100800575,I1JDA5
100800576,I1JDV3
100800577,C6TJR8
100800578,E1CI62
100800580,K7LL55
100800581,K7KEF3
100800582,I1LEQ5
100800584,I1JNS6
100800585,C6T8V9
100800588,K7KDF5
100800590,I1JMV0
100800591,I1JNB3
100800594,K7LRE4
100800596,K7KH93
100800597,I1LFU8
100800599,C6TL12
100800601,I1LJY6
100800604,K7MXV6
100800606,I1LMS2
100800608,K7LNI2
100800610,K7KIU1
100800611,I1LK31
100800613,I1LH72
100800614,I1JXA7
100800615,I1JXS0
100800616,I1LLQ0
100800617,K7KLL7
100800620,K7N3H2
100800621,K7N3Y1
100800623,K7N5C9
100800624,A0A0R0K3S6
100800625,I1NGX3
100800626,K7KQF7
100800627,I1LQF2
100800628,I1NI63
100800630,I1K642
100800632,I1K1Q8
100800634,I1K2M9
100800635,C6TD09
100800636,I1K5M0
100800638,K7LZM7
100800639,I1K0A3
100800640,A0A0R4J4Q1
100800644,I1M4D8
100800645,I1K828
100800646,I1KDS8
100800647,K7KX53
100800648,I1LZF4
100800649,I1LZM7
100800651,I1M0I3
100800652,I1M1K2
100800653,I1KB06
100800654,I1LWB3
100800656,I1KCU4
100800658,K7LXA1
100800659,I1LWR4
100800660,I1K6W5
100800661,K7KTP5
100800664,I1KCN9
100800665,K7KWD3
100800666,I1KGY2
100800667,I1KKW1
100800668,I1MAE6
100800669,K7M4L6
100800670,I1M8U6
100800671,K7L159
100800672,I1M771
100800674,I1M7A6
100800675,K7L2V2
100800677,K7KYS8
100800681,I1KGL5
100800682,I1MF08
100800688,K7L9R9
100800689,I1MEZ0
100800693,A0A0R0ILA2
100800694,I1KTG4
100800695,C6T619
100800696,I1MM85
100800697,I1KV33
100800698,I1MJU7
100800699,I1KNX5
100800702,I1KSK3
100800706,C6TAG0
100800707,I1J4R8
100800708,I1J8E6
100800709,I1J9Q4
100800712,I1JAQ0
100800713,I1MT74
100800714,A0A0R0IDV4
100800715,A0A0R0FAD8
100800716,C6TGV6
100800717,K7LE35
100800718,I1L405
100800719,I1L4K0
100800720,C6THS0
100800721,I1MXJ5
100800722,I1L5I9
100800724,I1L6G3
100800725,I1MRL3
100800726,K7KA59
100800727,I1MUE3
100800730,I1L089
100800731,K7K7T2
100800732,I1L0F5
100800733,I1JEV6
100800734,I1JFC9
100800735,I1JHY8
100800736,I1JIU6
100800738,I1JJB8
100800742,I1LDP8
100800744,A0A0R0KSK9
100800747,A0A0R0HSV1
100800748,K7MVC5
100800749,I1LBB0
100800750,I1N0T4
100800752,E2FKH9
100800753,C6TEE8
100800755,I1LED1
100800757,I1JLF0
100800758,C6TAM8
100800759,I1JPE4
100800760,I1L805
100800761,K7KGY2
100800762,I1L8G5
100800763,I1MZT7
100800764,I1N059
100800765,A0A368UN07
100800767,K7LIJ0
100800769,B9MST3
100800770,C6TJ76
100800771,I1JR78
100800772,K7KC60
100800773,I1N927
100800775,I1LJ10
100800777,I1LJF4
100800779,C6TGU9
100800780,A0A368UIN7
100800781,I1LN92
100800784,I1JQ42
100800785,I1LH83
100800786,I1JXT1
100800787,I1NC93
100800788,C6TEG4
100800789,A0A0R0K6F3
100800792,C6TKN5
100800794,I1JZ39
100800795,I1LUV8
100800796,K7N325
100800797,K7LWN5
100800799,I1LR08
100800801,I1LS00
100800803,I1JTE4
100800806,I1LSW2
100800807,I1LTS8
100800809,I1LPJ3
100800810,I1NHQ0
100800812,K7KRE7
100800818,K7N1S1
100800820,Q2MJR4
100800821,I1K540
100800822,K7K0T9
100800823,K7K0Y1
100800824,L7R8Z2
100800825,A0A0R0JQH6
100800826,I1LYF7
100800830,I1M3R0
100800832,K7LYE4
100800834,I1LY70
100800835,I1LYS7
100800838,I1KAJ2
100800839,K7M270
100800842,I1KCD2
100800843,K7M3H5
100800844,I1M5G8
100800845,I1M5Z4
100800846,I1LW12
100800847,I1KEL5
100800848,K7KY12
100800849,I1LWU6
100800850,K7KSK9
100800851,K7KT42
100800852,A0A0R0GEX6
100800854,I1M8D3
100800855,A0A0R0E4R3
100800857,I1KH92
100800858,I1M662
100800860,I1M8A7
100800861,I1KID0
100800863,I1KKN7
100800865,K7L2J4
100800867,I1KMQ9
100800868,K7L409
100800869,I1KGJ5
100800870,C6TGX2
100800871,K7KZW9
100800873,K7L0N5
100800877,I1MHW2
100800878,I1MIW1
100800879,I1KWS3
100800880,I1MJC5
100800884,C6TAQ9
100800885,C6TJ97
100800887,A0A0R0FSP6
100800889,I1KYX2
100800892,I1KPW4
100800893,K7MFY0
100800894,I1J654
100800895,K7L5E9
100800896,K7MGB0
100800900,I1J6G7
100800901,I1MNZ8
100800902,K7MIC8
100800903,I1J8V4
100800904,K7LBM2
100800905,I1J988
100800908,I1L5I1
100800909,I1MU50
100800910,I1L1S2
100800911,I1J4D5
100800912,I1L2A8
100800913,I1MUY7
100800915,A0A0R0IDL0
100800916,I1MVE9
100800918,K7MNX6
100800919,A0A0R0KSE4
100800920,I1JGV1
100800925,K7MLX9
100800927,I1JGD6
100800929,I1JBX9
100800932,C6TF00
100800933,K7MTX7
100800939,I1LBV2
100800940,I1N170
100800942,K7LKJ4
100800943,C6TG82
100800945,I1N3N6
100800946,K7MV60
100800947,I1MZ99
100800950,K7MPP3
100800951,K7LI41
100800954,C6T844
100800955,K7KFV5
100800956,I1JQB4
100800959,C6T675
100800961,K7MZ41
100800963,K7N0C0
100800964,K7KDG9
100800965,I1LLN3
100800966,C6T8L3
100800967,C6TFY7
100800968,I1N9P4
100800970,I1LGJ9
100800971,I1NB83
100800973,K7LNU7
100800974,I1NCQ2
100800977,K7LQL9
100800978,I1N6L0
100800980,C6SZF2
100800981,I1JSK5
100800982,I1LNT7
100800985,I1JT85
100800986,I1NHT7
100800989,I1LP80
100800990,I1NFB9
100800991,I1LU69
100800992,I1NGD2
100800993,C6TGI8
100800995,I1LNN3
100800996,I1K4J7
100800997,K7LTP1
100800998,I1NDG9
100800999,I1K161
100801003,C6TEK1
100801004,K7LUY7
100801005,C6T5A8
100801007,I1K660
100801011,K7KNH0
100801014,I1M512
100801018,I1M033
100801020,C6T945
100801021,I1K9G1
100801022,A0A0R0JL78
100801023,C6T794
100801024,I1M3Z6
100801025,K7KVF7
100801026,K7KWJ8
100801032,I1MAJ1
100801033,I1KBH4
100801034,K7M7N3
100801035,I1MBM2
100801036,A0A0R0GLZ5
100801037,I1M9W5
100801039,I1MBV8
100801041,A0A0R0JF78
100801043,I1KHT0
100801044,I1KIW2
100801045,I1KN75
100801046,I1MDY7
100801047,K7L0C2
100801049,I1MEK8
100801050,C6T685
100801052,I1MCY1
100801053,K7M8N2
100801055,K7M9M3
100801056,K7MA00
100801057,K7LA64
100801058,I1MG76
100801060,I1KQQ8
100801061,I1KRB8
100801062,A0A0R0IQI3
100801063,I1KSC1
100801064,E2FKI5
100801065,I1KVL7
100801066,I1MN64
100801068,I1KXB9
100801070,I1KZG7
100801071,K7K3B8
100801072,K7L4B4
100801073,K7L550
100801077,I1KPG0
100801078,I1KVG3
100801079,K7MI08
100801080,K7K3W3
100801086,I1L3V4
100801088,I1J4J3
100801089,I1L4T5
100801092,Q2LAL0
100801093,I1L175
100801094,I1J5S9
100801095,C6TJ96
100801096,C6TD64
100801100,I1MSB0
100801101,I1KZU1
100801102,K7MKT8
100801104,I1L1L1
100801105,K7MLM4
100801107,I1JDW7
100801108,I1JFV1
100801109,I1JGW0
100801110,I1JHG3
100801111,I1LAF3
100801114,K7K699
100801119,C6TG00
100801120,K7KCY9
100801121,I1L7C8
100801122,I1JMT4
100801123,I1L864
100801124,I1LF91
100801125,I1JNT2
100801126,I1JQ50
100801127,I1JK52
100801129,C6TMF8
100801130,I1JNB5
100801131,A0A0R0F4A1
100801134,I1JRQ5
100801135,I1JS84
100801137,I1N8I1
100801138,I1N6Z9
100801139,I1JK01
100801140,I1LJY2
100801141,I1NBU8
100801143,I1N7E7
100801145,I1LL99
100801147,K7KI56
100801148,Q2TUW0
100801151,K7LNI3
100801153,I1JUR7
100801154,A0A0R0HGZ1
100801156,I1JVS9
100801159,I1JXA8
100801160,I1JXS5
100801161,K7LQZ3
100801162,I1JY95
100801163,I1JTD2
100801164,K7N3Y2
100801165,I1LRE7
100801168,I1NFV9
100801169,I1NGX4
100801170,K7KQF8
100801171,I1LPK5
100801172,K7N4R1
100801173,I1LPR0
100801175,I1K1R0
100801176,I1NDT8
100801177,A0A368UI47
100801178,A0A0R0K2Q4
100801179,I1K5M3
100801182,K7LZN2
100801185,I1M340
100801187,K7LY34
100801188,I1KDD1
100801190,K7LZS3
100801191,I1LZM9
100801192,A0A0R0JV01
100801193,A0A0R4J4T5
100801194,C6T2H6
100801195,K7KUW2
100801196,I1M3H5
100801198,C6TI19
100801199,I1LX81
100801201,A0A0R0JDE2
100801203,I1KAH8
100801207,I1KH29
100801208,I1M6L0
100801209,I1MAX9
100801211,A0A0R0J248
100801213,I1KK80
100801215,I1KMA4
100801216,I1KH83
100801217,A0A368UHZ9
100801218,I1MF12
100801219,I1MCK1
100801221,K7M8Z8
100801222,A0A368UH23
100801223,I1KX00
100801224,A0A0R0FVB2
100801225,I1MEZ4
100801226,A0A0R0G834
100801228,K7MC79
100801229,I1MDR5
100801230,I1KSW6
100801231,I1KTG6
100801232,C6TCH0
100801233,I1MM86
100801236,I1MPT8
100801237,I1KXW6
100801242,I1MJW7
100801243,A0A0R0LIR7
100801246,K7L4G1
100801247,I1J6Y3
100801248,K7K3G4
100801249,A0A0R0LBM1
100801250,I1J9Q7
100801252,A0A0R0LMP0
100801253,I1MT77
100801257,I1MUI8
100801258,I1L3J6
100801262,C6THK9
100801263,I1MRL7
100801265,I1MUE4
100801266,I1JJC0
100801269,C6TG21
100801270,K7LD16
100801272,A0A0R0KPZ7
100801274,I1JIV0
100801275,K7LJG5
100801276,K7KBH1
100801277,I1LBS7
100801279,I1JBJ0
100801280,K7MT46
100801281,K7LL18
100801283,I1N3Z5
100801284,K7K6G8
100801285,I1LAQ4
100801286,I1N548
100801287,K7LJJ4
100801288,I1N0T6
100801290,E2FKI0
100801291,I1MYA3
100801292,K7MTR7
100801294,C6ZRN9
100801296,I1N4I0
100801297,I1JPF1
100801298,I1L806
100801302,I1N060
100801303,I1JMA7
100801304,K7MQW8
100801305,C6TLK5
100801306,I1JPD0
100801307,I1LLV5
100801308,I1JQR1
100801309,A0A0R0KTE8
100801311,I1N929
100801312,I1JKT1
100801313,I1LJ11
100801316,I1N5I2
100801317,K7MYF1
100801318,C6TCV0
100801319,I1LN93
100801320,A0A368UIK8
100801322,I1NAQ3
100801323,K7LN48
100801324,K7KLA6
100801327,K7MVY1
100801328,I1JV87
100801329,I1LKY4
100801331,I1JWT6
100801332,K7MX34
100801333,I1LT91
100801334,I1JZ41
100801335,K7LWB6
100801336,K7N326
100801338,C6T9V4
100801339,I1LR10
100801340,I1JTB4
100801342,I1NII6
100801343,A0A0R0KC88
100801346,I1LSW3
100801347,I1LTS9
100801348,C6TM63
100801350,I1LPJ5
100801351,I1NDC7
100801352,I1NIN5
100801353,I1K5B6
100801355,A0A0R0EEC4
100801357,K7KP85
100801361,I1K4M1
100801364,K7LUE4
100801365,I1K6L2
100801366,A0A0R0JXT7
100801367,K7LZ80
100801368,K7KNA2
100801369,A0A0R0GQB4
100801370,K7M1R4
100801371,A0A0B4SXU9
100801372,K7M3Y0
100801373,I1LXP8
100801375,I1LVV7
100801376,I1LY75
100801377,I1LYS8
100801378,I1KEA6
100801379,A0A0R0JJA1
100801380,K7KUN4
100801382,A0A0R0JHA8
100801384,C6T8K4
100801385,I1LWF7
100801386,K7M3S0
100801387,I1M5Z6
100801388,K7LX15
100801389,I1KEZ0
100801391,I1KFG5
100801392,K7KT44
100801396,C6TN40
100801399,K7M460
100801400,I1KMX0
100801402,I1KID2
100801403,I1M738
100801405,I1KL89
100801407,I1KMR0
100801408,I1KNN1
100801411,K7KZX0
100801412,A0A0R0G598
100801413,K7L0N7
100801416,I1MHW5
100801417,I1KW27
100801419,I1MD44
100801420,K7L9I0
100801421,I1KYS5
100801424,C6T8D3
100801425,A0A368UHT3
100801426,K7MET7
100801427,I1J6Y7
100801428,I1KYX8
100801430,I1KP47
100801433,I1KR51
100801436,K7L6Q0
100801438,A0A0R0LDT4
100801439,I1MLC5
100801440,K7MID0
100801441,I1J8V5
100801442,I1J4Z4
100801444,I1JA89
100801446,I1MXR5
100801447,I1J558
100801448,I1L5I3
100801449,C6TEN6
100801450,I1JU90
100801451,I1MUZ0
100801453,I1L2W9
100801456,M9WUJ7
100801458,I1KZY4
100801460,I1JIK2
100801461,I1MS75
100801463,C6TK31
100801465,I1JIE6
100801466,I1L964
100801468,C6TMC4
100801471,K7LLY5
100801473,I1L9Q5
100801474,I1JEA7
100801476,I1N0J0
100801477,K7K8K0
100801478,I1LBV3
100801479,C6TA45
100801481,K7LGZ1
100801482,I1MYZ5
100801484,K7MU78
100801488,I1JQW7
100801491,K7MPS9
100801492,C6TB09
100801494,I1JPS7
100801495,I1JQC1
100801496,A0A0R0HW01
100801497,I1N6U2
100801498,I1LI20
100801502,K7N0C2
100801504,I1LGE1
100801505,K7MXW1
100801506,I1LMA4
100801507,I1N8Q3
100801508,I1N9P5
100801509,I1NA70
100801510,A0A368ULH0
100801512,K7MZS7
100801514,I1LIN2
100801516,K7MW87
100801517,C6TM87
100801518,C6ZRZ3
100801521,I1JYP1
100801522,K7KHH8
100801523,K7N2R3
100801527,I1ND31
100801528,K7KI04
100801529,I1LTC1
100801530,I1NEW2
100801531,A0A368UG79
100801532,K7LVX5
100801533,C6TIR0
100801534,K7LWF8
100801535,I1LNN5
100801536,I1NHB7
100801537,I1K4J9
100801538,K7LTP3
100801539,C6SW56
100801544,I1NDZ9
100801545,A0A368UJ88
100801546,I1K3M7
100801547,A0A0R0E8F0
100801548,K7KRU5
100801549,K7LXS7
100801551,C6TA46
100801552,I1K197
100801553,I1K0E4
100801556,I1M513
100801557,C6TB21
100801560,I1M038
100801561,I1KFK2
100801562,A0A0R0GYR7
100801565,I1KA12
100801566,I1M2J9
100801567,A0A0R0GWA8
100801568,A0A0R0JHZ6
100801569,I1KDD9
100801571,K7KSQ0
100801575,I1M7Y3
100801576,I1KBH5
100801578,I1M625
100801579,I1M6G9
100801580,I1MBF5
100801583,A0A0R0IZQ9
100801584,A0A0R0J999
100801586,C6TM17
100801587,C6TGA0
100801589,I1M7G5
100801592,A0A0R0G3N2
100801593,I1MIK6
100801594,I1KII4
100801597,A0A368UGZ5
100801598,I1MFJ1
100801599,A0A0R0G0Q7
100801600,I1MIB4
100801601,I1MC77
100801603,K7M9M4
100801604,K7MA02
100801606,I1MG78
100801607,I1KZH4
100801608,I1KRC0
100801609,I1KRV5
100801610,A0A0R0IKB9
100801611,A0A0R0FM97
100801612,K7L827
100801613,I1MN67
100801614,C6TCJ7
100801616,I1KXC0
100801617,I1MKJ6
100801620,I1KQN0
100801621,I1KRW0
100801622,I1J9A2
100801623,I1MNF7
100801624,I1KUP1
100801626,K7MEF6
100801627,A0A0R0LB87
100801628,I1MQ83
100801629,K7LDG0
100801632,K7K152
100801633,K7LF02
100801634,I1MSS9
100801635,K7LFU4
100801637,C6T2C8
100801639,I1L410
100801640,I1MX26
100801642,I1MQZ9
100801644,K7LGE1
100801645,I1MSB4
100801648,K7KAJ6
100801649,K7MLM7
100801650,I1JDF1
100801651,K7K7G1
100801652,I1L2C7
100801654,K7K8X0
100801655,K7K9U8
100801656,I1JBU7
100801657,I1JHY9
100801659,I1LCE3
100801663,I1JDB6
100801664,I1JDV6
100801665,C6TFC2
100801668,I1LDW7
100801669,K7KEF5
100801670,I1LEQ3
100801671,C6TNW3
100801673,I1JQ53
100801675,I1JLP8
100801676,I1JMV6
100801677,C6T828
100801679,K7KH96
100801680,I1LNF0
100801681,K7MY00
100801682,K7MYP4
100801683,C6TFV8
100801686,I1NBU9
100801688,C6TDI1
100801689,I1N7F0
100801690,I1JL58
100801691,I1LLA0
100801693,C6T9L5
100801694,I1JSC8
100801695,I1LHY9
100801697,I1JUR9
100801698,K7LPP6
100801699,K7KJL9
100801700,I1N6J5
100801702,C6TDL6
100801703,I1JXS6
100801705,K7KLL9
100801710,I1LRE9
100801711,I1NJ66
100801713,C6ZS02
100801714,A0A0R0EBY8
100801716,I1LQF3
100801717,C6TFE4
100801720,I1LPW4
100801721,I1NDM7
100801722,A0A0R0JU00
100801724,A0A0R0JWG1
100801725,I1K5M4
100801728,K7LZN3
100801729,I1M0Z8
100801730,I1K0I8
100801731,I1M341
100801732,I1K0Q4
100801734,I1K830
100801735,A0A0R0JKS9
100801737,C6TI56
100801738,K7KY18
100801739,I1M0I7
100801742,I1M3H9
100801743,I1M4L1
100801744,C6TAI3
100801746,I1K6X1
100801749,I1M813
100801752,I1MAF1
100801753,I1MAY0
100801754,I1KLG6
100801755,A0A0R0E3T5
100801757,I1KK49
100801758,I1MA09
100801759,I1KMA5
100801760,K7KZI0
100801761,K7L0Z2
100801762,K7MAH3
100801763,I1MG16
100801764,Q2LAJ5
100801765,I1MGY1
100801770,I1KQ57
100801773,A0A0R0FWR0
100801775,I1MHR7
100801778,I1KU07
100801779,I1MM88
100801780,I1KV37
100801782,I1KXW8
100801785,I1J7R8
100801787,I1J8G3
100801791,I1J6Z7
100801792,A0A0R0L9T9
100801793,A0A0R0LI86
100801794,K7K1D6
100801796,K7K5I1
100801797,C6SVU3
100801798,I1J5C7
100801801,C6TJ79
100801803,I1L3K1
100801804,K7LET9
100801805,I1L519
100801807,K7LFG5
100801808,I1L6G6
100801809,K7MJP2
100801810,K7KA63
100801812,I1JJC2
100801813,I1L1X0
100801814,I1JEE4
100801817,K7K8F7
100801819,I1JIV7
100801820,I1JJC5
100801821,I1LBT0
100801823,A0A0R0KR00
100801824,A0A0R0F237
100801828,K7K835
100801831,A0A0R0I1I4
100801832,K7MR25
100801833,E2FKI1
100801834,A0A0R0F327
100801837,I1N433
100801838,K7KEP7
100801839,I1N4I2
100801840,I1JPF4
100801841,K7LGZ8
100801843,A0A0R0EWN2
100801846,I1N0P8
100801847,I1L8S7
100801849,I1JPD1
100801850,I1LLV7
100801852,I1JR81
100801853,I1LMQ7
100801854,I1N930
100801855,I1JKT2
100801856,I1LII3
100801859,I1N7U8
100801860,C6T8X5
100801862,I1LN94
100801864,A0A0R0K9E7
100801866,I1LH87
100801868,I1NC80
100801869,I1N5Y1
100801870,I1N6U4
100801871,K7KKM8
100801873,I1LLK2
100801874,K7LT75
100801876,A0A0R0H8T2
100801878,I1LVF8
100801883,C6TH32
100801884,I1LP24
100801887,I1LTT0
100801888,I1LUM2
100801889,I1K390
100801890,K7LSQ4
100801891,I1NHQ3
100801892,I1NIN6
100801900,I1K4M8
100801902,K7KRA7
100801905,I1K6L5
100801907,I1LYG2
100801911,K7M2N0
100801914,A0A0R4J4Z1
100801915,K7LZG3
100801916,K7KXH0
100801918,A0A0R0JL19
100801919,I1M301
100801920,I1KBE0
100801922,C6THL7
100801923,A0A0R4J520
100801924,I1KEZ6
100801925,I1LWP4
100801926,I1K886
100801927,I1KC34
100801928,K7KW68
100801930,I1M8W6
100801932,I1KMX3
100801933,I1M8B3
100801935,I1M972
100801936,I1KKN8
100801937,I1KL90
100801939,I1KMR2
100801940,K7L413
100801943,I1KGD3
100801945,A0A0R0IXV4
100801946,I1MJC0
100801948,I1MHW6
100801949,I1KPJ3
100801950,K7L8X4
100801951,A0A0R0GFW6
100801952,I1KQ06
100801953,I1KXD4
100801954,I1KYT5
100801956,C6TEZ6
100801958,I1KUJ2
100801959,I1KW78
100801960,I1KYE8
100801962,I1KYX9
100801964,K7L4Q4
100801965,I1MKR0
100801967,I1ML29
100801969,K7L6Q3
100801970,K7MGY5
100801971,C6TMH6
100801974,K7K4E0
100801975,I1J989
100801976,C6T687
100801977,C6TIX4
100801978,A0A0R0FI12
100801983,C6TK17
100801985,I1MUZ1
100801986,I1L2X5
100801987,C6THF6
100801988,I1MXJ6
100801989,I1MXY9
100801991,I1JD54
100801993,K7LBH7
100801994,K7LBV4
100801996,I1MVK9
100801998,I1MSB2
100801999,I1JBR6
100802001,I1JIE8
100802004,I1JJT0
100802005,I1N095
100802006,A0A0R0HWP0
100802007,I1LF64
100802008,I1N3C8
100802013,I1JB77
100802014,I1LBV4
100802018,K7MU80
100802020,I1N5A1
100802021,I1MYL1
100802024,I1MZA2
100802025,I1L9M9
100802026,I1L8N6
100802029,I1JPS9
100802030,I1JQC2
100802032,A0A0R4J4B4
100802033,K7KCS4
100802034,I1NAE9
100802035,I1JL03
100802036,I1NCM8
100802038,I1LLN9
100802040,I1LMA5
100802041,M9WUK9
100802042,C6TL13
100802045,K7MZJ0
100802046,I1NBQ9
100802047,I1JYI9
100802048,C6TMK1
100802051,I1JYP3
100802052,K7KHI2
100802054,I1JU03
100802055,I1JV61
100802056,I1NHU2
100802057,I1NEF7
100802058,K7LVC8
100802059,I1NEW3
100802060,I1NFC9
100802062,K7N3G7
100802063,I1LV51
100802064,K7LS81
100802065,I1NHC0
100802068,A0A0R0ERP7
100802071,K7LT06
100802074,I1LSZ6
100802075,I1K3M8
100802077,A0A0R0K7C0
100802079,K7M044
100802082,K7M3I2
100802084,I1LZN1
100802085,I1KEJ1
100802086,I1M039
100802087,I1KFK5
100802089,I1LVL8
100802090,K7KU00
100802091,C6TAP7
100802093,K7M2U4
100802094,I1KBX4
100802097,K7KSQ1
100802104,A0A0R0GBN8
100802106,I1MBG0
100802107,K7KZJ2
100802108,C6TNH7
100802112,K7KZT6
100802113,C6TK00
100802114,C6TCX4
100802117,I1KLS1
100802118,I1KN78
100802120,I1KGF2
100802121,I1KGL7
100802124,A0A0R0FZB3
100802125,I1MGG3
100802126,C6TD20
100802127,I1MC78
100802128,I1MDP2
100802130,I1KYA7
100802131,I1MG79
100802133,I1KRC3
100802134,I1KRV6
100802135,I1KSB7
100802136,C6T8B3
100802137,I1MN72
100802138,C6TKB2
100802143,I1MQD0
100802144,I1MKL9
100802147,K7L4B5
100802149,I1KRW2
100802151,I1MNF8
100802153,I1KVG6
100802154,K7MI09
100802155,I1J802
100802157,I1L2V9
100802159,I1MSE4
100802161,I1L0Z6
100802162,I1J4K3
100802163,I1MST3
100802164,I1J5B0
100802167,I1MVY3
100802169,I1JCQ7
100802172,I1L6Y1
100802173,I1MSB8
100802174,K7LB51
100802175,I1MTP9
100802176,I1JHX3
100802177,K7LC73
100802179,I1JDF4
100802180,I1JDW9
100802182,K7MMA3
100802183,I1JFV6
100802184,K7K9V5
100802186,I1MZX4
100802187,I1JHZ5
100802190,I1JC52
100802192,K7MTM6
100802193,I1JDB7
100802195,C6TKA6
100802197,I1LDW9
100802199,K7LLN2
100802200,I1LF96
100802201,I1JNT4
100802202,K7KG31
100802203,I1L8N7
100802204,I1JK53
100802205,K7LI98
100802206,I1JMV9
100802207,I1JNB6
100802208,I1N0X0
100802211,C6TLM1
100802214,K7MYP5
100802215,I1LJG0
100802218,A0A0R0ESB5
100802219,E2GK54
100802220,I1LKW2
100802224,I1LMS9
100802226,K7LNI8
100802228,C6TB30
100802229,I1LK58
100802233,I1N6J7
100802234,C6TLG9
100802235,C6SYJ4
100802236,A0A0R0KAL0
100802238,I1JZ46
100802239,I1LQI8
100802240,I1JTE2
100802241,I1NGF6
100802242,A0A0R4J677
100802243,I1LNX0
100802245,I1JSA6
100802247,I1ND75
100802248,I1NGX7
100802250,I1LQG1
100802251,K7N4R3
100802252,K7LST4
100802253,A0A0R0JRW3
100802255,I1K2N3
100802256,C6TG28
100802257,I1K5M7
100802258,I1LWZ0
100802259,I1LZ42
100802260,K7KNS8
100802261,E8Z9B1
100802262,I1K0I9
100802266,I1LXQ1
100802267,I1K8C1
100802268,C6TJ01
100802271,I1LZE1
100802272,K7KY19
100802273,K7M0I2
100802275,I1KB10
100802276,I1M4J9
100802278,A0A0R0GRW2
100802279,I1KFG9
100802280,I1LWR5
100802281,K7KSL9
100802282,K7KTQ4
100802283,K7KUM6
100802285,K7KVW6
100802286,I1K7Z3
100802287,I1M8D6
100802288,A0A0R0GH56
100802290,I1M6W5
100802291,K7M5Q7
100802292,C6TLT7
100802293,I1KK20
100802295,I1MIB6
100802298,I1MF15
100802301,I1MCP6
100802302,I1MHD8
100802303,I1KPM8
100802304,A0A0R0G5A6
100802307,A0A0R0FWC3
100802308,K7MAT2
100802309,K7MBX5
100802311,I1KSW7
100802312,I1KU09
100802315,I1KXW9
100802316,I1MJV9
100802317,C6ZS11
100802321,I1KSK7
100802323,I1J700
100802325,I1J8F0
100802326,C6TDN2
100802329,I1MT78
100802330,K7K128
100802331,K7LGB3
100802333,I1MUJ5
100802336,I1L3K3
100802337,I1L520
100802339,I1L5J4
100802340,I1KZS0
100802342,I1L6H1
100802343,I1MRM1
100802344,I1JHC6
100802346,K7KBH6
100802347,I1L053
100802349,I1JEE8
100802350,C6TGT6
100802353,I1JIW1
100802354,I1JJC4
100802355,I1LBT1
100802357,I1JBJ8
100802358,K7LL20
100802359,I1JCS1
100802360,I1N413
100802361,K7LGV3
100802362,C6T4S9
100802364,I1N0T8
100802365,E8Z9A4
100802366,K7MTS4
100802367,I1LEE1
100802368,I1N434
100802369,I1N4I3
100802370,I1JPF5
100802371,I1L811
100802372,I1JRR3
100802373,I1L9H4
100802375,C6TJB1
100802378,A0A0R0I0T3
100802380,I1JJY5
100802381,I1LMR0
100802384,I1LII4
100802385,I1LJ15
100802387,K7MZF7
100802388,I1N5W0
100802389,K7MYF4
100802391,K7LMC8
100802392,I1JSC6
100802393,I1NAR3
100802394,K7LN52
100802396,K7MVQ1
100802398,I1N5Y2
100802399,I1LKY9
100802401,I1JWT8
100802402,K7MWU9
100802403,A0A0R0HIG3
100802404,K7MX35
100802408,K7LWN7
100802411,I1LS03
100802412,I1NIJ4
100802416,I1LSX3
100802417,I1LTT4
100802418,I1LUM5
100802420,A0A0R0H131
100802421,K7N4E7
100802422,I1NIP0
100802423,I1K5C3
100802426,I1JZK2
100802428,I1LQC4
100802431,I1K548
100802432,I1LSS5
100802433,I1K6L7
100802434,I1LYG8
100802436,A0A0R0GYQ2
100802437,I1M2E9
100802439,I1M5T6
100802440,K7KWP3
100802442,A0A0R4J4W3
100802443,I1KEA9
100802444,C6TIS6
100802445,K7KUN5
100802446,I1KBE2
100802447,I1KCE0
100802448,I1M515
100802449,I1LWI5
100802451,I1KEL6
100802452,I1KF05
100802454,K7KT57
100802455,I1KC40
100802458,I1M8W7
100802459,I1KH70
100802460,I1M668
100802462,K7M5F3
100802464,I1M739
100802465,I1KKP0
100802467,I1KL92
100802468,K7M716
100802469,I1KG56
100802470,K7L414
100802475,I1KJX1
100802477,I1MHW9
100802480,A0A368UH36
100802481,I1KYT7
100802482,I1MGU8
100802483,A0A0R0IHP8
100802484,I1KYF4
100802485,I1KYY0
100802486,I1KPW8
100802487,I1MM68
100802488,I1J807
100802489,K7L5G1
100802491,I1J9Z3
100802492,I1KTD3
100802495,I1J4K4
100802498,I1J8V8
100802500,I1J991
100802501,C6F121
100802503,K7MNR7
100802505,K7LFF4
100802507,K7ML28
100802508,I1L1S9
100802510,I1MUZ3
100802512,I1MWJ6
100802513,I1MXK1
100802514,I1MXZ0
100802517,K7MKF0
100802518,A0A0R0I6Y6
100802519,I1L151
100802520,A0A1W7GJZ8
100802522,I1MWA2
100802524,K7LGR1
100802526,I1JJT4
100802527,K7MSW6
100802528,I1LD05
100802530,I1N3D0
100802532,I1JEC0
100802533,I1L7P0
100802534,I1N4J9
100802535,I1JFI1
100802536,I1LBV8
100802537,I1N176
100802538,I1N1Q5
100802540,K7MTE2
100802542,I1N3P0
100802544,I1N4V8
100802545,A0A0R0F5V1
100802546,I1MYL3
100802547,I1JQW9
100802549,I1MZA4
100802550,A0A368UHI5
100802553,I1N132
100802555,I1JQC8
100802558,I1N831
100802560,I1JKC0
100802561,I1JL28
100802562,A0A368UJT0
100802564,C6TA04
100802565,I1LMA7
100802566,I1N8Q5
100802567,I1N9Q0
100802569,I1NB93
100802570,I1N675
100802571,I1JYK3
100802573,I1NCR0
100802574,I1N6C1
100802579,A0A0R0K240
100802581,K7KI94
100802582,I1JV62
100802583,I1NHU6
100802584,C6T728
100802585,I1JTL7
100802586,K7LVD0
100802587,I1NBF7
100802588,A0A0R4J646
100802589,I1NGE1
100802590,I1LV52
100802591,K7KPR5
100802592,K7LS84
100802596,I1NJ65
100802597,I1K167
100802599,I1K1R5
100802600,I1LPY8
100802601,A0A0R0GZV3
100802602,I1NE01
100802605,C6SVL7
100802610,A0A0R0JQT2
100802611,A0A0R0K2X6
100802613,I1M525
100802614,I1KE52
100802615,I1LZN2
100802616,K7KXR2
100802618,C6TC78
100802619,A0A368UH89
100802620,I1K9H3
100802621,I1KA15
100802622,I1M2K1
100802623,I1M3I1
100802624,I1M407
100802625,K7M3S1
100802627,K7LXN4
100802631,K7M7A1
100802632,I1M7Y6
100802636,I1M9C6
100802637,I1KGY4
100802638,I1M9W9
100802639,C6TI02
100802640,I1MBG1
100802641,K7L2Z3
100802644,K7L3Z7
100802645,A0A0R0GJJ0
100802646,I1KIX1
100802647,I1KJJ3
100802650,I1KLS4
100802651,I1KG69
100802652,K7MCR7
100802653,K7L0C9
100802654,I1MJ03
100802655,I1MEL8
100802656,I1MCI8
100802657,I1MGG6
100802658,I1MIC1
100802659,I1MC84
100802660,K7M9N2
100802661,I1MEA0
100802662,I1KQ87
100802663,I1MG83
100802665,I1KRC8
100802666,I1KRV7
100802667,C6TC86
100802668,I1KTG7
100802669,I1MK55
100802670,I1KVM7
100802671,I1MN73
100802672,I1MNN2
100802673,I1KWP9
100802675,I1KXC2
100802676,I1MPT9
100802677,K7MES4
100802678,K7MEX0
100802679,A0A0R4J3X7
100802680,A0A0R0IJ06
100802682,K7L5T7
100802683,I1J9A4
100802687,I1MPH9
100802688,I1J803
100802691,K7LEB1
100802696,I1J6R6
100802697,I1L420
100802698,I1L4K3
100802701,I1MR10
100802703,I1L6Y4
100802704,K7MK11
100802706,I1MTQ0
100802707,K7K6Z1
100802710,I1JDF5
100802712,I1J6Q9
100802714,I1JGW3
100802715,K7KA89
100802716,I1LAF4
100802718,K7KAL6
100802721,I1LCE9
100802722,I1JC53
100802723,I1L9E3
100802724,I1N308
100802725,K7K710
100802727,C6TJW1
100802728,I1LDE2
100802730,I1LDX0
100802731,K7KEF7
100802732,I1LEQ8
100802734,K7KG32
100802735,I1L8P0
100802736,I1JLQ2
100802738,I1JMW4
100802739,I1JNB9
100802740,I1JPD3
100802742,K7LRE8
100802743,I1JRR6
100802744,A0A0R0HLL6
100802747,I1LG21
100802749,I1LJZ1
100802751,K7LMJ0
100802752,I1LKW4
100802753,I1LGA9
100802755,I1LMT0
100802756,I1JU15
100802758,K7LNJ2
100802759,C6TIP2
100802761,K7KJ69
100802762,C6TJ64
100802763,K7KJM5
100802764,I1LH74
100802765,I1JXB2
100802766,I1JXS8
100802768,I1JY96
100802769,K7LVM1
100802770,I1JTE5
100802771,A0A0R0ELM0
100802772,K7N3Y3
100802773,C6TEB1
100802774,A0A0R0ESI3
100802777,I1NFW3
100802778,G4Y9K0
100802779,I1K3W7
100802781,I1NI71
100802782,K7LTZ4
100802783,K7KRT9
100802788,I1K454
100802789,I1K5M9
100802793,I1LXA9
100802794,K7KPD2
100802795,I1M4E5
100802797,A0A0R0GGZ5
100802800,C6TD57
100802801,I1K8H7
100802802,I1LZD0
100802803,K7KY20
100802804,I1M0J2
100802805,I1M228
100802807,C6TDM7
100802809,K7KYD3
100802811,A0A0R0J9K4
100802812,I1K949
100802813,K7KUN2
100802814,I1KD80
100802815,I1M8E3
100802817,I1MAY6
100802823,K7KZI3
100802825,A0A0R0G779
100802826,I1MG20
100802828,I1MGY9
100802829,K7MC24
100802830,K7L8N8
100802832,I1KPW3
100802833,I1MD27
100802835,K7MAG1
100802836,I1MFK5
100802840,I1KSW9
100802842,I1KUJ7
100802844,I1KXX0
100802845,A0A0R4J5F5
100802847,I1MKN2
100802848,I1J7S0
100802849,K7K469
100802850,I1KSL0
100802851,K7MGP4
100802853,C6TGA9
100802854,A0A0R0LAF9
100802855,I1J9Q9
100802856,I1J551
100802857,A0A0R0LDZ0
100802858,K7LGB6
100802859,I1MTP0
100802860,I1MUJ4
100802862,I1MVF8
100802864,C6TAS6
100802865,I1L5J6
100802866,I1L603
100802869,K7KA65
100802870,I1MUF8
100802872,I1JB35
100802873,I1JFE1
100802874,I1LAA9
100802876,I1JIF2
100802877,I1JIW3
100802878,I1LB48
100802879,I1JC08
100802880,K7MQF9
100802881,K7K5X8
100802882,I1LDQ7
100802883,I1JCS2
100802884,I1N414
100802885,C6TJ19
100802887,I1LBB9
100802890,C3UZD3
100802891,I1LEE2
100802892,I1MZ42
100802893,C6T723
100802894,K7KFP9
100802895,I1L816
100802899,I1N071
100802901,I1N0Q0
100802903,I1JQR6
100802904,K7KGM0
100802906,I1LI22
100802907,I1N935
100802911,I1N972
100802912,K7LS05
100802913,I1LFU2
100802915,A0A0R0EY71
100802918,C6TAW2
100802919,A0A0R0HG02
100802921,K7MWN7
100802922,A0A0R0K962
100802924,K7LVA7
100802926,I1LUW5
100802928,A0A0R0H9S2
100802929,C6TIA7
100802931,K7LU64
100802932,I1NIK0
100802934,A0A0R4J4N8
100802935,I1JTI7
100802936,I1LP52
100802937,I1LUM7
100802940,I1NHQ5
100802941,I1K5C7
100802942,K7N0M4
100802945,I1LQ22
100802952,I1JZX0
100802953,K7LZ90
100802955,I1M0F4
100802957,K7M2N6
100802961,I1LVZ7
100802962,I1KEB0
100802963,A0A0R0GQD7
100802964,I1K8Y1
100802965,I1KAJ9
100802966,I1M303
100802967,I1KBE3
100802968,C6T4I1
100802969,C6TFF2
100802971,I1KDX9
100802973,I1KEL8
100802974,C6T977
100802977,I1K7L1
100802978,K7KVK0
100802980,I1M8W9
100802982,I1KMX6
100802984,I1KID4
100802986,I1KKP1
100802988,I1KL97
100802990,I1KMR6
100802991,C6T808
100802992,K7KZ28
100802993,I1KHY8
100802994,I1MEA5
100802996,I1MJC1
100802998,I1MCV4
100802999,K7L8X8
100803002,I1KQA4
100803003,I1MGU9
100803004,I1KQR2
100803005,I1MDV2
100803006,I1KYF8
100803007,I1J5V1
100803008,K7LAL5
100803010,I1KPX0
100803014,I1J9Z4
100803017,I1J6H2
100803020,I1J8V9
100803022,I1J996
100803024,C6TG52
100803025,K7MNE8
100803026,K7MNR8
100803027,I1J563
100803028,K7LFF8
100803029,I1MST1
100803030,K7K1S1
100803031,C6TC22
100803032,I1MU60
100803033,C6TJG0
100803034,I1L2B3
100803035,I1MUZ7
100803036,A0A368UKJ9
100803037,I1MQT9
100803038,I1MXK5
100803039,I1MXZ3
100803040,K7MKF2
100803041,I1L0I8
100803042,K7KB20
100803045,I1JEW4
100803047,I1JGE6
100803049,K7LJ67
100803051,A0A0R0KRF1
100803053,K7LKL9
100803054,I1LF67
100803055,I1N3D1
100803056,I1L9R5
100803057,I1JEC1
100803058,K7MUY2
100803060,I1L7V8
100803061,K7MRM6
100803062,A0A0R0F127
100803063,I1N2T3
100803064,I1LF93
100803065,C6TDX6
100803069,I1JQX0
100803073,I1N0G1
100803075,I1N133
100803076,I1JPT6
100803077,I1JQC9
100803079,I1N6W6
100803085,K7N0C6
100803086,I1JL32
100803087,I1N7F4
100803088,I1LGE2
100803089,I1LMA8
100803090,I1N8Q6
100803092,C6TGV4
100803094,I1NB98
100803095,C6TEF2
100803096,K7KLU3
100803098,C6TDY9
100803099,I1JUS4
100803100,K7MW90
100803102,I1LLD5
100803107,K7KI96
100803110,C6T8S2
100803111,K7KJZ1
100803112,C6TBQ1
100803113,C7S8D2
100803114,I1LU76
100803115,I1NGE4
100803116,I1LV54
100803118,K7N448
100803119,A0A0R0JXE3
100803120,A0A0R0HDM7
100803121,A0A0R0ESN9
100803122,A0A0R0JPT3
100803124,I1LSZ7
100803126,K7N1D8
100803127,K7KN02
100803129,K7KNH3
100803130,I1K0E5
100803132,I1M529
100803137,I1M118
100803138,I1M1L5
100803140,I1KA17
100803141,I1M2K6
100803142,K7M2H1
100803143,I1M411
100803144,K7M382
100803145,I1M5H3
100803151,I1KBI1
100803152,C6TJR2
100803154,I1M6D9
100803156,K7M790
100803157,K7M845
100803158,C6TAX4
100803160,I1KME7
100803163,I1KIY0
100803164,I1KJJ6
100803167,I1KLT0
100803168,C6TEF3
100803170,I1ME83
100803171,I1MEE6
100803173,I1MEL9
100803175,C6TFJ2
100803176,I1MGG7
100803177,A0A0R0GE15
100803180,I1MEA2
100803182,I1MG86
100803183,I1KZI9
100803184,I1KRD0
100803185,I1KRW1
100803186,I1KSB8
100803187,I1KTG8
100803188,I1KU11
100803189,I1MM91
100803190,A0A0R4J5E1
100803191,C6TIK4
100803194,I1MNN3
100803196,I1KXC5
100803197,I1MQD3
100803198,I1MKM4
100803200,I1KP45
100803203,I1J9A6
100803204,A0A0R0FVM5
100803206,I1MPI2
100803207,I1J804
100803210,I1MRP4
100803211,K7MMR0
100803212,K7LEB6
100803213,I1L4A9
100803214,I1J4K7
100803215,K7LF04
100803216,I1L633
100803217,I1MT80
100803218,I1J5F2
100803220,K7K2S7
100803221,A0A0R4J5G6
100803222,A0A0R4J462
100803223,K7MNB4
100803225,K7MJC2
100803226,I1L6H3
100803227,C6TJ95
100803228,I1MSC7
100803229,I1KZU9
100803230,I1MRT3
100803231,A0A0R0L105
100803234,K7K5U8
100803236,I1JDX2
100803239,I1JFW6
100803240,K7K9V8
100803241,A0A0R0LA35
100803242,I1JI00
100803243,K7MSB1
100803244,I1N1V5
100803245,I1LCF0
100803246,I1JC58
100803251,I1N2B3
100803252,I1L813
100803254,I1MZ12
100803255,K7LLN4
100803256,I1JNT8
100803257,I1JQ57
100803259,C6TAR6
100803260,I1JK89
100803262,I1JMW7
100803264,I1N0X2
100803268,I1LHN4
100803269,C6TEN3
100803274,I1LKX8
100803275,I1LLA6
100803278,I1LMT2
100803280,K7KKZ0
100803281,K7LNJ6
100803282,I1JUC2
100803283,I1LK60
100803286,K7KJM6
100803287,C6TAB7
100803288,I1LFT3
100803289,I1JXB4
100803290,I1JXS9
100803292,I1JT46
100803294,A0A0R0HCH5
100803295,K7N5D6
100803296,I1NFW4
100803297,I1K3X1
100803299,I1NI74
100803300,C6TAS4
100803302,I1K651
100803303,I1JZG7
100803306,I1NEB8
100803307,I1K452
100803308,I1K5N2
100803309,I1K663
100803312,K7LZN7
100803313,K7KNS9
100803314,I1M108
100803315,I1M343
100803316,I1K2A6
100803319,A0A0R0GH45
100803321,K7KT92
100803322,I1LY79
100803324,A0A0R0GPC6
100803326,K7LWS6
100803327,I1KB15
100803328,I1KCW0
100803329,I1KDE1
100803330,I1LWD2
100803331,I1KFH2
100803333,I1K6X6
100803334,I1K951
100803335,K7KUN7
100803339,C6T6W9
100803341,I1KL26
100803344,I1M6W9
100803345,I1KHT7
100803347,I1M9E8
100803348,I1KK35
100803349,K7L395
100803350,K7KZI7
100803352,I1MF21
100803355,I1MGY8
100803356,K7MC26
100803358,B3TDK9
100803360,I1MD28
100803361,I1KXR7
100803362,K7MAT6
100803366,I1KSX1
100803367,K7L7H8
100803368,A0A0R0IPX7
100803372,K7K470
100803374,K7MGP7
100803375,I1KPE4
100803376,I1J702
100803377,I1J8F7
100803378,K7K4X0
100803379,I1L3H7
100803381,I1JAQ7
100803383,K7LGC1
100803384,C6TMZ8
100803385,K7K2H1
100803386,I1MVF9
100803387,I1L3K6
100803388,I1L524
100803390,K7LFH5
100803391,I1L605
100803392,A0A0R0KZZ6
100803393,K7MJP4
100803394,A0A0R0L9Z2
100803395,K7MLA9
100803396,A0A0R0L372
100803398,G0T441
100803400,I1JFE3
100803403,A0A0R0LBU1
100803404,C6T9G3
100803406,A0A0R0L9X1
100803408,A0A0R0KQL0
100803409,I1LDQ8
100803410,K7MTB5
100803412,K7MUI0
100803414,I1JCF2
100803417,C6THY0
100803418,I1N0U1
100803419,I1JCJ8
100803420,I1LCB5
100803423,I1N435
100803424,K7KEQ9
100803425,C6TD17
100803426,I1JPG2
100803427,K7LH02
100803428,K7KGZ1
100803431,I1N072
100803434,I1L8S9
100803436,C6TC19
100803440,C7S8D4
100803441,K7MXH4
100803442,I1N977
100803444,I1MYH1
100803445,I1LFU4
100803446,K7KKS2
100803447,I1NAR8
100803449,I1JXU5
100803450,K7LPB5
100803451,K7MVY4
100803452,I1LH11
100803454,K7KKN2
100803458,I1LUX0
100803459,I1NFU0
100803461,I1JUN7
100803462,K7LTI9
100803464,I1LS05
100803466,I1LP25
100803469,K7LW65
100803471,I1LPK1
100803472,I1NHQ6
100803473,I1K5D7
100803474,K7LSV0
100803479,K7N1S4
100803480,I1K4N4
100803481,I1K551
100803482,C6TML9
100803483,C6T9D7
100803485,A0A0R0GUH4
100803486,I1K105
100803487,K7M0F8
100803488,A0A0R0GTK5
100803493,I1M042
100803494,I1K8Y4
100803495,I1KAK1
100803496,I1M304
100803498,I1KBY0
100803499,C6T7P7
100803500,I1M601
100803501,I1KDY6
100803503,I1KEL7
100803506,I1LXH0
100803507,K7KT63
100803509,I1MB56
100803510,K7KW71
100803511,I1M8X1
100803512,A0A0R0GGY5
100803515,I1M740
100803518,C6TA38
100803519,K7M718
100803521,A0A0R0JHG1
100803525,K7ME10
100803527,I1KGU9
100803528,I1MHX1
100803530,I1KWT4
100803531,I1MJD0
100803533,I1KYT8
100803534,C6SWA6
100803535,I1KQR5
100803536,F6KBT5
100803537,I1MPU3
100803538,I1KYF9
100803540,I1KYY3
100803542,I1KPX3
100803544,I1L9Z7
100803546,I1MMI0
100803547,I1ML30
100803550,K7K5F0
100803551,I1J6H9
100803555,I1J997
100803558,I1MSQ3
100803560,I1L123
100803562,I1J5M8
100803563,K7ML42
100803567,I1L2X9
100803569,I1MWK2
100803570,K7MNM1
100803571,I1MRL1
100803572,I1L6Y7
100803573,C6TFF4
100803576,I1L009
100803577,I1JIM0
100803578,I1MVM1
100803579,I1MW41
100803580,K7K845
100803581,I1MSB3
100803582,I1JGE8
100803585,I1JJT5
100803586,I1N098
100803587,K7LKM1
100803589,I1N3D3
100803590,I1L9R9
100803594,C6SVL7
100803595,A0A0R0F8K6
100803596,C6T7D2
100803597,K7MTE7
100803600,I1L7C1
100803601,K7MV72
100803602,C6TA52
100803603,I1MYL9
100803605,I1L8E6
100803611,I1JPT8
100803612,A0A368ULS0
100803613,C6TB10
100803617,I1JL30
100803618,I1NAF6
100803619,I1JL04
100803620,I1NCN7
100803621,I1N5T1
100803623,C6TFE6
100803624,I1LMB7
100803626,I1N9Q5
100803627,I1NA76
100803629,C6TBP9
100803630,I1NBR5
100803631,I1JYK8
100803633,A0A0R4J645
100803634,I1JUS5
100803636,I1N6L1
100803637,I1JY99
100803638,I1N7I2
100803640,I1JZ51
100803641,I1JSM4
100803643,I1JU11
100803644,I1JV66
100803645,I1NHV0
100803648,I1LTD5
100803649,I1LTT8
100803650,I1NFC2
100803651,I1LU77
100803652,I1LPG3
100803653,I1K0U3
100803654,K7LS88
100803655,I1NHC6
100803656,K7KQZ6
100803657,I1LPM3
100803658,I1NJ72
100803659,I1K169
100803660,K7N0W5
100803665,I1K3N2
100803666,F6KBT4
100803667,K7KMS9
100803668,K7M047
100803669,K7KNH4
100803672,I1KDM4
100803673,I1LZN5
100803674,K7KXR5
100803675,I1KFK9
100803676,I1M119
100803677,I1LW74
100803678,C6T700
100803679,I1KA18
100803681,C6TCX6
100803682,I1M5H4
100803683,K7KSQ3
100803687,I1MAJ4
100803689,I1MBN2
100803691,I1KGY6
100803692,A0A0R0GCV2
100803693,K7M793
100803694,I1MBG5
100803695,A0A0R0J646
100803696,C6T979
100803697,I1KHD3
100803699,I1M650
100803700,K7L0K7
100803701,I1KJJ8
100803704,I1KLT2
100803705,I1KN82
100803708,K7L172
100803710,I1KGT1
100803711,I1MFK6
100803713,I1MD61
100803715,I1MDQ3
100803719,G7Z0A8
100803720,I1KRD4
100803721,K7L6S8
100803722,C6TJL5
100803723,I1MJT4
100803724,K7MEB1
100803725,C6THT4
100803726,K7MH22
100803727,A0A0R0IRM9
100803728,K7MHE5
100803729,C6T8Z5
100803730,I1KXC9
100803731,I1MQD4
100803733,I1KZH6
100803734,I1KP59
100803735,K7L558
100803737,I1J9B3
100803740,I1KPH6
100803741,A0A0R0G2V0
100803742,I1J4S3
100803745,I1L0M7
100803746,I1MWF7
100803748,I1L4B0
100803750,I1L112
100803751,I1L634
100803752,K7MKJ2
100803753,I1MVZ1
100803754,I1L4K7
100803757,I1MR19
100803758,I1L6H5
100803759,K7K9L3
100803760,K7MK17
100803763,K7KAK5
100803764,K7LC74
100803765,I1MRS6
100803766,C6THL2
100803768,I1JDX6
100803769,I1L2C9
100803770,I1JFW8
100803771,I1JBT2
100803772,I1JHH1
100803778,I1LCF1
100803779,I1JC66
100803780,K7LLG5
100803783,A0A0R0L2F2
100803784,I1MYX1
100803786,K7LL60
100803787,I1N370
100803789,I1LER5
100803790,I1JNU0
100803791,I1JQ67
100803792,I1JLR0
100803793,I1JMB0
100803795,I1JNC7
100803796,I1JPD4
100803799,A0A0R0KLR5
100803801,I1N8I9
100803802,I1LFX6
100803803,I1N9R3
100803804,I1LJG3
100803805,I1JKY5
100803806,K7LPM5
100803807,A0A0R0ES41
100803809,I1LG89
100803810,C6TEF6
100803812,I1LMT4
100803814,K7KKZ1
100803815,K7LNJ8
100803816,I1JUC3
100803817,K7LPR1
100803818,I1JV99
100803820,K7KHH1
100803823,I1JXB6
100803825,K7LVM3
100803827,I1NGG2
100803830,K7N361
100803831,I1NGY3
100803832,K7KQG6
100803833,K7LT81
100803835,I1NIP2
100803837,I1K653
100803839,I1K1S1
100803840,I1NDU1
100803841,I1K2N8
100803842,I1K5N3
100803849,I1M344
100803850,C6TEP1
100803851,K7M337
100803855,K7KX64
100803857,I1LZ94
100803858,K7KY22
100803860,C6TEE1
100803861,I1K6V1
100803862,C6ZHS4
100803864,C6T838
100803866,K7KSA5
100803869,I1K7U0
100803870,K7M481
100803872,I1KL28
100803873,I1MAZ0
100803874,K7L2P1
100803875,I1M6X4
100803876,I1KHT8
100803877,C6TET8
100803878,I1M8V2
100803879,I1M9E9
100803881,K7M6U3
100803882,I1KMB2
100803883,K7MCY9
100803884,K7KYY0
100803886,I1MF23
100803887,C6T8I2
100803889,I1MGZ1
100803891,I1KWF2
100803893,A0A0R0FVT3
100803894,I1KXR9
100803896,I1MDD7
100803898,K7MC82
100803899,I1KSX3
100803901,C6T5Z7
100803902,C6TAG9
100803903,K7MEE6
100803907,I1J8I4
100803908,I1KSL3
100803909,E3WC98
100803910,I1KTZ8
100803911,K7K310
100803914,I1J9R1
100803917,I1JAR3
100803919,K7LGC3
100803920,C6FF60
100803921,A0A0R0I480
100803922,I1MUJ9
100803924,I1MR79
100803925,I1L3K7
100803926,I1L528
100803927,I1L5K1
100803928,I1L613
100803929,K7MJP5
100803930,I1JD76
100803931,K7MLB3
100803932,K7KBH8
100803933,I1L056
100803934,K7LCM2
100803935,I1JEF4
100803941,I1JIW7
100803943,I1JJC8
100803944,K7LJW1
100803945,A0A0R0KQU5
100803946,K7MT52
100803947,K7LL22
100803948,K7K6N9
100803949,K7MUI2
100803952,I1LAT2
100803954,I1LBC4
100803955,I1N0U3
100803958,I1LEE5
100803959,C6TM82
100803960,C6TMY6
100803961,C6TP10
100803962,I1N4I6
100803964,I1L825
100803965,I1JRS6
100803968,I1MZE4
100803973,A0A0R4J2Y5
100803974,C6T8Y6
100803975,C6TGJ3
100803978,I1LJ17
100803979,A0A0R0EQV7
100803980,K7MXH5
100803981,C6TAD1
100803982,I1JTY2
100803983,I1LFU6
100803984,K7KKS3
100803985,K7MZA6
100803986,I1NC99
100803991,I1JWU3
100804000,I1LR21
100804002,I1LS07
100804005,I1LSF8
100804006,C6TJ77
100804007,A0A0R4J650
100804008,I1K3A7
100804010,I1NHQ7
100804011,K7KRF4
100804013,I1ND24
100804015,C6TFM1
100804017,A0A0R4J3C5
100804018,C6TDH2
100804019,I1J414
100804021,I1LVQ5
100804022,C6T7I2
100804023,I1M0F7
100804024,K7M1S0
100804026,I1M5U8
100804027,I1K884
100804029,I1K8M2
100804030,I1K8Y7
100804031,I1M2K8
100804032,C6TIF5
100804033,C6TFS3
100804034,I1KBE7
100804035,I1KBY3
100804036,I1M4L7
100804037,C6T959
100804038,I1M603
100804039,C6TM70
100804040,I1LWK0
100804041,K7KXS3
100804044,I1KC54
100804045,K7M5D0
100804047,I1M685
100804048,A0A0R0JEC6
100804049,K7M5F6
100804052,I1KLB0
100804054,C6TIG6
100804055,I1KNP5
100804056,K7KZ31
100804057,I1KI11
100804059,K7L0P4
100804060,K7ME11
100804061,I1KJY3
100804062,I1MHX4
100804064,I1KPU2
100804065,I1MJD2
100804066,C6TFR1
100804069,I1KQS1
100804071,I1KSC4
100804073,I1KWQ4
100804074,I1MKE7
100804075,I1KNZ1
100804076,I1KYY4
100804077,A0A368UGV3
100804081,K7K3W8
100804082,I1KR76
100804083,I1J9Z8
100804084,K7L6R3
100804086,I1JAL4
100804088,I1L0Q9
100804089,A0A0R0LIG2
100804090,I1MWN6
100804093,I1MXS4
100804094,K7K1F9
100804096,C6TFS6
100804097,I1L2B8
100804099,I1L2Y3
100804100,A0A0R4J446
100804101,I1MWK1
100804102,C6TDB7
100804103,K7MNX9
100804105,I1MT43
100804107,I1L157
100804109,I1MVM5
100804110,C6TJ00
100804112,I1JGF0
100804116,K7LKM5
100804117,K7LLZ3
100804119,C6TJT0
100804120,I1JEC2
100804123,I1LBW2
100804124,I1MYS1
100804126,A0A0R0I1Y7
100804129,I1LF97
100804132,C6TK07
100804134,I1JQX2
100804135,I1L967
100804140,K7KFW5
100804141,I1JQD2
100804144,I1JJY6
100804147,K7MZ52
100804148,I1JLM0
100804151,I1LLP9
100804152,I1LMB8
100804154,I1N9Q8
100804155,I1NA77
100804156,I1LGL4
100804157,I1N665
100804158,I1NBR9
100804161,I1NCR5
100804165,I1LLD6
100804167,I1JYP9
100804175,I1LTD7
100804176,I1LTU0
100804177,C6TGA2
100804178,I1LU78
100804179,K7N3H6
100804180,K7KPS2
100804181,I1LNQ4
100804182,K7N449
100804183,K7KQZ8
100804184,K7LTQ2
100804185,A0A0R0ES49
100804186,I1K170
100804187,I1NDJ4
100804188,C6SZH4
100804189,I1LQ55
100804190,I1K380
100804191,K7LT26
100804199,A0A0R0H501
100804200,I1KDM6
100804201,A0A0R4J3G9
100804202,I1LZN6
100804204,K7KYF7
100804205,I1M125
100804206,I1M1L6
100804207,K7KU15
100804208,I1KA20
100804209,I1M3I8
100804210,A0A0R4J549
100804211,A0A0R4J510
100804212,I1K7M5
100804220,I1M6H2
100804222,I1MBH0
100804223,I1MBW8
100804224,K7L3C8
100804226,I1M7K7
100804227,A0A0R0J177
100804230,K7L2W0
100804231,I1KN85
100804233,I1MIL1
100804234,I1KIJ1
100804235,I1KGM2
100804236,I1MEM9
100804237,A0A0R0J9M2
100804238,C6T865
100804239,K7M8Y4
100804244,K7M8Q6
100804245,I1MEC5
100804246,K7LA71
100804249,I1KRD8
100804250,I1KTH2
100804251,I1KU21
100804252,I1KUK4
100804253,I1MM94
100804254,I1MMQ7
100804255,I1JCJ3
100804256,I1KW83
100804257,I1MNN5
100804262,I1KZH9
100804264,K7L4C3
100804266,A0A0R0IHK4
100804267,K7L5U3
100804268,I1J9B5
100804273,I1J7I4
100804274,I1L9Z6
100804278,I1L3X6
100804281,I1MR08
100804283,I1J698
100804284,I1MVZ2
100804285,I1L4K9
100804286,C6TG42
100804290,I1L6Y9
100804291,C6T9C6
100804292,I1KZW9
100804293,K7MKV0
100804294,I1JHZ0
100804297,I1JDF9
100804298,I1JDX9
100804300,I1JFX0
100804301,A0A0R0KZB4
100804302,C6T9W2
100804303,I1L918
100804305,K7KAM0
100804307,K7MP89
100804309,I1LCF4
100804311,A0A0R0HZ02
100804314,C6TNZ7
100804315,I1LDX5
100804316,I1N372
100804319,A0A0R0KLP9
100804320,C6THQ5
100804321,I1JLR1
100804322,I1JMB3
100804324,I1JMX4
100804325,I1JND0
100804327,A0A0R0KRX7
100804328,K7MRP5
100804329,K7LNA6
100804330,I1JRR9
100804331,I1LNH0
100804332,K7MY04
100804333,I1LIJ3
100804335,I1LJG7
100804340,K7LQ96
100804341,K7LQK0
100804343,K7LRR9
100804344,I1LNA0
100804345,K7LNJ9
100804346,K7KHE3
100804347,A0A368UHH3
100804348,K7KJN0
100804350,C6TL64
100804352,K7KLA8
100804353,A0A368ULK6
100804354,K7KHW6
100804355,I1NE09
100804357,K7LTT7
100804358,K7N5E1
100804359,K7KJU1
100804361,I1NFW9
100804362,I1LUN6
100804363,C6TA12
100804364,I1K3Y0
100804367,I1NIP3
100804368,I1K654
100804369,C6TID0
100804372,I1K5N5
100804373,I1LWZ1
100804375,K7LZP3
100804379,C6TEN1
100804381,I1M4F6
100804384,I1LY83
100804385,K7KX65
100804386,I1LYT7
100804387,I1LZB0
100804389,I1KF11
100804390,C6T892
100804391,I1M233
100804392,I1KB19
100804399,I1K962
100804400,K7M543
100804401,K7KUP2
100804402,I1MAN3
100804403,I1KCP9
100804405,C6TMS7
100804406,I1M8X2
100804409,K7M7R9
100804414,I1M658
100804416,C6TKY3
100804417,I1KG31
100804418,I1KHA8
100804420,I1MF25
100804422,I1MGZ2
100804423,C6TA77
100804426,K7M979
100804429,I1MFL2
100804430,I1MGV3
100804431,I1MH82
100804432,K7MCF4
100804434,I1MKI1
100804435,I1MKV0
100804436,I1MMI1
100804438,I1KSL4
100804440,I1KU00
100804441,I1J6I2
100804442,K7K163
100804444,C6TBL5
100804447,I1JAR5
100804448,I1J5Y3
100804449,K7LGC4
100804450,I1MTP8
100804451,I1L193
100804452,C6T8M4
100804453,I1MVH5
100804454,C6TGB0
100804455,C6TJL2
100804456,I1L615
100804459,I1MUH3
100804460,I1JDC2
100804462,I1JEG7
100804463,I1JFE7
100804465,I1MZV0
100804468,I1JJD0
100804477,I1LBC5
100804478,I1N0U4
100804479,I1JCK0
100804480,I1N183
100804481,I1LCB7
100804482,I1N3P4
100804483,I1N438
100804485,C6TIC7
100804486,K7KGZ3
100804488,I1MZU6
100804490,C6TH43
100804493,I1L8W7
100804495,I1JQS3
100804496,C6T8A0
100804497,K7LRR3
100804500,I1JKU0
100804501,I1LJ18
100804503,K7MZH0
100804504,I1N7V2
100804508,I1NAS0
100804509,A0A0R0HCC8
100804510,A0A0R4J349
100804511,C6TIK7
100804513,I1LL01
100804514,I1JWU6
100804517,D2D5G3
100804518,I1LT96
100804520,K7LWC3
100804524,I1LR23
100804525,H9TN49
100804526,K7N4Z7
100804529,I1LP54
100804531,I1LV56
100804533,K7LSR3
100804534,I1NHR2
100804535,I1K5E1
100804536,A0A0R0EH14
100804537,K7N163
100804540,I1K3N6
100804542,I1K4P3
100804544,I1K553
100804545,I1J416
100804547,I1K6M9
100804548,K7KMN1
100804552,I1M2F3
100804558,I1K8Y8
100804559,I1M2K9
100804561,I1M307
100804562,C6T8H7
100804563,I1KCF1
100804564,I1KDE2
100804565,A0A0R4J3L3
100804567,I1KEM1
100804568,I1LWV3
100804572,I1K7S1
100804573,I1MB59
100804574,I1KD23
100804577,I1M8D7
100804582,I1KLB3
100804585,I1KNP9
100804586,I1KGK7
100804592,I1KKL7
100804593,I1MCV5
100804596,I1MJD4
100804599,I1KQS4
100804600,I1KRW9
100804601,I1KWR2
100804602,I1KYG2
100804604,I1KYY6
100804605,I1MLC9
100804606,I1J626
100804608,I1MJW1
100804610,A0A0R0IIN5
100804612,I1JA00
100804613,K7L6R7
100804614,I1ML86
100804618,I1J999
100804620,A0A0R4J5J5
100804621,K7MNS2
100804622,K7K1G2
100804623,K7LFG9
100804624,I1MSU1
100804626,K7LFV2
100804627,K7ML44
100804628,I1L1T2
100804630,I1MV03
100804632,C6TKV3
100804637,K7LBI0
100804639,K7KB23
100804640,I1MS77
100804641,I1JEX1
100804643,K7MML5
100804644,I1JGF1
100804647,I1JJT8
100804648,K7MSX8
100804649,C6TEZ3
100804650,A0A0R0FC81
100804651,K7LI85
100804655,A0A368UHK1
100804656,I1MYS4
100804657,I1LDE3
100804658,I1MYZ6
100804659,I1JMK2
100804661,K7LGP1
100804665,K7KGH2
100804666,K7LHS1
100804670,I1JNX0
100804671,I1JPU1
100804672,I1JKJ5
100804673,A0A0R0HJR0
100804676,I1JJY7
100804680,I1N7F7
100804681,I1LFN1
100804682,I1LMC4
100804683,I1N8Q9
100804685,I1NA82
100804686,I1LGN3
100804688,I1NBS4
100804691,I1JUS7
100804693,K7KK74
100804696,C6T7H9
100804699,I1JU19
100804702,I1ND33
100804703,I1LTE1
100804704,C6TE86
100804705,I1NFD3
100804706,I1LU79
100804707,C6T988
100804708,I1K2R3
100804709,A0A0R0EL96
100804710,I1K4L7
100804711,I1LRB0
100804712,K7LU00
100804713,I1NJ75
100804714,I1K173
100804717,I1NE03
100804718,I1K383
100804720,I1K466
100804722,A0A0R0JQV8
100804726,K7M192
100804729,C6T7K8
100804733,K7M0W6
100804735,I1K9I6
100804737,E3SXU2
100804738,A0A023GS51
100804739,C6ZS03
100804743,K7KV74
100804746,I1M9X7
100804747,I1M6L4
100804748,C6TDT0
100804749,A0A0R0JEU3
100804750,I1MBW9
100804754,I1KIY6
100804756,A0A0K2CTK1
100804757,I1KN92
100804758,I1MDY9
100804760,K7L0D3
100804761,C6T9Q0
100804762,K7L174
100804763,I1MEN0
100804764,I1KKB3
100804765,C6TI50
100804766,K7M948
100804767,I1MIX5
100804768,K7M8P4
100804770,I1MDQ7
100804771,K7MA16
100804773,A0A0R0G0D8
100804774,A0A0R0IXI2
100804775,K7L5I8
100804776,I1KSX0
100804777,A0A0R0IMA5
100804778,I1KU45
100804779,I1MLS5
100804780,C6THZ6
100804781,I1MM96
100804782,C6TEQ8
100804783,K7MGJ3
100804784,C6TN84
100804786,I1KW89
100804787,I1MNN7
100804788,K7MHS2
100804789,I1KXD2
100804790,I1MQD9
100804791,K7MEX3
100804792,I1KZI0
100804797,E7CZZ3
100804799,I1KPH8
100804800,A0A0R0FRY7
100804801,K7K3X3
100804802,I1MQ95
100804807,I1L0Z7
100804808,I1J4L4
100804810,K7MKJ7
100804813,C6TGU5
100804814,I1MX35
100804815,I1L5K6
100804818,I1JD34
100804820,I1MSD7
100804821,A0A0R0I1Q1
100804823,K7KAL4
100804824,I1L1M1
100804827,I1MS22
100804828,K7K7G9
100804830,A0A0R4J2M0
100804831,I1JGW8
100804832,I1JHH6
100804833,A0A0R0HSC7
100804834,C6TM86
100804839,C6TDQ4
100804842,K7MTN3
100804843,K7K715
100804844,I1JDV7
100804845,A0A0R0IYG9
100804846,I1JL94
100804847,I1LDX7
100804848,I1N371
100804849,K7KEG3
100804850,I1L865
100804851,I1JQ72
100804852,A0A0R0HUI5
100804853,C6THM8
100804854,C6T8U3
100804855,C6TH01
100804856,K7KEW2
100804857,C6T7Y7
100804861,I1JRS1
100804862,I1LNH1
100804863,K7MY12
100804865,K7LPA9
100804867,I1LJZ8
100804868,K7MZX0
100804869,I1LFP7
100804870,I1LL54
100804872,K7MXW4
100804873,K7LRS0
100804874,I1LNA8
100804875,K7KIA4
100804876,I1JXA1
100804878,I1NC91
100804879,I1JUC7
100804881,I1JVA2
100804883,K7KJN7
100804884,C6T9D3
100804885,I1JXT8
100804886,I1LLQ4
100804889,I1NH60
100804892,A0A0R0EAL6
100804893,C6TDJ6
100804894,I1NGY4
100804895,I1K3Y1
100804896,I1LQH6
100804897,I1NI88
100804898,I1NIP4
100804900,K7KNT2
100804901,K7N1C5
100804902,I1K2P1
100804903,I1JZX7
100804904,I1K669
100804906,I1LZ60
100804908,K7M297
100804911,I1K832
100804913,A0A0R0GSP5
100804915,I1LY84
100804918,I1LZD4
100804919,I1M046
100804922,I1M234
100804923,I1KB20
100804924,I1M4K9
100804927,I1KF12
100804928,K7KYD6
100804929,I1LX83
100804930,I1K6Z8
100804931,I1K975
100804932,A0A0R4J3I1
100804934,I1K7Z5
100804935,I1M8F0
100804936,I1M8X4
100804937,I1KKW6
100804938,I1KH72
100804943,I1KIE4
100804944,K7M5R3
100804946,I1KK27
100804947,A0A0R0GFU0
100804948,K7L3A1
100804951,I1KJC4
100804953,C6T9Q9
100804954,I1MHE8
100804959,I1MFL5
100804960,I1MGV5
100804964,I1KSB6
100804965,K7MER4
100804966,A0A0R0FJB7
100804969,I1MKV3
100804970,K7MGC1
100804971,I1J8J9
100804972,K7L681
100804973,K7L767
100804974,I1J709
100804975,K7K465
100804977,K7K4X6
100804978,I1JAA0
100804981,K7LGC8
100804982,C6TLI9
100804983,I1L196
100804984,C6TK65
100804985,I1MVH2
100804986,I1L3L1
100804987,I1L532
100804988,I1L617
100804990,K7MJQ0
100804992,I1MUH5
100804993,I1L057
100804994,I1L091
100804997,K7K8G9
100804998,I1L8Z2
100805000,I1LB58
100805001,C6T902
100805002,K7LJW5
100805006,I1N0E0
100805011,I1LAT7
100805013,C6T7D0
100805014,K7MPB6
100805016,C6TGZ7
100805017,I1L7X3
100805018,I1N3P6
100805023,I1JRT5
100805024,K7LHC3
100805025,C6TG79
100805027,K7LIJ3
100805028,I1LA88
100805030,I1JR93
100805031,K7LRR4
100805032,I1LI25
100805035,C6SW12
100805037,I1NB26
100805038,I1JLR9
100805039,K7MXH7
100805041,I1LFV1
100805043,I1NAS1
100805045,I1JXV1
100805046,I1LJI5
100805047,K7MVY7
100805051,I1N6I8
100805054,I1JYA0
100805055,K7LVB0
100805056,I1LU93
100805057,I1LUX5
100805059,I1LQN7
100805060,K7KIT4
100805062,I1JTB6
100805064,K7N4Z8
100805065,K7KHW3
100805067,I1LSY9
100805068,I1NEX4
100805069,A0A0R0H967
100805072,I1NHR3
100805073,I1K5E5
100805075,I1K271
100805078,C6T825
100805079,I1LQC1
100805080,I1K4P5
100805081,C6TJ48
100805083,I1K6N1
100805084,I1JZX3
100805087,K7M1S1
100805088,I1M3S4
100805089,I1M5V3
100805091,I1K8Z0
100805092,C6TGQ7
100805093,I1KAK6
100805094,I1M311
100805096,I1K702
100805097,I1LWH3
100805098,I1K756
100805101,C6TMW7
100805102,A0A0R0GIU9
100805103,I1K8B7
100805104,I1KC61
100805107,K7M476
100805110,I1KJK0
100805113,C6TD38
100805114,C6THZ0
100805115,I1KGM3
100805118,A0A0R0GDG8
100805119,I1KGQ5
100805121,I1MHX5
100805124,I1MJD5
100805126,A0A0R0IW62
100805127,G1AS84
100805128,I1KRX0
100805130,I1KWR6
100805131,I1KYG4
100805133,I1KYY8
100805134,K7MFB0
100805138,I1J815
100805139,I1KR83
100805141,I1JA01
100805144,I1JAM6
100805149,K7MNF2
100805150,I1MXT0
100805151,I1J591
100805152,I1L5J7
100805153,C6TI92
100805154,I1J5B1
100805155,I1L641
100805156,I1MU67
100805158,I1L2C2
100805159,I1MV04
100805160,G9BXE6
100805161,C6T8I4
100805162,K7MNM3
100805163,K7MNY6
100805167,K7LBV9
100805168,I1JIM9
100805171,I1JEX2
100805173,K7K9I2
100805175,I1L942
100805176,I1L966
100805177,C6TIW5
100805178,I1JJU1
100805179,I1LD21
100805180,I1LF74
100805181,A0A0R0F325
100805182,K7LI87
100805183,I1JEC3
100805185,I1LBW5
100805186,C6TJ70
100805188,K7MSX4
100805189,C6T885
100805192,K7LLF6
100805194,F6KBT6
100805195,I1N5B5
100805196,I1MYM2
100805201,I1JNX1
100805202,I1JPU2
100805203,I1JQD9
100805204,I1LHI3
100805206,K7MXQ0
100805208,K7KC75
100805210,I1NAG3
100805212,I1NCP2
100805213,I1N7F8
100805215,A0A0R0HI62
100805216,A0A0B5E2H5
100805218,K7MW11
100805219,C6T9D9
100805220,I1LGM5
100805221,I1NBA3
100805223,K7KLV4
100805225,I1JUS8
100805227,I1JWD2
100805228,K7LQM7
100805230,I1JYQ2
100805231,I1JZ54
100805232,A0A0R0K718
100805233,I1NF74
100805238,I1NHW0
100805239,I1JW47
100805240,K7LVP6
100805242,I1NGF0
100805243,K7LS90
100805244,I1NDB5
100805245,K7KQZ9
100805246,I1LRB1
100805249,K7KNG2
100805250,I1NDG2
100805252,I1NDP8
100805253,I1K384
100805255,I1K467
100805257,K7KN06
100805258,I1LZT2
100805259,I1K1B1
100805260,C6TNA0
100805261,K7M197
100805267,I1M1L9
100805268,I1K9I9
100805269,I1KA21
100805270,I1M3J1
100805271,I1M420
100805273,I1M527
100805274,I1K7M7
100805275,I1LWX5
100805277,K7M7A3
100805278,C6TKS1
100805279,I1MAV1
100805280,A0A0R0GFN4
100805281,I1M9D7
100805283,A0A0R4J517
100805284,C3UZD6
100805286,I1MBX0
100805288,I1KNL9
100805289,C6TD89
100805292,C6T9W5
100805294,I1KIJ3
100805295,K7MDQ7
100805300,C6TIR8
100805302,K7MCZ9
100805303,I1MD26
100805304,A0A0R0FU91
100805310,C6TNE6
100805311,I1KSX5
100805312,K7L6T0
100805313,I1KU42
100805314,C6TEK0
100805315,C6TET3
100805316,I1MM97
100805317,I1KV46
100805318,A0A0R0FJR0
100805319,K7L8H9
100805320,E7CZZ6
100805322,K7L464
100805323,I1KNX6
100805326,C6TE42
100805327,K7K3C7
100805328,K7L4C4
100805329,K7MFP6
100805330,K7L561
100805331,K7L5U6
100805332,A0A0R0LIJ8
100805334,I1J4K5
100805336,K7L7Z4
100805338,I1J7I7
100805340,I1MQ99
100805341,I1L0M9
100805342,A0A0R0LJG6
100805344,I1L3X9
100805346,I1J4M2
100805348,I1MT91
100805352,I1L4L2
100805353,C6TAR3
100805354,I1JB37
100805356,C6SVI8
100805357,I1L6Z0
100805358,K7MK22
100805360,K7MKV5
100805362,K7LC81
100805364,I1JDG4
100805367,I1MW11
100805368,K7K8Y6
100805369,I1JGX0
100805370,I1JHH9
100805371,I1L919
100805373,I1N002
100805374,K7KB80
100805375,K7LKB0
100805376,K7K6B8
100805377,K7LLH0
100805378,K7MTN5
100805380,I1JCN8
100805382,I1LDX9
100805383,I1N375
100805384,K7KEG5
100805385,I1LES0
100805386,I1N439
100805390,A0A0R0KKK6
100805391,I1JMB6
100805393,I1JMX7
100805394,K7KEW3
100805396,A0A0R0KKD0
100805397,I1N194
100805399,I1JRS4
100805400,I1LNH2
100805402,I1LFX7
100805403,A0A0R0EXK4
100805404,I1LJG9
100805406,C6TJK6
100805407,I1NBY3
100805408,C6TNY6
100805411,I1N8C0
100805413,I1LMT9
100805415,I1JXA3
100805416,I1LI17
100805418,I1JUC8
100805420,I1JVA4
100805421,I1LGY5
100805422,C6TG95
100805423,K7MWG1
100805425,K7KHN2
100805426,I1JXU3
100805427,C6TJ68
100805429,I1JTG2
100805431,I1NJ82
100805435,I1NFX0
100805437,I1K3Y2
100805439,I1NI89
100805440,I1NIP6
100805441,I1K661
100805442,K7LUB8
100805443,I1K1T0
100805445,I1K672
100805448,I1LZ62
100805449,K7M0W2
100805450,I1M351
100805451,I1M4G4
100805455,I1K8E5
100805456,I1LY86
100805457,I1K8H9
100805458,K7LZG8
100805459,K7LZV4
100805460,I1M047
100805461,K7KY29
100805463,I1M241
100805464,I1KB21
100805465,I1M608
100805467,I1KF17
100805468,I1KFI3
100805469,C6SVH1
100805471,K7KTS8
100805472,A0A0R0JMA2
100805475,I1M8F1
100805476,I1M8X5
100805477,I1KKW7
100805479,I1MAZ6
100805480,I1KH93
100805482,I1KHU2
100805484,I1M8V6
100805486,I1M7K0
100805487,I1KMB5
100805489,K7KZJ1
100805490,K7L0Z9
100805491,I1MF26
100805493,I1MHF1
100805495,K7M982
100805496,I1KQ60
100805497,K7MAH1
100805498,I1MFL9
100805499,I1MCB7
100805505,I1J7S3
100805510,K7MF68
100805511,K7L768
100805512,K7K312
100805515,K7K4X7
100805517,I1JAA1
100805518,C6T9K3
100805519,C6TLV6
100805520,K7K213
100805522,K7MKU5
100805523,I1L1A1
100805524,I1MUK7
100805527,C6TES2
100805528,I1L3L2
100805529,K7LF60
100805530,K7LFT5
100805532,K7MJQ1
100805534,I1MRT2
100805536,I1JBG1
100805537,I1L0G0
100805538,I1JFE9
100805542,K7LJH0
100805543,I1JJE0
100805544,I1LBU3
100805545,A0A0R0KR96
100805547,A0A0R0I5B8
100805550,I1N423
100805551,I1LA99
100805552,K7K841
100805554,I1N574
100805555,I1LBC8
100805556,K7MR36
100805558,C6TNR1
100805560,I1N3P8
100805561,A0A0R0KIH4
100805562,I1LF98
100805563,I1N4J2
100805565,I1L829
100805566,I1JRU1
100805567,I1L9H8
100805568,K7MQG1
100805571,I1JQT4
100805572,K7KGM3
100805573,K7LRR5
100805574,A0A0R0H9V6
100805575,I1N949
100805576,I1JKS8
100805577,A0A0R4J4H5
100805578,I1NB27
100805579,A0A0R0KEN7
100805583,I1NAS4
100805585,K7KLB5
100805586,I1LJI8
100805589,I1N6G4
100805590,A0A0R0KKE2
100805594,K7N341
100805595,K7LWQ2
100805596,I1JT73
100805597,B9MST3
100805602,I1LSZ2
100805603,A0A0R0E897
100805604,I1LTE6
100805605,A0A0R0EKI3
100805606,I1LPJ4
100805607,I1NHR5
100805608,I1K5F9
100805610,I1NDI0
100805612,I1JZK7
100805613,K7LUQ1
100805615,I1LQC6
100805616,I1K4P6
100805617,K7N2E2
100805618,C6TJR6
100805621,I1K6N2
100805623,I1LYI0
100805627,I1M3S5
100805628,A0A0R0JDA7
100805630,C6T5R4
100805631,C6SZW2
100805632,I1KBF6
100805633,K7KVS5
100805634,I1K720
100805635,A0A0R4J542
100805636,I1KDE5
100805637,I1K791
100805638,I1LW27
100805640,K7LXP5
100805641,I1K8C4
100805642,K7M7Y3
100805643,K7KW76
100805645,K7L3N4
100805648,I1KJK4
100805649,I1KLB5
100805652,I1KNQ9
100805656,I1MEA7
100805658,I1MEH9
100805659,A0A0R0G6H2
100805660,I1KJZ0
100805662,I1MHX6
100805664,I1MJD8
100805667,A0A0R4J3Y7
100805668,A0A0R4J3V8
100805669,C6SWA8
100805671,K7L8W9
100805672,I1KYG8
100805674,K7LAL7
100805675,K7MFB5
100805676,I1KP48
100805677,I1MM76
100805678,K7K3X1
100805679,I1KP80
100805680,A0A0R0FL97
100805681,K7K536
100805682,I1KTF7
100805685,K7MHM7
100805687,I1J9A7
100805688,A0A0R4J5M3
100805689,K7MNF3
100805691,I1J572
100805693,D0EP03
100805695,I1L657
100805696,I1MU69
100805697,I1L1T9
100805698,K7LCU3
100805699,A0A0R0FCT4
100805701,I1MWM1
100805702,I1MXL3
100805703,K7MNY8
100805704,I1JG72
100805705,K7K9V7
100805706,K7MKG0
100805707,K7LBI7
100805709,I1JDA7
100805710,C6TIM8
100805712,C6TH77
100805715,I1JGF5
100805716,I1JBW6
100805720,I1JJU3
100805722,I1LD24
100805723,K7LLZ6
100805724,A0A0R0FB71
100805725,K7LI90
100805727,I1N4M6
100805728,K7LJY2
100805729,C6TJV1
100805730,I1LCV9
100805731,K7MSX5
100805732,K7LKV6
100805733,I1MYZ7
100805734,C6T770
100805736,I1MZ73
100805737,A0A0R0FHI8
100805739,K7KGH6
100805741,I1MZB3
100805743,A0A0R0KJZ9
100805745,I1JQD8
100805754,I1LLR5
100805755,I1N9R7
100805756,I1NA84
100805758,I1NBA4
100805759,I1NBS5
100805760,I1JUA6
100805762,A0A0R0K5S1
100805764,I1JWD3
100805767,K7KLW5
100805768,B2ZGQ4
100805769,K7KHJ8
100805770,I1NF77
100805771,K7KIB4
100805772,I1NGG7
100805773,K7KJ56
100805774,I1NHW5
100805776,I1LTU2
100805778,D0EP07
100805779,I1LPE3
100805780,I1NGF2
100805783,I1NHC9
100805784,I1K4M2
100805786,A0A0R4J653
100805788,I1LPZ2
100805789,K7KPQ5
100805790,I1NE04
100805792,I1NEI5
100805795,I1LX67
100805799,K7M3J1
100805802,A0A0R0GP18
100805804,I1KFL6
100805805,I1M1M2
100805806,I1K9J0
100805807,C6T651
100805808,I1M3J5
100805809,I1M423
100805810,I1KBY5
100805812,I1M528
100805813,I1K7M8
100805815,K7KU89
100805817,I1KBI6
100805818,I1M849
100805819,I1MBP4
100805820,I1M9E1
100805822,C6TN69
100805825,I1M7M2
100805827,A0A0B5E8W0
100805830,I1KLU0
100805833,K7L0D4
100805835,I1KJK3
100805836,I1KGT2
100805837,C6TIB1
100805839,I1MGH2
100805840,A0A0R0GBJ1
100805841,I1MCY4
100805842,I1MIX6
100805844,K7M9N7
100805845,I1MED8
100805846,A0A0R0IYW1
100805848,A0A0R0IQQ0
100805849,I1KSC8
100805850,C6T7I8
100805851,I1KTH6
100805852,I1KU39
100805853,A0A0R0FW44
100805854,I1KUK8
100805855,I1MMA1
100805856,I1KV48
100805857,I1MMQ9
100805858,C6T8Y7
100805860,I1MNP0
100805862,K7L9X3
100805863,A0A0R4J5L2
100805864,K7MEY4
100805865,I1KZI6
100805866,I1J4G3
100805867,K7L4C5
100805869,I1KQP4
100805870,K7L5U8
100805871,K7K4P1
100805872,I1MNG9
100805873,I1J4K6
100805874,K7L7K7
100805876,A0A0R0G3I8
100805877,A0A0R0LGP0
100805878,I1J818
100805879,I1MLG2
100805880,I1LHS7
100805881,C6TBZ1
100805882,K7LBR9
100805883,I1L4B4
100805886,I1MT93
100805887,I1J5F4
100805889,A0A0R4J5S0
100805890,I1L4L3
100805891,I1MX36
100805893,K7MJC8
100805894,I1L6I5
100805895,I1L6Z7
100805896,I1MSE8
100805898,I1MTR6
100805899,I1JD91
100805902,I1JJE6
100805903,I1JDG6
100805904,I1JDY4
100805907,K7K5Z0
100805908,I1JBT5
100805910,I1LAF8
100805913,I1JIY2
100805914,I1N075
100805916,I1JC80
100805917,K7LLH1
100805921,I1LDY0
100805922,C6T955
100805924,C6TP11
100805926,I1JNU3
100805927,I1JQ75
100805928,A0A368UIE0
100805929,I1JLR6
100805930,C6TNM5
100805931,A0A0R0HYP7
100805932,K7KEJ7
100805933,K7KEW4
100805935,I1JPD8
100805939,K7MY14
100805941,I1LJH2
100805943,I1LG54
100805944,K7MZX8
100805946,K7LQC6
100805950,I1LMU3
100805951,I1N983
100805953,I1JU70
100805954,I1LI18
100805955,I1NCA1
100805956,K7KJ80
100805957,I1JVU2
100805958,I1N6E7
100805960,I1JXC1
100805961,I1JXU4
100805962,I1LLQ4
100805963,C6T7M8
100805966,K7N5E5
100805968,I1JW83
100805969,I1JTT4
100805970,C6TL91
100805971,K7LWG6
100805973,I1K3Y5
100805974,K7N4T1
100805975,K7N516
100805978,I1JZH0
100805979,I1NDM8
100805980,I1K5P2
100805981,I1K673
100805984,K7LZP8
100805985,K7M0W3
100805987,I1M355
100805992,I1LVY0
100805993,I1LYU2
100805995,I1M049
100805997,I1M0L4
100805998,A0A0R4J4N3
100805999,C6TGR0
100806000,I1M610
100806002,I1LWD8
100806003,I1KF18
100806004,C6T8E6
100806005,I1K6Z9
100806006,A0A0R0JDV3
100806007,I1MAC0
100806008,K7KUP9
100806010,I1KD87
100806012,I1M8X7
100806014,I1MAZ8
100806016,I1M6Y0
100806017,K7KZU4
100806018,I1KIF1
100806019,K7M5R6
100806021,I1M7K1
100806023,I1ME19
100806024,I1KHB3
100806025,I1KGJ0
100806026,C6TLB3
100806027,C6SXG2
100806029,K7L959
100806030,A0A0R0H8Q8
100806032,K7MAH5
100806033,K7MAU1
100806034,K7MBL3
100806036,I1MHL0
100806041,I1J8K1
100806042,K7L687
100806043,I1MJX7
100806044,I1KU04
100806045,I1J714
100806046,C6TM81
100806048,K7LE20
100806051,I1L6W1
100806052,I1MTQ9
100806053,I1L1A2
100806055,C6TMI8
100806056,I1L3L3
100806057,I1L537
100806058,I1JG30
100806059,A0A0R0ICS7
100806061,I1MQU6
100806062,K7KA70
100806063,I1MUH6
100806065,I1JEH0
100806066,A0A0R4J2P1
100806067,I1L8Z3
100806069,A0A0R0KRN8
100806070,K7LJH5
100806071,A0A0R4J2T3
100806072,I1LBU9
100806074,I1N2I9
100806075,K7LL31
100806077,I1JCT5
100806079,I1LAA1
100806082,I1LBD0
100806083,K7MR42
100806084,C6TKB8
100806085,I1LCC3
100806086,K7MU90
100806087,K7KER9
100806089,I1N4J3
100806093,I1MZU9
100806094,I1N085
100806095,K7LID8
100806099,K7KGE8
100806100,K7LRR7
100806101,A0A0R0HDJ7
100806103,I1JKU4
100806105,A0A0R0F1Y3
100806107,I1N7G1
100806108,I1N7V7
100806109,I1N8R4
100806110,K7KKD5
100806111,I1LFV3
100806112,I1NAS8
100806121,I1LLK7
100806122,K7KLN1
100806123,I1LQG6
100806124,K7LVZ2
100806126,K7N344
100806128,I1JUQ6
100806129,I1LNX3
100806131,K7LU68
100806132,I1NIK5
100806133,I1JVR8
100806134,I1LSG2
100806135,K7N261
100806136,K7LVE4
100806137,I1NEY0
100806138,K7KQ35
100806139,I1LPK7
100806141,I1K5G0
100806143,K7N0N4
100806144,A0A0R0EI94
100806145,A0A0R0K3K9
100806146,C6TI20
100806149,I1JZU3
100806150,C6TH66
100806151,K7KMM8
100806152,C6TLE4
100806155,I1JZX8
100806156,A0A0R0GX50
100806157,A0A0R0JWB2
100806158,I1M0G0
100806159,K7M1S9
100806160,I1M3S8
100806161,I1M5V4
100806163,C6TEA4
100806165,A0A0R0GTU4
100806166,I1KAL1
100806167,Q9M5K7
100806168,I1KBF7
100806169,I1KCF6
100806170,K7KW31
100806171,I1M5I5
100806172,I1KDE7
100806173,I1K793
100806175,I1LWP5
100806176,K7KT79
100806179,A0A0R0GMC5
100806180,I1K7W5
100806181,I1M6H4
100806182,I1MBX1
100806184,I1KMY6
100806185,A0A0R0GAP4
100806186,I1M978
100806189,C6TD79
100806190,I1KMS4
100806191,I1KN93
100806192,I1KNR1
100806193,A0A0K2CT17
100806194,I1ME54
100806195,K7MDG1
100806197,K7KZ53
100806198,K7L200
100806199,I1MHX7
100806200,I1MJE0
100806201,A0A0R4J3Q1
100806202,I1KQT3
100806203,I1KRX3
100806206,K7LAA2
100806208,K7LAL9
100806209,K7MEW7
100806215,A0A0R0LJY0
100806216,I1JAN8
100806217,K7MHM8
100806219,C6T5F2
100806220,I1MX99
100806221,K7MNT9
100806224,I1MSU7
100806225,K7LFW3
100806226,I1MU70
100806227,I1L1U1
100806229,I1MV08
100806230,I1MWM0
100806231,I1MXL0
100806232,K7MKH2
100806233,K7LBJ2
100806234,K7LBW3
100806235,I1JIP0
100806237,I1JEX5
100806239,K7K9I5
100806240,D4N5G0
100806243,C6TGL1
100806244,I1JJU4
100806247,I1LF77
100806248,I1N3D9
100806249,C6TM88
100806252,I1JFJ3
100806253,K7LJY4
100806254,C6TFA2
100806255,A0A0R0FCD5
100806258,A0A0R0HZ75
100806260,I1N4X6
100806263,I1JQZ4
100806268,I1JNX6
100806269,I1JPU8
100806270,K7KG67
100806271,I1LM11
100806275,I1JKD8
100806276,K7LNT1
100806277,K7KCK4
100806278,I1NAG9
100806281,A0A0R4J4L1
100806283,I1LGK6
100806284,K7MYQ1
100806285,I1N635
100806287,I1NBA5
100806288,I1NBT0
100806290,C6TNH5
100806291,K7KIV2
100806292,K7KHJ7
100806293,C6TKG2
100806294,K7MWZ0
100806297,K7KLW7
100806298,I1JZ61
100806299,K7KHK0
100806300,C6T750
100806307,I1NFE2
100806308,I1LU86
100806309,A0A0R0H8T5
100806310,A0A0R0K4H0
100806312,K7KR00
100806313,A0A0R0H2Z3
100806314,I1NJ83
100806315,C6T7R0
100806318,I1K2P4
100806320,I1LT10
100806321,I1K3P0
100806322,I1K476
100806323,I1NCZ8
100806325,I1LZT6
100806326,I1K1C1
100806332,K7KXR7
100806333,K7KYG7
100806335,I1K9J3
100806336,I1M3J3
100806337,C6EUD3
100806338,I1M4J4
100806339,I1M530
100806342,K7KU93
100806343,K7M555
100806345,K7M5C1
100806347,I1M9E2
100806349,C6TAY6
100806350,I1KLZ9
100806351,I1KMF2
100806352,I1KHG8
100806353,I1M6Y5
100806354,I1KJ06
100806355,K7M9T4
100806356,I1ME85
100806357,I1KIJ6
100806358,I1MEF1
100806361,I1MFL0
100806363,C6TJW5
100806364,I1MGZ6
100806368,I1MD93
100806369,I1MEE0
100806371,K7MB77
100806373,C6T8Q4
100806374,I1KSY5
100806375,A0A0R0IS73
100806376,I1KU44
100806377,I1KUK9
100806378,A0A0R0FNB2
100806379,I1KV52
100806380,K7MEK9
100806381,A0A0R0FXY0
100806382,I1KWA0
100806383,I1MNP1
100806384,I1MP75
100806386,C6TCA8
100806389,I1KZI4
100806391,K7L4C6
100806392,K7MFQ1
100806396,K7K2L5
100806397,I1KUS5
100806399,K7MI21
100806400,I1J7J0
100806401,K7K3X5
100806404,I1J8W7
100806405,I1L396
100806408,I1L0Z8
100806409,A0A0R0LB34
100806410,K7LF17
100806416,I1L4L8
100806417,A0A0R0FGT9
100806420,I1L6I6
100806421,I1JD35
100806422,I1L701
100806424,I1KZV6
100806425,I1MTS0
100806426,K7KAL8
100806429,K7KBJ0
100806432,I1JDY5
100806435,A0A0R0KXU3
100806436,I1JGX4
100806440,I1N268
100806441,I1LCF6
100806443,I1LEG9
100806444,A0A0R0KZ58
100806446,A0A0R0GPJ1
100806447,I1LDY5
100806448,A0A0R0F2I9
100806450,I1LES7
100806451,I1N443
100806452,I1JNU6
100806455,I1JLR8
100806458,I1JMY1
100806459,C6TE01
100806461,I1JPE1
100806463,I1JRS5
100806464,I1LNH6
100806465,K7MY17
100806468,K7LPM7
100806469,I1NBY8
100806471,I1LL25
100806472,C6T7M2
100806473,I1N8C2
100806475,I1LMU4
100806476,I1N985
100806477,I1JXA4
100806478,I1LI21
100806479,I1NC76
100806480,I1JVA6
100806481,I1JVU5
100806482,C6T9R8
100806484,I1JXU6
100806486,I1LTP5
100806488,I1LR27
100806493,K7LWG8
100806494,I1NGZ0
100806496,I1LQI6
100806497,K7N4S9
100806498,I1NIP8
100806499,I1K677
100806500,C6TKQ3
100806502,K7N1D0
100806504,C6T8H8
100806507,I1K6N7
100806508,K7LZQ0
100806510,I1M131
100806512,I1K0Q6
100806517,A0A0R0JTC5
100806518,I1KDZ0
100806519,I1LYU3
100806520,I1LZG8
100806522,I1K8R3
100806523,C6TAK9
100806524,I1M244
100806525,A0A0R4J3J0
100806526,I1M611
100806527,I1KEM9
100806529,I1KF21
100806530,I1KFJ1
100806531,I1K700
100806533,A0A0R0G9J8
100806535,C6TGL7
100806538,I1M6B8
100806541,G3E7M6
100806542,I1KLH8
100806543,I1M6Y2
100806544,I1KHU6
100806545,I1KIF0
100806546,K7M678
100806547,I1MA13
100806548,I1KMB7
100806550,I1KHC2
100806551,I1MF37
100806553,C7S8C4
100806554,I1KPM5
100806555,K7M984
100806558,I1MGV8
100806559,A0A0R0FW32
100806560,I1MDN1
100806561,I1KVP1
100806562,I1MJZ1
100806565,I1MKZ3
100806566,K7K477
100806567,K7L688
100806570,I1J716
100806571,I1J4X0
100806572,K7LDN0
100806573,I1J9S3
100806574,A0A0R0I3J8
100806575,K7MN50
100806576,I1JAS5
100806579,I1MTR0
100806580,I1L1A4
100806581,I1MUK9
100806582,K7K2H7
100806584,A0A368UGR3
100806586,C6TC38
100806587,K7K952
100806588,I1L625
100806590,A0A0R4J5N9
100806591,I1MUH9
100806592,K7LCM4
100806594,I1L2J7
100806595,I1JFF0
100806598,I1LB64
100806599,I1JJE3
100806600,I1L7H1
100806603,I1LDS0
100806605,K7K6P3
100806607,C6TLQ0
100806608,I1JEV9
100806609,K7MVE8
100806610,I1LBD2
100806613,I1N1R1
100806615,I1L880
100806616,I1N4J7
100806617,I1JPI4
100806619,I1JRU8
100806620,I1L9I1
100806622,I1N086
100806623,I1L9Z7
100806625,I1L8T1
100806626,I1JKK4
100806627,K7LRS1
100806628,A0A0R0HLZ4
100806629,I1N963
100806631,I1LJ25
100806633,I1NB35
100806634,K7KDH6
100806635,A0A0R0ERG6
100806637,I1N8R6
100806638,A0A0R0K474
100806639,I1LFW6
100806641,A0A0R0EQB1
100806644,I1JYN1
100806645,I1LJJ1
100806646,I1N6A5
100806647,I1N5Z3
100806650,I1N6J0
100806654,A0A0R0HI98
100806656,I1LQN8
100806658,K7LTU4
100806660,I1LS12
100806661,I1NIK8
100806664,I1NEG9
100806665,K7LVE3
100806667,I1NHD1
100806668,I1LPK8
100806669,I1NHR6
100806671,A0A0R4J4Q2
100806672,I1ND30
100806676,I1K4P7
100806677,A0A0R0E9M0
100806678,Q84P29
100806681,A0A0R4J399
100806682,I1LYI3
100806684,I1M2G6
100806689,D2DKF0
100806690,K7KTL3
100806691,I1KA24
100806692,I1M2L4
100806693,I1KAL3
100806694,I1M320
100806696,I1KBY8
100806697,I1KCF8
100806698,I1KCY1
100806699,I1M5I6
100806700,C6TH73
100806703,A0A0R0JCB5
100806704,I1M7Z0
100806707,K7KW77
100806708,K7M858
100806709,I1MBX4
100806710,A0A0R0GHB3
100806711,I1KMY7
100806714,I1KK55
100806715,I1KKQ6
100806716,A0A0R0G9Y3
100806717,I1KLC1
100806718,I1KLU2
100806719,C6TKU7
100806720,K7L432
100806721,I1KGP5
100806723,I1KI16
100806724,K7MDG6
100806729,C6T848
100806731,I1MJE2
100806733,K7LAJ5
100806734,I1KQU9
100806735,I1KRX4
100806736,I1KWS1
100806737,I1KNZ2
100806739,I1KYZ5
100806743,I1MM77
100806745,I1KR88
100806748,I1MN42
100806753,I1MXA0
100806754,I1MXU0
100806755,K7K1G3
100806757,I1MQZ3
100806758,K7K1S8
100806759,K7LFW4
100806761,I1L1U4
100806762,A0A0R0IC52
100806763,C6TH44
100806764,C6TJ27
100806765,K7MNZ1
100806768,A0A0R0I675
100806769,K7KB30
100806770,K7MLZ3
100806771,K7K850
100806776,I1JCA6
100806779,K7MTY7
100806780,I1L7B5
100806781,K7K7S4
100806782,K7MUZ9
100806783,K7K6H1
100806784,I1L7V9
100806785,I1N2C1
100806786,I1LDF0
100806787,I1N2U6
100806788,I1LEF1
100806789,I1L7E2
100806790,I1N4X7
100806791,I1N5B8
100806792,C6SWP1
100806794,K7LHS4
100806796,A0A0R0F9S1
100806798,K7KFW7
100806799,I1JQE1
100806800,K7LR87
100806803,I1N839
100806805,A0A0R0KIQ1
100806806,A0A0R0HMS1
100806808,I1NAH1
100806810,I1NCQ4
100806812,I1LLS4
100806814,I1LNB1
100806815,K7MYQ2
100806816,I1NA87
100806817,I1LGN6
100806818,I1NBA6
100806820,C6F117
100806821,I1JUD1
100806823,I1JWD6
100806824,K7LQM9
100806827,I1JYQ6
100806828,C6TI46
100806829,C6TE67
100806830,I1NF79
100806831,K7KIB7
100806833,I1JV80
100806835,K7KK00
100806836,I1LTU5
100806837,A0A0R4J654
100806838,C6THK3
100806839,I1LUP0
100806841,K7KPS5
100806842,A0A0R0GZF7
100806844,I1NJ85
100806845,I1K180
100806848,I1LQ57
100806850,I1K386
100806852,I1K3P3
100806853,I1K477
100806856,I1LZU0
100806858,A0A0R0JS90
100806859,K7M1A2
100806860,I1M554
100806862,K7KT73
100806863,I1LY92
100806865,I1LZP7
100806869,I1M3J6
100806874,A0A0R0JIE5
100806876,I1KBI9
100806878,I1MBQ3
100806882,I1KM02
100806884,I1KNM4
100806885,K7M531
100806887,I1M7A9
100806890,K7MD92
100806895,I1MFL4
100806896,C6TE37
100806898,I1MGZ7
100806899,I1MIE1
100806900,I1MD63
100806902,I1MDR4
100806903,I1MEE1
100806904,I1KYC8
100806905,I1MGB0
100806907,C6T898
100806909,I1KTI0
100806911,I1KUL4
100806912,I1MK24
100806914,K7MGK0
100806915,K7MH27
100806917,C6THW5
100806918,I1MKC3
100806919,K7MIG8
100806921,K7MIT4
100806925,I1KP35
100806927,I1KQQ0
100806929,I1J9D7
100806930,I1MNH3
100806931,I1J6J3
100806933,K7L7Z8
100806935,I1J7J2
100806936,I1J4V4
100806937,I1MQA1
100806939,I1J8W9
100806940,I1L3A0
100806942,K7LEP5
100806943,I1J570
100806944,I1L113
100806945,C6TKZ1
100806947,I1J699
100806949,I1MW04
100806950,C6TGT4
100806952,C6TEK2
100806953,I1JD36
100806954,I1MRQ4
100806955,A0A0R0I853
100806956,I1MTS1
100806957,I1JI04
100806958,K7LC83
100806959,I1MV62
100806960,I1JJG1
100806962,K7MM49
100806967,I1JHJ2
100806971,K7KB88
100806973,K7LKB2
100806974,K7K6C0
100806975,Q9S7E3
100806977,A0A0R0L0P8
100806978,I1JDW1
100806979,I1L7S5
100806981,C6T5Z0
100806984,I1N382
100806985,K7MU97
100806987,A0A0R0HNL5
100806988,K7MPL6
100806989,A0A0R0KJU3
100806990,I1JQ77
100806992,K7KDH1
100806993,I1JMD4
100806994,I1JMY7
100806997,I1JPE3
100806999,I1JRS8
100807002,I1N9T4
100807003,I1LJH0
100807005,I1LK04
100807006,I1NBZ0
100807007,I1LG61
100807008,C6TCX8
100807010,I1JTV2
100807011,A0A0R0HL42
100807012,K7KKK3
100807013,K7KKZ6
100807014,K7LNK1
100807016,I1JVA8
100807018,I1JVU8
100807020,C6TDQ7
100807021,I1JXC8
100807022,I1JXU9
100807024,K7LVN0
100807026,I1LR28
100807028,K7N5E9
100807029,Q7XY14
100807030,I1JSB5
100807032,I1LV67
100807033,Q9SMF5
100807034,I1K3Z6
100807036,I1NI96
100807037,I1NIQ4
100807039,A0A0R0JYB5
100807040,I1NDU7
100807042,I1J424
100807043,I1K5P7
100807046,I1M133
100807048,I1LXB0
100807050,I1M4G9
100807051,I1KDD2
100807054,I1K8E7
100807056,I1LYU4
100807057,I1LZC6
100807058,C6SZA4
100807061,I1M247
100807062,K7M429
100807063,C6TEP4
100807064,C6T7X6
100807065,I1LWR8
100807066,I1K701
100807069,C6TAQ1
100807070,I1KCQ8
100807071,I1M8F3
100807072,I1M8Y0
100807073,C6T9X4
100807075,I1MAZ9
100807076,A0A0R0J5W3
100807077,A0A0R0GK00
100807078,I1KHU7
100807079,I1KIE9
100807080,I1M8W0
100807081,C6TMV7
100807082,C6TA83
100807083,I1KMB9
100807084,C6TEM3
100807086,I1KHD4
100807087,A0A368UL12
100807088,I1MF39
100807089,I1KKR2
100807090,I1MHF5
100807091,K7L8P5
100807095,K7MAI2
100807096,I1MFM7
100807097,I1MDH7
100807098,K7MBY3
100807100,A0A368UH03
100807101,C6TE57
100807102,I1J775
100807106,I1J8K7
100807107,A0A0R0IRU4
100807109,I1KPE6
100807110,I1J717
100807112,I1J9S4
100807113,K7LE24
100807115,I1JAT0
100807117,A0A0R0IE10
100807119,I1L1A7
100807120,A0A0R0FNB1
100807121,A0A059TAB3
100807122,I1L2Z0
100807123,A0A0K2CTB0
100807124,I1L3L5
100807125,I1MWM4
100807126,I1L540
100807128,I1KZS2
100807129,C6TJA0
100807130,I1MRP1
100807131,K7KA73
100807132,K7LBA2
100807134,K7K8H6
100807136,K7MS11
100807137,I1JIG7
100807138,I1LB66
100807139,I1JJE7
100807140,I1LBV6
100807142,K7LL35
100807143,A0A0R0KZM6
100807147,C6T8W9
100807148,I1MYK2
100807150,I1LCC7
100807151,K7MSB4
100807154,I1LFA0
100807155,I1N4J8
100807157,K7LH16
100807160,I1N087
100807162,I1JQU1
100807163,I1LMU0
100807165,I1N969
100807166,I1LJ26
100807167,K7KD19
100807168,K7MZH9
100807169,I1JLT6
100807170,I1N7G2
100807171,I1N7W5
100807172,I1N8R8
100807174,C6TFU0
100807175,K7LN63
100807176,I1JU90
100807177,I1JYP0
100807179,C6TD75
100807180,C6TH83
100807181,I1N5Z6
100807183,I1JYB5
100807185,K7LVZ3
100807186,K7LWD0
100807188,K7LTB1
100807189,I1JUR1
100807191,I1NIL0
100807192,I1JTE7
100807193,K7LUH0
100807194,I1NEH3
100807195,I1LTF0
100807196,I1NEY4
100807197,I1NHD3
100807199,K7LSS1
100807200,A0A368UGF3
100807201,I1K5G5
100807205,I1K281
100807206,I1LQ24
100807207,I1K2P7
100807208,K7LV38
100807211,K7KRB4
100807213,I1LYI4
100807214,I1K114
100807216,I1M2G8
100807218,I1M5X0
100807221,I1M138
100807222,I1K8Z7
100807223,K7KUE0
100807224,I1M2L8
100807225,I1KAL4
100807226,I1M322
100807227,C6T8R0
100807228,A0A0R0JI78
100807229,C6THR5
100807231,I1K760
100807232,I1KE05
100807235,I1MAJ9
100807239,K7M4K7
100807240,K7M498
100807241,I1KMY8
100807242,K7M5H4
100807245,A0A0R0J531
100807246,C6TEW8
100807247,I1KN97
100807248,I1KNR4
100807250,K7M9X3
100807251,K7KZZ0
100807252,I1MEA8
100807254,K7L1H0
100807256,K7L8D4
100807258,I1KWT9
100807259,C6TJ13
100807260,I1KPN9
100807261,K7L9I6
100807262,A0A0R0IWG1
100807263,I1KQU7
100807264,I1KWS2
100807266,C6TFP2
100807267,I1KZJ0
100807268,I1MLE3
100807270,I1MKR3
100807275,I1KTG3
100807276,C6TGF5
100807279,A0A0R0ECK1
100807280,I1J9B2
100807281,K7MNU0
100807282,A0A0R4J2H6
100807284,C6TDT9
100807286,I1L2E0
100807287,I1J5Q8
100807288,I1L443
100807289,I1MXL2
100807290,I1MY05
100807291,I1JCW9
100807292,I1JGW6
100807295,I1L178
100807296,I1JIP9
100807298,C6TAL1
100807300,I1JGG6
100807301,A0A0R0KZW7
100807302,I1JI15
100807303,K7LJ24
100807304,K7LJ76
100807305,K7MQE4
100807306,I1JJU7
100807307,K7LKN6
100807308,I1LF83
100807309,K7MTY9
100807310,I1L9U1
100807311,K7K7S5
100807312,K7LIP9
100807315,I1LBX6
100807316,I1N2C3
100807318,K7LLG4
100807319,K7LGQ1
100807321,C6TFM5
100807322,K7MPD5
100807323,K7LHS6
100807325,A0A0R0HU94
100807328,I1JPV3
100807329,I1JQE5
100807330,I1LM15
100807331,I1JR99
100807332,I1N840
100807333,K7KBW2
100807334,I1JKD9
100807336,I1NAH2
100807337,I1JLM6
100807338,A0A0R0F4Y2
100807341,C6T7Y1
100807342,C6TD56
100807343,I1NA88
100807344,K7LMS7
100807345,K7MZK0
100807346,I1NBT2
100807347,K7KIJ3
100807349,I1JWD7
100807354,I1JYR0
100807355,I1JZ64
100807356,K7KHK3
100807358,K7KIB8
100807360,I1JT87
100807361,K7N4J1
100807362,C6TA14
100807363,I1LTU6
100807364,I1NFE3
100807365,K7LVY9
100807366,C6TE93
100807367,I1NGG8
100807370,I1K4M6
100807371,I1LPM5
100807372,I1LPR1
100807373,I1NJ88
100807374,A0A0R0JX39
100807379,I1K388
100807380,I1LT11
100807381,A0A0R4J3D2
100807382,K7KML5
100807384,I1K675
100807386,I1K0J5
100807387,I1LZU9
100807388,K7KMV3
100807390,I1M1S5
100807391,I1K0N0
100807392,K7M3J6
100807394,K7KWU4
100807395,C6TFN9
100807396,C6TC84
100807397,I1LZP8
100807398,I1KEJ9
100807400,C6T8P7
100807401,I1K9J7
100807402,I1KB25
100807403,I1M3J8
100807404,C6THU9
100807405,I1M4P8
100807406,K7M3I6
100807407,I1KEN4
100807408,I1K7F0
100807409,I1K7P2
100807411,K7KU98
100807414,K7M473
100807416,I1M6E1
100807417,I1KGZ1
100807418,K7L312
100807421,I1M7N1
100807423,I1M671
100807425,K7MDR7
100807426,K7L180
100807427,F8SMC4
100807428,I1MG30
100807431,I1MCY6
100807432,I1MCA2
100807434,K7M9P0
100807437,I1MGB1
100807439,I1KSD7
100807440,K7L6G4
100807442,I1KU46
100807443,K7L7I1
100807444,I1MMA9
100807446,A0A0R0FXX4
100807447,K7L836
100807448,K7MH28
100807449,K7L8J0
100807450,C6TBU5
100807451,A0A0R4J5J8
100807452,K7MIH4
100807453,K7L9Y2
100807454,I1MQE4
100807455,I1MKP7
100807457,I1KP74
100807458,K7MFR2
100807459,I1KQQ2
100807460,I1KRY5
100807461,I1J9D8
100807463,I1J6J7
100807464,K7L4G7
100807467,I1J823
100807468,I1MQA4
100807470,I1J8X5
100807473,I1JAA4
100807478,K7K278
100807480,K7K1W5
100807481,I1L4M5
100807483,K7MJD5
100807485,I1JGI9
100807487,I1KZV8
100807488,I1MTS2
100807490,I1L031
100807491,K7KBK1
100807492,I1JDH0
100807496,K7K8Z6
100807498,A0A0R4J442
100807501,I1N030
100807502,I1JIY8
100807506,I1LEH2
100807507,I1JDE9
100807510,A0A0R0EZH3
100807512,I1JK21
100807513,I1LDY9
100807514,I1N383
100807515,K7MUA7
100807516,A0A0R0KHS2
100807517,I1LET0
100807521,I1L8R3
100807522,I1JLS4
100807523,K7KE22
100807524,I1L9U8
100807525,I1JKA3
100807526,K7LIJ4
100807527,I1N0X9
100807528,C6T990
100807530,K7LNA8
100807531,I1JRS9
100807532,I1LHN5
100807535,I1LJH5
100807536,I1LK05
100807537,I1NBZ3
100807539,K7MXX0
100807542,I1JXA6
100807544,K7LPR8
100807545,K7KJ81
100807547,I1JWV5
100807550,I1JXD0
100807554,K7KHX0
100807555,G0T433
100807557,I1LRH3
100807558,I1LNZ9
100807559,K7N5F2
100807560,A0A0R0K7V1
100807561,C6T8G3
100807564,C6T7R6
100807565,K7LWH4
100807566,C6TDS3
100807567,I1K3Z8
100807569,Q9XIU5
100807570,I1NIQ6
100807571,K7KRV8
100807574,K7N1Z6
100807576,I1K5Q4
100807578,K7LZQ2
100807580,K7M0W9
100807581,I1K0J3
100807582,K7M2A5
100807583,K7M352
100807586,C6THH6
100807589,A0A0R0GPT0
100807590,I1KF16
100807591,E2FKI4
100807593,K7M431
100807595,I1KFJ4
100807596,I1K703
100807597,I1K981
100807598,K7KUQ7
100807599,A0A0R0JJ44
100807600,I1K7Z6
100807601,K7M5H2
100807602,I1M8Y1
100807604,I1KH35
100807606,I1KH95
100807607,A0A0R0G8E5
100807608,I1KHV4
100807610,K7M5R8
100807613,I1KK57
100807615,I1KMC2
100807616,I1KG57
100807617,I1ME21
100807618,I1KHD6
100807619,C6TAG6
100807621,K7M911
100807623,A0A0R0FVX7
100807624,K7L9T5
100807625,I1MF24
100807627,K7MBY5
100807628,I1MHL2
100807629,I1KRX6
100807631,C6SXM4
100807636,X5I168
100807637,I1KSN0
100807640,I1J4N6
100807641,I1J8H2
100807649,I1JZQ6
100807652,I1L2Z1
100807653,K7MLV8
100807654,I1L3L7
100807655,I1MRE4
100807656,I1L543
100807657,C6TH20
100807658,K7MJQ5
100807659,C6TF29
100807662,I1JFF3
100807666,I1JJE8
100807667,I1JBN1
100807672,I1JEW5
100807673,K7MVF2
100807674,I1LBD3
100807675,K7MR49
100807676,K7LGY3
100807677,I1MYS7
100807680,I1N4K0
100807682,K7KH10
100807683,I1MZV3
100807687,I1JQU3
100807688,I1LMU1
100807689,I1LI32
100807691,I1JKU9
100807692,I1LIK4
100807693,I1LG02
100807695,I1NB39
100807697,I1N7G3
100807699,I1N5Y9
100807700,I1LFX1
100807701,I1NAT7
100807702,I1LHA8
100807703,A0A0R0KJR5
100807704,I1JYQ7
100807705,I1NCA6
100807707,A0A0R4J651
100807708,I1JUT9
100807710,A0A0R0HJF2
100807711,I1LHA7
100807714,K7LVZ4
100807716,I1NFX3
100807717,I1LQN9
100807718,I1JT74
100807719,C6TGC6
100807720,A0A0R0EEL9
100807722,I1NEH6
100807726,A0A0R0JV24
100807727,I1LPM0
100807729,C6TC62
100807730,K7N0N6
100807731,K7N176
100807732,A0A0R4J389
100807734,K7KPQ8
100807735,K7N1S6
100807736,C6THS3
100807738,I1K559
100807740,I1LVQ3
100807741,K7KMN8
100807743,I1K115
100807744,I1M0G5
100807745,K7M1T5
100807746,I1M3T8
100807748,K7KXH6
100807749,A0A0R4J509
100807750,K7KTL8
100807751,C6TE59
100807752,I1M2M2
100807753,I1KAL8
100807755,I1K6W8
100807756,I1KBZ2
100807758,I1KCZ0
100807759,K7M3T0
100807760,K7KX83
100807761,I1LVN3
100807762,K7LWU7
100807763,K7LY81
100807764,I1K8D3
100807765,I1M7Y8
100807766,K7KVK9
100807767,I1MB68
100807768,K7KW79
100807769,I1MBX8
100807770,I1M6V9
100807771,K7L3P0
100807775,C6TI88
100807779,I1KNA0
100807780,I1KNR6
100807781,I1KGQ4
100807785,I1KJ18
100807787,K7MA78
100807788,K7L1H1
100807789,K7L204
100807790,I1MHX8
100807792,I1MIY3
100807794,I1KXF7
100807795,I1KYV7
100807796,I1KQU2
100807798,I1KWT3
100807799,I1KYH4
100807800,K7LAM2
100807801,I1KP22
100807802,I1MLE4
100807804,K7L4R1
100807806,K7L5H3
100807807,I1JA17
100807810,K7K5I3
100807811,I1J9B4
100807813,K7MNF8
100807814,I1MXU2
100807815,I1J590
100807816,K7LFI1
100807817,C6TEI9
100807819,I1L138
100807820,K7ML47
100807821,S4UQZ9
100807822,I1L2E2
100807823,A0A0R0F6S0
100807824,K7LEH2
100807825,I1MX41
100807826,I1MQU2
100807827,K7MNZ7
100807828,I1JGW7
100807829,K7MKH6
100807830,K7LBJ6
100807831,I1JIQ0
100807833,I1MW49
100807834,I1JBH3
100807835,K7MK10
100807836,I1JGX7
100807837,A0A0R0L657
100807838,I1LAK2
100807840,C6T863
100807842,I1LD36
100807843,A0A0R0HQK4
100807844,A0A0R0F2U5
100807845,I1L9U2
100807846,K7LIQ6
100807848,K7MPG7
100807849,A0A0R0HWP4
100807850,I1N2U7
100807854,I1N5C2
100807857,K7LHS7
100807862,A0A0R0KK01
100807863,I1MZM7
100807864,I1JPV5
100807865,I1JQE7
100807866,I1LM16
100807867,I1JRA0
100807868,K7MXQ3
100807869,I1JK09
100807870,C6TJL1
100807872,K7MZ57
100807875,K7LMK6
100807877,I1LLC8
100807878,I1LLS8
100807879,I1LMU7
100807880,C6T9H2
100807882,I1N9S4
100807883,A0A0R0EPA1
100807885,I1NBB0
100807886,I1NBT5
100807889,A0A368UIC4
100807892,I1N6N9
100807894,I1JYQ8
100807896,I1JT36
100807897,K7N2S2
100807899,I1NGI3
100807900,I1JV81
100807902,K7KK02
100807903,I1NFE9
100807904,K7LVZ0
100807905,C6ZS41
100807906,I1NGF9
100807908,I1LNR8
100807909,I1K4M7
100807910,C6TDM4
100807911,I1NJ89
100807914,I1LSG6
100807918,A0A0R0JVQ5
100807919,A0A0R4J3D0
100807921,I1JZZ2
100807922,C6TF08
100807923,I1K037
100807925,I1K1C4
100807927,I1M1S7
100807929,C6SYH7
100807931,I1LY98
100807932,I1LYU6
100807933,I1LZQ1
100807934,K7KXR5
100807936,I1M1M7
100807937,I1KB28
100807938,I1M3J9
100807939,I1M432
100807941,K7M3I9
100807942,I1KEN5
100807943,I1KF26
100807944,I1K7P3
100807946,I1K7N5
100807947,I1M680
100807948,I1KBJ2
100807950,C6T8B8
100807953,A0A0R0GI20
100807954,A0A0R0GEN7
100807955,I1KM10
100807956,K7KZK1
100807957,I1KNN0
100807959,C6TMG3
100807963,A0A368UIW8
100807964,K7MDR8
100807965,I1KJK8
100807966,I1KGT3
100807967,I1MFL7
100807968,C6TIM5
100807969,I1MCM6
100807970,K7MBQ9
100807971,I1MIE5
100807973,I1KQ10
100807974,I1MDS2
100807978,A0A0R0IXL2
100807981,I1KSY9
100807982,A0A0R0IMB6
100807983,I1KU50
100807984,I1KUL6
100807985,I1MMB1
100807986,I1KV57
100807988,I1KVP4
100807989,C6ZRX1
100807991,C6THT8
100807992,I1MPY4
100807993,I1KNX7
100807994,I1MQE7
100807997,D2DKE9
100807998,I1KQQ3
100808000,K7K4Q5
100808002,C6TGW8
100808003,A0A0R0IQG8
100808004,K7MI28
100808005,I1J4S8
100808006,I1J825
100808008,I1J8X6
100808011,K7K596
100808012,A0A0R0IFH2
100808014,I1J4N2
100808015,K7LF25
100808016,I1MT98
100808017,I1J5F5
100808018,I1L1A8
100808019,K7LEV6
100808020,I1L5L0
100808021,I1MR35
100808023,I1JD37
100808024,I1MSG5
100808025,I1KZX0
100808026,I1MTS4
100808027,I1JI06
100808028,I1JDH5
100808030,I1JDY8
100808031,I1L2D7
100808033,C6TM73
100808034,I1JHJ4
100808038,A0A0R0EWX2
100808039,A0A368UIJ7
100808041,I1LCG1
100808042,C6SXM4
100808044,C6TEX6
100808045,K7MRN9
100808048,I1LDZ2
100808049,K7MTU1
100808050,I1MZ28
100808051,I1LET3
100808052,I1N445
100808055,I1L8R4
100808056,I1JLS5
100808057,I1JMD9
100808058,I1L9U9
100808061,I1JPE8
100808064,I1LM74
100808065,K7LS51
100808066,K7MY22
100808067,I1N9T6
100808068,I1LJH7
100808070,C6THD1
100808071,I1NBZ4
100808073,I1N8C6
100808074,C6T8A4
100808078,I1LK82
100808079,K7KHF8
100808080,K7LMZ4
100808081,A0A0R0KE60
100808083,C6THK4
100808084,K7LN75
100808085,K7LVN1
100808086,K7KHX5
100808087,I1LR30
100808089,I1LRI4
100808090,I1LS13
100808093,C6TM00
100808095,A0A0R0EAL7
100808096,I1LV72
100808097,A0A0R0ECL9
100808098,A0A0R0JW59
100808099,K7LT94
100808100,I1NDE6
100808101,I1NIQ8
100808102,K7KRW1
100808106,I1J411
100808107,I1K5Q6
100808113,K7M2B0
100808114,I1M4H4
100808118,I1LZF0
100808119,I1M054
100808121,D6QX29
100808122,I1M254
100808123,C6TDU6
100808124,I1LWE2
100808125,I1K7G7
100808127,K7KSB2
100808129,K7M758
100808130,K7KUR3
100808134,K7M862
100808136,K7KZV0
100808137,A0A0R0J7H3
100808138,K7M5S1
100808139,C6TKZ0
100808141,I1KK58
100808142,C6TGG8
100808143,A0A0R0JHB3
100808144,I1KMS6
100808145,A0A0R0FWL7
100808146,I1KHD7
100808148,I1MF42
100808150,K7MC35
100808151,K7L8P6
100808153,I1MD54
100808154,K7L9T6
100808155,I1MF29
100808156,K7MAU5
100808161,I1MHT0
100808162,I1KXE5
100808163,A0A0R0FTZ3
100808164,I1J7S8
100808166,I1MMI4
100808167,I1KPA9
100808168,I1MMV6
100808171,I1J8H3
100808174,K7LE29
100808175,I1J553
100808177,I1L6W5
100808179,A0A0R0FLZ6
100808181,I1L2Z2
100808184,A0A0R0IB98
100808186,I1L636
100808187,I1MRP0
100808188,I1L702
100808189,I1JHE9
100808190,I1MRS9
100808191,K7LBA3
100808192,I1L257
100808194,K7K8H9
100808195,K7K9J7
100808196,I1JIG9
100808197,I1LB71
100808198,I1JJE9
100808199,I1LBW1
100808200,I1JBN5
100808202,A0A0R0I4X8
100808203,K7K6P9
100808206,K7MVF6
100808209,I1LBX5
100808210,I1N1R7
100808212,I1JPI9
100808213,I1L837
100808214,K7KH11
100808215,K7LHZ7
100808217,K7MQH1
100808218,I1N0Q9
100808220,I1JQU4
100808221,I1LMU2
100808222,I1LFW1
100808223,I1N976
100808225,I1LIK7
100808226,I1LJ28
100808229,K7KDI0
100808230,I1N7G4
100808231,I1N8S5
100808232,I1LFY0
100808233,I1JU51
100808235,K7KLC0
100808236,A0A0R0KGZ7
100808237,I1NCB1
100808239,C6TGM0
100808240,I1JSE7
100808241,I1N5Z9
100808242,I1JSK1
100808247,I1LUZ6
100808248,I1NFX6
100808252,I1LSG9
100808253,A0A0R0E8X8
100808254,I1LTF4
100808255,A0A0R0E971
100808256,G7Z0B6
100808257,I1NHD8
100808258,K7KQ42
100808259,I1LPM1
100808260,I1NHS2
100808261,K7LTR1
100808262,K7KRG7
100808266,I1K283
100808268,I1K2P9
100808269,C6TF55
100808270,I1K4R4
100808271,A0A0R0JYE8
100808275,K7LZ98
100808276,K7KNB1
100808278,I1M2H1
100808279,H9TN51
100808281,I1K885
100808282,I1LW61
100808283,I1K903
100808284,I1K9J8
100808285,I1KA29
100808286,C6TAQ2
100808287,C6SY95
100808288,I1M324
100808289,K7KV66
100808291,I1KCG8
100808292,A0A0K2CTQ7
100808293,I1KDF3
100808294,C6TGT5
100808297,K7KT84
100808299,I1KC77
100808300,I1M692
100808302,I1MBY0
100808303,A0A0R0GGH8
100808305,K7M5H6
100808307,C6TIG3
100808308,C6TFD9
100808310,I1KLC3
100808311,I1KG71
100808312,I1KNS0
100808315,K7KZZ1
100808316,K7MDH1
100808317,A0A0R0J241
100808318,A0A0R4J5H1
100808319,I1MEN2
100808320,I1KGQ7
100808321,I1MHY1
100808323,I1MIY4
100808324,I1KPW6
100808325,K7ME20
100808326,I1KXF9
100808327,K7LAK3
100808328,I1KQT9
100808329,I1MLT0
100808330,C6TDG9
100808331,I1KYH7
100808333,G3ECQ7
100808334,G7Z0A7
100808335,I1MLE5
100808336,I1KPZ3
100808337,K7K3X8
100808340,I1JA20
100808342,I1MN46
100808343,I1JAQ9
100808344,K7L7L4
100808345,I1MLC7
100808347,I1J9B6
100808349,K7MNG0
100808350,I1MXU3
100808352,K7LFI2
100808357,I1L1V4
100808358,I1L2E3
100808359,I1MRA6
100808360,K7LEH3
100808361,C6THT1
100808362,I1MY10
100808363,I1JG74
100808364,I1MT69
100808365,A0A0R0IAE9
100808366,K7LBW7
100808367,A0A0R0L2E0
100808370,I1JEH3
100808371,K7MK03
100808372,C6TA05
100808374,I1JBT3
100808375,C6TH97
100808378,K7MQE5
100808379,C6TEX2
100808383,C6TDV2
100808385,I1JCG9
100808386,C6TEB0
100808387,I1LDF2
100808388,I1N2U8
100808389,I1LEF5
100808391,C6TDR1
100808392,I1N5C3
100808393,I1MYN3
100808394,I1JR12
100808396,K7MPR6
100808399,I1JNE0
100808400,I1JNY7
100808402,C5H0F1
100808403,I1JQE9
100808404,I1LM18
100808405,I1JRA4
100808408,K7KBW3
100808409,I1NAH9
100808412,K7LQ97
100808414,C6TMS4
100808415,K7LMN0
100808416,K7LRS4
100808417,I1N989
100808418,I1N9S6
100808420,I1NBB4
100808421,I1NBT8
100808422,I1LIR6
100808425,I1JWE5
100808426,K7LN24
100808427,I1JSV9
100808430,I1JYQ9
100808432,K7KHL0
100808433,A0A368UJD8
100808435,I1JV83
100808436,K7N4K1
100808438,I1NFF3
100808439,A0AA51VKM9
100808440,I1NGG3
100808443,K7KR05
100808445,I1NJ90
100808446,K7N0X7
100808448,K7LUV2
100808451,I1LQ93
100808453,C6TD98
100808454,C6T963
100808455,K7KN09
100808456,K7M068
100808459,I1M1S8
100808460,I1K0N1
100808461,I1LXD9
100808463,I1LYA1
100808466,I1LZQ2
100808467,I1KEK2
100808469,A0A0R4J3F6
100808472,I1M4J8
100808473,I1M540
100808476,K7KSR9
100808478,I1K9V6
100808480,I1KBJ5
100808482,I1MBQ9
100808483,I1M9E4
100808485,C6TCW6
100808486,I1MB05
100808488,K7L411
100808490,I1KJ12
100808497,I1MG34
100808498,I1MGI7
100808499,K7MBR4
100808500,C6TJB2
100808501,I1MCB0
100808502,I1MDS4
100808505,I1KZM2
100808506,C6TJQ3
100808507,K7L6T7
100808508,I1KU18
100808509,C6TH04
100808511,I1MK60
100808512,I1KVP5
100808514,C6TH00
100808515,A0A0R0G344
100808516,C6TAS7
100808518,I1MKQ1
100808520,I1KP78
100808521,K7MFR5
100808522,I1KQQ6
100808523,I1KP95
100808524,K7K4Q6
100808525,I1MLB0
100808526,I1J6K4
100808528,I1MPL5
100808529,C6TDG4
100808530,C6TII0
100808531,I1MQA9
100808532,I1L0N1
100808533,K7K4G6
100808537,C6TD71
100808539,I1J4N4
100808540,K7LF27
100808541,K7MKK5
100808542,I1L1B0
100808546,I1MWM9
100808547,I1L4M7
100808548,I1JFY2
100808549,I1L5L1
100808550,I1MR39
100808551,I1L6J2
100808552,I1JGJ5
100808553,I1MSG8
100808554,A0A0R0I967
100808555,I1MRU0
100808556,K7KAM3
100808557,I1MQV6
100808558,I1JJG6
100808559,I1JBB4
100808561,K7K7H6
100808564,I1JFY8
100808567,C6T3M9
100808568,I1JIZ2
100808570,I1LCG2
100808571,K7MPA6
100808573,K7K7F4
100808574,I1LAW9
100808575,I1N192
100808577,C6TBT3
100808578,I1LCX5
100808580,A0A0R0F3S5
100808581,I1JMU6
100808582,I1LET5
100808583,I1N446
100808584,I1N4K1
100808586,I1JQ94
100808587,I1L8R9
100808588,I1JLS6
100808589,C6TNN8
100808591,I1JMZ6
100808592,I1L7F3
100808596,I1LM78
100808597,I1JRT4
100808598,I1LNJ4
100808599,A0A0R0EL31
100808600,K7MYR1
100808602,I1LK18
100808603,K7MZY4
100808604,C6THB9
100808605,K7MXX1
100808606,I1LME0
100808608,I1LI29
100808609,I1JVB3
100808610,I1JWV8
100808611,I1LLG0
100808614,I1LTQ6
100808615,I1JTH7
100808617,I1NH80
100808618,I1LRI3
100808619,K7LSE0
100808621,K7LUZ1
100808625,K7KQH9
100808627,D0FZ21
100808628,K7KRW8
100808629,K7LUC5
100808632,I1K5Q5
100808634,K7LZQ5
100808635,I1M135
100808644,I1M057
100808645,I1KF23
100808646,I1M253
100808650,K7KSB5
100808651,K7KTT6
100808653,I1KAN5
100808657,C6T7V7
100808659,I1KLJ5
100808660,C6TA30
100808661,A0A0R0G8H3
100808662,I1KHV8
100808663,I1KIF8
100808666,C6TNS0
100808667,C6TB38
100808668,I1KG32
100808669,I1KMS7
100808670,K7MCZ3
100808673,I1MF50
100808675,A0A0R0GB23
100808676,I1KPU6
100808678,I1KXT7
100808680,I1MFP0
100808683,I1KWS8
100808684,I1KXE6
100808685,K7K360
100808689,I1J8L6
100808690,I1KSN8
100808691,A0A368UHP7
100808692,K7L776
100808693,A0A0R0L947
100808694,I1L0R1
100808695,I1J514
100808698,I1JAU1
100808700,I1L6W9
100808701,I1MTS6
100808703,I1MV29
100808704,C6TH90
100808705,C6TG91
100808706,K7LF69
100808707,I1MXL5
100808711,K7MJQ7
100808712,I1L710
100808713,K7KA77
100808714,K7MLC5
100808717,I1JFF9
100808718,C6TD47
100808720,I1MZV2
100808721,I1JIH0
100808722,I1JJF1
100808724,I1JBN6
100808726,K7LL43
100808727,K7MTC8
100808728,K7K1W0
100808729,K7MUJ7
100808730,K7LGU3
100808731,A0A0R4J2M8
100808733,I1LBD4
100808734,I1N0W0
100808736,A0A0R0I5R9
100808737,I1N1R8
100808738,H9D2G5
100808739,I1LFA4
100808741,K7LH23
100808743,K7LHC5
100808745,I1MZJ4
100808747,C6TLT3
100808748,C6TCP3
100808749,I1LIK6
100808750,C6T9T6
100808752,I1NB55
100808753,K7KDI2
100808754,I1N8S8
100808756,I1LFY6
100808758,I1NAT9
100808759,K7LN67
100808760,I1JXW3
100808761,I1JYS9
100808763,K7LPC3
100808765,C6TAP1
100808766,I1N600
100808770,I1LUZ8
100808771,I1NFX7
100808774,I1NIL2
100808775,I1LSH4
100808776,C6TC28
100808777,I1LTF5
100808779,I1LTV2
100808780,I1NHE1
100808783,I1NHS3
100808785,K7KRG9
100808787,A0A0R0EH27
100808788,I1K188
100808790,A0A0R4J3A8
100808791,I1LQ25
100808795,I1K479
100808796,C6TL92
100808797,I1NDX8
100808799,K7LXT1
100808800,K7KMP2
100808801,K7LZ99
100808802,I1M0H1
100808803,I1M2H3
100808804,I1M3U1
100808805,I1M5X5
100808807,K7KXH7
100808808,I1M144
100808809,I1K905
100808811,K7KUE8
100808812,A0A0R4J4T7
100808814,I1M325
100808815,I1KBH7
100808817,K7KVT7
100808818,C6TFK8
100808819,K7KWL3
100808820,I1KE09
100808822,K7LXQ0
100808824,I1K7S2
100808826,A0A0R0JJT9
100808827,I1MBY1
100808829,K7L3P5
100808830,K7M5H5
100808831,I1M743
100808832,I1M9L1
100808834,I1M628
100808835,I1KLC4
100808837,I1KNA2
100808840,I1ME56
100808847,I1KGT4
100808850,K7L8E0
100808851,I1MIY5
100808852,I1MJE9
100808855,I1KYX5
100808856,I1KQU3
100808859,I1KSZ0
100808860,I1MLT2
100808861,I1KW97
100808862,A0A0R0J4I6
100808863,I1KZ04
100808865,I1MLE6
100808867,K7L4R9
100808872,I1JA22
100808873,K7L6T2
100808877,I1MP18
100808879,K7K4N6
100808880,K7MMY8
100808881,K7MNG1
100808882,I1MXU4
100808883,I1J5A3
100808885,I1MSV1
100808887,A0A0R0ID06
100808888,A0A0R0I572
100808889,A0A0R4J428
100808892,C6T7J7
100808896,I1L180
100808898,K7MLZ6
100808899,K7K7V7
100808901,I1JEY0
100808902,K7LD94
100808904,C6SXB3
100808905,I1JI23
100808907,I1JJV5
100808910,K7K6C7
100808911,I1LF92
100808912,I1N3G0
100808914,I1N0J2
100808915,I1JFJ4
100808917,K7LKW0
100808918,A0A0R0FCN2
100808919,K7KE84
100808920,I1LEF6
100808921,I1N3R1
100808922,K7LGQ5
100808923,K7MV89
100808924,K7MP66
100808926,I1JR18
100808927,K7LHT0
100808928,I1MZC1
100808929,A0A0R0HZ66
100808931,I1JNE4
100808932,I1JNY9
100808933,I1JPE9
100808934,C6TI90
100808935,I1JQF1
100808936,K7LR91
100808937,I1JRA5
100808939,I1N846
100808940,I1JK11
100808941,I1NAI0
100808943,I1NCR1
100808947,K7LR08
100808948,I1LMV1
100808949,I1N607
100808950,I1LNB9
100808951,I1N9S7
100808952,I1NA92
100808954,K7MZK2
100808955,I1NBU1
100808957,I1JUD5
100808959,K7KK87
100808961,I1JXD2
100808963,A0A0R0EJ26
100808966,I1JZ72
100808967,K7KHL1
100808968,K7N2S4
100808970,A0A0R0ECK5
100808971,I1LR31
100808975,I1NFF6
100808976,I1LU99
100808977,K7N372
100808979,K7N3H9
100808980,I1LNS2
100808981,I1K4P1
100808983,C6TGD4
100808986,I1K395
100808989,C6TAQ0
100808990,C6TI76
100808991,K7KN11
100808992,K7M070
100808999,K7LZH4
100809001,I1LZQ3
100809002,I1K8P7
100809003,I1M0M1
100809005,I1M1Q6
100809006,C6TMQ6
100809007,C6T8F4
100809008,K7LXB2
100809009,I1M4N8
100809010,I1LWF9
100809011,I1M616
100809013,I1KF31
100809015,I1K7P6
100809016,I1K9W3
100809018,I1M850
100809019,I1MBR0
100809023,I1MAH8
100809024,I1KM15
100809025,K7L3D5
100809026,I1KNN4
100809028,I1KJ13
100809031,C6TG77
100809032,A0A0R0IXT8
100809033,I1MJ08
100809035,C6TJA3
100809036,I1MG33
100809037,I1MGI8
100809038,K7M951
100809039,I1MCB5
100809041,K7M9P2
100809043,K7LA88
100809045,K7LAY7
100809048,C6SWT2
100809049,I1KUM0
100809050,C6TGE4
100809051,I1MMS2
100809052,K7L838
100809053,C6TNC5
100809054,I1JD07
100809056,K7MII0
100809057,I1MQF2
100809060,K7L4D0
100809062,I1KQQ7
100809063,I1KRY8
100809064,K7K4Q7
100809065,A0A0R0FQK7
100809066,C6TIN6
100809067,K7MI40
100809069,A0A0R0LGF0
100809070,K7MIS3
100809071,C6THI3
100809074,K7K599
100809075,I1L3Y5
100809078,I1L4Y2
100809080,K7LC03
100809082,I1L2Z8
100809083,I1J6S7
100809084,A0A0R0FQ00
100809085,I1L4M9
100809087,I1L5L3
100809090,A0A0R0FJU9
100809091,I1KZX5
100809093,I1JI08
100809096,I1JDH6
100809097,I1JBD7
100809099,K7K8Z9
100809100,K7MQ49
100809101,I1L922
100809103,I1N1R5
100809105,I1JIZ7
100809107,I1LEI3
100809111,I1L7S6
100809112,K7MPD4
100809114,I1LCD2
100809116,K7LL70
100809117,I1N389
100809118,I1JMU8
100809119,I1LET6
100809120,I1N447
100809121,C6TL24
100809122,I1JNW2
100809123,I1JQ95
100809125,I1JLS7
100809128,I1JMZ7
100809132,K7MXC3
100809133,I1LM79
100809135,K7LS56
100809136,I1N8M6
100809137,I1N9T8
100809138,I1JLI8
100809140,I1NBZ6
100809142,I1N7G6
100809143,I1N8C9
100809144,I1LME4
100809147,I1JU76
100809150,I1JVB5
100809152,I1JVV3
100809154,K7KKP2
100809155,I1LH79
100809157,K7KLB7
100809159,I1JTH8
100809161,K7N413
100809162,I1LRI6
100809163,A0A0R0HH51
100809164,A0A0R0EFT2
100809168,C6TI07
100809171,I1NCV3
100809172,I1K689
100809182,I1K0Q7
100809183,I1M4I3
100809186,I1K8E6
100809188,I1M058
100809190,K7LY00
100809191,I1K709
100809194,K7KUR9
100809195,I1K7U1
100809196,K7KWE5
100809198,I1M8Y5
100809199,I1KLJ6
100809200,I1MBI5
100809201,I1M703
100809202,C6TGL3
100809205,I1KJL2
100809207,I1KG14
100809208,K7KZK3
100809212,I1MHF8
100809217,I1MF32
100809222,C6ZRP7
100809223,K7M8R8
100809224,I1KXE7
100809225,K7MEG8
100809228,I1MMD3
100809230,K7K491
100809231,I1KSP1
100809233,I1J8I2
100809235,C6TAJ5
100809236,K7MN58
100809239,I1L6X3
100809240,I1MTS7
100809241,I1MR41
100809242,C6TFW8
100809243,C6T9M3
100809244,I1MVI7
100809245,I1L3N3
100809246,I1L549
100809247,I1MXL6
100809248,I1JCU4
100809249,K7LFV1
100809250,K7MJQ8
100809251,K7LGH1
100809254,K7LCG1
100809257,I1JFG1
100809258,I1JGG9
100809260,C6TNU9
100809262,I1LBW9
100809265,I1LDT9
100809266,I1N0E2
100809268,I1L9V0
100809269,C6TIZ5
100809270,I1L7P6
100809271,K7MVG3
100809272,I1LBE1
100809273,K7MR54
100809275,I1LBX9
100809276,A0A368UGK7
100809277,I1N2D3
100809278,K7KES8
100809279,I1LFA9
100809281,I1L849
100809282,K7KH13
100809283,I1L9I4
100809284,I1MZV8
100809285,K7MQZ4
100809287,A0A0R4J315
100809289,I1LI35
100809292,I1LIK8
100809293,I1LJ29
100809295,C6TM56
100809298,I1N7X2
100809300,I1JWL5
100809301,I1LGL8
100809303,A0A0R0F1E4
100809304,I1LHC6
100809305,I1JXW7
100809306,K7KLY1
100809307,K7N054
100809309,I1NCT6
100809310,I1JUU2
100809311,K7MVZ4
100809312,K7LQD3
100809314,I1JYB9
100809316,I1LQM5
100809318,K7KIU3
100809321,I1JVS0
100809322,I1LSH5
100809323,I1ND35
100809324,I1LTF6
100809325,I1ND53
100809326,C6TI53
100809327,I1NH00
100809329,A0A0R0HA10
100809331,I1LRC6
100809332,I1K5H4
100809333,C6T981
100809335,I1ND40
100809336,I1K195
100809339,I1K2Q5
100809340,I1K3Q1
100809343,I1K4Q5
100809345,K7LXT3
100809346,K7KMP5
100809347,K7LZA0
100809351,K7M401
100809353,K7KXI2
100809354,I1M146
100809355,I1K907
100809356,I1K9J9
100809357,I1KA32
100809358,I1M2M9
100809359,I1KAM0
100809361,K7KV68
100809363,A0A367GKN3
100809366,I1K795
100809368,C6TIH4
100809369,C6T818
100809371,A0A0R0JPR5
100809372,I1MB74
100809375,I1M6U2
100809377,I1KN07
100809378,I1M8G0
100809381,I1KKS3
100809382,I1KLC6
100809384,C6TKH0
100809385,I1KNS5
100809386,I1KGA6
100809388,I1KGG9
100809389,I1MEN3
100809390,K7L1H4
100809392,K7MBS1
100809393,I1MCV8
100809394,A0A0R0IPL8
100809395,A0A0R0FUV4
100809397,C6TEH5
100809399,I1KYX6
100809400,C6TI51
100809401,I1KRE8
100809403,I1KSZ2
100809404,A0A0R0FV78
100809406,I1KXZ0
100809407,K7LAA9
100809408,I1KZ08
100809409,I1KZJ6
100809410,I1MKL8
100809411,C6TIL1
100809412,K7L4S6
100809413,I1MM78
100809415,I1KRA2
100809416,A0A0R4J5C5
100809419,K7MH02
100809421,K7L7L8
100809422,K7L801
100809424,I1J9C0
100809426,K7MNG5
100809427,A0A0R0FI60
100809428,I1J5A4
100809429,I1L5M9
100809430,C6T9R6
100809432,I1L672
100809433,A0A0R0ICH4
100809435,I1MW14
100809437,K7MND2
100809439,I1L6J4
100809442,I1L0M2
100809444,I1JIQ6
100809446,K7MJV8
100809447,I1JEH5
100809448,I1MW52
100809450,I1L0J1
100809452,I1JGY5
100809454,C6THV8
100809455,I1L945
100809456,I1L969
100809457,I1N055
100809459,K7K6C8
100809460,A0A0R0I0N7
100809465,K7LGZ4
100809467,A0A0R0FA54
100809469,C6TCY7
100809470,K7LGQ6
100809471,A0A368UGP3
100809473,K7KGI9
100809478,I1JNE6
100809479,I1JNZ0
100809481,I1JKF4
100809482,K7KFX7
100809483,C6TGD8
100809484,M4GQK9
100809487,A0A0R0KJL9
100809488,K7KC87
100809489,I1NAI1
100809491,I1LL18
100809492,C6T8M8
100809495,C6TMI5
100809496,I1N992
100809497,A0A0R0HW24
100809498,I1N9S8
100809499,D2DKE7
100809500,I1LGP9
100809501,I1NBB5
100809502,I1NBU5
100809503,I1LIR9
100809504,I1JUD7
100809505,A0A0R0EIJ3
100809509,I1N7J0
100809510,I1JYR2
100809511,A0A0R0KHL3
100809512,K7KHL2
100809513,K7N2S7
100809514,A0A368UI82
100809515,I1NGK0
100809516,A0A0R4J4I4
100809517,I1JV86
100809518,I1NHY3
100809519,I1NFF9
100809520,I1LUA3
100809521,K7N375
100809522,I1LUQ2
100809523,I1NGG1
100809524,K7KPT1
100809525,I1LNS3
100809526,I1K4P2
100809527,I1NIR2
100809529,K7LUH7
100809530,I1LQ56
100809531,C6T925
100809532,I1LT12
100809533,I1NEJ3
100809534,I1K565
100809535,K7KRK6
100809536,I1K681
100809537,K7KN13
100809538,A0A0R0GPF9
100809539,A0A0R0JPE9
100809546,I1LYA4
100809547,I1LYU9
100809549,C6TG64
100809550,I1KEK3
100809551,I1M0M2
100809553,I1M1V8
100809554,I1KB37
100809555,C6ZRT4
100809556,A0A0K2CTA4
100809557,I1LWE5
100809558,I1M541
100809559,K7KW48
100809560,I1M618
100809561,A0A0R0JSH1
100809562,K7KY45
100809563,K7KYE8
100809565,K7KUB2
100809566,K7KST8
100809568,I1MBR5
100809569,I1M9F0
100809573,K7L417
100809575,K7L0P9
100809580,K7MDR9
100809582,C6TLW3
100809583,I1MGI9
100809584,A0A0R4J5H2
100809585,K7M8Q8
100809587,I1MDS9
100809588,I1MEG0
100809590,I1KQC1
100809592,I1KTJ3
100809593,I1KU26
100809594,I1KUM2
100809595,I1MMB5
100809596,I1KV60
100809597,I1MMS3
100809598,I1KVQ2
100809600,I1MNQ2
100809601,I1KWU0
100809602,K7MES8
100809603,I1MKJ8
100809605,K7L4D1
100809607,I1KP66
100809609,A0A0R0LD86
100809610,A0A0R0LD87
100809612,I1MPL7
100809613,I1J4S9
100809614,K7K3Y4
100809615,I1MLG3
100809616,A0A0K2CTJ3
100809617,I1L0T4
100809618,C6T9P2
100809620,K7LBT2
100809622,I1L4Y3
100809623,A0A0R0F9M4
100809626,I1MUL4
100809627,I1L2Z9
100809628,I1L4N0
100809629,I1JCR1
100809630,I1L5L5
100809631,I1MR51
100809633,A0A0R0GYA5
100809634,I1KZX8
100809635,I1MTT6
100809637,A0A0R0FD66
100809638,I1JJH3
100809639,I1JDI1
100809640,K7MM51
100809641,K7K7I2
100809643,K7K904
100809644,A0A0R0FBC1
100809646,I1N1N3
100809648,I1JBZ8
100809649,A0A0R0EXE0
100809651,C6TGQ2
100809654,I1JCB7
100809656,I1LAX4
100809657,I1N195
100809659,K7LKA4
100809662,A0A0R0KKI0
100809663,I1LEU0
100809664,I1N448
100809666,I1JQ96
100809667,C6T891
100809668,C6TIQ5
100809669,I1L8L5
100809670,K7KEK6
100809674,I1LM80
100809675,I1JRT6
100809677,K7MY29
100809678,K7MYR2
100809679,C6TFT2
100809680,I1NBZ7
100809683,I1N8D1
100809684,I1LME3
100809686,I1LI36
100809687,I1LK84
100809690,A0A0R0K7N5
100809691,I1JWW5
100809693,A0A0R0KAP7
100809695,I1LNU1
100809696,K7N417
100809697,K7LTV8
100809698,I1LS23
100809699,I1NE46
100809700,I1LT08
100809703,I1LV79
100809704,I1K404
100809706,A0A0R0ENW6
100809712,I1J425
100809716,I1K0A9
100809717,K7LXZ7
100809718,K7M2B8
100809720,K7M356
100809722,I1LVW3
100809726,I1M065
100809727,I1M259
100809729,A0A0R0JA31
100809730,K7KTT9
100809732,I1KAP9
100809733,I1MAP4
100809734,I1KCR2
100809736,I1M8G5
100809737,I1KH38
100809739,I1MB11
100809740,A0A0R0JD00
100809742,I1KHW3
100809743,I1KIG3
100809744,K7M5S4
100809745,I1KJL3
100809746,I1KK72
100809747,I1KLV7
100809749,A0A368UI32
100809750,I1MF56
100809752,K7L967
100809753,K7M9A8
100809755,I1MF33
100809756,I1MFP9
100809759,K7MCG3
100809761,I1J4E8
100809762,K7MEH0
100809764,I1MKV6
100809766,K7K4A0
100809768,K7L778
100809769,A0A0R0LC97
100809770,K7K4Y8
100809774,I1J5D0
100809776,K7MKW1
100809777,I1MU80
100809778,I1J5M4
100809779,I1MV22
100809780,I1MVI9
100809781,I1L3N4
100809782,K7LF76
100809783,K7MNN1
100809785,C6SV66
100809786,C6TDW9
100809788,I1MRR5
100809789,I1L715
100809790,I1JHF8
100809792,I1L062
100809796,I1JIH2
100809798,C6TIL0
100809800,I1JC59
100809803,I1LDU2
100809808,I1LAB8
100809809,A0A0R0F5Q2
100809810,K7LJM2
100809811,I1MYK3
100809812,I1JCK5
100809813,I1N1S3
100809814,I1MYX3
100809815,I1LFB0
100809816,K7KFR6
100809817,A0A0R0HNI7
100809821,K7MQZ6
100809823,I1JQV1
100809825,I1LI39
100809826,I1N6Z2
100809828,I1LFY1
100809829,K7LP39
100809831,A0A0R0HG21
100809832,A0A0R0ERF2
100809838,I1JWZ6
100809839,I1NAU2
100809840,I1LHC7
100809841,I1JXX1
100809843,I1NCB4
100809844,K7LPD0
100809845,K7N0H2
100809846,I1JUU4
100809847,A0A0R0EGY8
100809848,K7LQD4
100809850,C6TIU9
100809851,C6T9H6
100809853,I1LV04
100809854,I1NFY6
100809858,K7KHW4
100809859,I1LP28
100809860,I1NEI7
100809861,K7LSI5
100809862,C6TEG9
100809864,I1NH01
100809865,K7KQ45
100809866,K7LST0
100809867,K7N4G3
100809868,I1K5H9
100809869,I1NJ95
100809870,I1LS18
100809872,I1K198
100809874,I1JZK8
100809875,C6TDR7
100809876,C6T901
100809877,K7KQN8
100809878,C6TJ07
100809881,I1LX18
100809882,K7KMS0
100809885,I1M0I4
100809887,K7M2Q0
100809888,K7M402
100809891,I1K908
100809892,I1K9K2
100809893,I1KA34
100809895,C6SX33
100809896,I1M329
100809897,C6TDF7
100809898,I1KCH4
100809899,A0A0R0GZ30
100809900,C6T7N3
100809901,I1KE11
100809902,I1LWW7
100809903,K7LY86
100809904,I1K8F5
100809906,K7KVL2
100809908,I1KD31
100809915,I1KLC9
100809916,I1MA92
100809918,A0A0R4J3M1
100809919,K7KZ65
100809921,I1KI31
100809923,I1MEI2
100809924,I1MEN6
100809925,I1MG38
100809926,I1MCR0
100809927,I1MHY4
100809929,K7MDN1
100809931,I1MJF2
100809934,I1KRE9
100809936,I1KSZ3
100809937,I1MLT5
100809938,K7L8K6
100809940,I1KYI4
100809941,C6T951
100809942,I1KZ06
100809943,I1KZK2
100809944,I1J7J8
100809945,K7L4T2
100809947,K7K3Y3
100809950,K7K550
100809952,K7MH05
100809953,I1JAS1
100809954,K7L7M1
100809955,I1MP20
100809956,A0A0R0IQG9
100809958,I1J9C1
100809960,I1MWP6
100809961,C6T642
100809963,K7K1I5
100809965,I1MSV7
100809967,K7LFX4
100809968,K7LC06
100809969,I1L1W0
100809971,I1MW17
100809972,I1L456
100809973,A0A0R0FG75
100809975,A0A368UII4
100809976,I1L6J5
100809978,I1MT82
100809979,I1L0M4
100809982,I1MVN4
100809983,C6TJC8
100809984,I1MS80
100809985,C6T994
100809988,I1JGY9
100809989,I1JI26
100809991,I1N2C5
100809992,K7LKR0
100809996,I1JCD3
100809998,I1LCY2
100809999,I1LDG0
100810000,C6TM43
100810001,I1LE03
100810002,I1LEF8
100810003,C6TN79
100810004,I1N4K3
100810005,I1L899
100810006,I1N4Z1
100810007,K7MVJ6
100810008,I1MYP1
100810009,I1JR26
100810010,I1MZD5
100810011,A0A0R4J4F2
100810012,K7KEY3
100810013,I1JNZ1
100810015,I1JPF2
100810016,I1JPW2
100810018,I1LM20
100810019,I1JRA9
100810026,I1LL46
100810027,I1LLT3
100810029,A0A0R4J600
100810030,K7MZ16
100810031,I1LGQ0
100810032,I1NBB7
100810033,I1NBU6
100810035,I1JUD9
100810036,I1JVC5
100810038,I1JWF0
100810041,I1N7J7
100810042,I1JYR4
100810043,I1JZ69
100810044,I1JSS9
100810046,I1JU38
100810047,K7N3K0
100810048,I1LR32
100810049,I1NB12
100810052,I1NFG0
100810053,I1LUA5
100810054,A0A0R0H896
100810057,I1LNS5
100810058,I1NHE4
100810059,K7KR11
100810060,C6T9C8
100810061,I1LRS5
100810062,I1LPZ3
100810065,I1K398
100810067,I1K564
100810070,C6TC32
100810071,I1K0K4
100810072,K7M075
100810074,I1LX95
100810076,I1M570
100810078,I1KDN1
100810079,I1LYA8
100810081,C6T8K7
100810082,C6SXI7
100810086,C6SXA3
100810087,K7M2I5
100810088,I1M442
100810089,I1M4Q0
100810090,I1LVJ1
100810093,I1KFK3
100810094,I1K9X7
100810095,I1MAH0
100810098,I1M8Y7
100810099,I1M9F2
100810101,I1M9Z5
100810102,C6TJN2
100810103,A0A0R0G709
100810104,K7L326
100810105,K7L423
100810107,I1KMC7
100810108,I1MRP4
100810110,K7MD97
100810111,K7L0D9
100810114,I1MFM1
100810115,I1MGJ5
100810116,I1MHF9
100810117,I1MIG3
100810120,I1MDT0
100810122,I1KYE3
100810124,I1KZM7
100810125,K7L5V1
100810127,A0A0R0IWM0
100810128,I1KUM3
100810129,I1MMB6
100810130,I1KV61
100810131,K7MGL5
100810132,A0A368UHT5
100810133,A0A0R0FJW7
100810134,I1MNQ3
100810135,I1KWU1
100810137,I1MPZ6
100810143,I1KQR0
100810145,K7K4Q9
100810146,I1J4K9
100810147,C6TI66
100810148,A0A0R0FS66
100810149,I1J4T0
100810153,K7K117
100810155,I1JAB3
100810156,I1L0Y2
100810157,I1L4D2
100810158,I1J4P2
100810159,I1L4Y6
100810160,I1MTA6
100810163,C6T7W9
100810164,I1L307
100810165,I1J6T0
100810166,I1L4N1
100810167,C6T8Q7
100810168,I1MR54
100810169,A0A0R0KTM3
100810170,I1MSH3
100810171,K7LB63
100810172,I1MTT8
100810174,K7KBK7
100810176,I1JE03
100810178,I1JBN0
100810179,I1MYE0
100810180,I1LAG4
100810181,I1N1N4
100810186,I1N0F4
100810187,K7K735
100810189,C6T8L1
100810190,A0A0R4J461
100810191,I1LBY0
100810192,I1N197
100810195,I1N390
100810196,I1L867
100810197,K7MUK8
100810201,A0A0R0KG07
100810202,K7KE29
100810203,I1L9V1
100810205,I1N0Y4
100810206,K7MRQ5
100810209,I1JRT8
100810212,I1N9U4
100810213,C6TII6
100810214,I1LK27
100810215,K7MZY5
100810216,C6TIA1
100810217,I1N7G7
100810218,I1N8D3
100810221,K7LPS2
100810223,A0A0B4SWQ8
100810225,K7MWV6
100810226,K7KLC4
100810227,K7KHX7
100810228,I1LQP7
100810230,C6T972
100810231,I1LS25
100810232,I1NJB8
100810233,I1JTJ3
100810234,I1LT09
100810236,I1LV78
100810237,K7KQI5
100810238,I1LQL7
100810239,I1NIA1
100810240,I1K695
100810241,A0A0R0H460
100810243,I1K3Q2
100810249,I1M4I7
100810254,I1JWF5
100810255,A0A0R0GYD9
100810256,C6ZRV2
100810258,I1M261
100810259,I1LWM4
100810262,I1K988
100810264,A0A0R0JLF7
100810266,I1KCR4
100810269,I1MB13
100810270,I1KLK0
100810271,I1MBY3
100810272,K7M4P5
100810273,C6THA8
100810274,I1KIG6
100810276,I1KJL9
100810277,I1KK52
100810278,I1KLV9
100810283,K7M995
100810284,K7L9U3
100810285,K7MAI5
100810286,K7MAV0
100810287,I1MGW7
100810288,I1MHA4
100810291,I1KXF0
100810295,K7K3Q3
100810297,I1KSP9
100810300,I1J4X2
100810302,I1L3J4
100810303,I1MSL3
100810304,C6TG23
100810305,I1J5Z3
100810307,A0A0R0FKU0
100810309,A0A0R0L7X0
100810313,K7LF74
100810314,K7MNN3
100810316,I1MRL4
100810317,A0A0R0IJF6
100810318,K7MJQ9
100810319,I1L723
100810320,I1JHG0
100810325,I1JFG5
100810326,A0A0R0KW93
100810328,I1JHJ8
100810329,I1LB84
100810330,K7K6E0
100810331,I1LBX1
100810332,A0A368UNA6
100810333,A0A0R0KR39
100810335,C6T7C2
100810337,I1JCU9
100810338,C6TKI3
100810341,K7MR59
100810344,I1JNA2
100810345,I1LFB2
100810346,I1JPJ5
100810347,I1L868
100810348,I1JRW1
100810349,A0A0R0I1K1
100810353,C4TP24
100810354,C6TD32
100810355,I1N996
100810356,A0A0R0KEA6
100810357,I1LIL1
100810360,I1LJI7
100810362,I1JLU9
100810363,I1LGB1
100810365,C6T729
100810366,I1LMV9
100810368,I1LNC3
100810369,I1LG03
100810371,I1LHC8
100810373,K7KLY3
100810374,A0A0R0ESK5
100810376,K7N0G8
100810377,I1JUU5
100810379,K7LQD5
100810380,A0A0R0EU75
100810381,I1JXD7
100810383,I1JSZ4
100810385,A0A0R0H886
100810390,I1NIL6
100810391,I1JTF1
100810392,A0A0R4J4T3
100810393,C6TED8
100810394,I1LTF8
100810395,I1NEZ6
100810397,I1NDA5
100810400,K7N4G4
100810401,I1LRD3
100810402,K7KRH7
100810403,A0A0R0EFS3
100810405,I1K1A1
100810407,I1LSR5
100810408,C6T603
100810409,K7N1T2
100810412,I1K5R0
100810414,I1LYJ2
100810415,A0A0A7A5C5
100810417,K7M2Q2
100810418,I1LVS5
100810419,I1K910
100810421,I1KA36
100810422,K7M1W4
100810423,I1KAM1
100810424,C6T7C3
100810425,A0A0R0JHD5
100810427,I1M544
100810429,I1M5K5
100810430,I1KDG6
100810431,I1K796
100810432,I1LW39
100810435,K7KT98
100810439,I1K7W9
100810440,I1M6C5
100810441,K7L3Q3
100810442,I1M8G3
100810444,K7M609
100810445,I1M663
100810446,I1M9L4
100810447,K7L267
100810448,I1M7D7
100810449,I1KLD4
100810450,A0A0R0GMI8
100810451,C6TE56
100810452,C6T8B0
100810453,K7KZ66
100810455,A0A0R0IZU5
100810456,I1MEB0
100810457,I1MJE4
100810459,K7L1H5
100810460,K7MBT3
100810461,I1MHY6
100810464,I1KPU4
100810465,C6TLG3
100810467,I1KQV6
100810468,A0A0R4J5B5
100810469,I1KSZ7
100810471,I1KWB8
100810472,C6T8N5
100810473,C6T847
100810474,I1J4F4
100810475,I1KZ09
100810476,I1KZJ9
100810477,K7MFC0
100810481,I1KRA7
100810482,K7MF58
100810483,I1JA29
100810486,I1JAS3
100810491,C6SZZ5
100810494,A0A0R0FHA0
100810495,I1MXV3
100810497,K7LFI7
100810498,I1MSV8
100810500,I1L1B7
100810501,I1L1X1
100810503,I1MW18
100810504,A0A0R0I9T4
100810506,I1MX54
100810507,I1JCX0
100810508,K7LG44
100810509,C6T9U3
100810510,I1MT85
100810511,I1L0M6
100810513,A0A0R0L8Y1
100810515,I1JDI2
100810517,K7MMG2
100810518,I1JEY3
100810521,I1JI27
100810522,I1L7G4
100810524,K7LKR1
100810525,K7LM09
100810527,I1JEF0
100810530,I1LCY4
100810531,C6T8P8
100810532,I1N2V5
100810534,C6TEH3
100810535,C6TEL9
100810536,I1N4K4
100810537,K7LGQ7
100810538,I1N4Z5
100810539,K7MPN5
100810542,I1MZE1
100810545,I1JNF0
100810547,K7MRG5
100810548,I1JPF3
100810549,I1JKH7
100810550,I1JQF2
100810552,I1JK13
100810553,K7KC91
100810554,C6THX3
100810555,A0A0R0EQY1
100810556,I1JK07
100810557,I1NCS0
100810558,I1LL50
100810559,A0A0R0EMN2
100810560,I1N9T9
100810562,A0A0R0HJQ2
100810563,I1JXB3
100810564,I1NBB8
100810565,A0A0R0ERS6
100810567,I1JUE0
100810568,I1JSP4
100810569,C6TFG0
100810571,C6T7J8
100810573,C6T9K2
100810574,A0A0R0KLQ8
100810577,I1JU40
100810579,I1LR33
100810582,I1JW53
100810583,K7LVZ6
100810584,I1LUQ5
100810585,I1NGH5
100810586,I1K2T0
100810590,C6TI08
100810591,I1LPR3
100810592,I1NDJ5
100810593,K7KQ23
100810594,K7LT28
100810595,A0A0R0K6C1
100810597,K7KNJ6
100810598,I1K0F7
100810604,I1LYB0
100810605,K7LZH7
100810608,I1M0M5
100810609,C6TIA4
100810610,I1M1S0
100810611,C6TJH2
100810612,K7M2J3
100810613,I1M445
100810614,I1M4Q1
100810615,A0A0R0GR01
100810616,A0A0R0JAD9
100810617,I1KF33
100810618,K7KYF4
100810619,I1K7Q0
100810620,A0A368UI20
100810625,K7M485
100810626,I1M6B9
100810627,I1M9F3
100810628,I1M9Z8
100810630,I1MBI6
100810631,K7L327
100810632,K7L3D6
100810636,I1KMC8
100810637,I1KMT1
100810640,I1MEF2
100810641,I1KJL5
100810642,I1MF53
100810643,I1MFM4
100810644,A0A0R0G0V6
100810646,C6SZA4
100810647,I1MCB9
100810651,I1KYE5
100810654,C6T7Y3
100810655,I1KSE3
100810656,I1KTJ7
100810658,I1KUM6
100810659,K7MG44
100810660,I1KV64
100810661,I1MMS6
100810662,I1KVP9
100810663,I1MNA3
100810664,I1MNQ4
100810665,C6TIN4
100810669,K7MEZ2
100810671,A0A0B5EA43
100810673,I1KQR1
100810674,K7L5V4
100810677,I1J6K9
100810679,A0A0R0FZC0
100810680,I1J4A6
100810681,A0A0R4J2J8
100810683,G3E7N0
100810685,C6TEL8
100810687,I1L4D5
100810688,I1L4Y7
100810689,I1MTA8
100810690,I1J5F8
100810692,C6TIT1
100810694,C6TM42
100810695,A0A0R0IAM5
100810696,I1L5L4
100810697,K7MJF0
100810698,I1MSH4
100810699,I1KZY0
100810700,K7MKW5
100810704,K7K7I9
100810705,I1MS50
100810706,I1JFZ7
100810708,I1JIH3
100810711,K7LKC2
100810712,K7LLI2
100810714,I1JDX0
100810716,I1LAY0
100810717,I1L7C4
100810718,I1N198
100810719,I1JCP5
100810720,I1LCE1
100810722,C6TDW7
100810724,C6T9P1
100810725,C6TMF0
100810730,I1JME7
100810732,I1JQV2
100810733,K7MXC7
100810735,I1JRT9
100810736,A0A0K2CTA5
100810738,K7MYR3
100810739,I1NC04
100810741,I1N7G8
100810742,I1LME6
100810743,A0A0R0KET0
100810744,K7LMU0
100810746,I1JSK3
100810748,I1LH80
100810749,I1N729
100810750,I1JXW5
100810751,K7KHX9
100810752,I1LQP9
100810753,K7N421
100810754,C6T906
100810755,I1NJC0
100810756,K7KJU9
100810757,I1LP57
100810758,I1JTQ7
100810759,C6TM07
100810763,I1K108
100810764,I1ND44
100810766,I1K4R8
100810770,I1LX52
100810771,I1M142
100810772,K7M2C4
100810773,K7M359
100810776,I1KDU0
100810778,H9TN46
100810779,C6TLH2
100810784,I1K993
100810786,I1KAR3
100810787,I1MAP6
100810791,K7L2H2
100810792,I1MB16
100810793,A0A0R0JBH0
100810794,I1MBY8
100810796,I1KHX0
100810797,A0A0R0J6T9
100810798,A0A0R0G8P7
100810799,I1KJM6
100810800,I1KK24
100810801,A3QRM2
100810803,K7KZK8
100810805,I1KKB9
100810806,I1MG37
100810811,K7L9U4
100810813,I1MFQ2
100810815,K7MC88
100810816,I1KXG0
100810818,I1MK09
100810820,K7K3Q3
100810821,K7MG72
100810822,I1MMJ2
100810823,K7K4A2
100810824,I1KSQ9
100810825,K7MGQ8
100810829,I1J9T7
100810831,A0A0R0LF34
100810832,K7LGE5
100810833,I1MTT1
100810834,I1MU79
100810835,C6SVR2
100810836,A0A0R0LFB4
100810837,I1MVJ2
100810838,I1L554
100810839,I1MXM4
100810841,I1MY15
100810842,C6TEV7
100810845,I1L727
100810846,I1JD78
100810848,I1L064
100810850,A0A0R4J2N2
100810851,I1JGH7
100810852,I1JHK0
100810853,I1LB85
100810854,K7KBJ8
100810856,I1JJW2
100810857,I1JBP5
100810861,K7K6Q9
100810862,I1L9V5
100810864,K7MVG6
100810865,A0A0R0HTV4
100810866,C6TLZ6
100810869,I1N2D9
100810870,C6TIG8
100810872,I1LFB3
100810874,I1L869
100810877,K7MQ70
100810879,I1L8P2
100810882,I1JRB0
100810884,I1LI42
100810885,K7MYG7
100810888,I1LJ36
100810890,M4WFN0
100810891,I1NB73
100810893,C6TGE6
100810894,I1N7X5
100810895,I1N8T4
100810896,I1LMW0
100810898,A0A0R4J4M9
100810899,I1LG12
100810900,I1JU52
100810901,I1NAU4
100810903,I1JXX2
100810904,I1JYT7
100810906,I1LJM2
100810907,I1N6A6
100810908,I1JUU8
100810909,I1N5J7
100810910,I1JVC7
100810911,I1LH16
100810913,A0A0R0KA35
100810915,I1LTD1
100810917,I1LUB4
100810918,K7LWD6
100810923,I1JVS1
100810924,I1LSH6
100810925,C6TH38
100810926,A0A0R4J4J6
100810927,I1NEZ7
100810928,C6TM79
100810929,C6T8G2
100810930,I1K3D7
100810931,K7LST1
100810933,K7KRH8
100810937,C6TAM7
100810938,K7N124
100810940,K7KPR7
100810942,K7LT54
100810943,C6THN1
100810945,I1K5R2
100810946,C6TC24
100810948,K7KMP6
100810950,A0A0N9SBM3
100810951,K7M1T9
100810952,I1M3V6
100810953,I1M5X8
100810954,I1K887
100810955,I1KEB9
100810956,I1K911
100810957,I1K9K8
100810958,I1KA37
100810961,K7KV76
100810962,C6TES0
100810963,I1KCH7
100810964,I1M546
100810966,I1M5K9
100810967,I1KDG7
100810969,K7LXQ5
100810972,I1KC81
100810973,I1MB82
100810975,I1M6D4
100810976,K7L3Q8
100810978,I1M997
100810979,C6SYI3
100810981,I1KKS8
100810983,I1KLD5
100810985,A0A0R0J8F6
100810986,I1KNT0
100810989,C6TA25
100810990,I1KGH6
100810992,K7MA87
100810993,I1KK07
100810994,K7L207
100810995,K7MBT5
100810996,I1MCV9
100810997,K7L8E8
100810998,I1MIZ3
100811003,I1KQV7
100811004,I1KRF5
100811006,I1KT02
100811007,I1MLT8
100811009,A0A0R0IY61
100811012,I1KZ11
100811013,I1KZJ8
100811016,I1KQ19
100811018,K7K3Y9
100811019,I1KRA9
100811020,I1JA36
100811024,C6TGW1
100811025,K7MHP0
100811028,K7MMS5
100811030,I1MXC4
100811032,I1L5N4
100811033,K7MK94
100811035,A0A0R0IIN9
100811036,I1L1B8
100811037,I1L464
100811038,C6TLC5
100811040,K7LG47
100811041,A0A0R0KZC7
100811042,I1MT86
100811043,I1L0N0
100811044,K7LBX4
100811047,I1MVP0
100811048,I1JDI4
100811049,K7K7W6
100811050,C6TJ66
100811051,K7LD99
100811053,I1JGZ4
100811054,K7KAN4
100811056,K7MQI3
100811057,I1LD76
100811058,K7K6D3
100811064,I1LCY9
100811065,I1L815
100811066,A0A0R0F1S7
100811067,C6TJ43
100811068,I1LEG4
100811072,C6TD22
100811073,I1N5D0
100811075,I1JR33
100811077,I1MZE7
100811078,C6TC81
100811080,I1JN04
100811081,I1JKC3
100811082,A0A0R0KJP3
100811083,I1JPF9
100811084,I1JPW5
100811085,C6SZ18
100811086,I1LHI5
100811089,I1JKP7
100811093,I1LK28
100811095,I1LKW7
100811097,I1LLT9
100811099,C6TK36
100811100,C6T738
100811101,I1NA96
100811102,I1LGQ3
100811104,A0A0R0ER15
100811105,I1NBV0
100811107,I1JUE7
100811108,I1JWF4
100811109,K7LN25
100811113,I1JYR8
100811114,C6TC53
100811115,K7KHM0
100811116,I1NF97
100811117,K7KIC3
100811119,C6TDZ1
100811122,I1JTM5
100811123,I1ND65
100811124,A0A0R0HI07
100811126,I1LUR0
100811127,C6TII2
100811128,K7LSA1
100811130,I1K4S4
100811131,I1LRS8
100811132,K7N0Y5
100811134,C6TG41
100811136,I1K3Q6
100811138,I1K569
100811139,I1K692
100811140,A0A0R0JXT1
100811143,K7M3K4
100811144,K7LWX1
100811146,K7LZ47
100811147,I1LYV7
100811148,I1KE60
100811149,I1LZQ7
100811151,I1M0N0
100811152,I1KFM7
100811153,I1M1P9
100811154,I1M3L6
100811155,K7M2W5
100811156,I1M4J3
100811157,A0A0R0GY88
100811159,K7KY47
100811160,I1K7G8
100811161,I1K7Q1
100811162,I1K9Y8
100811164,I1KBK4
100811165,K7M7P6
100811166,K7M8D0
100811167,K7M5I1
100811169,K7M6T0
100811170,C6TKG5
100811171,K7L329
100811174,A0A0R0G9R2
100811175,K7M6P1
100811178,C6TKK5
100811179,I1MDZ2
100811181,K7L0E0
100811182,I1KGN0
100811183,I1MF54
100811184,I1MCI9
100811185,A0A0R0G0V7
100811186,I1MHG6
100811187,I1MCY9
100811188,I1MCC0
100811193,I1MGC7
100811195,I1KRY9
100811199,I1KUN4
100811201,C6SWI9
100811202,K7MGM0
100811204,I1MNA4
100811207,I1MKC6
100811208,A0A0K2CTR1
100811209,K7MIV6
100811214,I1KRZ4
100811217,I1J6L0
100811218,I1J735
100811220,I1J7L2
100811221,C6THY8
100811222,A0A0R0FT59
100811224,I1J8X9
100811230,I1MTB0
100811231,C7S8B9
100811233,I1MUM0
100811234,I1L314
100811237,K7LEW4
100811238,I1L5L6
100811239,I1MR57
100811241,I1KZY5
100811246,I1MS26
100811247,I1JE07
100811249,I1JG01
100811250,K7MQ50
100811253,I1JIH4
100811254,K7MQC4
100811255,I1JJ00
100811260,K7K7G4
100811261,A0A0R0I031
100811262,K7K858
100811263,I1LAW6
100811264,K7LJZ1
100811265,I1MYM9
100811267,K7LKA7
100811269,I1N3A1
100811270,A0A0R4J4E6
100811274,I1L8U2
100811275,I1JLU8
100811277,A0A0R0HPI8
100811279,C6TJ51
100811280,A0A0R0EI44
100811281,I1LM84
100811282,I1LNL6
100811284,I1N9V6
100811287,I1N5T4
100811288,I1LME8
100811289,I1JTV7
100811292,I1LK95
100811294,I1JXW6
100811295,I1JTI5
100811296,G9FTF9
100811298,I1LRJ8
100811300,K7KJV0
100811301,A0A0K2CTV0
100811302,K7KK85
100811303,C6T6I8
100811306,I1K699
100811308,I1LSA3
100811309,I1K297
100811310,I1NDM9
100811312,I1K4R9
100811316,K7LZR4
100811317,K7KNT9
100811318,I1M143
100811326,I1LZ93
100811327,C6TJ93
100811329,I1M156
100811330,A0A0R0GT70
100811331,I1M2N8
100811334,I1K717
100811335,I1K997
100811336,A0A0R4J581
100811337,I1KAR4
100811341,K7L2H4
100811344,I1MBZ0
100811345,I1M718
100811346,I1KIG9
100811347,I1KG15
100811350,I1MG41
100811351,K7KZC0
100811352,I1MJF6
100811353,K7L971
100811354,I1MD68
100811355,I1KXU4
100811356,I1MF38
100811357,I1MFQ4
100811359,K7MBZ6
100811362,I1KXG3
100811364,K7MEH7
100811366,I1J8P2
100811367,I1KSR3
100811369,C6T739
100811370,I1L0R5
100811371,I1J9C4
100811372,C6TIQ9
100811375,I1JAU4
100811377,I1J5Z4
100811378,A0A0R0INZ1
100811379,K7MKW2
100811380,A0A0R0FME7
100811383,I1MR83
100811384,I1L555
100811385,I1MXM6
100811386,C6T7N2
100811387,K7LFW0
100811388,K7K9F0
100811389,K7MJR2
100811391,K7KA83
100811394,I1JFG6
100811395,K7MS16
100811396,I1JHK1
100811397,I1LAK7
100811398,I1LBA4
100811399,I1JJF7
100811400,I1LBX8
100811402,H2D5S3
100811405,I1L9V7
100811408,C6T7N5
100811410,I1N2E2
100811411,C6TAS8
100811413,K7LM18
100811415,I1L870
100811417,I1MZW2
100811418,I1N0A3
100811423,I1LHM2
100811424,K7LME1
100811425,I1N9A1
100811427,I1LIL4
100811430,I1LJJ2
100811431,A0A0R0F2F5
100811432,A0A0R4J2T7
100811435,K7MXK9
100811437,K7KI86
100811438,I1LNC5
100811439,I1LG17
100811441,K7MZB9
100811444,A0A368UGC3
100811445,K7LPD9
100811447,A0A0R4J322
100811451,I1N5K7
100811452,E2FKH3
100811455,I1LTR0
100811457,A0A0R0HL59
100811458,K7N378
100811459,K7KIV6
100811461,I1LS27
100811462,I1NIL8
100811463,I1LSH8
100811464,I1NEJ5
100811465,K7LVF0
100811467,I1LTW2
100811468,K7N3V6
100811470,I1LRE1
100811471,K7N523
100811473,I1NJA0
100811474,I1LS19
100811475,K7KNW8
100811478,C6TDU4
100811480,I1K492
100811481,I1K5R4
100811485,K7KMP7
100811488,I1M0J3
100811489,I1M2I7
100811490,K7M2R2
100811491,I1M5X9
100811492,I1K888
100811494,I1K912
100811497,A0A0R0H1D5
100811499,I1KBI7
100811500,I1KC01
100811501,I1KCH8
100811502,C6TIL6
100811503,K7KW51
100811504,K7M3U3
100811505,K7KWM3
100811507,I1LWQ0
100811509,I1K8H4
100811510,I1KC85
100811511,I1MB83
100811513,I1M8Z1
100811514,I1M9F7
100811515,I0IJN9
100811516,I1M6D7
100811517,K7L3R0
100811518,I1M704
100811519,I1KJ25
100811523,I1KKS9
100811524,I1M9S8
100811525,I1KLD6
100811528,I1KGT7
100811532,K7ME19
100811534,I1KK09
100811536,I1MH24
100811537,K7MCL5
100811539,C6THY2
100811540,I1KQ26
100811541,K7L4Q1
100811543,I1KYY2
100811544,I1KQX0
100811545,I1KRF9
100811547,K7L6H1
100811548,K7MFM0
100811549,I1KWB9
100811550,I1KXZ9
100811551,C6TE55
100811552,I1KZ13
100811555,I1KQ20
100811557,K7K3Z1
100811558,I1KRB0
100811560,I1JA40
100811564,K7MHP3
100811565,I1KVI8
100811567,I1MSF4
100811568,K7MK36
100811569,C6THT9
100811571,I1MSW2
100811572,K7K1T8
100811573,C6T8T4
100811574,K7LCE6
100811575,I1L2E9
100811576,I1L462
100811577,I1MX58
100811580,I1JGX9
100811581,I1MT87
100811584,K7KB43
100811585,I1L032
100811587,K7K760
100811588,I1JEI8
100811589,I1JEZ2
100811590,I1L2P3
100811593,C6TII4
100811594,K7LJ82
100811598,I1LFB1
100811603,I1LCZ2
100811604,I1LDG6
100811605,K7MTG8
100811607,I1L852
100811608,I1N3S1
100811609,I1N4K6
100811610,K7LGQ8
100811611,C6TND0
100811613,K7KGJ4
100811614,K7LHT1
100811615,I1MZF0
100811616,A0A0R0HQY2
100811617,C6TDP5
100811618,I1JNF2
100811619,I1JNZ9
100811620,I1MZM9
100811621,I1JPG0
100811622,I1JPW6
100811623,I1JQF4
100811625,K7MXR7
100811626,I1JK22
100811628,I1JL51
100811629,I1NAJ5
100811630,I1LK30
100811631,K7N0F5
100811632,A0A0R0HT87
100811633,K7KDQ4
100811634,I1LLU6
100811635,I1N8E0
100811636,C6T0H9
100811637,I1LGQ4
100811638,C6TG38
100811639,I1NBC2
100811640,A0A0R0F394
100811641,K7LNX4
100811642,C6TJQ1
100811644,K7KJQ6
100811645,C6THC3
100811647,I1JWW3
100811649,A0A0R0KBV2
100811650,A0A0R0K7P3
100811651,I1NF98
100811652,I1JU46
100811653,K7N3K4
100811654,C6TMB5
100811655,K7KJ67
100811656,A0A0R0EPY9
100811658,I1NFG9
100811659,I1LUB2
100811660,C6T769
100811661,K7LW91
100811662,K7N3J0
100811664,K7LSA2
100811666,K7N0Y7
100811667,I1LQ60
100811669,I1K3A4
100811670,A0A0K2CTE9
100811671,A0A0R0JVY2
100811673,A0A0R0JYI2
100811674,I1K0L9
100811675,K7M076
100811677,I1M1U0
100811678,K7KP88
100811679,A0A0R0GZ87
100811680,I1LVU7
100811682,K7LZ48
100811683,I1LYW4
100811685,I1KFN0
100811686,I1LWD5
100811687,I1M4M2
100811690,A0A0R0JUR8
100811691,A0A368UI70
100811694,K7KV81
100811695,K7M5C2
100811696,I1MBS6
100811697,I1M8G8
100811698,I1KGZ5
100811700,I1KM27
100811703,A0A367GKR3
100811704,I1KJM9
100811705,C6TDJ7
100811706,A0A0R0JEV3
100811709,I1MF58
100811710,I1MFM8
100811711,I1MCC1
100811714,C6TB46
100811718,I1KRZ2
100811719,C6TKC0
100811720,I1KTK0
100811721,I1KU37
100811722,I1KUN6
100811724,I1MMS9
100811725,I1KVQ7
100811727,A0A0R4J5G4
100811728,I1KWU8
100811730,K7MIJ7
100811731,I1MQG2
100811734,K7L4E1
100811735,A0A0R0IP53
100811737,K7K4R5
100811738,I1MLB1
100811739,I1J6L3
100811740,I1J738
100811742,K7K3Y8
100811743,A0A0R0FTK1
100811745,I1JAC1
100811746,I1L3Z6
100811748,K7K176
100811750,I1MTB1
100811751,I1J655
100811752,I1J5I7
100811753,C6TA28
100811754,I1MV35
100811755,I1L317
100811757,I1MWN9
100811758,I1L4N6
100811759,D0FZ20
100811760,K7LFI0
100811762,I1JGJ7
100811764,K7LB65
100811766,K7KAM6
100811767,K7MLR0
100811771,I1JGI1
100811773,I1LAG8
100811774,I1MYF0
100811776,K7KAZ7
100811777,I1JJ02
100811780,K7LKC4
100811783,I1JDG3
100811784,C6TEB2
100811786,K7K859
100811787,I1LAU7
100811788,I1N0W7
100811789,I1LBY5
100811790,I1MYN0
100811793,I1JMC1
100811794,I1N3A5
100811795,K7KEH4
100811796,I1LEU7
100811797,C6TC72
100811798,K7KFB6
100811799,I1JQA3
100811800,A0A0R0I151
100811801,I1JK59
100811802,A0A0R0KSS1
100811804,I1MZK5
100811805,I1N1A4
100811806,I1JJY4
100811808,I1JRU2
100811809,C6T9S9
100811811,A0A0R4J606
100811812,C6TDI6
100811813,K7MZZ1
100811815,K7MX67
100811816,I1LGI1
100811817,I1N8T8
100811819,I1LI44
100811820,I1NCU0
100811821,I1LK97
100811822,I1N6L3
100811824,K7KHY1
100811825,I1LQQ2
100811827,I1LRK0
100811831,C6T6Z3
100811833,I1LQN6
100811834,I1NIA9
100811835,I1K6A2
100811836,I1ND46
100811840,I1K4S0
100811842,I1LWZ4
100811844,I1M151
100811845,I1M393
100811847,K7M362
100811850,I1K8E9
100811851,I1LZ87
100811852,I1M071
100811853,K7KY55
100811854,I1M157
100811855,C6TJ34
100811856,C6TGM5
100811857,K7KSH9
100811858,K7LXD3
100811859,I1LWS1
100811861,K7KTV2
100811862,I1K7P7
100811866,A0A0R0JB05
100811867,C6T5Z4
100811868,I1KLK8
100811870,I1MBZ3
100811871,A0A0R0GIG8
100811873,K7L099
100811877,K7KZL1
100811879,C6THR9
100811882,I1MJF7
100811885,A0A0R0J1J7
100811887,I1MFQ5
100811891,I1KXG9
100811892,A0A0R0LDE6
100811894,I1KZK7
100811896,K7MG77
100811897,I1MMJ3
100811898,K7K4A7
100811899,I1KSR4
100811900,I1MMW2
100811902,I1J8I8
100811904,I1J9C5
100811906,I1L3J8
100811907,A0A0R0FGG9
100811908,I1JAU5
100811911,I1L6Z5
100811913,C6T7X7
100811915,I1MVJ7
100811916,C6THK1
100811917,I1L558
100811918,I1MXN1
100811919,I1JG37
100811920,K7MP04
100811921,I1L648
100811922,I1MRS0
100811923,K7LGH8
100811924,I1JHG6
100811925,K7MLD9
100811927,K7K8J1
100811928,K7K633
100811929,K7LJI9
100811930,C6TE47
100811934,K7MTD2
100811935,I1JCV5
100811936,I1L9W4
100811937,A0A0R0FFE9
100811938,K7MVH3
100811939,I1N1T2
100811940,I1N2E3
100811943,K7LM16
100811944,K7KFS2
100811945,K4HFU8
100811946,I1N5D5
100811948,K7MQ74
100811953,A0A0R0HT29
100811954,I1LMW1
100811955,K7LNL2
100811956,K7MYG9
100811958,C6TAY3
100811962,K7LQN0
100811963,C6TMI3
100811964,I1LMW6
100811965,K7MYG8
100811966,C6TEC9
100811967,I1LG24
100811968,I1NAA0
100811969,I1NAU9
100811971,I1JXX5
100811972,I1JYV5
100811973,I1NCB8
100811974,A0A0R0HGK0
100811975,I1JSE8
100811977,C6TJ59
100811978,K7LQE2
100811980,I1JXE0
100811981,I1LLL9
100811982,I1JYC9
100811983,I1LTD2
100811984,C6THR7
100811986,I1LUB7
100811988,I1NG04
100811989,I1JUT6
100811993,I1JTF2
100811994,C6T846
100811995,A0A0R4J656
100811996,K7LVF4
100811997,A0A0R0EJA3
100811998,I1LPA6
100811999,I1NH07
100812000,I1NHE6
100812001,K7KQ51
100812002,A0A0R0H0U1
100812003,I1LRE2
100812004,I1K5K6
100812005,C6T4F7
100812006,K7N182
100812009,I1NE75
100812010,C6T717
100812014,I1K690
100812015,I1K6Q9
100812016,K7KMP9
100812019,A0A0R0H5M5
100812020,K7M2R4
100812023,C6T933
100812024,I1M1R3
100812026,K7KUF6
100812027,I1KAM9
100812028,I1M347
100812029,C6T853
100812030,I1K6Y6
100812031,I1KCI1
100812032,I1M555
100812034,I1M5L0
100812037,I1LWX8
100812040,K7KVM2
100812044,I1M9F9
100812047,K7L3R3
100812048,A0A0R0GJ85
100812049,I1KJ26
100812050,C6TN39
100812051,A0A0R0G8Y7
100812055,A0A0R0GD96
100812056,I1KG70
100812057,I1KNU2
100812058,K7KZ74
100812062,A0A0R0G8M1
100812064,K7L208
100812066,I1MHH7
100812067,I1MHZ0
100812069,K7MDP1
100812071,I1KXG2
100812073,I1KQX1
100812074,C6TJN4
100812076,I1KT06
100812077,I1MLU1
100812079,I1KY00
100812081,I1KZ15
100812082,I1MLH1
100812083,I1J7K5
100812086,I1J841
100812087,I1KRB1
100812088,K7MF59
100812089,I1JA41
100812091,K7K5J0
100812093,K7MHP6
100812097,I1MXC6
100812099,K7LFJ3
100812100,I1MQZ4
100812102,I1L139
100812104,I1L2F4
100812107,K7K9A9
100812108,C6TJM7
100812110,K7MKJ4
100812117,I1JE09
100812118,A0A0R0KX70
100812119,I1MS82
100812120,C6T7K6
100812121,I1L0J3
100812123,I1JG10
100812124,C6TIM7
100812126,I1N056
100812127,I1LD84
100812128,K7K6E2
100812130,I1N3H3
100812131,I1N4P1
100812132,C6TJG9
100812133,I1L7Z8
100812134,I1LDG7
100812135,G7YZH4
100812137,I1LEG7
100812138,I1L6I4
100812139,C6TIF2
100812141,I1N4Z7
100812144,I1MZF2
100812145,C6TG53
100812147,I1JN08
100812148,I1JNF4
100812149,I1JP00
100812151,I1JPG1
100812152,C6TC87
100812153,I1JQF5
100812154,A0A0R0EUZ8
100812155,K7MXR8
100812156,K7KBX2
100812159,K7MZ69
100812160,I1LK32
100812161,I1NCS4
100812162,I1LKY8
100812163,C6TH58
100812164,I1N8E2
100812166,I1LGQ6
100812167,I1JXC0
100812168,I1NBC5
100812169,A0A0R0F3F2
100812170,I1LIS9
100812171,I1JUF7
100812172,A0A0R0EHI7
100812173,I1JVX0
100812174,A0A0R0K889
100812176,C6TFG9
100812178,I1JYS1
100812180,I1ND03
100812182,K7N3K7
100812183,A0A0R4J4I3
100812184,A0A0R0K6G4
100812185,K7N4L6
100812187,J9PVZ7
100812188,I1NFH1
100812189,I1LUB5
100812190,C6TGQ6
100812191,I1NGI6
100812193,I1LNU2
100812196,Q0PJJ2
100812197,I1NDH8
100812198,I1LPZ4
100812201,C6TF12
100812202,I1K3R3
100812204,A0A0R0JYG9
100812205,K7KN29
100812206,I1LZW8
100812207,I1K1E8
100812210,K7M3K8
100812211,C6THW0
100812212,A0A0R0JK26
100812213,I1LYB2
100812214,I1LYW5
100812215,K7M042
100812220,I1M452
100812221,I1M4J5
100812222,A0A0K2CT21
100812224,I1KF36
100812225,I1KFL2
100812226,I1K7K4
100812227,I1K9Z1
100812229,K7M8D2
100812230,I1M8H0
100812231,C6TFC0
100812232,I1MA05
100812233,A0A0R0JEA7
100812234,A0A0R0J9I9
100812235,I1M7Q9
100812236,I1KJN4
100812240,I1KMT6
100812243,K7L0E3
100812244,K7MA42
100812245,K7L1A0
100812246,I1MF60
100812247,I1MFM9
100812248,C7S8C9
100812250,I1MEJ0
100812251,I1KQ89
100812252,K7MB97
100812253,I1KQC3
100812255,C6TD69
100812259,I1KUN7
100812260,K7MG57
100812262,A0A0R0IW01
100812263,I1MNA9
100812264,I1MNQ6
100812265,I1KWU9
100812267,I1MPZ9
100812268,I1MQG3
100812269,A0A0R0FX59
100812271,K7L4E4
100812272,K7MFS4
100812276,I1J4L0
100812277,I1J739
100812279,I1J4T1
100812280,I1J836
100812282,I1L0N4
100812284,I1JAC4
100812285,I1L3Z9
100812287,C6TII8
100812289,I1MTB4
100812291,I1MU84
100812293,A0A0R0FM21
100812294,K7LDM2
100812296,I1L3P1
100812298,I1L4N8
100812299,I1L5M4
100812302,K7MK32
100812303,A0A0R0IBY6
100812307,K7KBL6
100812308,I1MVX1
100812309,C6THF9
100812310,K7MMB0
100812311,C6TJM4
100812313,C6TFQ7
100812315,I1N274
100812316,I1JJW5
100812317,K7LKC5
100812318,E2FKH7
100812319,I1N0F5
100812321,K7K7G7
100812323,C6TJK7
100812324,K7MR64
100812325,I1LBY6
100812326,I1N1B4
100812329,I1JMC3
100812330,I1N3A6
100812331,I1JMV3
100812332,A0A0R0I6U8
100812333,K7MUL5
100812335,K7KG46
100812336,A0A0R0EFJ9
100812337,I1JMF6
100812338,I1L8L6
100812341,I1JQV8
100812342,I1JRB1
100812343,I1LM87
100812344,I1JRU3
100812345,C6TA79
100812348,I1LJJ5
100812353,I1LMF4
100812354,A0A0R0EMR0
100812356,I1JU24
100812358,A0A0R0EUJ0
100812359,K7LMX5
100812361,C6T6C1
100812364,K7N2F0
100812365,I1JTI9
100812366,C6ZRU9
100812367,I1NH97
100812368,I1LRK1
100812369,I1NJC6
100812370,A0A0R0K872
100812371,I1JTT6
100812372,I1LV82
100812373,I1NHT4
100812375,K7LTB2
100812376,I1NIB2
100812377,K7N525
100812378,I1NJA2
100812379,K7KRY3
100812381,I1K299
100812383,I1K4S1
100812386,A0A0R0HFE2
100812387,A0A0R0GWT3
100812389,I1M152
100812397,I1KE00
100812398,I1LZA5
100812399,I1M073
100812401,I1M158
100812404,C6T7W0
100812405,A0A368UL26
100812406,I1LX91
100812408,K7KTW1
100812414,K7L2Q3
100812415,I1MBJ1
100812416,I1MBZ5
100812417,I1M723
100812418,I1KIH2
100812420,I1KLX0
100812423,K7L119
100812424,I1KGT5
100812425,I1MG43
100812427,I1MH26
100812429,I1MJF8
100812431,A0A0R0FV74
100812433,I1MF45
100812434,I1MFQ7
100812436,I1MDN3
100812438,I1KWC5
100812441,K7MEI0
100812443,I1KZL2
100812444,K7L4T8
100812446,I1MKZ6
100812447,K7K4A9
100812448,I1KPB0
100812450,I1KU43
100812451,C6TCP3
100812452,I1J9C7
100812453,I1J9U5
100812456,I1JAU7
100812458,K7K229
100812459,I1L6Z6
100812460,I1MTT4
100812461,I1L1Y0
100812463,C6TG56
100812464,I1MW24
100812465,I1L559
100812466,I1MXN2
100812467,I1MY18
100812468,I1L651
100812469,K7MJR6
100812470,C6T8T6
100812472,I1MRV5
100812474,I1L097
100812475,I1JFH1
100812478,A0A0R4J2Q9
100812480,I1LBA8
100812481,I1JJF9
100812482,K7K605
100812483,K7MTD3
100812484,K7K6S1
100812486,K7MUL9
100812488,A0A0R0HTS2
100812489,K7K6J2
100812490,A0A368UJX6
100812491,A0A0R0F139
100812494,I1LFB7
100812495,I1JPL1
100812496,K7LH38
100812497,I1N5D8
100812498,K7KH16
100812499,I1L8H1
100812500,I1MZW5
100812502,C6TKS0
100812505,I1LMW2
100812506,K7LNL8
100812507,I1N9B1
100812508,I1JKW5
100812509,I1LFY4
100812510,I1LFP1
100812515,I1LGB2
100812516,I1N7Y8
100812517,I1LMW7
100812518,C6TDY2
100812519,K7LMH4
100812523,I1LHF4
100812524,K7KLD8
100812525,I1JYV7
100812527,K7LPE4
100812528,I1JUV4
100812530,I1JVD1
100812533,I1JSW0
100812535,K7KLP0
100812537,C6TJ06
100812540,I1LQM0
100812541,C6TGF2
100812542,K7KIV7
100812543,K7KJC7
100812544,C6TIE2
100812545,I1NIM8
100812547,I1LSI0
100812548,I1NF01
100812549,I1LTW8
100812550,I1LUR4
100812551,K7N3W1
100812554,I1LRE3
100812555,I1K0Z7
100812558,A0A0R0K195
100812559,A0A368UIE7
100812560,I1LQD7
100812561,I1K496
100812562,A0A0R0EJ77
100812563,D0EP06
100812565,C6T9U6
100812566,A0A0R0JY10
100812567,I1LX20
100812572,I1M2J2
100812574,I1K890
100812575,I1K8M3
100812576,I1K917
100812577,C6TL07
100812578,I1K9L1
100812580,I0IJP0
100812581,I1M348
100812582,K7KUX8
100812583,A0A0R0J9H2
100812584,I1KC02
100812585,I1KCI8
100812586,I1LWG0
100812587,K7KW55
100812589,A0A0R0JRN7
100812590,K7LX37
100812592,K7KTB0
100812594,I1MB90
100812596,I1M9G2
100812597,I1M6M4
100812598,A0A0R0G8Z7
100812599,I1KHF7
100812601,I1KJ28
100812602,A0A0R0GL68
100812604,I1M7D9
100812605,I1KLD8
100812607,I1KNB5
100812608,C6TL19
100812611,K7L007
100812612,K7L0Q9
100812614,C6TE94
100812617,I1MCM8
100812618,I1MHH9
100812619,I1MHZ1
100812620,I1KPK6
100812622,I1KWU5
100812623,K7LAL8
100812624,G0WMC8
100812625,I1KRG6
100812627,I1KT09
100812629,I1KV72
100812632,I1KZ20
100812633,I1MLH3
100812634,K7MG05
100812635,K7K3Z3
100812637,I1MMR4
100812639,A0A0R0IME8
100812642,K7L7M9
100812643,K7MEF4
100812644,I1KVJ7
100812646,I1J8Y5
100812648,K7MNH9
100812649,I1MXV4
100812650,I1L5N9
100812651,I1MSW4
100812652,I1J5B4
100812653,I1L699
100812654,I1L1C4
100812657,I1MX63
100812659,K7LG54
100812660,I1JGY3
100812663,K7KB46
100812665,C6TI28
100812666,C6TA64
100812667,I1JEZ8
100812669,I1JBN2
100812670,I1JH03
100812671,I1JI32
100812673,K7LHS3
100812677,I1JCB0
100812678,C6TFL9
100812680,I1JEF6
100812681,I1L7C0
100812682,C6TCW7
100812684,C6TEQ3
100812685,A0A0R0FAQ3
100812687,I1N3S7
100812688,C6TEX3
100812689,I1L7H4
100812690,A0A0R0EUK2
100812691,K7KGJ9
100812693,I1L9Q1
100812695,A0A0R4J2Z0
100812696,I1JNF5
100812697,I1N144
100812698,I1JPG3
100812700,A0A0R0KXK2
100812707,A0A0R4J4D6
100812708,I1NCS9
100812709,I1LKZ6
100812711,C6TIC3
100812712,I1N8E6
100812714,I1LGQ7
100812715,A0A0R0KH28
100812717,I1NBV8
100812718,I1LIT3
100812720,I1JSK4
100812721,I1JWG4
100812724,K7KLX9
100812725,K7KHM3
100812726,I1JU50
100812728,C6TJ54
100812729,I1JV96
100812733,C6T7W2
100812734,I1NG02
100812738,K7KR28
100812743,I1K3A6
100812745,I1K3R5
100812747,I1K573
100812750,I1K1E9
100812752,K7M1C7
100812753,I1K265
100812754,I1M589
100812755,I1LVK5
100812756,I1LYB7
100812757,I1LVZ8
100812760,I1KEM8
100812761,A0A0R0GQW5
100812763,J7EPL5
100812764,I1M458
100812765,I1M4P2
100812766,I1LVK4
100812768,G9I8U0
100812769,A0A0R0JNG2
100812772,I1M7U9
100812773,I1MAW8
100812774,I1M895
100812776,I1MA16
100812777,K7L332
100812778,K7L3D8
100812779,I1KNQ2
100812780,I1M7R0
100812783,C6TE07
100812784,I1KMT7
100812785,K7MCT0
100812787,K7L0E8
100812789,I1MF62
100812790,I1MFN0
100812794,I1MDU2
100812796,K7LA96
100812797,C6TEC1
100812799,K7MBM8
100812800,I1KRZ8
100812801,I1KSF4
100812802,I1KTK8
100812804,I1MMC7
100812805,K7MEC3
100812806,C6TAH5
100812807,A0A0R0G0T9
100812808,A0A0R4J3Z1
100812809,I1MQ02
100812810,D6PT14
100812811,K7MEZ9
100812813,K7L4E7
100812814,I1KQR8
100812815,I1KS06
100812816,K7K4R9
100812818,C6TEJ2
100812819,I1J4P0
100812820,I1J7M3
100812821,C6TEC0
100812823,K7LBP9
100812825,I1JAC6
100812828,K7K178
100812829,K7LF40
100812830,I1MTB5
100812831,I1J657
100812832,I1MU85
100812834,I1MUM6
100812835,I1MV42
100812838,I1L3P2
100812839,C6T9S4
100812840,I1L4P0
100812843,I1MR60
100812844,K7K9N1
100812845,I1MSI3
100812846,I1L001
100812847,C6T883
100812848,I1JI17
100812849,K7MLR1
100812850,K7KBL9
100812853,I1JGI5
100812856,K7KAZ9
100812860,K7KBU0
100812862,I1LEL1
100812864,K7K748
100812866,K7K879
100812867,I1LAX9
100812868,I1N0W9
100812871,I1LCF2
100812873,I1MZ16
100812874,C6TEH1
100812875,I1LEV4
100812876,I1N455
100812879,K7KDJ6
100812880,C6TD43
100812886,I1JRU4
100812887,A0A0R0HCZ7
100812892,C6TM85
100812893,K7MX68
100812894,A0A0R0HKK8
100812897,I1N9A4
100812901,I1JSX6
100812902,K7KHY4
100812903,I1LQQ6
100812904,K7N433
100812905,I1LRK3
100812906,K7N5I1
100812907,K7KHY6
100812909,K7LVF7
100812911,I1LV81
100812912,C6TIE3
100812913,C6TBE6
100812914,I1K428
100812916,K7N4U0
100812917,C6TGJ5
100812918,I1NJA5
100812919,I1K6B1
100812921,I1K1V6
100812922,I1K2A0
100812924,K7KR21
100812929,A0A0R0GVF8
100812930,A0A0R0JRE1
100812931,K7M363
100812933,V5TF25
100812934,C6TEA3
100812935,C6SXG1
100812937,I1M159
100812938,I1M273
100812940,I1K799
100812941,A0A0R0GT44
100812944,K7KTW2
100812951,A0A0R0JCG7
100812952,A0A0R4J574
100812954,K7M4K0
100812955,A0A0R0GGG0
100812957,I1KHX6
100812958,I1KIH3
100812959,I1M627
100812961,I1KLX2
100812963,K7KZL2
100812965,K7L1S4
100812966,I1MG44
100812967,I1MH28
100812968,I1MJG2
100812969,K7L973
100812970,A0A0R0G3K8
100812972,C6TF23
100812973,I1MFR1
100812974,K7MBZ9
100812977,C6TED7
100812978,I1KXH0
100812980,K7MEI2
100812982,K7L4T9
100812983,I1MJW9
100812984,I1MMJ5
100812989,C6TGX4
100812996,A0A0R4J421
100812998,A0A0R0LG38
100812999,I1MRB1
100813000,I1L561
100813001,I1MXN6
100813003,I1MY19
100813004,I1L652
100813005,K7K9F1
100813006,I1MRS5
100813007,I1L735
100813009,I1MUL9
100813011,K7LBC4
100813012,C6T924
100813013,I1JFH6
100813020,A0A0R0HUN7
100813022,I1LDV0
100813025,I1L9W8
100813026,I1N5B1
100813027,C6TM31
100813028,C6TM69
100813029,I1LD00
100813030,I1MYX5
100813031,I1LE09
100813032,I1LEG8
100813033,K7LM20
100813034,K7KFT2
100813035,I1L876
100813036,C6T7R2
100813037,I1JRW7
100813040,K7MPT4
100813041,K7MR02
100813045,I1LFW4
100813046,I1N9B2
100813051,I1NB85
100813055,K7MXL6
100813056,I1LMW8
100813057,K7KHD4
100813060,I1NAA2
100813061,I1JU53
100813062,I1NAV1
100813064,K7KLE0
100813065,I1JYV8
100813066,A0A0R0F101
100813067,A0A0R4J320
100813069,C9WA60
100813071,K7LQE4
100813072,I1JXE1
100813073,I1LLM1
100813074,I1JYD4
100813075,I1LQG9
100813076,I1JZ82
100813077,I1LTR6
100813079,I1NG06
100813081,I1LS34
100813084,I1LP29
100813086,I1LTX4
100813087,I1NFH5
100813088,C6TIB3
100813090,I1LPT3
100813091,A0A0R0HCQ0
100813092,K7KRI8
100813094,K7N125
100813095,K7LUR1
100813096,I1K2S0
100813098,K7KQP3
100813100,C6TCE2
100813102,K7KMP8
100813103,I1K6R5
100813108,K7M0J7
100813109,I1LVR4
100813113,I1LVW7
100813116,I1M1N6
100813117,I1K9L5
100813118,I1KA55
100813119,I1KAN3
100813120,I1M353
100813121,I1KB42
100813122,I1KBJ1
100813123,I1KC06
100813124,I1M556
100813126,A0A0R0GRL4
100813129,K7LY93
100813130,I1K8H8
100813134,K7KW86
100813135,I1M903
100813136,I1M9G4
100813137,C6T9W7
100813138,K7M7D2
100813139,A0A0R0GEU9
100813141,A0A0R0GAP8
100813142,I1KJ29
100813145,A0A0R0J536
100813146,I1M9T1
100813148,K7L3W1
100813152,K7MDH7
100813153,K7ME23
100813154,K7MA92
100813156,K7MC56
100813157,C6TM98
100813158,I1MD23
100813159,I1KPP4
100813160,I1KQ42
100813162,I1KQC8
100813163,I1KQX3
100813164,I1KRH0
100813165,I1MLU4
100813166,I1MNB4
100813168,I1KY06
100813169,I1KYJ4
100813170,C6T968
100813171,I1MLH6
100813172,K7K3J0
100813173,A0A0R0FN84
100813174,I1J658
100813175,I1KRB3
100813179,I1ML93
100813181,I1KUV3
100813184,I1MLF3
100813185,A0A0R0I304
100813186,C6SV99
100813188,I1MXV5
100813189,I1L5P2
100813191,I1L6A3
100813193,I1L2F8
100813194,A0A0R0IIZ3
100813195,P05477
100813198,K7K9W4
100813201,I1L011
100813202,I1JIR6
100813204,I1JDJ2
100813208,K7K882
100813210,I1JG11
100813211,I1JI34
100813216,K7MQL0
100813217,I1JCB3
100813218,I1LFB8
100813219,K7MU28
100813220,K7K7U2
100813221,K7LIT4
100813222,K7LKW9
100813224,I1N3T0
100813225,C6TDI4
100813226,K7LGR2
100813227,I1N502
100813228,I1MYR2
100813230,K7LHT2
100813231,I1MZG2
100813232,I1L9Q2
100813234,K7KC54
100813235,I1JP06
100813237,C6TMH9
100813239,I1JQF9
100813240,K7KGN3
100813242,K7KBX4
100813245,I1NAJ9
100813246,I1LG46
100813247,I1NCT4
100813248,I1LG94
100813250,I1LLU9
100813252,C6TDC9
100813253,K7LMT2
100813254,I1JXC5
100813256,K7LNX9
100813258,K7KJR6
100813259,I1LH45
100813260,I1JWX4
100813262,K7KHM4
100813263,I1NFB2
100813264,K7KIC8
100813266,C6TF22
100813268,K7N4M1
100813271,I1LUB9
100813272,I1NG05
100813273,C6TI64
100813275,I1LNV1
100813276,K7KR31
100813277,I1LRT0
100813278,K7KNH9
100813279,I1LNR2
100813281,I1NDN0
100813284,K7KQ31
100813285,I1LQ97
100813286,I1K3R6
100813287,I1JZW6
100813288,I1LZX3
100813291,K7M1D0
100813292,I1M592
100813295,I1LYW7
100813296,I1K8K9
100813297,I1LW22
100813298,A0A0R0JLX5
100813299,I1M0N4
100813300,I1KFN2
100813301,C6TNX5
100813302,K7LWT6
100813303,I1M4J7
100813304,I1LVK6
100813306,I1KF44
100813307,I1KFL5
100813308,I1K7Q8
100813309,K7KUC0
100813311,K7M7Q8
100813312,K7M5I4
100813313,C9WA62
100813314,K7L333
100813315,I1KMH1
100813316,I1KNQ6
100813319,K7L3B5
100813320,K7L3L7
100813322,C6TGI9
100813324,I1KGM8
100813325,I1MF65
100813326,K7MAU4
100813327,I1MCZ0
100813330,I1MDU8
100813332,K7LA97
100813333,I1MGD7
100813335,I1KRZ7
100813337,I1KTK9
100813339,I1KUP3
100813340,C6TFI1
100813341,I1MMT3
100813342,I1KVR2
100813343,I1MNR1
100813344,I1KWV4
100813345,I1MQ05
100813346,C6T5R5
100813347,I1MKS0
100813349,I1KQR9
100813350,A0A0R0IPV2
100813353,I1J6M0
100813355,I1J840
100813357,K7LDW7
100813359,I1J537
100813360,A0A0R0I3M9
100813361,I1J4Q0
100813362,K7LF43
100813363,C6TEH0
100813364,A0A0R0L655
100813367,A0A0R0FLD2
100813368,G4Y9K1
100813370,I1L3P6
100813371,I1MRE9
100813372,A0A0R0IHH9
100813374,A0A0R0II00
100813375,I1MR61
100813376,I1JD40
100813377,I1MSI4
100813378,C6T8G8
100813380,K7KAN0
100813382,I1JJI8
100813383,C6TKE2
100813384,C6TJY3
100813385,I1L7G2
100813388,I1JJ05
100813389,I1JJW7
100813393,K7K749
100813394,I1JDY1
100813397,A0A368UHL6
100813398,K7MRS2
100813399,I1JCP6
100813400,I1LCF3
100813401,I1N3A8
100813403,A0A0R4J5Y4
100813405,K7KG49
100813406,I1JLW1
100813407,I1JMF8
100813408,K7LHF1
100813410,A0A0R0FAS8
100813414,I1JRU5
100813415,I1LHP6
100813416,I1N8R0
100813417,I1N9W1
100813420,C6T8D2
100813421,I1LMG0
100813422,I1N5Z2
100813423,I1JTV8
100813424,I1N9A6
100813425,I1JWR2
100813426,I1NCU5
100813428,I1N612
100813429,I1JVD2
100813430,A0A0R0HSN9
100813431,C6TP09
100813433,K7KLD7
100813434,K7N2F3
100813437,I1LQQ9
100813438,K7N443
100813439,I1LRK7
100813442,A0A0R0EGJ7
100813443,K7LSJ2
100813444,C6TCC8
100813445,K7N3W3
100813446,I1NHE9
100813447,C6TGS1
100813448,K7KQK2
100813450,K7N531
100813451,I1NJA6
100813453,I1ND52
100813454,I1JZH5
100813455,I1K2A2
100813457,I1K4T0
100813461,K7KMQ3
100813462,I1LX53
100813466,I1LXD0
100813467,I1K843
100813470,K7LZW5
100813471,I1LW34
100813472,K7KY61
100813473,I1M160
100813474,C6TG81
100813475,I1M2P0
100813476,I1KCI9
100813477,K7KXA9
100813479,K7KSD4
100813480,K7KTW3
100813483,C6TH62
100813485,K7KWE6
100813487,I1KL56
100813488,I1M6P9
100813489,K7M865
100813490,C6TCX9
100813492,A0A0R4J3L2
100813493,I1KIH5
100813496,I1KLX5
100813498,K7KZL6
100813501,A0A0R4J410
100813502,C6T852
100813503,C6THW1
100813504,C6T970
100813509,I1MFR2
100813513,I1KT12
100813514,I1KWC6
100813515,I1J6U3
100813517,A0A0R0LGJ7
100813518,K7LAX9
100813520,I1J645
100813521,K7MGC8
100813522,I1J8P9
100813523,I1KST1
100813525,K7L793
100813526,I1J8J7
100813527,I1L339
100813528,I1J9C8
100813529,I1J9U7
100813531,K7MN68
100813532,C6TJ08
100813535,I1L703
100813538,K7K2M7
100813539,C6TCE6
100813540,I1MRB2
100813541,K7LF84
100813542,I1MRJ8
100813543,I1JCV0
100813544,K7MP10
100813546,K7LGI1
100813547,A0A0R0L0D4
100813548,I1MUM2
100813550,K7LCP1
100813551,I1JEJ6
100813552,I1JBJ2
100813554,I1LAB5
100813556,I1LBB3
100813557,I1JJG0
100813558,K7LJZ2
100813560,I1LDV3
100813563,I1L7K9
100813564,A0A368UGN4
100813565,K7MVI7
100813566,I1LBF1
100813568,K7MSD5
100813570,I1N2E7
100813571,A0A0R0I5X2
100813574,A0A0R0KL70
100813578,I1L9I9
100813580,A0A0R0F8V1
100813582,K7MR04
100813583,A0A0R0KIS4
100813585,K7LRA3
100813589,I1LIM1
100813590,C6TDA9
100813592,K7MZI8
100813596,I1LMW9
100813598,I1LND8
100813601,C6TEP1
100813602,I1JXY4
100813604,C6TEZ5
100813605,A0A0R0KBJ0
100813607,I1JSE9
100813608,K7LQF6
100813609,A0A0R4J363
100813611,K7KL24
100813612,I1LLM3
100813613,K7KLP3
100813615,C9WA64
100813616,I1LQJ1
100813618,K7N386
100813622,K7KJL2
100813624,C6TME6
100813625,I1LPA7
100813626,C6T607
100813627,C6TNF4
100813628,C6TMP8
100813629,I1LPT4
100813633,C6TA92
100813634,I1K2S1
100813635,I1LT55
100813636,I1K498
100813637,C6TKE8
100813638,A0A368UMR9
100813639,A0A0R0FV18
100813640,K7LYT2
100813642,K7M0J8
100813644,I1M3Y3
100813645,K7LY58
100813647,K7KTN0
100813648,I1M1P3
100813649,I1K9L3
100813650,K7KUG2
100813652,A0A0R0H3Q1
100813653,I1KB44
100813654,I1KBJ4
100813655,I1KC07
100813657,I1KD11
100813658,I1M5L7
100813659,K7LX39
100813660,K7LXQ7
100813662,K7KTB2
100813665,I1M875
100813669,I1MAK4
100813670,I1M6E3
100813671,I1KN21
100813674,I1M784
100813676,K7M6K9
100813678,A0A0R0J975
100813682,C6TID4
100813684,K7MA51
100813686,I1KK10
100813688,A0A0R0G2K1
100813689,I1MHZ4
100813690,K7MDS0
100813692,I1KXG4
100813693,I1KZ05
100813695,I1KQX7
100813698,K7L7U2
100813699,C6TGX1
100813700,K7MHV4
100813702,I1KYJ6
100813704,K7MEW9
100813706,I1KRB5
100813707,K7K556
100813711,I1KUW0
100813712,K7MHP9
100813715,K7MIF4
100813718,A0A368UHM7
100813719,I1MSP3
100813721,K7LFK6
100813723,K7LFY4
100813725,K7LCZ7
100813726,I1L474
100813727,K7MNE0
100813728,C6T9L7
100813729,I1MRS1
100813730,I1KZY8
100813731,K7LBY1
100813733,I1MVQ2
100813734,K7K770
100813735,I1JE12
100813736,A0A0R0F7T3
100813737,A0A0R0KWS0
100813741,I1JGI7
100813742,I1L8W9
100813743,I1JI35
100813745,I1JII2
100813747,I1N057
100813748,I1N0A5
100813749,I1L9B9
100813750,I1N2L0
100813752,K7LM24
100813755,A0A0R0HS87
100813758,I1N2W7
100813760,K7MUC8
100813762,I1N4L1
100813763,C6T937
100813764,K7MV97
100813766,I1JR46
100813767,K7LHT3
100813768,I1MZG4
100813769,K7LI56
100813771,C6TA42
100813774,I1JPG7
100813775,K7KCB4
100813776,I1JKJ7
100813779,K7KCI9
100813780,I1JKV2
100813781,I1NAK0
100813782,I1LK36
100813783,A0A0R0EIZ0
100813786,I1LLV0
100813787,C6T909
100813789,A0A0R4J4E5
100813790,K7KL10
100813792,I1NBW2
100813793,K7LNY4
100813795,I1JVX3
100813797,I1JST5
100813799,C6TKE3
100813802,A0A0R0K4J7
100813804,I1LR38
100813809,I1LUC0
100813810,I1NG07
100813811,I1NGJ1
100813812,K7KPT5
100813814,I1NIB4
100813815,K7KR37
100813816,K7LU09
100813817,I1K1B0
100813818,I1NDN1
100813819,I1K3B1
100813820,K7LT31
100813821,I1JZR7
100813823,I1K580
100813824,I1K040
100813825,I1LX70
100813826,K7KNK6
100813827,K7KP07
100813832,I1LYW8
100813836,K7KYH8
100813837,A0A0R4J4X0
100813838,I1LU28
100813839,I1M4L4
100813840,C6T9F2
100813841,K7LWS4
100813842,K7KSJ5
100813843,I1KF47
100813844,I1KFL7
100813850,A0A0R0GFU6
100813851,K7M5I9
100813852,I1MA26
100813856,K7M4N7
100813857,K7M6P7
100813858,I1M7K6
100813859,C6TMA8
100813860,I1KMU6
100813861,K7MCT2
100813863,I1KIL4
100813864,I1MF63
100813865,I1MFN9
100813866,I1MII0
100813867,I1KX76
100813868,I1MEJ6
100813869,I1KYF1
100813870,K7MBA0
100813871,Q4FH86
100813872,I1KS00
100813874,C6TCU8
100813876,I1KUP5
100813878,C6TGD3
100813879,C6TGB8
100813881,C6TH05
100813882,I1KXH4
100813883,K7MIW0
100813884,K7MEC9
100813885,K7L4E8
100813887,K7L574
100813888,K7L4D6
100813889,K7K4S9
100813890,I1MNJ2
100813891,I1J6M1
100813894,K7MIT5
100813897,K7MMS8
100813898,I1L412
100813899,I1L100
100813900,I1J4Q3
100813901,K7LF46
100813902,I1MTC4
100813904,C6TF39
100813905,C6T8D0
100813906,I1MUM8
100813907,I1MV44
100813909,I1L3P5
100813911,I1L4P2
100813913,K7MJF4
100813914,K7K9N3
100813916,I1L003
100813917,K7MKY0
100813918,I1JD93
100813919,I1MVA1
100813925,I1JJ06
100813926,I1LCI6
100813927,K7LLK9
100813929,I1JDH1
100813930,K7K7H0
100813931,K7MR70
100813932,I1LBZ4
100813935,I1LCF7
100813937,I1LE15
100813938,A0A0R0FB25
100813940,I1MYB9
100813941,C6SXP2
100813942,I1JNY5
100813943,I1N5D9
100813944,K7KG54
100813945,K7LHL0
100813946,A0A0R0EBY7
100813947,K7KE43
100813950,I1JQW0
100813952,K7LNB0
100813953,I1JRU6
100813954,I1LHQ0
100813956,C6TIL4
100813958,C6TG14
100813959,I1JLJ1
100813963,I1N7Z4
100813966,C6TM08
100813969,A0A0R0K6M5
100813971,I1N6L5
100813972,I1LLG2
100813973,A0A0R0EJ11
100813974,A0A0R0KI86
100813977,I1LV24
100813980,C6TNF9
100813981,K7N5I3
100813982,K7KJV3
100813983,I1NEK1
100813986,I1NHF2
100813987,I1NHT9
100813988,K7KQK3
100813990,I1NIS4
100813992,I1K6B5
100813994,I1K2A3
100813996,I1JZU5
100813999,I1K008
100814000,I1LZA1
100814004,A0A0R0GW17
100814009,I1KE06
100814010,I1LZF7
100814011,C6TNX8
100814013,I1M163
100814014,C6ZRQ7
100814016,C6TMF4
100814017,I1KE44
100814018,K7LXD9
100814019,I1K7J1
100814020,I1K9B7
100814022,I1KAT1
100814025,I1M904
100814029,I1MBJ7
100814030,A0A0R4J537
100814031,I1M6X0
100814032,I1KHX8
100814033,I1KIH6
100814034,K7M5T1
100814035,I1KJP2
100814036,I1KKU9
100814037,I1KLE1
100814039,I1ME25
100814040,K7KYY3
100814042,K7L1S8
100814043,C6TE36
100814044,I1MGK1
100814045,I1MH33
100814047,I1MD48
100814050,K7L9V4
100814053,K7MC04
100814055,K7MCH1
100814056,K7L6H4
100814057,K7L8L5
100814059,K7MEI3
100814060,I1KZL6
100814061,I1KQ25
100814063,K7MF37
100814065,I1KST3
100814066,I1KU59
100814067,I1J7M4
100814068,I1J8J8
100814069,C6TI45
100814070,I1J9C9
100814071,C6TMZ5
100814074,C6TFL8
100814077,K7LGG1
100814078,C6TGD9
100814079,Q6PP99
100814080,C6TGE5
100814081,K7K2M8
100814082,I1MVL1
100814083,K7MME1
100814084,I1L564
100814087,I1MRL5
100814088,I1L655
100814091,I1MRT6
100814093,I1JHG9
100814097,I1JH08
100814098,I1L8Z7
100814100,I1JHL0
100814102,I1JJG2
100814107,I1L9X2
100814109,I1N5B3
100814110,A0A0R0HN12
100814111,I1JCK7
100814113,C6T6B6
100814114,I1N2E8
100814115,I1LDH1
100814116,I1LEH0
100814119,K7LH43
100814122,K7MQ76
100814123,I1L8P4
100814124,I1JNG6
100814126,I1LHI6
100814127,I1JRB6
100814128,K7LRT8
100814129,I1N9B9
100814134,I1NB87
100814135,I1JL08
100814137,C6TGA7
100814138,I1LMX0
100814139,A0A0R4J4J7
100814141,I1NAA5
100814143,K7LN82
100814144,K7KLE6
100814145,K7N063
100814146,A0A0R0KBJ0
100814147,I1LJN4
100814148,I1JUV6
100814149,I1JSP6
100814151,K7LVD8
100814152,I1JZ88
100814153,K7N387
100814154,K7KIW2
100814156,I1LS35
100814157,I1ND11
100814158,K7KJL3
100814161,K7LVS5
100814162,I1NFH7
100814163,I1LUR9
100814164,K7LSU9
100814166,K7KRJ2
100814167,I1LS36
100814169,C6TNL6
100814170,I1JZT4
100814174,K7KRX4
100814175,I1LX21
100814176,I1LYK0
100814178,I1M0J9
100814181,K7M409
100814182,A0A0R0JT45
100814183,I1K925
100814184,K7M1C1
100814185,K7KU45
100814186,I1KA61
100814188,K7M2A2
100814189,C6TFQ5
100814190,I1KBJ8
100814191,I1KC09
100814192,I1M561
100814193,K7KW60
100814194,K7M3V1
100814196,I1LWY7
100814197,A0A368UH54
100814198,I1K8I2
100814201,K7M807
100814204,I1KH02
100814205,I1M6M7
100814206,I1M6E4
100814207,I1KN33
100814208,I1KJ34
100814212,C6TKX6
100814215,K7MD32
100814216,K7KYZ1
100814223,I1MC96
100814224,I1MJ12
100814227,I1KQD6
100814228,C6TFD7
100814231,I1MLV4
100814232,C6SZF7
100814235,K7MIL2
100814236,I1KY16
100814237,K7LAC1
100814238,I1KP09
100814240,K7K3J6
100814242,I1KRC2
100814244,I1JA45
100814245,K7L6V4
100814247,K7K5J4
100814250,A0A0R4J2K6
100814253,I1J8Z1
100814255,K7MNI0
100814258,I1MSW9
100814260,K7LFY8
100814261,I1L1D2
100814262,K7LCZ8
100814263,I1L478
100814264,I1MRH6
100814266,A0A0R0KZP2
100814269,K7LBY4
100814271,I1L1P0
100814273,I1JBB8
100814275,I1JBH5
100814276,C6TG27
100814278,I1JI38
100814279,I1JII4
100814280,I1L972
100814281,A0A0R0L4A5
100814284,I1N0C7
100814286,I1LFD0
100814288,I1JEF9
100814289,A0A0R0HT35
100814291,C6TKD8
100814293,I1N2W9
100814295,I1MZ59
100814296,I1L7I2
100814297,I1N504
100814298,I1MYS9
100814299,I1JR48
100814300,K7LHT4
100814301,K7MPU8
100814302,I1L8J4
100814303,I1MZN0
100814304,C6TG11
100814307,A0A0R0EL90
100814308,K7KBY0
100814309,I1JKG8
100814311,I1NAK1
100814312,I1LK37
100814313,I1NCT8
100814314,I1LL11
100814316,K7LR27
100814318,I1LMF7
100814319,I1N9V7
100814320,K7LMT6
100814321,C6TNW0
100814323,I1NBD4
100814324,A0A0R0ERV5
100814325,K7LNY5
100814326,I1NCU6
100814328,K7KJS2
100814332,C6TAP5
100814333,I1JSW9
100814337,C6T835
100814338,K7N4M6
100814339,K7LSG7
100814340,I1JTM7
100814341,I1LUC3
100814343,I1NH14
100814345,K7LSB8
100814349,I1K1B8
100814351,K7N0Z0
100814352,I1LPZ5
100814354,C6TF36
100814356,I1K3R8
100814358,I1K581
100814359,I1K0P3
100814360,K7M077
100814366,I1K8C9
100814367,C6T9B7
100814368,K7LZJ1
100814370,A0A0R0JM88
100814371,I1M0N9
100814373,I1M465
100814374,C6TCR7
100814376,A0A0R0GLH9
100814378,K7KSK3
100814379,I1K7H0
100814380,K7KSU3
100814381,K7KUC7
100814382,I1MAH3
100814384,I1MAX2
100814385,I1MBT8
100814386,K7M5J0
100814388,I1MB28
100814391,I1KNQ8
100814392,I1KK82
100814395,K7L3C3
100814396,I1KMU7
100814398,I1KIL5
100814400,K7L1A2
100814401,I1MF67
100814402,I1MFN6
100814403,K7MD46
100814404,I1MCE8
100814405,K7L9D0
100814406,K7M9P9
100814407,K7MA62
100814409,K7MBN0
100814410,I1KS01
100814411,I1KSG1
100814414,I1KUP6
100814415,I1MK29
100814416,I1MMT8
100814417,I1KVR6
100814418,I1MNR3
100814419,I1KXH7
100814422,K7L4F0
100814427,C6TM71
100814428,C6TIR6
100814429,K7MIU1
100814430,I1MWI0
100814431,E4W697
100814432,K7LEF8
100814433,K7K181
100814434,I1L515
100814435,I1MR11
100814439,K7MLN3
100814440,I1L327
100814442,I1MRF4
100814443,A0A0R0IAN5
100814444,K7K6N3
100814445,K7LFI6
100814446,K7MJF5
100814448,I1MRQ6
100814449,K7LB72
100814450,K7MKY1
100814451,I1JI29
100814452,I1MVA5
100814454,A0A0R0FEC7
100814457,A0A0R0KW19
100814458,K7MRV0
100814459,I1L924
100814460,I1JBZ9
100814462,K7LKC8
100814466,I1JCB9
100814467,I1JF07
100814468,K7MR73
100814469,A0A0R4J467
100814470,I1LCF9
100814471,I1MZ17
100814475,K7KG55
100814476,I1L8V3
100814477,I1JLW3
100814479,I1MZK6
100814480,I1N1A7
100814481,I1JQW1
100814482,I1LM99
100814483,I1JRU7
100814484,I1LHR1
100814485,I1N8R9
100814486,I1LI58
100814487,K7MYT4
100814490,I1N727
100814492,K7MX73
100814493,C6TCF3
100814494,C6TN46
100814496,I1N9B3
100814497,K7LNM0
100814499,I1N617
100814501,K7LQ39
100814503,K7MWV8
100814504,A0A0K2CTE5
100814508,I1LV27
100814510,A0A0R0EDV2
100814512,K7N5I9
100814517,I1LV85
100814518,I1NHF4
100814520,K7KQK4
100814521,I1LPL0
100814522,I1NIS9
100814523,K7N5G5
100814524,I1K6B6
100814525,A0A0R0EFX0
100814531,G0T436
100814534,K7M367
100814538,K7LZS7
100814540,K7KY66
100814541,K7M0X6
100814542,A0A0R0H1R6
100814543,I1KCJ9
100814545,K7KSD6
100814551,I1KD93
100814552,K7M5V7
100814554,I1KL57
100814555,K7L2R3
100814556,A0A0R0GFT1
100814557,I1M6U4
100814559,I1KHY2
100814561,I1M8X6
100814562,K7M4V2
100814564,I1KLY0
100814566,I1KHG9
100814569,I1MGK2
100814571,I1MJG4
100814573,I1MD92
100814574,C6TKZ7
100814575,I1MF55
100814577,I1MHB1
100814578,I1MDS7
100814579,K7L6H5
100814580,I1KWC9
100814582,A0A0R0FJN3
100814585,I1KQ33
100814589,K7K4B8
100814592,I1KPE9
100814593,I1J7M6
100814594,I1J8K2
100814596,I1J9D0
100814597,I1J9V6
100814599,C6F117
100814600,K7K1J4
100814601,K7K1K7
100814602,I1L711
100814603,A0A0R0FAD6
100814604,K7LCF8
100814609,I1L565
100814610,I1MXN9
100814611,K7K960
100814612,C6TLU1
100814613,I1L656
100814615,C6T9A7
100814618,I1JHH2
100814619,K7MLE6
100814621,I1JE13
100814622,I1JFG8
100814623,I1JH19
100814625,K7MS18
100814626,I1JHL7
100814628,I1JJG3
100814629,K7K608
100814630,I1LDW0
100814634,K7MUM3
100814637,I1N1T9
100814638,I1LD03
100814639,I1MYX8
100814640,I1LDH2
100814641,I1L856
100814642,I1N3T3
100814643,K7KEV4
100814644,I1LFC1
100814645,A0A0R0KWC4
100814647,K7KH30
100814652,I1JNH2
100814653,A0A0R0HJ53
100814655,I1JRB8
100814656,K7LRU2
100814659,I1LIM9
100814660,I1LJ54
100814662,K7MZJ2
100814663,K7LML8
100814664,A0A0R0HL69
100814665,I1LNE1
100814666,K7LMI2
100814667,I1NAB2
100814668,I1JX00
100814669,A0A0R0HMM2
100814670,I1JXZ0
100814672,C6TC09
100814673,C6TFN6
100814674,I1LJN8
100814675,A0A368ULH4
100814676,I1LH18
100814677,C6T6Y3
100814679,I1JXE5
100814680,I1LLM4
100814681,I1LQH0
100814682,I1JZ89
100814683,I1LUE4
100814684,I1NG12
100814686,I1LR43
100814688,I1LP02
100814689,K7N509
100814690,I1JTF4
100814692,I1LTG9
100814693,C6TIU7
100814694,K7LVS6
100814695,I1NG08
100814696,I1LUS0
100814699,I1LRF1
100814700,I1K5M2
100814705,I1K2S5
100814706,I1K4A3
100814709,I1K6A8
100814712,I1M0K0
100814713,I1M2L5
100814714,A0A0R0GWF1
100814716,I1K892
100814717,K7KXJ1
100814718,I1LZR3
100814719,I1K927
100814720,K7M1A3
100814721,I1K9M3
100814722,K7KUS1
100814723,I1M358
100814724,I1KB48
100814725,I1KBJ9
100814726,C6T7R8
100814727,C6T8Y0
100814728,I1KD19
100814730,I1LWK4
100814731,A0A368UI13
100814732,K7KTB8
100814733,I1KCA1
100814734,I1MBA2
100814735,K7M695
100814736,I1M6M9
100814737,I1M6E6
100814739,I1M705
100814740,I1KJ35
100814741,I1KJP8
100814743,A0A0R4J3N9
100814745,I1MIG9
100814747,I1MJG1
100814751,C6TNA3
100814752,K7MCL9
100814754,I1MJ14
100814757,I1KQD8
100814758,C6TEB6
100814759,C6TLG5
100814760,K7MEH1
100814763,I1MPC2
100814765,K7LA02
100814766,I1KYK0
100814771,I1J851
100814774,I1JA49
100814777,I1JAU8
100814778,K7MHQ1
100814779,I1J744
100814780,K7L828
100814783,I1J8Z2
100814785,I1MSI9
100814787,I1MXW3
100814788,K7LFL4
100814789,K7MKA0
100814791,A0A0R0ID91
100814792,C6TJP8
100814793,I1L2G7
100814794,K7LE73
100814798,K7MKK7
100814799,K7LBL9
100814800,A0A368UIJ8
100814801,I1L1P1
100814802,I1JDJ9
100814805,I1L0J4
100814806,C6TN75
100814807,I1JB49
100814808,A0A0R0KZ07
100814809,I1JBW8
100814810,A0A0R0L1Z4
100814812,I1N058
100814813,K7K0P7
100814814,I1N2D4
100814817,I1JCC3
100814818,I1LFD4
100814819,K7MU33
100814820,C6TM50
100814822,I1LAX0
100814824,I1LEW2
100814825,I1N466
100814826,I1N4L2
100814827,I1L7I3
100814828,C6TND0
100814830,K7KGK3
100814831,I1L8E9
100814833,I1L9Q4
100814834,K7MQR6
100814835,I1JN16
100814836,I1JP17
100814837,I1JPH0
100814841,A0A0R0KER8
100814842,I1NAK6
100814843,I1LK41
100814846,K7KDQ9
100814847,I1LLV4
100814849,I1LGI2
100814850,K7MYS3
100814851,I1LGR9
100814852,I1NAV4
100814854,I1NBD6
100814855,I1NBW7
100814856,I1LIU2
100814858,K7MWB4
100814863,K7MX94
100814864,I1JYT1
100814865,I1JSX1
100814866,I1NFD2
100814869,A0A0R0K6H1
100814871,I1LT24
100814873,C6TB07
100814874,I1NGJ4
100814875,I1NH15
100814877,A0A0R0HA94
100814878,I1NDE9
100814881,I1LPX1
100814882,K7N0Z1
100814884,I1K2B0
100814885,I1LQ61
100814886,I1K3B5
100814888,C6SVT6
100814890,C6TG26
100814891,I1K6S6
100814892,K7KN36
100814893,I1LZX9
100814895,I1K0F9
100814896,I1M1V0
100814899,I1LVS3
100814901,I1LYC8
100814902,C6T889
100814903,A0A0R0JXM6
100814905,C6TIG1
100814906,K7KYJ0
100814907,K7M2K4
100814908,I1M467
100814909,A0A0R4J538
100814910,I1K764
100814913,I1KF52
100814914,K7KYG5
100814916,I1KA04
100814917,K7M7B0
100814918,I1KBM6
100814921,I1MA27
100814922,I1MB29
100814923,I1KM31
100814924,A0A0R0JCS9
100814925,I1M7R1
100814926,I1KK83
100814927,I1KLE3
100814930,I1KMU8
100814933,I1KIL6
100814934,I1MF71
100814935,C6TMW0
100814937,I1MCF1
100814940,I1MDB1
100814941,I1KYF2
100814943,K7MBN6
100814944,I1KS03
100814945,I1KSG2
100814949,K7MGN4
100814950,C6TE45
100814951,E3NYP3
100814952,I1KXI0
100814953,I1MQH0
100814954,K7MF06
100814955,I1KPC2
100814956,I1MKN6
100814958,A0A0R0IJZ0
100814959,K7MHC0
100814960,I1J6M6
100814964,I1MSF0
100814969,I1MTC5
100814971,I1J5I9
100814972,A0A0R0FND9
100814973,I1MR67
100814976,I1L4Q0
100814979,K7MJF6
100814980,I1MSK4
100814981,K7LB78
100814982,I1MTW5
100814983,K7KAN7
100814985,K7KBM3
100814986,I1L0A1
100814987,I1MS29
100814991,A0A0R0K8D1
100814995,K7LLL3
100814996,I1N333
100814997,I1JDH7
100814999,K7K890
100815000,I1N0X8
100815002,K7MRS7
100815004,I1LE16
100815005,K7MTX0
100815007,A0A0R0KJN8
100815008,E3WC95
100815010,K7LHL7
100815011,I1JLW4
100815012,I1JMG5
100815016,I1LMA0
100815025,I1N8U7
100815027,K7MYH6
100815028,I1JU26
100815031,A0A0R0EUA1
100815033,I1LGZ4
100815034,I1N6L6
100815037,A0A0R0KAT4
100815038,C6TGH2
100815040,I1NES2
100815041,Q00M80
100815043,I1LQR0
100815044,I1NHD7
100815045,I1LRL0
100815048,I1JW88
100815049,I1JTT7
100815050,I1LV87
100815051,A0A0R0EMJ8
100815054,I1NIT3
100815055,C6T987
100815056,I1K6C0
100815059,I1LWZ5
100815061,K7KMQ7
100815062,A0A0R0GUZ0
100815063,I1K0B2
100815064,I1M166
100815065,A0A0R0H397
100815066,A0A0R0GX78
100815067,I1K848
100815068,I1K8F2
100815070,I1LZG1
100815072,C6TAK5
100815073,I1M280
100815074,K7M1X5
100815075,I1KCJ8
100815076,I1KE48
100815077,A0A0R0GT36
100815079,I1K728
100815080,K7KTW6
100815082,K7KUT2
100815083,I1KD94
100815084,I1M910
100815085,A0A0R0JAM9
100815086,K7L2I2
100815087,I1KLM9
100815088,A0A0R0GQL4
100815089,I1MC04
100815091,I1KHY6
100815092,I1M8X8
100815093,K7M6E9
100815094,I1KLY1
100815098,I1MCK6
100815099,K7MBD0
100815100,I1KPM9
100815102,I1MD96
100815103,I1KXV5
100815105,K7MAW9
100815107,K7M9M1
100815108,I1KT24
100815109,K7L8L6
100815111,I1MKI4
100815114,I1KQ36
100815116,K7MED9
100815117,I1J8Q9
100815120,K7L7A1
100815121,I1J4T4
100815122,I1J8K5
100815123,K7K4P9
100815124,A0A059TAI3
100815125,I1L4E4
100815127,I1J605
100815129,I1MTU3
100815132,K7MLZ0
100815133,K7MME3
100815134,I1L566
100815135,I1MXP0
100815137,C6TI34
100815138,I1L659
100815140,K7LG67
100815141,I1MRU5
100815142,I1L739
100815143,I1JHH4
100815146,I1JE14
100815147,C6T9P9
100815148,K7K9Y7
100815150,I1JHL8
100815151,K7LJK2
100815152,K7K676
100815153,A0A0R0HUR0
100815154,I1JBS2
100815155,I1LDW1
100815156,A0A0R0FB53
100815157,I1JC75
100815158,I1L7K9
100815160,K7MVI9
100815161,I1LBF7
100815162,C6T782
100815163,C6TA39
100815164,I1N2G1
100815166,I1N2X1
100815167,I1N3T7
100815168,I1JNC5
100815170,I1L898
100815173,I1MYC5
100815175,C6THB3
100815176,K7KF09
100815179,A0A0R0HK16
100815180,I1LHM4
100815181,I1LIN0
100815182,C6TBY6
100815184,K7MZJ3
100815185,C6TFP9
100815187,I1N8F5
100815188,I1LMX4
100815189,K7KKE2
100815190,I1LNE2
100815191,I1LG37
100815193,I1LHG2
100815194,I1JXZ2
100815196,K7MW63
100815197,K7KIL7
100815200,I1JWI0
100815201,I1N6X4
100815202,C6TGY6
100815203,I1LQH2
100815204,K7KM85
100815206,I1NG16
100815208,K7LTK4
100815210,C6T9B4
100815212,I1LSI6
100815213,K7LVG2
100815217,I1LPE8
100815220,I1LRF2
100815221,I1K5M5
100815222,I1LS37
100815224,C6TJJ8
100815226,K7LV51
100815227,I1K4A6
100815229,A0A0R0K188
100815230,I1K5T3
100815232,C6TET6
100815233,I1LYK2
100815235,I1M0K4
100815236,K7M1V6
100815237,K7M423
100815239,I1LZR5
100815240,K7KTN4
100815241,I1M1T8
100815242,K7KU48
100815243,I1KA67
100815244,I1KAP8
100815245,I1M359
100815246,I1KB52
100815247,I1KBK0
100815248,I1K6Y9
100815251,I1M5M2
100815252,K7LX41
100815253,I1K8I4
100815255,K7KVN0
100815256,I1MBA4
100815258,I1M8I3
100815259,I1M6E5
100815261,K7M4A9
100815262,K7L3S3
100815264,K7L0T2
100815268,I1M7D8
100815270,I1KNC5
100815272,I1KGU8
100815273,C6TEQ7
100815274,I1MEQ1
100815277,K7MC63
100815278,I1MCW1
100815282,I1KZ22
100815284,I1KQY7
100815285,C6TIY9
100815286,I1MDV5
100815287,I1MQQ2
100815288,I1MLV5
100815291,C6TI55
100815292,I1MKF4
100815293,I1KY20
100815294,K7K315
100815295,I1MLI2
100815297,K7MG09
100815299,I1KRC9
100815300,I1ML36
100815301,K7K561
100815305,I1KUW9
100815307,C6T7S3
100815310,K7K4H4
100815312,I1MXD3
100815313,I1MXW4
100815314,I1L5Q4
100815316,I1L6C6
100815317,C6TG70
100815318,A0A0R0I6K5
100815319,I1L482
100815320,I1JG83
100815322,A0A0R0FK61
100815323,K7LBM1
100815325,K7KB61
100815328,I1JDK1
100815329,I1MW66
100815330,A0A0R4J2P9
100815331,K7LDA1
100815333,I1JG18
100815334,A0A0R0KYG4
100815336,C6TMF5
100815339,I1N2D6
100815340,K7LKS3
100815342,I1JCC4
100815345,K7K7U5
100815348,C7S8D1
100815350,I1LCG3
100815351,I1JML4
100815352,I1LEW7
100815353,C6TJ86
100815354,I1N4L3
100815356,K7MVA0
100815357,I1MYT2
100815359,K7LHT6
100815360,K7MPV6
100815362,I1N0I9
100815363,I1JN19
100815364,I1JP19
100815365,I1N149
100815366,K7KFQ5
100815367,C6TJN8
100815369,C6TN95
100815371,I1LHQ6
100815374,C6TJD5
100815376,I1LKZ3
100815377,A0A0R4J5X9
100815378,K7KDR3
100815379,I1LMG2
100815382,K7MZC1
100815384,I1NBD7
100815385,C6T736
100815389,C6T873
100815390,I1JWY2
100815392,A0A368UGD0
100815393,I1JYT2
100815394,K7KHN6
100815396,K7KIE0
100815397,K7N3L2
100815399,K7N4N1
100815402,I1NFI1
100815403,I1LUC9
100815404,I1NGJ5
100815405,I1NH16
100815407,I1LNW1
100815409,I1LRT6
100815410,I1K1C0
100815413,I1K2B5
100815417,A0A0R4J3C9
100815419,I1K4T1
100815420,I1K011
100815423,I1M1V1
100815424,I1K0N8
100815426,C6TIQ6
100815428,D0FZ16
100815429,I1LYX4
100815430,K7KXC8
100815433,K7M2K9
100815434,I1M469
100815436,I1KDI6
100815437,I1LVM1
100815438,A0A0R4J2G8
100815439,K7KYG8
100815440,A0A0R0JIT3
100815443,I1KBM8
100815445,K7M8D6
100815447,I1MB30
100815448,I1KM32
100815449,K7L3E1
100815450,I1KNS1
100815451,I1M7R2
100815452,K7L0B0
100815453,I1KK85
100815454,I1KKV2
100815455,C6TGC4
100815457,I1KME9
100815458,K7L3M1
100815459,I1MDZ4
100815462,K7MDU4
100815463,K7L1A5
100815464,I1MF73
100815465,C6TIQ1
100815466,K7MBU6
100815467,I1MII8
100815468,I1MCF3
100815469,I1MDV6
100815470,K7MA63
100815471,I1KYF3
100815472,I1MDF8
100815474,I1KS09
100815475,C6THZ8
100815476,E0A2W1
100815477,I1KUQ3
100815478,C6TNM1
100815480,K7MGN5
100815482,I1MNS0
100815483,I1KXI3
100815484,I1MQH3
100815485,I1KZ26
100815486,A0A0R0FKV4
100815488,K7L4F5
100815491,K7K4T2
100815493,I1J6N5
100815496,I1MWI1
100815497,I1JAD6
100815498,I1L0Y4
100815499,I1JAV7
100815500,I1J575
100815501,K7LF52
100815502,I1MTC8
100815504,C6TH78
100815506,I1MUN3
100815507,C6TEN2
100815508,I1L332
100815509,I1MRF6
100815510,I1MX76
100815514,K7LB83
100815516,A0A0R0L1C5
100815518,I1JJJ8
100815520,I1MVX4
100815521,K7MMB3
100815522,K7K7X8
100815524,I1N1P2
100815527,K7LKD7
100815528,K7LLL6
100815530,I1JDH8
100815532,I1JF17
100815533,I1N0Y1
100815534,I1LC01
100815535,K7MRT1
100815537,K7KE10
100815538,A0A0R0HYD6
100815539,K7LM25
100815540,I1JP01
100815541,E3WC96
100815543,K7LHL8
100815544,I1JLW7
100815545,I1L8T7
100815550,I1JRC2
100815552,C6TJ82
100815554,I1N9X8
100815555,I1LJK8
100815558,I1N5W5
100815559,K7MY67
100815562,I1LI63
100815564,I1N619
100815565,I1JVE0
100815566,I1LL61
100815570,I1JSX8
100815571,A0A0R0JKN5
100815574,I1LV32
100815575,I1LQR1
100815577,K7LTX3
100815580,I1NEK7
100815581,I1JTR0
100815583,A0A0R0ED38
100815584,I1NHU7
100815586,I1LQP5
100815587,K7N0W9
100815588,I1NJB7
100815591,K7N203
100815595,I1LZA7
100815598,I1M3B6
100815599,I1M4L2
100815600,K7KWK4
100815601,I1KDU2
100815605,C6TJB5
100815606,I1M281
100815608,I1KCK1
100815609,I1KE50
100815614,I1MAQ0
100815618,K7L2C8
100815619,I1MAL3
100815621,A0A0R0GFH2
100815624,A0A0R0J0J8
100815625,I1KLY3
100815628,K7KZ72
100815630,I1MGK6
100815632,I1MJG9
100815633,A0A0R0IG74
100815635,I1KXV6
100815636,I1MDC7
100815637,I1MCB4
100815639,C6TFT8
100815640,A0A0R0IRW1
100815642,K7MEJ2
100815644,I1KZL9
100815645,K7L4U6
100815646,A0A0R0LHN0
100815648,I1KSU2
100815649,I1ML66
100815650,I1KU61
100815651,I1J7N3
100815652,I1J8K6
100815654,I1J9D2
100815655,I1L3L6
100815659,C6TCZ6
100815660,I1L1Y4
100815662,I1MVM0
100815663,C6THW3
100815664,I1MXP2
100815666,K7MP14
100815667,K7LFW5
100815668,C6TIZ9
100815669,K7LG70
100815670,C6T7H0
100815671,C6TJ75
100815672,I1JHH8
100815673,I1MRT9
100815677,I1JH21
100815680,I1JHM0
100815682,I1LBZ8
100815684,I1L9D1
100815688,I1N463
100815690,K7LJN4
100815693,K7LKL8
100815695,I1LDH8
100815696,C6TG44
100815697,C6TEP0
100815699,I1JPP1
100815700,K7LH67
100815702,I1L9J2
100815703,I1MZD1
100815706,I1JNH7
100815707,K7KG81
100815708,A0A0R0HLQ4
100815709,K7LRU4
100815710,C6TMT0
100815712,I1LIN1
100815713,I1NB97
100815717,I1JTZ3
100815718,I1LNE3
100815720,C6T634
100815722,I1JXZ6
100815723,K7KM24
100815724,A0A368UGI4
100815725,K7KIM1
100815727,K7KIX6
100815728,K7MWR3
100815729,I1JXE8
100815731,I1JZ92
100815732,A0A0R0HI57
100815735,A0A0R4J4S8
100815736,K7KJE9
100815737,I1NIR4
100815739,I1LTH4
100815742,I1LUS1
100815745,K7N4U9
100815746,I1LRF3
100815747,K7KRJ6
100815749,I1K1W1
100815751,I1LQ31
100815756,I1K4A8
100815758,I1K589
100815760,I1K6A3
100815765,K7M2T3
100815768,A0A0R0JM06
100815770,K7KTN5
100815771,C6T866
100815772,I1K9M7
100815773,I1KA68
100815774,I1KAP5
100815775,I1M360
100815776,I1KB49
100815777,I1KBK3
100815778,I1KC16
100815779,I1KD34
100815780,I1M5M3
100815781,I1LW52
100815782,C6TAD2
100815784,I1LXK4
100815785,I1K8I6
100815787,K7KVN2
100815789,C6TD73
100815790,I1M9G9
100815791,K7M4B1
100815792,I1KN39
100815793,A0A368UHY6
100815794,I1KJQ2
100815796,I1KNC6
100815799,I1MCE2
100815801,K7L0R9
100815803,I1MEQ3
100815805,I1KKM5
100815806,I1MHI8
100815807,A0A0R0G4A9
100815810,I1KQ16
100815813,I1KQE1
100815815,A0A0R0IJ30
100815818,K7L784
100815819,I1MLV9
100815820,K7MH64
100815822,I1MPC6
100815823,I1MQ10
100815824,I1KY23
100815825,I1KYK8
100815826,C6TMD2
100815829,I1MKR8
100815830,K7K3Z9
100815832,C6TFU6
100815833,I1JA56
100815834,K7L6V6
100815836,I1JAV9
100815837,K7L7P0
100815839,I1J750
100815842,A0A0R0LHZ4
100815844,A0A0R4J5H8
100815845,I1L5Q5
100815846,I1MSX3
100815848,I1L6D0
100815849,I1L1D7
100815850,I1L2H4
100815851,I1L3Q4
100815852,I1L484
100815853,I1L4Q8
100815854,C6TA32
100815855,I1JCX4
100815856,I1JGZ3
100815857,I1MTC3
100815858,I1L0Q6
100815862,I1MRY9
100815867,I1JG19
100815869,E2FKH6
100815870,C6TJ39
100815871,I1N008
100815874,I1JB39
100815881,I1LAU6
100815883,E0WC42
100815884,I1N3B9
100815886,C6TMY7
100815887,A0A0R0I9A1
100815889,I1N4L8
100815890,K7LGR6
100815891,I1N508
100815893,I1JR63
100815897,A0A0R0KMB4
100815900,I1JP21
100815901,I1MZN2
100815902,I1JPH1
100815903,I1JPY0
100815905,C6T510
100815907,K7LMD8
100815908,K7KCA7
100815910,K7MZ76
100815913,C9WA67
100815914,I1N7I7
100815915,I1LGF2
100815916,I1N8F6
100815917,C6TFX6
100815919,K7LMU8
100815920,I1NAV7
100815921,K7KL18
100815922,I1NBD9
100815923,I1NBW9
100815924,K7LNZ5
100815925,K7MVN8
100815926,I1N6E2
100815928,I1JST6
100815931,A0A0R0KBX5
100815932,I1JT40
100815934,K7KIE2
100815936,I1JVA3
100815937,I1NI07
100815939,I1LT26
100815942,K7N3J8
100815943,C6TM26
100815951,I1K3B6
100815953,F8SMB9
100815955,I1K4T6
100815956,I1K6T1
100815959,I1K082
100815966,I1LYC9
100815968,I1KEN3
100815970,A0A0R0GQS9
100815972,I1LWC2
100815973,I1M471
100815975,I1LVM2
100815976,P33082
100815977,K7KYG9
100815979,I1KA05
100815980,A0A0R0GL56
100815981,K7KV97
100815982,I1MAX3
100815985,I1MB34
100815986,K7L339
100815987,I1KHD9
100815990,I1KII7
100815991,I1KK88
100815993,I1KLG0
100815995,I1KMF4
100815996,I1KMV6
100815998,C6TF13
100815999,K7L0E9
100816000,I1MF75
100816002,K7MBU8
100816003,C6TDM6
100816004,K7M8T0
100816005,I1KX80
100816006,A0A0R0G587
100816008,I1KYF6
100816013,I1MME0
100816014,I1KV86
100816015,C6TM57
100816016,I1MNS3
100816018,K7MIW7
100816019,I1KZ29
100816020,K7MF12
100816021,K7L4F7
100816023,I1KS36
100816024,K7K4T3
100816025,K7MHC7
100816026,I1J6N8
100816028,C6ZRN3
100816035,I1MTC9
100816036,A0A0R4J2J3
100816038,I1MUN6
100816039,D9IXB2
100816041,I1MWR0
100816042,K7MNE6
100816043,K7MJF8
100816044,K7K9N8
100816045,A0A0R0F8W4
100816046,K7LB84
100816047,K7MKY8
100816049,A0A0R0FDP9
100816052,K7MM57
100816053,I1JE17
100816054,I1MS55
100816055,C6T7V4
100816056,C6TEG1
100816057,I1L925
100816060,I1JJG5
100816062,I1LCJ9
100816063,I1LEP3
100816064,I1N334
100816066,I1JF20
100816067,A0A0R0EU68
100816068,I1LC03
100816069,I1MYN2
100816070,I1JCP7
100816072,K7KEH7
100816075,I1N5E4
100816076,I1JQC5
100816078,I1JLX2
100816082,I1N7P2
100816083,I1JRC3
100816085,G0Z354
100816086,G8GTP2
100816092,I1N804
100816093,I1N8V2
100816095,I1N9C0
100816096,C6T817
100816097,I1N639
100816098,I1LI65
100816102,I1LKM8
100816103,K7LQG4
100816105,I1JSP8
100816107,I1KBP3
100816111,I1LQR4
100816112,I1NHE8
100816113,I1LRL1
100816114,I1NJE2
100816115,I1JTK1
100816116,I1NEL1
100816118,I1NHF9
100816119,I1NDD7
100816120,I1K443
100816122,I1NIT4
100816123,C6T791
100816128,K7KRM1
100816132,I1K0B3
100816134,I1K223
100816135,K7M2D7
100816136,A0A0R0GYI9
100816138,I1LZ99
100816140,K7M0Y5
100816141,I1M284
100816142,I1M2P6
100816144,A0A368UI28
100816145,C6TGN3
100816146,K7LY05
100816150,I1M826
100816152,C6TI14
100816155,I1KL64
100816156,K7L2S0
100816157,I1MC08
100816158,I1M732
100816159,C6TK32
100816162,I1KGJ8
100816164,K7MB46
100816165,I1MCM9
100816167,I1MJH0
100816168,K7L977
100816170,I1KXV7
100816171,K7MAL3
100816173,I1MDN5
100816175,K7L6I2
100816176,I1KU63
100816177,I1KWD8
100816179,K7MEJ6
100816181,I1KZM0
100816187,K7K3L1
100816188,I1J8L0
100816190,A0A0R4J2K9
100816191,I1L3L8
100816199,I1MVM2
100816200,I1MQT7
100816201,I1MXP8
100816203,K7MP15
100816204,K7LB38
100816206,I1MRU9
100816209,I1MUP0
100816211,I1JF09
100816212,C6T3G2
100816213,A0A0R4J2Q8
100816215,K7KAC4
100816218,I1LBZ9
100816222,K7K6S5
100816225,K7LJN9
100816227,I1N1U2
100816228,I1LD08
100816230,A0A0R0HXG7
100816231,K7MTI1
100816232,A0A0R0F3J1
100816234,K7KFT7
100816235,A0A0R0HNR6
100816236,I1JRZ5
100816238,I1MZX5
100816240,I1JKC5
100816242,I1LLX0
100816243,I1JKK6
100816245,K7LRU6
100816246,I1LI62
100816249,I1LIN3
100816250,I1JLC9
100816253,I1LLE9
100816254,K7LRS9
100816255,C6TM53
100816256,I1LNE4
100816257,A0A0R0HKL0
100816258,I1JX04
100816262,C6TB76
100816263,I1JUH3
100816265,I1JUW8
100816266,I1JXF1
100816267,I1JZ93
100816268,I1LQK7
100816269,I1NG19
100816271,I1LR48
100816273,I1LS44
100816274,I1NIR8
100816276,C6TKB5
100816277,I1NF12
100816279,C6ZS01
100816280,I1LUS3
100816283,I1NIC6
100816284,I1LRF4
100816285,I1K5M8
100816287,K7KNI7
100816288,I1JZH6
100816293,C6TJZ9
100816294,C6TID2
100816295,C6TFR6
100816296,K7LYT7
100816297,I1LYK9
100816304,I1LZR9
100816305,A0A0R4J3E4
100816306,I1M1P1
100816308,K7KUG7
100816309,I1KAP3
100816310,I1M364
100816311,I1KB51
100816312,I1KBK8
100816313,I1KC18
100816314,C6TKG9
100816315,I1KD37
100816316,I1M5M5
100816317,I1LW54
100816318,I1KF55
100816319,A0A0R0GJ73
100816321,I1K8I7
100816323,I1KCA6
100816324,K7M810
100816325,I1K7X1
100816326,I1M8I4
100816327,I1M9H1
100816329,I1M6F2
100816330,I1KN44
100816332,I1KJ44
100816334,K7L1C5
100816335,I1M9T4
100816336,I1KNC8
100816337,A0A0R0IXN6
100816338,K7KZ88
100816340,I1KGE2
100816347,A0A0R0GC11
100816348,K7L8G1
100816349,C6TI31
100816351,I1KZ27
100816352,I1KQE2
100816353,I1KQZ5
100816354,K7SE25
100816359,I1MPC8
100816360,I1MQ11
100816361,I1KYL0
100816365,K7K400
100816366,I1KRD3
100816369,C6TH46
100816370,I1ML94
100816371,K7K5K0
100816373,I1MP39
100816374,I1J751
100816376,I1L2R6
100816377,A0A0R0LCL4
100816379,I1JAD8
100816380,A0A0R0FHB8
100816382,I1MXW6
100816387,I1L1D9
100816388,C6T3F2
100816389,I1L3R0
100816390,A0A0R4J448
100816391,I1L4R0
100816392,K7LFJ2
100816394,I1JGZ8
100816395,K7MKM1
100816396,A0A0R0I3B3
100816401,I1JDK6
100816402,C6TCK1
100816406,I1JBS3
100816407,I1JI41
100816408,I1JIJ4
100816409,I1JB43
100816410,I1LD97
100816412,I1JC96
100816413,I1L9F9
100816416,A0A0R4J494
100816418,I1LAW0
100816419,I1LCG9
100816420,I1N3C0
100816423,K7MUM9
100816424,K7MUZ0
100816426,I1N509
100816427,K7KGL1
100816430,I1JMH3
100816432,I1JN25
100816434,I1N150
100816435,I1JPH2
100816436,A0A0R0KRR1
100816437,K7LN76
100816439,I1JK46
100816440,K7KCB2
100816441,I1LG07
100816442,C7S8D4
100816444,K7N0H8
100816446,A0A0R0HJJ7
100816447,A0A0R0EM30
100816448,C6TGC2
100816449,K7LMV7
100816452,I1NBE0
100816453,I1NBX1
100816454,K7LP03
100816455,A0A0R4J5Z2
100816457,K7LN26
100816458,A0A0R0KKJ8
100816459,I1N774
100816460,I1N5L9
100816462,I1JYT6
100816463,A0A0R0KCB7
100816464,I1NFE8
100816466,I1NI08
100816467,I1JVT1
100816468,I1LT30
100816469,K7KI11
100816472,I1NGL0
100816474,I1NH20
100816475,K7LSC3
100816478,I1LPX2
100816480,I1K2B8
100816481,I1LQ62
100816483,I1K3B7
100816484,I1K3S2
100816486,I1K6T4
100816487,K7M080
100816488,I1K0G0
100816489,I1M1W2
100816491,K7KPE5
100816492,K7M3M4
100816495,C6TG18
100816497,I1M0P9
100816500,I1KDI8
100816501,I1LVM5
100816503,A0A0R0JNR4
100816505,I1KA08
100816506,I1M7V5
100816509,K7M8D9
100816511,I1MA31
100816513,I1KM40
100816515,I1KNS8
100816516,I1M7R4
100816517,I1KII8
100816518,I1KK89
100816519,I1KKV7
100816522,I1MI76
100816523,I1MIL7
100816525,A0A0R0G5G3
100816526,C6T8H2
100816527,A0A0R4J598
100816528,A0A0R0G5W8
100816529,I1MII6
100816530,K7M8T4
100816531,K7M9Q7
100816533,I1KYF7
100816534,I1MGF3
100816536,I1KS13
100816537,I1KSH0
100816539,I1KV87
100816540,I1MK64
100816542,I1KXI5
100816543,I1MQH5
100816544,I1KZ32
100816547,I1KPD5
100816548,K7MFT0
100816549,K7L576
100816551,K7K4T4
100816553,A0A0R0FS75
100816554,I1J846
100816555,I1MQG1
100816556,K7LDI5
100816558,I1JAW9
100816560,I1MTD0
100816561,A0A0R0FKZ4
100816562,K7K2E0
100816563,I1MUN9
100816564,C6TJP0
100816565,C6T7M9
100816567,I1L568
100816568,K7MJF9
100816569,K7LG72
100816570,I1JGK4
100816571,K7MK43
100816572,I1KZX3
100816573,I1MTX3
100816574,I1JI39
100816575,K7MJT4
100816578,K7K5V4
100816579,I1JEK9
100816580,I1MZT2
100816581,I1N035
100816582,I1JJ13
100816583,I1JJG7
100816587,I1N335
100816589,K7K7H5
100816590,K7K898
100816591,C6TGM8
100816593,A0A368UGJ6
100816594,I1JFT5
100816596,I1L838
100816597,K7KEH9
100816598,C6TMI9
100816599,A0A0R0KRT7
100816600,I1N5E5
100816602,I1L8X2
100816609,I1JRV7
100816610,K7MY56
100816611,I1N9Y1
100816612,C6TNV6
100816613,A0A0R0F3X6
100816614,I1LG65
100816615,C6T930
100816616,I1N8V4
100816618,I1N9C1
100816619,I1NAB5
100816622,A0A0R0ET76
100816623,I1JVE6
100816625,A0A0R0HNB9
100816626,I1N6L8
100816628,K7LN47
100816629,I1JXY0
100816630,K7KLP9
100816633,K7KHZ9
100816634,K7LTA3
100816635,K7LTC4
100816638,I1JW02
100816639,I1NEL3
100816641,I1NHG2
100816642,K7KQK7
100816643,K7LTC0
100816644,K7N544
100816645,I1NJC1
100816646,I1K6D9
100816647,K7N0Q2
100816650,K7KRM2
100816656,I1M176
100816659,C6SVT9
100816663,I1M2P7
100816664,I1KE56
100816666,I1LWS2
100816667,K7KSE7
100816668,I1K9D1
100816669,I1MAD5
100816670,I1KAV2
100816671,I1M688
100816674,I1MAL7
100816676,I1KLN5
100816678,K7M5U1
100816683,K7L1U2
100816684,I1MG54
100816686,A0A0R4J5C2
100816688,I1MJH1
100816692,K7MAX3
100816693,K7M9J6
100816695,I1KT31
100816696,I1KU65
100816697,I1KWD9
100816698,I1KY25
100816700,K7MEJ8
100816702,I1KP55
100816703,I1J4G7
100816704,I1MKW7
100816705,I1ML02
100816707,I1KU69
100816708,K7K3L6
100816709,I1J8L1
100816710,K7K4Q2
100816712,K7LE42
100816713,K7MN78
100816714,A0A0R0IKE0
100816715,I1J5C1
100816716,C6TIA6
100816718,K7MKX0
100816719,K7LCG4
100816720,I1J5N3
100816722,A0A0R0FE97
100816724,I1MXQ0
100816726,I1MY28
100816727,K7LFW8
100816730,K7KAA0
100816731,K7MLF2
100816732,I1L0E0
100816733,I1JF10
100816734,K7K5X7
100816735,A0A0R4J2Q6
100816737,I1JBV5
100816738,K7LJZ6
100816739,K7K619
100816740,I1LDW8
100816743,C6TKG7
100816744,A0A0R0FFT1
100816745,I1N0K1
100816746,F2X1X4
100816747,I1JFQ0
100816750,I1N2X4
100816751,C6TFP8
100816755,I1MYT4
100816757,I1MZX6
100816759,I1LA07
100816760,I1JNH4
100816761,I1JQH0
100816763,I1JQX3
100816764,K7LRA7
100816766,C6TFP5
100816767,I1LI74
100816768,I1N9D0
100816770,C6T864
100816773,K7KKE3
100816774,I1LNE9
100816775,C6TG05
100816776,I1LGM2
100816778,K7LN93
100816780,I1JUA9
100816781,I1NCE3
100816782,A0A0R0HLN7
100816784,A0A0R0EJG4
100816787,C6SXP4
100816788,K7N395
100816790,I1LR49
100816791,I1LP03
100816792,I1NIS2
100816795,C6TBW7
100816796,I1LPA8
100816797,I1NG15
100816798,I1LUS5
100816799,K7KQ72
100816801,I1NIC7
100816802,I1K5N0
100816803,I1LPU9
100816804,I1K1C5
100816805,I1K1W3
100816806,A0A0R0E7J2
100816808,I1K2T7
100816809,A0A0R0EIR6
100816810,I1K4B0
100816814,I1K6B0
100816815,K7LYV0
100816816,I1LX38
100816818,I1LVR1
100816819,K7M1V8
100816820,K7M2T8
100816822,I1K893
100816825,I1LZS3
100816826,I1K931
100816827,K7M1D8
100816829,I1KA71
100816830,I1KAQ0
100816831,K7LX83
100816832,K7KUZ2
100816833,A0A0R4J529
100816835,I1KC19
100816836,E6Y3G2
100816837,A0A0R0HC65
100816840,A0A0R0GIY4
100816841,C6T9U9
100816842,I1K7L6
100816843,A0A0R0GN49
100816844,I1MBA7
100816846,I1M8I5
100816847,I1M9H2
100816848,A0A0R4J5B0
100816851,A0A0R0GAS4
100816852,I1KJ66
100816853,K7M627
100816854,I1KJQ4
100816855,I1M786
100816856,C6TDU3
100816858,K7L3M4
100816859,A0A0R0JFP2
100816860,A0A0R0J3N4
100816861,K7KZ92
100816862,K7MA07
100816863,I1KJ30
100816864,K7MA52
100816865,C6TAQ7
100816866,I1KK21
100816869,K7L8G9
100816870,I1MJ19
100816874,I1KQE3
100816876,I1KRI1
100816878,I1MQQ4
100816879,I1MLW5
100816880,I1KUQ6
100816881,C6TA24
100816882,I1KVS4
100816886,I1MQ14
100816887,I1KYL4
100816888,I1J712
100816889,K7MFD5
100816891,K7L5I7
100816892,I1ML39
100816894,I1KTK7
100816896,K7K5K8
100816897,I1KPG4
100816898,I1J752
100816900,I1L0K5
100816901,A0A0R4J2H4
100816903,I1MSJ3
100816904,I1JAE0
100816905,I1MSP4
100816906,A0A0R0L553
100816907,I1MXW8
100816908,K7LFL7
100816910,I1J5B5
100816912,K7LC20
100816913,C6TK79
100816915,I1L486
100816916,I1L5P0
100816917,I1JG84
100816918,I1JGZ9
100816921,K7LBZ2
100816922,I1JIU9
100816924,I1MVQ7
100816925,I1MS93
100816926,I1L0J6
100816928,I1JGJ6
100816929,C6TC57
100816930,I1JI43
100816931,I1MYF5
100816932,C6TFQ2
100816933,I1L974
100816934,I1N061
100816935,A0A0R0KXK1
100816936,I1N2E0
100816939,K7K6F3
100816940,I1LFE9
100816941,I1N3I5
100816942,K7K7V3
100816943,I1LAF1
100816944,K7MV20
100816948,A0A0R0FEN3
100816950,I1LEX2
100816951,C6TA20
100816952,A0A0R0KNM8
100816953,K7LHU1
100816955,C6T775
100816956,C6TNT9
100816957,A0A368UIQ5
100816958,I1N0J5
100816960,I1JP23
100816962,C6TMJ4
100816963,I1JPY7
100816970,I1LJ63
100816972,A0A0R0ERA8
100816973,I1LFP9
100816974,K7MXY9
100816975,I1LGI3
100816978,I1JXD5
100816979,K7MZL5
100816980,I1NBX4
100816981,A0A0R4J4A1
100816982,I1N5H9
100816983,I1N6E8
100816984,C6TAX7
100816987,I1N7L0
100816988,C6T8Z4
100816990,K7N2V0
100816992,I1NGN3
100816993,C6TNU7
100816996,I1LP63
100816997,I1NFI7
100816998,I1LUD0
100816999,I1NGL2
100817000,C6T7X2
100817001,A0A0R0EMD9
100817002,K7KPT8
100817003,I1LNW6
100817004,I1NHV1
100817007,K7LUD5
100817009,K7LUI3
100817010,C6T895
100817012,I1K3B8
100817014,I1K3S3
100817016,I1K4U3
100817017,I1K6T6
100817020,I1K1G8
100817021,A0A0R0H5A1
100817022,K7KP92
100817023,I1M5A9
100817025,I1LYD4
100817027,A0A0R0GQV9
100817028,A0A0R0JKU3
100817029,I1M181
100817030,I1LWF0
100817031,I1K766
100817034,I1KFM9
100817035,I1K7S6
100817036,I1KA10
100817041,I1M915
100817042,I1MA32
100817043,I1MB39
100817044,K7L342
100817048,I1M7R8
100817050,I1KK97
100817051,K7L2A6
100817052,I1KLH2
100817054,C6TCG9
100817055,I1KG37
100817056,K7MDA5
100817060,I1MFP1
100817061,I1MH41
100817062,I1MII9
100817063,A0A0R0FTU5
100817064,K7M9Q9
100817065,I1MEK7
100817066,A0A0R0J4C3
100817067,A0A0R0G197
100817068,K7MBP2
100817069,A0A0R0IJW3
100817070,I1KSH8
100817071,I1KTL6
100817072,I1KV88
100817075,I1KXI7
100817076,C6TG57
100817079,I1KPD9
100817080,I1MM01
100817081,G9F9U3
100817084,I1MNK1
100817085,I1J6P2
100817086,A0A0R0E484
100817087,I1J850
100817088,K7MIW4
100817089,A0A0R0FFW9
100817090,K7LEG4
100817092,I1MTD2
100817094,I1MR45
100817095,I1J5J3
100817096,I1MUP1
100817097,I1MV52
100817098,I1L338
100817099,C6TDH9
100817100,I1MX78
100817101,A0A0R0L1U1
100817102,A0A368UHQ4
100817103,K7MJG0
100817104,I1L6M0
100817106,K7MK44
100817107,I1L023
100817108,I1MTX4
100817109,K7KAP4
100817110,I1MVB1
100817111,I1JJK2
100817114,A0A0R0L0W2
100817116,I1JEL0
100817119,I1JJ15
100817120,I1JJH1
100817121,I1N081
100817125,K7K757
100817126,K7K7H7
100817128,C6TME1
100817130,K7MRU1
100817131,K7K8V3
100817132,I1LDI5
100817134,I1LE19
100817136,C6TD46
100817140,A0A0R0K6W6
100817144,I1JRD0
100817146,I1JKM9
100817150,A0A0R0ETB5
100817151,C6THY6
100817152,I1N8V6
100817153,I1JTW0
100817154,I1LMX6
100817155,I1N9C2
100817156,I1JU28
100817157,I1NAB6
100817158,K7LNM9
100817159,I1JUH4
100817162,I1JVE9
100817164,I1LL66
100817165,I1JWI3
100817166,I1N735
100817167,I1JXF2
100817168,I1JXY2
100817169,I1JYD8
100817172,I1JTL8
100817173,I1LQR5
100817175,A0A0R0ER14
100817177,K7N2A3
100817178,I1JWE9
100817179,A0A368UIG3
100817182,I1NIU1
100817183,I1NJC2
100817187,I1JZX9
100817191,I1M178
100817193,K7M378
100817195,I1K8F4
100817196,I1KE12
100817197,K7LZW4
100817198,K7KY74
100817199,I1M287
100817200,I1LWD6
100817201,K7KVU9
100817202,I1LVM9
100817203,I1K7A1
100817205,A0A0R0GI63
100817208,K7M763
100817209,I1KAV6
100817212,A0A0R0GMW1
100817213,I1KL68
100817214,I1KLN6
100817215,I1M6X1
100817216,C6TIH7
100817219,I1KLY5
100817220,I1ME26
100817222,I1KKD3
100817223,C6TN73
100817224,I1MGK8
100817225,I1MHJ1
100817228,I1MJH5
100817229,I1KX28
100817230,A0A0R0G4M2
100817231,I1KXX1
100817232,I1MF82
100817236,I1KT32
100817237,K7L7A7
100817238,K7L8M7
100817239,E3NYN5
100817240,I1J5T9
100817241,I1MK39
100817242,I1J788
100817245,A0A0R0LCK1
100817247,I1KU77
100817249,I1J8L2
100817251,I1J9D5
100817252,I1J4B6
100817253,H2D4C3
100817254,K7LER1
100817255,I1J5C5
100817259,I1L1Z5
100817261,A0A0R0F6B2
100817263,I1L4R3
100817264,I1M8K7
100817265,I1JCV1
100817266,I1MY29
100817267,I1L665
100817268,K7K9F9
100817269,K7MJU2
100817270,I1JHI4
100817271,I1MUP5
100817273,C6TEI4
100817274,A0A0R0KWV4
100817275,I1JH29
100817280,K7LJL2
100817281,I1L999
100817283,K7LL59
100817285,I1JCX2
100817287,K7MUM4
100817288,K7MVJ1
100817289,I1LBG8
100817291,I1N1V1
100817294,I1LEI1
100817295,I1N3U2
100817296,I1JND5
100817298,I1JPP9
100817299,I1L8B5
100817301,I1JS00
100817304,I1N0B6
100817305,I1L8Q0
100817306,A0A0R0KR16
100817307,I1JQH2
100817309,C6TAH6
100817311,I1LMZ7
100817313,I1LFW5
100817314,I1N9D1
100817315,K7LNV4
100817316,K7MZK1
100817317,I1LK48
100817318,C6TFC1
100817319,K7KDK0
100817320,K7MX79
100817321,I1LGB8
100817323,I1LNE6
100817324,I1N9X1
100817326,I1LHG8
100817328,A0A0R0KHA6
100817329,I1NCE6
100817330,I1LJQ5
100817332,A0A0R0H690
100817333,C6T9Z0
100817334,K7N396
100817335,K7KIW8
100817338,I1LS49
100817339,I1NIS5
100817340,I1LSJ1
100817341,A0A0R0HG12
100817342,K7N2N1
100817344,A0A0R4J652
100817345,C6ZRY5
100817347,I1LPV6
100817348,A0A0R0ERF9
100817349,I1LPM9
100817350,I1K5N1
100817351,Q6LEG8
100817354,I1JZN7
100817356,I1LT60
100817357,I1K4B2
100817358,I1J3X2
100817359,C6TEW7
100817362,I1LYL1
100817365,I1M2M7
100817367,A0A0R0H8K5
100817368,K7KWQ9
100817369,C6TNF8
100817371,A0A0R4J3E6
100817372,A0A0R0H2F3
100817373,I1K9N1
100817375,I1KAQ3
100817377,K7KUZ3
100817378,I1M3P0
100817379,I1KBL4
100817380,I1KC20
100817381,I1KD40
100817382,I1LWH6
100817383,I1LW56
100817386,A0A0R4J3G7
100817387,I1MAK8
100817391,C6T9X3
100817392,I1KJ98
100817393,I1M9B0
100817394,I1KJQ5
100817397,C6TIU8
100817401,I1KI46
100817404,K7MAA8
100817405,K7L1I3
100817409,I1KPW9
100817410,I1KPV3
100817411,K7L9J8
100817413,A0A0R0IH39
100817414,I1KQZ7
100817415,I1KRI3
100817416,I1MHZ5
100817419,C6T998
100817420,I1MME3
100817422,C6ZRX0
100817424,I1MKC8
100817425,C6ZS38
100817429,I1J859
100817430,I1KRE0
100817431,I1JA65
100817439,K7K4H7
100817440,K4HBA4
100817441,C6T971
100817442,I1JAX0
100817446,I1J5R0
100817448,I1L1E2
100817449,I1L2I7
100817450,A0A0R0I960
100817451,I1L485
100817452,K7LFK0
100817453,I1JD60
100817457,K7KB71
100817458,K7LC96
100817459,K7MM08
100817460,C6ZRX5
100817463,C6T9Y5
100817464,A0A0R4J2P7
100817465,K7KB14
100817467,A0A368UJV9
100817468,I1LDA3
100817470,K7K6F7
100817471,K7LM33
100817473,A0A0R0KV53
100817475,I1LAX5
100817476,I1LCH2
100817478,A0A0R0I040
100817480,I1L7J7
100817481,I1N512
100817482,I1N5F0
100817485,A0A0R0HR10
100817486,I1JMH7
100817488,I1JP24
100817490,C6TAE9
100817491,I1JPZ4
100817495,I1JK49
100817498,K7MZ83
100817501,K7KDR6
100817502,A0A0R0HKM0
100817503,I1LGS4
100817504,I1N653
100817506,I1NBE6
100817507,I1NBX5
100817508,I1LIV4
100817509,K7MVP1
100817510,K7MWA5
100817511,I1JVZ0
100817513,I1JWZ1
100817514,K7MWH4
100817516,I1JYT9
100817517,I1JSY2
100817521,I1NE10
100817523,I1LRL9
100817525,I1JTG1
100817526,C6TEZ7
100817528,I1NFI8
100817529,I1LUD2
100817530,I1NGL3
100817531,K7LWJ0
100817532,I1NH23
100817534,I1LNX7
100817535,A0A368UGA0
100817536,K7KR51
100817537,I1LPR5
100817538,K7N0Z7
100817540,C6THQ0
100817542,A0A0R0EEW7
100817544,C6T872
100817546,A0A0R0JXR9
100817547,K7K0P9
100817549,I1LZZ7
100817554,C6TCS1
100817557,A0A0R0GWV8
100817558,I1KE67
100817562,I1KFQ4
100817563,A0A0R0GRW9
100817565,I1M4Q3
100817566,I1KDJ8
100817567,K7LWU0
100817568,A0A0R0JMJ8
100817569,K7KYH7
100817570,I1K7S8
100817572,I1M7V6
100817573,I1MAX6
100817574,I1MBU9
100817575,C6T9P5
100817577,C6T827
100817578,I1KM42
100817581,I1KIJ4
100817582,I1KK98
100817583,C6TFG2
100817584,C6TH02
100817587,I1KIP3
100817589,K7L1A8
100817590,A0A0R0FYJ2
100817591,C6TMG0
100817592,I1MH47
100817593,I1MIJ4
100817595,K7L9D4
100817597,I1MEK9
100817598,I1KYG3
100817604,I1KV89
100817605,I1MMV2
100817607,I1KNV7
100817609,K7MF17
100817611,I1KPE0
100817612,I1MKP3
100817613,I1KQT1
100817614,I1KS43
100817616,I1MNK2
100817617,I1J6P3
100817619,I1J4V8
100817620,K7MIW5
100817621,C6TE89
100817622,A0A0R4J5N4
100817623,I1L423
100817624,K7LF59
100817627,I1MU97
100817628,K7K2E2
100817629,A0A0R0FC70
100817630,C6TGR4
100817635,K7LF92
100817636,A0A0R0F741
100817639,K7MK45
100817640,K7LB86
100817643,I1JJK4
100817645,K7K7J9
100817648,I1JEL2
100817650,A0A0R0K8D7
100817651,I1N036
100817652,I1JJ16
100817655,I1LCK5
100817658,I1JDI8
100817660,A0A0R0KWM5
100817661,A0A0R0EYW9
100817663,I1KXK6
100817665,I1LDI8
100817666,I1JL98
100817668,I1LFC9
100817669,I1JP09
100817670,K7KD85
100817671,I1L8X8
100817672,K7KDM2
100817673,I1MZK7
100817676,I1JRD2
100817677,I1LMB5
100817678,I1JRW3
100817679,I1N9Y2
100817681,K7N005
100817682,I1LKM5
100817683,I1N8V7
100817684,I1JTW1
100817685,C6T7U6
100817686,I1N9C3
100817688,A0A0R0HEG0
100817690,I1JUX4
100817692,C6TIN1
100817693,I1LL67
100817695,K7KKB2
100817697,I1N6J4
100817698,I1JSW4
100817699,I1JXY3
100817700,I1JYD9
100817702,I1NET2
100817703,I1LUF8
100817706,K7N476
100817707,I1NCV7
100817708,I1JW03
100817709,C6T8K6
100817712,K7N483
100817713,I1K0W9
100817714,K7LTC5
100817715,I1NIU2
100817716,C6TJ40
100817717,I1K6E5
100817721,A0A0R0K6H9
100817724,I1K017
100817725,K7LZT8
100817727,A0A0R0H006
100817729,A0A0R0H6G9
100817730,I1LZD1
100817731,I1KF77
100817732,I1M368
100817733,K7M2Y2
100817734,I1M575
100817735,A0A0R4J3L4
100817736,K7LXF3
100817739,I1KAW1
100817742,I1KH49
100817743,I1KL69
100817744,K7L2S4
100817746,I1KHZ4
100817747,A0A0R0GBH5
100817749,I1KLY6
100817750,K7KZN2
100817751,K7L126
100817752,K7L1U7
100817754,C6TJW9
100817756,I1MI05
100817758,K7MDT1
100817759,I1MJH3
100817760,I1KX29
100817761,I1MD84
100817763,K7MAL7
100817766,I1KT38
100817767,C6SYE5
100817768,C6SZA4
100817776,A0A0R0IPT6
100817777,A0A0R0FPJ0
100817780,I1J4B0
100817781,I1J9D6
100817782,I1J9W3
100817784,I1MWX4
100817786,K7MNI8
100817788,A0A0R4J5L5
100817790,K7LGH6
100817791,C6TMB6
100817794,I1J5R2
100817795,I1MVM6
100817796,I1L4R4
100817797,I1MXQ4
100817798,K7MP17
100817799,C6TJ91
100817801,K7MJU4
100817808,I1JH34
100817810,C6SW33
100817813,K7LJL4
100817814,K7LK00
100817815,I1JBT6
100817816,I1LDX6
100817818,K7K6S9
100817819,C6TAL5
100817821,I1N5C6
100817822,I1LBH2
100817823,I1JB81
100817824,I1N1V4
100817827,I1N3U3
100817828,K7KEW6
100817829,I1JPQ0
100817831,I1MYU4
100817832,I1JS03
100817833,I1L8H3
100817835,K7KEM7
100817836,K7MR09
100817837,C6TF61
100817838,I1JQH3
100817839,I1JQX7
100817840,A0A0R0HU05
100817841,A0A0R0HV67
100817842,I1LHR4
100817843,C6TIN0
100817846,I1LIP1
100817847,I1LFM6
100817852,F8SMC3
100817853,A0A5P8I4N7
100817854,A0A0R4J616
100817856,I1LNE8
100817858,K7LMI9
100817860,I1LHH2
100817862,I1JYY6
100817863,A0A0R0F3K4
100817864,I1LJQ6
100817866,C6T8P4
100817867,K7LVE9
100817868,I1JT24
100817869,K7N397
100817870,K7LTL2
100817871,I1LS53
100817872,A0A0R0EFV6
100817873,I1LSJ1
100817874,I1ND56
100817875,C6TD00
100817880,K7N4V2
100817881,K7LTS9
100817882,K7KRJ8
100817883,I1LS39
100817884,I1K1C8
100817885,A0A0R0E619
100817888,I1K2U1
100817891,I1J3X3
100817892,I1K5A1
100817896,Q6SQJ2
100817897,I1M2N0
100817898,K7M2T9
100817899,K7LY59
100817900,C6TFC3
100817901,I1LZS8
100817902,I1M1T5
100817903,I1K9N2
100817904,I1KA79
100817905,I1KAQ6
100817906,I1K6W0
100817908,I1KBL7
100817909,I1KC22
100817910,I1M5M8
100817911,C6SWS5
100817913,I1K8J2
100817915,I1MBB2
100817917,I1M8J1
100817919,I1MC10
100817920,A0A0R0G863
100817922,A0A0R4J3P1
100817923,K7M4R4
100817927,A0A0R0JEB1
100817929,I1KGV8
100817932,I1KJ36
100817933,I1MJG6
100817934,I1MER1
100817940,K7LAN7
100817941,I1KQE8
100817942,K7L5B8
100817943,I1KRI7
100817944,I1KS17
100817945,I1MDV8
100817947,C6T8Z3
100817948,A0A0R4J3Y5
100817949,I1KVS6
100817950,I1MNC5
100817952,I1MPD2
100817953,I1MQ19
100817954,I1MQI3
100817955,I1KYM3
100817960,I1KRE5
100817963,I1KTL3
100817965,I1KUY0
100817967,C6TDD3
100817969,I1J903
100817970,I1L0U0
100817971,C6T670
100817972,I1JAX2
100817973,I1J4T3
100817974,I1MXX7
100817975,K7LFM0
100817976,K7K1U7
100817978,C6TGE0
100817981,I1L487
100817982,I1L5P6
100817983,I1L749
100817984,I1JH02
100817986,C6THZ4
100817987,I1L013
100817988,I1L1Q7
100817990,I1JDL2
100817992,I1MSC4
100817993,I1JG24
100817994,I1JBS4
100817995,C6T7V0
100817996,I1JIK1
100817997,K7LJ90
100818000,I1N0C6
100818002,A0A0R0I0W2
100818003,K7MU48
100818007,I1L7S8
100818009,I1N2H2
100818010,I1N3C2
100818012,I1LEX5
100818013,I1N483
100818014,K7LGR9
100818015,I1N514
100818016,C6TKD9
100818017,I1JR80
100818018,I1L8F1
100818019,I1MZI0
100818022,I1MYD0
100818023,I1MZN1
100818024,I1JPH9
100818026,I1N7V6
100818027,I1N874
100818028,A0A0R4J2U8
100818029,I1JKI3
100818031,I1N5P1
100818032,A0A0R0HUK1
100818033,K7MXM8
100818034,D4N5G3
100818038,I1NBX9
100818043,I1JWZ3
100818044,I1N7D3
100818046,I1JYU1
100818047,K7KHP1
100818049,K7LWF3
100818050,K7KIF3
100818051,C6TJ85
100818052,I1NI12
100818055,I1NFJ1
100818056,K7LW07
100818057,I1NGL5
100818058,I1LV98
100818059,I1NH25
100818060,I1K2U6
100818061,I1LNX8
100818063,I1K0Y6
100818065,K7N0Z8
100818066,I1JZL5
100818067,I1LQ64
100818068,A0A0R0E6T9
100818069,I1K3C3
100818071,I1K3S8
100818075,K7M085
100818076,I1K1H0
100818077,C6TM99
100818078,A0A0R0GSR6
100818080,I1M5B0
100818083,I1LYD6
100818086,I1M0Q4
100818087,K7KYJ6
100818088,C6TJ49
100818091,K7KWR5
100818095,K7KSV3
100818096,A0A0R0JQA6
100818098,A0A0R0JPA1
100818099,I1K7U4
100818100,K7M8E6
100818101,I1M917
100818103,I1MAM4
100818104,K7M7X6
100818106,I1KMI1
100818107,I1KHH3
100818109,I1KIJ7
100818111,I1KLH3
100818113,I1KMF9
100818114,I1MCD5
100818116,K7L0G1
100818117,I1MEF8
100818118,I1KJM5
100818119,I1MFP5
100818120,I1MG60
100818121,C6T8K0
100818122,I1MCZ3
100818123,A0A0R0G1J6
100818124,A0A0R0FWQ0
100818126,I1KYG5
100818129,K7M9J7
100818130,I1KSL6
100818131,I1KTM1
100818132,I1KV92
100818133,K7MGQ7
100818134,I1MNS7
100818135,I1KXI8
100818136,A0A0R0LDG2
100818137,I1MKV8
100818139,I1KPF2
100818140,I1KQT2
100818142,K7K4T8
100818144,I1J4L3
100818147,I1MQH2
100818149,I1MWJ3
100818152,C6TE76
100818153,K7K291
100818154,I1MUA1
100818156,I1MUP6
100818157,I1MV57
100818158,I1L341
100818159,I1MRF7
100818160,I1MRH7
100818162,C6TMS2
100818163,I1L6M4
100818164,I1JGL1
100818165,I1MSL6
100818167,K7MJU3
100818168,K7KAQ1
100818169,A0A0R0FD34
100818172,K7MM61
100818173,I1JE21
100818175,I1JEL3
100818176,I1MZT4
100818177,K7MQ86
100818180,C6TGV7
100818182,K7LKE4
100818183,K7LLN0
100818184,I1N340
100818186,I1JDZ7
100818188,C6THR1
100818189,I1LC11
100818190,I1N1D2
100818192,I1LD14
100818193,I1LDJ1
100818195,C6T8H3
100818197,I1LFD1
100818199,A0A0R0KV96
100818200,C6SZ18
100818203,I1N0Z7
100818205,I1N6T4
100818206,I1JKM1
100818207,I1JRW5
100818208,K7MWT5
100818209,C6TDM9
100818210,K7LQ40
100818211,B9MST3
100818212,C6TFP3
100818214,K7LRT2
100818215,I1N9C6
100818216,I1NAC0
100818217,I1LI89
100818218,C6TEJ4
100818219,I1JUX8
100818221,I1N630
100818222,I1JVF1
100818224,C6TCG1
100818228,I1JXG3
100818229,I1JXY7
100818230,K7KLQ1
100818231,K7LW25
100818233,I1LQR8
100818234,I1NHG1
100818235,E2FKI6
100818241,K7LSR6
100818243,K7N0J8
100818244,I1K6F3
100818246,I1NED2
100818247,I1K4B3
100818249,I1K5U3
100818251,A0A0R0I209
100818253,I1LZB9
100818254,K7M0Y8
100818255,A0A0R0K0C4
100818256,I1M3D2
100818258,I1K850
100818260,I1LYX9
100818263,I1M290
100818264,I1M367
100818265,C6TFA8
100818267,I1KE57
100818269,M9WP18
100818271,K7KTX9
100818273,K7KUU8
100818276,A0A0R4J587
100818277,A0A0R0G797
100818278,K7KZX6
100818279,A0A0R0GBQ2
100818281,I1KKW8
100818282,K7L2Z5
100818284,K7KZN4
100818286,A0A0R0J3G3
100818288,I1KVN3
100818289,I1JU90
100818290,I1KWI2
100818291,I1MJ23
100818292,C6TG12
100818297,I1MFT1
100818299,A0A0R0INL6
100818301,I1KY31
100818304,K7LAY8
100818305,I1KQ47
100818306,I1MKX0
100818309,K7L6E3
100818311,I1KU79
100818312,I1J8L3
100818313,K7LDP1
100818314,A0A368UIN2
100818315,I1J9W7
100818316,K7LE44
100818319,I1MXF1
100818320,K7K1K5
100818324,I1MTV9
100818325,C6TKD7
100818326,K7LD23
100818328,I1MVN0
100818329,C6TK80
100818331,K7MNQ6
100818336,K7MJU5
100818340,I1JF18
100818341,I1JH37
100818343,I1N1J1
100818344,I1JHM8
100818345,I1LAM2
100818346,K7MSC2
100818347,I1LBC7
100818349,I1JBT7
100818350,K7LL62
100818351,K7K6T0
100818352,I1N470
100818353,I1N5C7
100818354,I1LBH3
100818356,I1N1V6
100818358,I1N2X9
100818359,I1LEI8
100818360,K7MUD4
100818363,I1L8B2
100818365,I1JS04
100818368,I1JN30
100818371,I1JNI2
100818372,I1JKE1
100818373,I1JPZ9
100818374,I1JQH4
100818376,I1JQX8
100818379,I1LHR7
100818380,C6TFU9
100818381,K7MYI3
100818382,I1LIP2
100818383,I1LJ68
100818384,K7KD37
100818386,I1N7K5
100818388,I1N8G1
100818389,I1JTZ7
100818392,I1JX12
100818394,I1NBE7
100818396,K7KM38
100818397,I1N694
100818398,K7LPH0
100818399,K7MWS5
100818401,I1LTG0
100818402,I1JZ99
100818408,I1LS55
100818409,A0A0R0EFC2
100818411,I1LTI2
100818412,A0A368UGD8
100818413,I1LTY7
100818414,I1NG17
100818416,A0A0R0K1S3
100818418,I1NID3
100818419,K7LTT8
100818422,I1K1C9
100818424,I1LSS7
100818428,I1JZW8
100818430,I1LY11
100818432,I1M0L1
100818433,A0A0R0H0J4
100818434,I1M3Z8
100818436,I1K896
100818437,I1LXW1
100818438,G0T435
100818439,I1M187
100818440,K7M1E0
100818441,I1K9N4
100818442,I1KA76
100818443,I1KAQ7
100818444,I1KB57
100818445,I1M3P3
100818446,K7KV89
100818448,C6TD27
100818449,C6TI13
100818452,I1LXK8
100818455,I1KCC4
100818459,I1KH06
100818460,I1MA39
100818461,K7M889
100818462,I1M6U5
100818464,I1KN54
100818467,I1KJQ8
100818469,I1KMW2
100818470,I1KND1
100818471,I1KG21
100818473,I1ME60
100818474,K7L0S7
100818475,I1MJG8
100818476,A0A0R4J564
100818479,A0A0R0J2A9
100818480,I1KZ53
100818481,I1KQE9
100818482,I1KR03
100818483,A0A0R0ITT9
100818484,I1MLH0
100818485,I1MLX0
100818486,C6T7R4
100818487,C6TK03
100818488,I1KVS8
100818490,K7L905
100818493,Q84ZV2
100818494,I1KYM4
100818495,I1MKM3
100818496,K7K3K1
100818497,K7MED3
100818499,I1ML41
100818501,I1KPD4
100818502,K7K5L4
100818505,K7K346
100818506,I1MLF4
100818507,K7LDC5
100818508,I1MWQ8
100818509,I1JAE3
100818510,C6T6B3
100818511,K7K197
100818512,K7MNW9
100818515,K7LC27
100818516,I1L3R9
100818517,I1L494
100818518,I1L5P7
100818519,I1MR71
100818520,C6THD7
100818522,K7MKN1
100818523,K7LBN1
100818525,I1JIW0
100818527,I1MRZ3
100818528,K7K780
100818529,I1MS92
100818531,A0A0R0L3Y7
100818532,K7LIM8
100818533,I1JI54
100818534,A5YJW4
100818535,I1N062
100818536,I1JC14
100818537,I1N0A8
100818538,I1LDB0
100818540,K7K6G0
100818541,K7K7W0
100818543,K7LJB0
100818544,I1LCI1
100818545,I1MYA5
100818546,I1N3C3
100818547,K7KEA1
100818548,C6TJF4
100818550,I1N4M1
100818552,I1N516
100818553,K7MVK8
100818556,K7MPW5
100818557,A0A0R0KH50
100818558,K7LIB3
100818560,I1N151
100818561,A0A0R4J2Y7
100818565,I1JKI7
100818566,A0A0R0KET2
100818567,I1NAM6
100818568,I1N738
100818571,I1N5W6
100818572,K7LRK7
100818574,A0A0R0HBH8
100818575,I1NAW5
100818576,I1JU80
100818577,K7MZX4
100818578,A0A0R0HF34
100818581,K7KJV9
100818582,I1LH48
100818584,K7MX46
100818585,A0A0R0KC15
100818586,I1JSZ3
100818587,I1NFF5
100818588,I1JT63
100818590,A0A0R0HCH3
100818593,I1LT34
100818595,A0A0R4J666
100818596,A0A368UHE2
100818597,I1NGL6
100818598,A0A0R0HJH1
100818599,I1NH32
100818601,A0A0R0EDR0
100818603,K7LU17
100818604,K7LSW1
100818607,I1K2C2
100818609,K7N1M2
100818610,C6TKR1
100818613,I1K4U6
100818615,K7KMD1
100818616,K7KN47
100818617,I1M008
100818619,K7M1F5
100818620,C6TCK7
100818623,I1KDN7
100818624,D7RJ53
100818625,I1K8L2
100818627,I1M0Q9
100818628,A0A0R0JU54
100818629,A0A0R4J4T6
100818630,I1M4Q5
100818631,I1LVN2
100818633,I1KFP3
100818637,I1KBP5
100818638,I1M857
100818639,I1KCU7
100818640,I1MBV5
100818641,K7M5V9
100818642,I1MAM5
100818643,I1M6Q2
100818646,H2D4C4
100818647,K7M549
100818649,A0A0R0J9I4
100818650,K7L2P2
100818651,I1M675
100818652,I1KMF7
100818654,K7L0G5
100818657,A0A0R0FU67
100818658,I1MFP6
100818659,C6T806
100818664,K7LAA1
100818665,K7MBB4
100818667,I1KSP4
100818669,I1KV90
100818670,I1MMV9
100818671,I1MNS8
100818672,C6T328
100818674,K7MF21
100818676,A0A368UGW6
100818678,I1KP69
100818679,I1KS45
100818680,I1J9J5
100818681,I1MNK9
100818682,I1J6P4
100818684,I1J7P4
100818685,K7K403
100818686,K7MIW9
100818687,I1MSF8
100818689,K7LF61
100818693,I1MUP7
100818694,A0A0R4J5M7
100818695,K7LDP4
100818696,K7MN23
100818698,K7K6N3
100818700,K7MK48
100818702,K7MKZ2
100818705,I1JDC7
100818708,K7K7K2
100818710,P05046
100818713,K7KBA8
100818714,I1JJH7
100818715,I1N083
100818716,I1LCL0
100818717,I1LER0
100818718,I1N341
100818720,I1JE00
100818721,I1L9Y5
100818723,I1MY81
100818724,I1LC13
100818725,I1N1D5
100818727,I1LD15
100818728,I1LDJ0
100818730,C6TIB6
100818731,I1LFD2
100818732,I1JP11
100818733,I1JQD5
100818734,K7LHM9
100818735,I1JK62
100818738,I1JRD4
100818740,I1JRW6
100818743,I1LJL8
100818744,K7KDA7
100818745,C6TDU1
100818746,I1NC38
100818747,I1LKM7
100818748,B9MST3
100818751,K7LRT3
100818752,A0A0R0EPR8
100818754,I1JUH8
100818755,I1JUY7
100818757,I1N631
100818758,C6TI18
100818762,C6T5E9
100818764,I1JXG5
100818765,K7KLE8
100818767,I1LTU4
100818769,I1LUG5
100818770,I1JTM4
100818771,I1LQS4
100818772,K7N482
100818773,E2FKI7
100818776,I1JTU3
100818777,K7N485
100818778,K7KQL8
100818780,I1NIU9
100818781,C6TA41
100818782,K7KS10
100818783,K7N0Q3
100818784,I1K1W8
100818785,I1NED8
100818786,C6T6P3
100818788,K7KRM8
100818793,K7LZU2
100818794,C6THC6
100818795,I1M3D6
100818796,I1M4N3
100818799,I1K8I9
100818801,I1LZA9
100818802,K7KY75
100818803,I1K938
100818804,I1M371
100818805,C6TLB6
100818806,I1M578
100818807,I1KD46
100818808,I1K7A4
100818812,K7KTY2
100818814,I1KAW5
100818815,C6TER9
100818817,A0A0R0JEE7
100818818,I1M745
100818819,I1KHZ6
100818820,A0A0R0GFV3
100818821,I1M666
100818823,I1KLZ3
100818827,I1KKD9
100818828,I1MGL5
100818829,K7L832
100818830,I1MI09
100818831,I1KPN2
100818832,I1MJ27
100818833,K7ME40
100818834,K7M9C3
100818836,A0A0R0FVR5
100818837,I1MFT4
100818838,K7M9N1
100818840,I1KU76
100818841,K7L8N6
100818844,C6TNN4
100818845,K7L4V7
100818846,A0A0R0G092
100818850,I1ML65
100818852,I1J8L4
100818853,I1J908
100818855,C6TAH8
100818856,I1J9W9
100818857,K7LE47
100818859,K7LER5
100818860,K7MNJ4
100818861,I1MSX9
100818862,K7LGH7
100818863,I1MTW0
100818864,A0A0R0I5L4
100818865,I1J5N5
100818866,I1L2J1
100818868,C6TIX1
100818870,I1MRK2
100818873,C6SZE2
100818876,I1JHI6
100818878,I1L0G9
100818879,C6TJ57
100818880,C6TMH8
100818881,I1JH42
100818885,I1LC08
100818886,I1JBT8
100818888,K7MTE3
100818890,K7MUM8
100818892,K7MVJ7
100818893,K7LJP8
100818894,I1JCL2
100818896,C6TMD0
100818898,K7KFU5
100818899,I1L8B4
100818900,I1MYV1
100818901,I1JS05
100818903,I1MZY0
100818904,K7MQJ8
100818905,I1JKA6
100818907,C6TE23
100818909,I1JQH7
100818912,I1LI78
100818913,I1N9D4
100818914,I1LIP3
100818915,I1LJ68
100818917,I1JL10
100818918,I1JL47
100818919,I1N7K6
100818920,I1LLY9
100818922,I1N9X6
100818923,I1LG60
100818925,I1LHI0
100818926,I1NBE9
100818927,I1JY13
100818928,I1JYY9
100818929,I1LJR3
100818930,I1JST7
100818931,K7LQW1
100818932,C6SZA4
100818933,I1JZA1
100818934,I1NG32
100818935,K7N3L9
100818938,K7KJF8
100818942,I1NF20
100818943,K7LVT0
100818944,K7N391
100818947,I1NID5
100818950,C6THB1
100818953,K7KPU4
100818954,I1LQD4
100818955,I1K5A7
100818957,K7LXV5
100818959,I1LX78
100818960,K7M1W8
100818961,I1M3Z9
100818964,I1LXW2
100818965,I1M188
100818966,I1M1R0
100818967,A0A0R0JEI9
100818968,I1KA75
100818969,C6TMC9
100818970,A0A0R0GVQ6
100818971,K7KV90
100818972,I1K6Z1
100818973,I1M5N2
100818974,I1KDK4
100818975,I1LW58
100818976,I1KF62
100818977,I1LX09
100818979,I1M800
100818981,A0A0R0GAA6
100818982,I1K7X3
100818983,I1M8J3
100818984,I1M6I7
100818985,I1MBL5
100818986,C6TE19
100818990,I1KJ84
100818991,K7L1D3
100818995,C6TJS8
100818996,I1KG24
100818997,I1KGW2
100818998,I1KI61
100818999,I1MEA9
100819000,I1KJ39
100819001,K7ME32
100819002,I1MER6
100819003,A0A0R0J9S6
100819004,I1KKM7
100819005,K7L8H2
100819008,I1KZ54
100819010,I1KR04
100819012,K7L5L6
100819013,I1KS21
100819016,K7MFQ3
100819018,I1MME7
100819019,C6TNE5
100819021,C6TF97
100819022,I1MQ22
100819023,I1MJS6
100819024,I1KYM8
100819026,I1KZ40
100819027,K7MFE1
100819030,K7K411
100819031,K7L5J6
100819032,I1MMR8
100819035,K7MH19
100819037,A0A0R0IPM1
100819038,I1MLD2
100819040,K7LBI6
100819041,I1L0U1
100819043,I1JAE5
100819044,I1J561
100819045,I1J4T8
100819046,I1L129
100819047,K7K1V2
100819050,K7LC28
100819051,I1L3S2
100819052,K7LEL9
100819053,C6TEG3
100819054,I1JCX5
100819056,I1L753
100819057,A0A0R0KZQ6
100819058,I1MTE5
100819060,I1L1A5
100819061,I1JIW4
100819062,I1L038
100819067,I1JGK9
100819068,I1LA93
100819069,A0A0R0L1N9
100819070,I1JIK5
100819073,I1JB56
100819075,K7LKT0
100819079,K7K7W1
100819082,K7MT37
100819083,I1N3C4
100819084,K7KEA2
100819085,I1LEY0
100819086,K7MUN9
100819087,I1MZ60
100819089,C6TN35
100819092,K7MPW8
100819096,I1JPI5
100819097,I1LLR0
100819098,I1N6V2
100819102,K7KCU6
100819104,I1N5P4
100819105,I1LL42
100819106,I1N816
100819109,K7LMW3
100819110,K7MZD3
100819111,K7KL28
100819113,K7LP12
100819114,I1N5I4
100819116,A0A0R0K7Z3
100819117,K7LQP0
100819119,I1N7L1
100819120,K7KLZ2
100819121,I1NFF7
100819122,I1LV41
100819124,I1LNY2
100819127,C6T713
100819128,I1ND67
100819129,C6TMJ2
100819130,I1ND92
100819131,K7LWJ8
100819132,C6THR0
100819133,I1K2U9
100819135,K7KR54
100819136,I1LRU9
100819139,K7LUI4
100819140,K7KPF0
100819142,I1JZQ5
100819143,I1LQA4
100819144,C6T849
100819146,I1K4U7
100819148,I1JZG9
100819149,I1K0R2
100819150,I1M017
100819151,I1K1I6
100819152,I1K1Z1
100819153,I1LX97
100819154,I1K2C3
100819158,I1K8Q2
100819159,I1M082
100819160,I1M0R1
100819161,K7KYK6
100819162,I1M292
100819163,I1M2Q0
100819164,I1M4Q6
100819165,I1KCL2
100819166,K7LWU2
100819167,I1K7D9
100819168,I1KFP7
100819169,K7KSV4
100819172,I1KBP7
100819173,A0A0R0GET2
100819174,K7M8F4
100819175,I1M922
100819176,I1M9I7
100819177,K7M7G9
100819178,I1MB48
100819182,I1KKA3
100819184,C6TEH2
100819185,I1KMG0
100819187,I1MIM0
100819188,I1KIQ2
100819189,I1KGP3
100819190,I1MFQ0
100819191,I1MG62
100819192,I1MC91
100819194,I1MCZ5
100819197,I1MDB2
100819198,I1MGH0
100819200,I1KSN3
100819201,I1MMW0
100819202,I1MNT5
100819204,I1MKW3
100819206,K7L4G4
100819207,I1MM11
100819209,I1KQT4
100819210,I1KPA0
100819211,I1J9J7
100819212,A0A0R0FXW8
100819216,I1J4W0
100819219,K7LEG7
100819221,I1MTD8
100819222,C6TKA3
100819224,I1MUQ0
100819225,K7LDP5
100819227,I1L4S1
100819228,I1MX93
100819230,C6ZRV8
100819231,C6TNL4
100819232,I1MRQ7
100819233,I1L028
100819234,I1MTZ3
100819235,I1JI58
100819237,K7MM66
100819238,A0A0R4J2N7
100819240,C6TCY4
100819241,I1MSC6
100819242,I1N1E0
100819244,K7MQ88
100819246,I1JC00
100819247,I1JJI1
100819249,I1LCL7
100819250,A0A0R0HZS3
100819252,K7K766
100819254,I1L9Y6
100819255,I1JF40
100819256,K7MRA4
100819257,I1LC14
100819258,K7MRV2
100819264,I1LEI9
100819266,I1LFD3
100819267,C6TL52
100819268,K7KG72
100819271,I1JNI6
100819272,I1L8U0
100819276,I1LMB9
100819277,I1JRX2
100819278,I1LHR9
100819280,C6TLB2
100819281,I1LJM0
100819284,K7N008
100819285,I1LKM9
100819286,B9MST3
100819288,I1LMY0
100819289,I1N610
100819290,I1NAC7
100819291,I1LI90
100819292,I1NCF1
100819293,I1JUH9
100819297,I1JVF7
100819299,K7LQH0
100819301,I1LH85
100819302,K7MWW2
100819304,I1JSX9
100819305,I1JYE3
100819306,I1LTU8
100819307,K7LW29
100819309,A0A0R4J4I7
100819310,I1NHG6
100819311,I1LS58
100819312,I1NE55
100819313,Q00M78
100819315,I1NHH3
100819316,I1K457
100819317,K7LTD1
100819318,I1NIV3
100819319,I1NJD6
100819320,K7KS19
100819324,I1JZT5
100819329,I1LNM3
100819330,K7KMR6
100819331,I1LVQ7
100819332,K7KNU4
100819333,K7M0Z2
100819335,A0A0R0H3D7
100819336,K7M386
100819339,I1LVL0
100819340,I1LZA4
100819341,I1LZT3
100819343,I1K940
100819345,I1KB56
100819346,J7LJM0
100819348,I1KD49
100819349,A0A0R0GIZ5
100819362,C6T9A0
100819363,I1ME28
100819364,I1KHJ0
100819365,I1KGJ9
100819366,K7L1U9
100819367,C6T8P3
100819368,I1MI08
100819369,I1MJ28
100819370,C6T9Q5
100819371,K7M9C5
100819372,K7L9X5
100819376,I1KT43
100819378,I1KWE8
100819379,I1MK58
100819382,I1KQ51
100819383,I1ML03
100819385,I1KSW4
100819387,I1KU82
100819388,I1J756
100819389,K7K483
100819391,I1J9E4
100819392,I1J9X0
100819393,I1L3M6
100819396,K7MNJ5
100819398,K7MKA6
100819399,I1L153
100819400,I1MTW4
100819402,I1L2J3
100819403,I1J6M4
100819404,C6TGK3
100819405,C6TGT8
100819406,I1MXR2
100819408,I1MY33
100819409,C6TL30
100819411,I1MRW9
100819414,I1MW70
100819415,C6TAR9
100819416,D9ICY5
100819417,I1JH43
100819419,I1MZV5
100819421,K7LJ32
100819422,B9MST3
100819423,I1LBD1
100819424,A0A0R0HUT9
100819425,K7K621
100819427,I1JC45
100819429,I1N5D4
100819431,I1LCI2
100819434,I1N3U8
100819435,K7KEX5
100819439,K7KH36
100819441,I1MZD0
100819443,C6TAJ6
100819445,E8Z9A0
100819446,K7KG04
100819447,I1JQI1
100819449,A0A0K2CTB9
100819451,K7LND0
100819452,I1LI79
100819453,K7MYI5
100819455,I1LIP4
100819457,K7MZK9
100819459,K7KDK8
100819460,I1N5T7
100819461,I1N8G3
100819462,I1JTZ8
100819464,I1LG62
100819467,F5CC81
100819468,K7KLG1
100819471,I1N6Y9
100819472,A0A368UI97
100819473,I1JZA4
100819474,A0A0R0EAU7
100819475,K7N3M1
100819480,A0A0R0HDC4
100819481,K7LVH5
100819482,I1NF22
100819484,I1NG21
100819486,C6TL41
100819487,I1NHW1
100819488,I1LRH0
100819491,I1K1D3
100819493,K7KMI8
100819495,I1LNS7
100819497,K7KRE6
100819499,I1LVQ4
100819502,K7M0L0
100819504,K7M2U0
100819507,C6TDX7
100819509,C6TFL0
100819510,K7M1E3
100819511,C6TA47
100819512,C9WA63
100819513,A0A0R0JMI0
100819514,I1LWC4
100819515,I1KC26
100819516,I1M5N3
100819517,I1K770
100819518,I1KF64
100819519,I1LWV2
100819521,I1MBB4
100819522,K7KW92
100819523,I1M8J4
100819524,K7M6W1
100819525,I1MBL4
100819526,I1MC13
100819528,K7L3S9
100819529,I1KHH8
100819530,K7M5K0
100819532,K7L0U0
100819533,I1KJR2
100819535,K7M735
100819536,I1KNE4
100819537,K7KYT5
100819538,I1KGW4
100819539,I1KI63
100819540,I1MCE9
100819541,K7L0T1
100819543,I1MF93
100819546,I1KPS6
100819547,I1KPP7
100819548,I1MDX0
100819549,I1KQ45
100819550,I1KZ59
100819551,I1KR06
100819552,I1KRJ4
100819554,I1KS22
100819556,I1KTM3
100819557,C6TCX1
100819559,K7L7J9
100819560,I1MME8
100819561,C6TEB4
100819562,I1KVT3
100819563,I1KWW6
100819565,I1MQ27
100819566,I1KY33
100819568,D6C500
100819569,I1J5W4
100819571,I1J635
100819572,C6TB20
100819573,I1J870
100819574,I1KP86
100819576,K7K577
100819577,I1KTL8
100819578,I1JAX6
100819579,K7L7Q3
100819580,A0A0R0FYL4
100819584,A0A0R0LMU4
100819585,I1MXY0
100819586,K7LFM2
100819587,I1J5R7
100819588,I1L6E8
100819590,I1L1F0
100819591,I1MV59
100819593,I1L5P9
100819595,I1L754
100819598,K7LBN8
100819602,I1JJL0
100819603,I1MVR2
100819605,I1JG31
100819606,I1JIK6
100819607,I1LAS8
100819609,A0A0R0KWB3
100819611,I1LDB9
100819612,I1JCE3
100819615,K7K7W3
100819619,I1LD20
100819620,C6ZRU1
100819621,I1N2Y0
100819622,C6TKI2
100819623,I1LEY1
100819624,I1N488
100819626,K7LGS0
100819627,C6TND0
100819630,I1MZI9
100819641,I1JKR7
100819644,I1LL44
100819645,K7MXN7
100819646,C6THG4
100819647,K7MY73
100819649,K7LMW6
100819650,I1NB34
100819651,I1JXE7
100819652,K7MW51
100819653,I1LIX4
100819660,I1JT03
100819662,I1LV43
100819663,I1JU87
100819664,A0A0R0KCQ4
100819665,I1LRP0
100819668,I1ND42
100819669,C6TJJ2
100819670,A0A0R0H7S8
100819671,C6TET2
100819672,C6TED2
100819673,K7KN75
100819674,I1LNZ1
100819675,I1K4X9
100819676,I1LRV0
100819679,I1K2C5
100819680,I1K3C9
100819682,I1K3T3
100819684,C6T942
100819685,Q1ACB4
100819686,I1K013
100819689,K7KNM1
100819690,C6SXN1
100819691,K7M1F7
100819692,I1M5B5
100819697,C6TGJ9
100819698,C6TC36
100819700,I1M294
100819701,I1M2Q3
100819702,I1M4Q7
100819703,I1KCL6
100819707,C6TA80
100819709,C6T823
100819710,C6TGZ3
100819711,I1K7R0
100819714,I1M923
100819715,I1M9I8
100819716,I1M6N3
100819719,I1KMJ0
100819722,I1KLI0
100819724,A0A0R0G427
100819725,K7L0G9
100819726,I1MJ32
100819727,I1KJN2
100819728,C6SY14
100819729,I1MCL3
100819730,I1MHJ6
100819731,C6SXI7
100819732,I1MCH9
100819733,K7L9D7
100819735,I1KYH0
100819736,K7MBB9
100819737,K7MBP7
100819738,A0A0R4J5K1
100819739,I1MNU1
100819740,I1KXJ3
100819743,I1KPG5
100819744,I1MM19
100819745,A0A368UM14
100819747,I1KS46
100819748,I1J9K0
100819749,I1MNL9
100819750,I1J6P8
100819752,C6TCU6
100819754,I1MWJ7
100819756,K7LF63
100819757,I1MTD9
100819758,I1MR46
100819759,I1J5J5
100819760,I1MUQ1
100819761,I1J5N7
100819762,I1L345
100819763,C6TGJ6
100819764,I1L4S0
100819765,I1MX94
100819767,K7LF98
100819768,C6T8C4
100819769,K7MK55
100819770,I1L029
100819771,K7MKZ8
100819773,K7MLS8
100819775,I1MVY6
100819776,I1JBE2
100819778,I1JEL6
100819780,I1MZT5
100819782,K7MSG4
100819783,K7KBB0
100819784,I1JJI4
100819786,I1LCM0
100819787,K7LLP6
100819788,K7MTQ5
100819791,C6TAP0
100819792,A0A0R0HX26
100819793,I1JF47
100819794,I1L7U5
100819795,A0A0R0EYY2
100819796,I1LC15
100819797,C6TGE3
100819799,K7LKY6
100819800,K7LH21
100819803,I1LFD6
100819804,I1JQE4
100819805,K7KDM7
100819808,I1N5M3
100819809,I1JRD8
100819810,I1LHK8
100819811,I1JKN0
100819813,I1N9Y5
100819814,I1LG27
100819817,K7LQ43
100819818,I1LLF5
100819819,A0A0R4J4L8
100819821,A0A0R0HYB1
100819822,I1N9D7
100819823,E2FKI2
100819824,A0A0R0EPH6
100819825,C6TN24
100819826,I1NCF2
100819827,I1JUI1
100819832,I1LFS7
100819833,K7LQH3
100819837,I1JXZ1
100819841,A0A0R0H8I1
100819842,I1JT49
100819843,C6TKZ2
100819846,I1LS61
100819847,I1ND14
100819849,I1LPF0
100819850,I1NHH2
100819852,A0A0R0HBQ4
100819853,C6TE99
100819854,I1NIV5
100819855,K7N5J3
100819857,I1ND66
100819858,C6TMM7
100819859,D3G9M3
100819861,I1K5V1
100819863,K7KMR7
100819864,I1LZC4
100819866,C6T941
100819867,K7M387
100819868,K7KWK8
100819869,I1K8J0
100819870,I1LYY5
100819871,K7LZU0
100819872,I1LZT5
100819874,I1K941
100819875,I1M375
100819876,I1KB59
100819878,I1M482
100819879,I1M581
100819882,I1LWS6
100819883,I1K7J4
100819886,I1KL71
100819887,I1KLQ0
100819888,I1M752
100819889,I1KHZ8
100819890,I1M8Z3
100819891,I1KKX2
100819892,I1KLZ7
100819894,K7KZN6
100819895,K7L130
100819896,I1KKE1
100819897,I1MGL9
100819898,K7L840
100819899,I1MCW3
100819900,A0A0R0G5Z4
100819902,I1KX34
100819905,I1MF88
100819906,K7MAX8
100819907,I1KQF3
100819908,Q2MJR3
100819911,I1KWF3
100819913,I1KP26
100819915,K7MGE6
100819916,I1J8U0
100819917,I1KSW8
100819919,C6T8Y2
100819920,I1J759
100819921,K7K485
100819922,C6TE71
100819923,I1J9E6
100819924,K7K516
100819926,I1MWX9
100819927,K7LES0
100819928,I1MXF9
100819929,K7K1K6
100819930,K7MKA7
100819931,A0A0R0L774
100819932,I1L725
100819933,I1MTW6
100819934,I1L209
100819937,I1MVN5
100819938,I1L3S5
100819939,I1MW67
100819940,K7MNR2
100819941,K7K967
100819942,I1MY38
100819943,I1KZS5
100819947,I1MUQ4
100819950,A0A0R0L6W1
100819951,I1JH44
100819953,I1MZV7
100819954,C6TGW3
100819956,I1LBD5
100819959,I1LDZ0
100819960,I1JCY6
100819961,K7MUN2
100819962,I1N5E0
100819964,I1LCI8
100819965,I1JK14
100819968,I1L8B7
100819969,I1N5F2
100819971,I1JS07
100819973,A0A0R0KQK3
100819975,C6TC79
100819978,I1JQY5
100819979,I1LI80
100819980,I1N9D6
100819981,I1LFY5
100819984,K7MX92
100819985,A0A0R0ELP2
100819987,I1N9Y0
100819988,I1LG67
100819989,I1JX18
100819990,K7LNA2
100819991,I1NBF3
100819994,I1LGT9
100819995,I1N6G8
100819996,I1JWZ7
100819999,I1JZA5
100820002,K7KHW0
100820003,I1NIT2
100820005,C6TGP6
100820006,C6TK28
100820007,I1LTZ2
100820008,A0A0R0EAT4
100820010,I1LVA6
100820012,I1LPX4
100820013,I1NHW3
100820014,I1LPN1
100820015,K7KRK1
100820022,I1K5B3
100820023,A0A0R0J590
100820025,I1LYM1
100820028,I1M2P3
100820029,K7M2U1
100820030,K7LY64
100820031,I1K897
100820032,I1LXW5
100820034,I1M190
100820036,I1K9P1
100820037,I1KA82
100820038,I1KAR1
100820039,I1M3P6
100820040,A0A0R0JI11
100820042,K7KWT1
100820045,K7LXS9
100820046,A0A0R0GU51
100820049,I1KCC8
100820050,A0A0R0GFG8
100820054,I1MA45
100820055,A0A368UJL8
100820056,I1MC15
100820058,I1KHG2
100820061,I1KIK2
100820062,C6THM2
100820063,I1M751
100820064,I1KJR3
100820065,K7M698
100820068,I1KMW7
100820070,I1KGW5
100820073,I1MJH7
100820074,I1MER8
100820075,I1KGR3
100820076,I1MC83
100820077,I1KKN0
100820080,I1KWX4
100820081,A0A0R0FX16
100820082,A0A0R0IZ75
100820085,K7L5L9
100820086,K7MCA2
100820087,I1KS24
100820088,I1KSJ8
100820093,I1MMF3
100820094,I1KV97
100820095,I1KVT4
100820096,A0A368UHU4
100820098,C6TE43
100820099,K7LA10
100820100,Q84ZV6
100820101,C6TG22
100820105,A0A0R0FU94
100820108,C6T9P4
100820109,I1JAY1
100820110,K7L7Q5
100820113,K7LDX2
100820115,I1JAY8
100820116,I1J576
100820117,K7MNX2
100820119,I1L6F5
100820121,K7LC34
100820122,I1MV63
100820123,I1L497
100820124,A0A0R4J460
100820127,I1KZV7
100820129,I1MTE8
100820130,A0A0R0I1W1
100820132,K7KB77
100820133,I1L1R5
100820134,I1JJL4
100820135,K7MJW4
100820136,I1L0J7
100820137,I1JG34
100820138,I1JBS5
100820139,I1L8X4
100820141,I1JIK8
100820142,I1LAS9
100820144,I1JB61
100820145,K7LKT8
100820146,I1JCE8
100820148,I1N3J7
100820149,K7K7W5
100820151,I1LAY5
100820153,I1LD22
100820154,I1N2H6
100820155,A0A0R0F2Z4
100820157,I1N489
100820159,A0A0R0KTS6
100820160,I1L7K3
100820161,I1N520
100820162,K7KGM5
100820163,K7LHU8
100820164,K7MPX5
100820166,I1JMI7
100820168,I1MZH2
100820170,A0A0R0KT72
100820171,G0Z350
100820172,A0A0R0EWB4
100820175,K7KCC2
100820176,I1N5H5
100820177,A0A0R0HPZ5
100820178,K7MXP2
100820180,K7MY76
100820183,I1NB32
100820184,K7KL29
100820185,I1NBY2
100820186,K7LP19
100820187,K7MVP6
100820188,A0A0R0EIM6
100820189,I1JW06
100820190,I1LH49
100820191,A0A0R0EHS9
100820193,I1N7L3
100820194,I1JT08
100820195,A0A0R4J301
100820196,I1NFG6
100820198,I1JU88
100820199,C6TB63
100820202,I1LT39
100820203,C6TJX8
100820204,I1JW61
100820205,I1NFJ5
100820206,K7LW13
100820207,I1NGM0
100820208,I1NH41
100820213,K7LUI7
100820215,K7N184
100820216,I1K3D1
100820217,K7LV05
100820218,I1K3T6
100820219,K7KQQ4
100820221,I1K4V1
100820222,I1JZH1
100820223,I1M022
100820224,I1K1J7
100820225,K7KP16
100820226,I1M1X7
100820230,I1LYE2
100820231,I1K8L3
100820232,I1M091
100820233,C6THC2
100820234,I1KFS3
100820235,C6TL18
100820236,K7M3A2
100820237,I1KCL7
100820239,I1KE62
100820241,I1K7T5
100820242,K7KUE2
100820243,I1KBP8
100820244,K7KVZ9
100820245,I1MBX5
100820246,I1M926
100820247,I1M9J4
100820248,K7L2D2
100820249,A0A0R4J561
100820254,I1KKB0
100820255,I1KLI2
100820256,K7M4Z7
100820258,K7MCT9
100820262,I1MFQ3
100820263,I1MG65
100820264,I1MCT0
100820268,I1MDG1
100820271,A0A0R4J3N1
100820272,K7L9L3
100820273,I1KZ41
100820276,A0A0R0IJI0
100820277,I1MM20
100820280,K7L5Y5
100820282,I1J4L5
100820285,K7K412
100820286,I1MLG6
100820288,I1MWJ8
100820289,K7K5B7
100820290,A0A0R0I9Y9
100820291,K7MKM6
100820292,C6TFF5
100820294,I1MQT0
100820295,K7K2I9
100820298,K7MNF6
100820300,C6ZRV7
100820302,I1L039
100820303,K7ML00
100820304,I1JI62
100820305,K7MJT1
100820306,I1L282
100820307,I1MS33
100820308,I1JE26
100820310,I1JEL8
100820311,I1JF25
100820314,I1L925
100820315,I1JJ22
100820316,C6TAM3
100820317,K7MSU9
100820322,K7K7J1
100820325,I1LBH6
100820326,C6T9W4
100820327,I1LC20
100820329,K7K6M2
100820330,C6TGW6
100820331,I1L822
100820333,I1LE29
100820334,K7LLI3
100820335,I1MZ32
100820337,A0A0R0I7G4
100820340,I1JK63
100820343,C6T9H0
100820344,I1LMC1
100820345,I1JRX7
100820348,C6TFI7
100820349,I1LJM5
100820350,K7N019
100820351,C6TM76
100820352,I1LGB7
100820353,I1LLZ2
100820354,K7KI69
100820355,I1LMY5
100820356,I1LNF5
100820357,K7LNN2
100820358,I1NCF4
100820359,I1JSF3
100820360,C6TJ03
100820362,C6T8N2
100820366,K7MWW3
100820368,C6TAV5
100820369,I1JYE8
100820374,I1NHH1
100820375,I1LS62
100820376,A0A0R0E752
100820379,I1NHH6
100820382,I1NDF2
100820383,C6TES1
100820384,I1NJD8
100820385,K7KNA7
100820386,I1ND71
100820387,C6TG97
100820389,K7KRN3
100820390,C6TEL7
100820392,I1LVJ0
100820394,I1LZC5
100820395,I1K1U1
100820396,K7M0Z9
100820397,A0A0R0JXL2
100820398,K7M2E6
100820399,A0A0R4J535
100820402,A0A0R0GMZ8
100820403,I1LZA6
100820404,K7KY76
100820405,I1K946
100820408,C6TEQ1
100820409,I1M484
100820410,A0A0R4J539
100820412,K7LXG7
100820416,I1M7R5
100820417,I1KAX7
100820418,I1M828
100820420,I1KL73
100820422,I1M756
100820423,I1KI00
100820425,I1KKX6
100820428,I1KNF0
100820430,I1KHJ6
100820431,K7L132
100820432,I1MGM3
100820434,I1MI11
100820436,K7MDV0
100820439,K7M9C9
100820440,C6TLV8
100820441,I1MF89
100820444,K7L6K3
100820446,I1KWF4
100820448,C6T8V3
100820449,K7L4X0
100820452,I1J8U2
100820454,K7MGS1
100820456,K7K348
100820457,I1J8L8
100820458,C6TKL8
100820459,I1J9E7
100820460,I1J9X2
100820461,I1MWY5
100820462,K7LES3
100820463,I1MXG0
100820465,K7MKB2
100820467,C6ZHS4
100820468,I1L210
100820471,C6TD36
100820472,I1L3S8
100820473,C6TAG8
100820475,I1MY41
100820476,C6T6Z2
100820478,I1JD82
100820480,I1JDL9
100820482,K7K8M4
100820483,I1JH46
100820485,K7KAD6
100820488,C6TLB4
100820491,K7LL80
100820492,I1JCZ1
100820494,K7MVK3
100820495,I1LCJ1
100820496,I1JM72
100820498,I1JNF1
100820500,K7LH85
100820501,K7MVL4
100820506,K7KEN1
100820507,I1MYD2
100820508,I1JP35
100820510,I1JQI3
100820512,I1LHJ0
100820513,I1LFV0
100820514,I1LI82
100820516,I1LIP5
100820518,I1NBD1
100820520,C6TF81
100820521,K7MXZ0
100820523,I1N9Y3
100820526,I1JU94
100820527,I1JUB0
100820528,K7LPH8
100820530,I1JST9
100820532,K7KM93
100820533,I1NG36
100820534,I1NGP3
100820535,I1JUW2
100820536,I1JTD1
100820538,I1LSK3
100820539,I1LTJ5
100820540,I1NF29
100820541,C6TK27
100820543,C6T7K0
100820544,I1K3H3
100820545,K7LSW3
100820546,I1NHW4
100820547,I1LRH4
100820548,K7KRK2
100820550,C6TFT7
100820552,I1K2V1
100820554,I1K5B7
100820556,A0A0R0J7M3
100820559,K7M0L6
100820562,I1LXC1
100820563,I1LXF8
100820564,I1LVX2
100820565,I1M199
100820566,I1M1P7
100820567,I1K9P4
100820568,I1M296
100820569,I1KA86
100820570,C6TN62
100820571,C6T663
100820572,I1KC32
100820573,I1M5N7
100820574,I1KDL4
100820576,I1KF67
100820578,I1KFP9
100820581,I1M801
100820582,K7KVP6
100820584,I1M8J6
100820586,I1MA46
100820588,C6TGK4
100820591,I1M8J8
100820593,I1KJ58
100820594,I1M9B2
100820596,I1M7E1
100820599,I1KG51
100820600,I1KGW6
100820602,K7L0T5
100820604,I1MER9
100820605,K7L1I8
100820606,I1MF99
100820609,I1MCZ8
100820611,C6T8M6
100820613,I1KXJ5
100820616,I1KRJ7
100820619,C6TDP3
100820620,A0A0R4J594
100820621,K7L6Y7
100820622,A0A0R4J5J3
100820623,K7MFQ7
100820625,I1KV99
100820626,I1KVT5
100820627,I1MNT9
100820628,C6THI8
100820630,I1MQ30
102659367,K7M259
102659370,K7K918
102659375,K7M6W4
102659381,K7LEW5
102659390,K7KNC5
102659394,A0A0R0HGF7
102659402,I1LST3
102659419,I1JJ69
102659420,C6TIU6
102659431,K7MB00
102659432,K7KHR2
102659434,I1MJ89
102659444,K7KQA6
102659448,K7LR90
102659456,K7K418
102659472,K7ME44
102659476,K7KM88
102659480,K7KPW7
102659498,K7K376
102659505,A0A0R0G989
102659507,K7M5Z3
102659511,I1NIU0
102659519,C6T964
102659529,K7KNC7
102659532,I1K4L8
102659550,K7MUR5
102659552,K7MWE9
102659557,K7MZQ4
102659568,I1KZL0
102659580,K7KLR2
102659582,A0A0R0KBS1
102659610,K7KFA1
102659619,K7KKI4
102659620,I1JWX6
102659621,K7LHJ4
102659628,I1LG91
102659636,A0A0R0H455
102659645,K7MZF2
102659647,K7L774
102659661,A0A0R0I5X0
102659685,K7N2V8
102659686,A0A0R0L5T5
102659694,K7LF85
102659696,K7MCJ5
102659700,I1L819
102659707,I1K4E2
102659708,K7LN14
102659715,K7MSF9
102659718,A0A0R0EVP0
102659722,K7MXL0
102659723,A0A0R0J7S7
102659728,A0A0R0EA75
102659740,K7LB54
102659741,I1JNW0
102659753,A0A0R0JYC7
102659758,K7KT40
102659763,I1N4V0
102659764,C6T9U7
102659778,I1JHL3
102659782,K7LAI1
102659794,K7MG79
102659798,K7LPH1
102659805,K7KZ42
102659807,K7K2X4
102659815,K7L5C1
102659817,K7KB29
102659818,K7N1E1
102659819,K7L7X4
102659825,K7M8L1
102659833,A0A0R0GFX1
102659854,K7K552
102659858,I1N872
102659862,K7MXI3
102659875,I1L6V2
102659876,K7KHE5
102659890,K7KPR4
102659894,A0A0R0K5Q4
102659901,K7MQ18
102659910,I1LZ52
102659913,K7MZF3
102659923,A0A0R0L091
102659929,K7KI74
102659931,K7LL56
102659940,I1MX69
102659942,K7KV03
102659944,K7KWD9
102659945,K7MQ92
102659957,I1N6B2
102659961,I1NCA4
102659991,K7MJ48
102660000,K7K1K9
102660001,K7MV53
102660007,K7MYU0
102660010,I1KUX3
102660017,K7M9U1
102660020,I1JVY8
102660037,K7L3F7
102660038,K7L3L2
102660041,K7K9J4
102660055,I1MCT7
102660057,K7LH77
102660065,I1LKN3
102660066,A0A0R0JW99
102660067,K7MQ94
102660070,K7LW30
102660073,K7LWD4
102660077,I1LX63
102660078,A0A0R0GM56
102660083,K7MYN7
102660092,K7L505
102660093,K7N0S0
102660098,A0A0R0G6N9
102660119,I1MZ92
102660133,K7N437
102660135,I1MBJ9
102660139,K7M7P9
102660146,A0A0R0G2A8
102660157,A0A0R0HGY6
102660160,I1N4L4
102660184,K7MDP8
102660188,I1L8T3
102660191,K7LQT8
102660192,A0A0R0FIJ5
102660200,K7KZB3
102660202,I1LV03
102660213,I1JF95
102660219,K7N0S0
102660222,K7KEG8
102660227,K7KSX8
102660228,I1L6V6
102660230,I1L586
102660235,K7KMH0
102660238,I1MVF4
102660244,K7KY44
102660246,K7K3F7
102660252,K7L3R6
102660266,I1L574
102660270,K7LJE8
102660295,K7M1R6
102660296,I1JDC8
102660301,K7KAP3
102660303,K7K856
102660305,I1NGA7
102660315,I1JWH8
102660320,I1LE76
102660330,I1KGM9
102660340,K7N1X1
102660341,K7K7D9
102660346,K7KED3
102660347,A0A359R7D3
102660351,A0A0R0G0S9
102660352,I1JXP2
102660354,I1JYK9
102660360,K7KR61
102660361,K7LQ84
102660362,I1LML9
102660377,K7LC53
102660381,K7ME50
102660389,I1K6B4
102660391,I1MXZ2
102660396,I1KCG1
102660397,I1MZ85
102660405,I1LU52
102660422,K7LAM8
102660440,K7MM15
102660452,K7K5G4
102660457,I1N7Z0
102660459,I1M4C0
102660463,K7N2L1
102660465,I1KYZ7
102660467,I1MAD0
102660475,K7MDZ5
102660477,K7LH11
102660494,I1LZE4
102660500,K7L648
102660506,I1JQT2
102660514,K7MCE6
102660518,K7MIR2
102660521,A0A0R0FIU8
102660523,K7MKQ5
102660531,I1JAD9
102660540,A0A0R0L2D4
102660547,K7KEW0
102660551,I1ME93
102660562,I1MPI7
102660565,I1MSH5
102660566,K7KQ53
102660573,K7LWL6
102660582,C7S8D4
102660588,K7K7L4
102660607,K7M8S3
102660628,K7LUB6
102660630,I1J5P3
102660641,A0A0R0IRH1
102660654,K7LJ66
102660659,I1LFQ5
102660661,A0A0R0JZ34
102660662,K7KSX8
102660664,I1LN62
102660668,K7LU49
102660685,K7M603
102660698,I1K007
102660699,A0A0R0K175
102660700,I1K8R7
102660713,A0A0R0EGM2
102660718,K7KFN0
102660725,K7M767
102660748,K7KTM1
102660751,I1N0F2
102660752,I1N0W6
102660753,K7KTQ3
102660769,I1NFI5
102660774,I1KX56
102660779,I1JQB9
102660788,A0A0R0HRG5
102660795,I1MVF6
102660800,I1KCY8
102660802,I1LV35
102660803,I1KHV3
102660808,I1M1I8
102660809,K7L4I7
102660819,K7M5X1
102660822,A0A0R0G7R8
102660829,I1LFY8
102660830,A0A0R0FHE5
102660840,K7MVC4
102660848,I1M392
102660850,K7K8U3
102660853,K7M871
102660880,I1N4L9
102660882,K7K4N7
102660889,K7M477
102660901,I1JQF8
102660925,I1LXL6
102660929,A0A0R0GQE4
102660930,A0A0R0GWL6
102660933,K7M4D9
102660937,I1NHD6
102660939,A0A0R0FRF4
102660944,I1MGV4
102660946,K7KLJ6
102660949,I1MLS9
102660960,A0A0R0JIC7
102660968,K7K8X8
102660969,I1M7S0
102660972,K7N3F1
102660974,I1MBB5
102660981,K7LB82
102660984,A0A0R0G507
102660985,I1L8B9
102660994,K7MKI0
102661002,K7K3F9
102661011,A0A0R0L419
102661022,I1JN53
102661054,K7L4J4
102661060,K7L9X9
102661063,A0A0R0J5Q0
102661068,A0A0R0KMJ8
102661075,A0A0R0KF67
102661081,C6THB6
102661097,K7LUJ5
102661101,K7KZI8
102661108,K7K721
102661112,K7LZF4
102661113,K7L7E8
102661114,K7N2L5
102661115,G7Z0A9
102661124,I1L0P5
102661128,K7LH84
102661132,I1K077
102661133,I1K4N1
102661134,K7MLE0
102661142,K7MU72
102661144,K7KYZ2
102661152,I1KMV4
102661155,K7L4W0
102661161,I1KVV8
102661176,K7MAH2
102661181,I1MP02
102661188,K7LN23
102661199,A0A0R0JDB8
102661202,I1LZN0
102661204,A0A0R0JAM2
102661206,I1KPK2
102661207,K7K811
102661214,I1JPP2
102661218,K7MAP7
102661225,I1JXP8
102661230,I1LCP6
102661233,I1LHQ2
102661234,A0A0R0HDF5
102661247,K7MW88
102661248,K7M3J5
102661260,I1JST3
102661264,I1MNP6
102661272,K7MKJ9
102661282,K7M372
102661286,K7KAB7
102661287,K7L6V5
102661291,I1M6A1
102661292,A0A0R0GGR7
102661302,K7MAJ4
102661321,I1LRP2
102661330,K7L1W2
102661331,A0A0R0EI63
102661337,K7M0U3
102661339,A0A0R0EC79
102661341,K7KC92
102661345,K7LEX2
102661358,I1LHQ3
102661359,K7LNJ4
102661364,I1KBY9
102661365,K7KY62
102661369,K7MTG7
102661370,I1LT78
102661372,K7K2B3
102661382,K7L6M9
102661390,I1L070
102661396,A0A0R0HQZ0
102661397,I1MKF8
102661399,I1MLB3
102661404,C6TGG6
102661425,K7K6E9
102661427,K7M6P9
102661431,A0A0R0I959
102661443,K7MJ35
102661448,K7KPS7
102661462,K7M2C8
102661469,K7N465
102661472,K7LBX7
102661475,C6SZA4
102661478,I1MEV2
102661483,K7KJT9
102661484,I1LFC8
102661485,I1LFL6
102661498,K7L328
102661501,K7MXM1
102661509,K7N4H2
102661516,I1JMR7
102661518,A0A0R0K9W5
102661527,I1LIC4
102661544,I1M102
102661545,K7M1S7
102661547,I1M6A4
102661552,A0A0R0KMJ1
102661561,K7KIM2
102661564,I1JXG1
102661568,K7KPY5
102661570,K7KTB6
102661574,K7MR65
102661578,K7K3P7
102661580,A0A0R0J858
102661587,K7K6H9
102661590,I1NAX0
102661592,I1NGM4
102661597,A0A0R0IXH4
102661602,K7KFT8
102661605,K7LEX4
102661606,K7KF31
102661609,I1MID6
102661619,K7KQM7
102661637,K7MXM2
102661650,K7MBE0
102661655,I1JZ31
102661662,I1MWX0
102661669,K7KXQ7
102661674,K7K159
102661681,I1M2G2
102661685,A0A0R0EWC1
102661687,A0A0R0IK51
102661690,K7KBA0
102661703,K7LEE6
102661704,K7MAK9
102661706,K7LH19
102661714,K7MK34
102661734,K7MYG5
102661742,K7N4H3
102661753,A0A0R0FV78
102661770,K7K9S5
102661772,I1KTK3
102661788,I1MLB9
102661798,K7KVB7
102661814,I1JFA8
102661815,K7M3X0
102661830,K7KJW2
102661832,K7MIJ2
102661833,K7MFA9
102661838,K7KRD0
102661842,K7LN13
102661857,K7MVP9
102661868,K7L7U8
102661869,K7N276
102661873,A0A0R0L0Q6
102661885,K7KHF0
102661897,I1LMY7
102661902,I1LR63
102661908,K7LWK5
102661909,I1J8J4
102661917,I1JH17
102661934,K7KMP0
102661936,K7KPK3
102661942,K7LPP7
102661952,K7MS45
102661961,K7LAM7
102661962,I1KZB8
102661977,K7MIR6
102661984,K7KT53
102661989,K7MU73
102662018,K7KKK1
102662019,K7KKY5
102662021,I1L9F0
102662030,I1J8J5
102662037,K7L6V8
102662043,K7MAI7
102662055,K7LMB4
102662057,K7LMX2
102662069,I1M106
102662074,K7M886
102662076,K7KCK3
102662096,K7MVD0
102662100,K7K4D4
102662101,K7L1W5
102662104,A0A0R0GHQ0
102662105,K7MW93
102662107,K7LZ91
102662114,K7N198
102662117,K7KFZ8
102662128,I1JZB4
102662129,K7KHU7
102662131,K7MHU3
102662136,I1MVG7
102662143,I1KE92
102662178,I1MUE2
102662182,A0A0R0HH88
102662187,K7K513
102662192,A0A0R4J545
102662202,I1M9G3
102662220,I1J6Y9
102662232,I1JFB4
102662250,K7KHU8
102662253,K7MHU6
102662255,I1L901
102662259,K7KPT0
102662267,K7KVS4
102662276,K7KZM1
102662278,A0A0R0EYS5
102662291,I1LEA4
102662292,I1K087
102662341,K7KRX3
102662343,K7LQG5
102662348,I1N3E0
102662349,K7LVT1
102662353,I1J8V2
102662354,K7L1F8
102662367,A0A0R0L1G6
102662386,A0A0R0E2R8
102662390,K7KQN1
102662403,A0A0R0L803
102662409,K7N181
102662413,I1KZ23
102662421,K7KI88
102662435,A0A0R0F5Z1
102662440,A0A0R0H3M4
102662455,I1NG29
102662460,K7N564
102662465,I1L597
102662470,I1MJW0
102662475,I1LFD5
102662480,K7MKK6
102662483,K7KT59
102662487,K7KVM3
102662493,I1LPZ1
102662509,A0A0R0IUS2
102662517,K7LC91
102662518,K7KHV6
102662529,K7MLF0
102662530,K7MMJ2
102662531,I1K7Z2
102662533,K7LSM0
102662543,I1N7S6
102662552,K7M6Q5
102662553,K7L5A1
102662609,K7M965
102662620,K7KKW4
102662624,I1K5U8
102662633,K7KW73
102662645,I1NCC9
102662647,K7KBH0
102662651,K7N4P4
102662675,K7KVT8
102662686,A0A0R0KYD4
102662688,I1M444
102662701,A0A0R0IA63
102662702,K7KI89
102662703,K7MBJ3
102662706,I1JWR0
102662708,K7LKE0
102662714,I1K3N0
102662722,K7KYC3
102662733,A0A0R0LAF9
102662737,I1MCF7
102662742,A0A0R0FRQ4
102662747,K7MKL1
102662749,K7LRI7
102662752,K7LQP6
102662754,A0A0R0JKZ2
102662761,I1KHC3
102662765,K7K5H8
102662767,K7LXZ8
102662775,I1KT07
102662777,A0A0R0GNC4
102662789,K7KK49
102662794,I1MP19
102662805,I1KCI2
102662806,I1LQ41
102662809,K7MVD4
102662834,K7KJL1
102662841,I1K3N1
102662843,K7KQN3
102662858,K7K6W3
102662882,I1JXQ9
102662885,A0A0R0JS55
102662905,K7M2Q4
102662906,A0A0R0EI28
102662910,I1NFU8
102662912,I1NGN8
102662919,I1M971
102662938,K7MLX5
102662941,A0A0R0HD88
102662942,I1LUI8
102662947,I1LYH5
102662948,K7K3S9
102662951,K7K6D4
102662957,I1NIW1
102662991,K7K166
102662992,K7MQ17
102662997,I1KKI3
102663000,I1KNH3
102663004,A0A0R0L911
102663010,K7MAP4
102663019,K7LK85
102663028,K7MM90
102663031,K7KWY5
102663038,K7L2X1
102663040,I1NCD2
102663041,K7M321
102663043,K7K8M9
102663049,I1M162
102663061,A0A368UI48
102663072,I1LEV3
102663086,K7MYL3
102663095,K7N2X8
102663105,I1MF48
102663118,K7LN32
102663136,K7L3Y5
102663141,K7M255
102663144,K7K8R9
102663146,I1L085
102663159,A0A368UHJ7
102663170,A0A0R0FMU5
102663174,A0A0R0HWF4
102663177,I1LQ18
102663191,I1KTI4
102663194,A0A0R0EIH0
102663199,K7MA72
102663205,K7KLT3
102663208,I1MNG2
102663212,K7KMY4
102663214,K7MN04
102663223,K7L088
102663230,C6TC68
102663244,K7LC64
102663251,K7MHV8
102663255,K7KRZ9
102663262,K7LPT0
102663265,K7MS22
102663281,K7M256
102663290,K7LE14
102663292,A0A0R0I7H8
102663296,K7LH24
102663308,C6TLX9
102663314,K7L1X6
102663324,I1JIA2
102663325,A0A2D1PXQ9
102663326,K7N1A4
102663331,I1MEL4
102663346,K7LRI9
102663354,I1N6D4
102663358,K7MYC0
102663369,K7N3A5
102663370,K7KCA4
102663387,I1LGL0
102663393,K7KYF2
102663395,K7MQ31
102663401,I1N9J1
102663407,I1NCZ9
102663414,K7LBT5
102663430,K7MQI0
102663438,K7KZJ5
102663456,K7LE83
102663458,K7KF81
102663467,I1LD50
102663476,K7LQ99
102663477,I1MZA5
102663482,I1KIE8
102663483,K7MSC7
102663501,A0A0R0IBN9
102663539,I1JCM9
102663543,K7LBT7
102663546,K7KIN5
102663550,I1LAB7
102663554,K7KNF4
102663571,K7K478
102663577,I1J958
102663579,A0A0R0EUW9
102663592,K7N4H1
102663594,K7LDK8
102663600,K7KJU5
102663613,I1MZI8
102663614,A0A0R0HAY2
102663618,I1N4R6
102663620,I1KPX7
102663635,K7KGK8
102663636,I1L4J6
102663637,A0A0R0IB75
102663646,K7LN34
102663671,A0A0R0FU35
102663682,K7MFV7
102663683,K7LLR8
102663703,A0A0R0LIC5
102663705,A0A0R0EIE5
102663707,K7KA67
102663714,K7M7X2
102663718,K7N4H9
102663743,K7K384
102663745,K7MV35
102663749,I1JCA4
102663761,K7KHF9
102663764,I1MIW4
102663793,K7MU12
102663798,K7MVV6
102663800,I1KQT5
102663803,K7L865
102663812,A0A0R0HRK3
102663813,K7KR19
102663814,K7KRN7
102663818,K7LP75
102663820,K7LNA9
102663833,K7K4M0
102663842,A0A0R0L6Q8
102663843,K7KAR4
102663850,K7N4I0
102663852,K7KGY8
102663856,I1MFQ9
102663859,K7MET3
102663863,K7MHA1
102663865,K7LMH0
102663872,K7MUN3
102663890,K7LA72
102663891,K7N4P7
102663898,A0A0R0I3A9
102663900,I1MIW5
102663906,A0A0R0FJ83
102663913,A0A0R0JKE1
102663941,I1NIN1
102663945,A0A0R0I9L0
102663948,K7MBP1
102663963,K7MT21
102663973,I1J6J6
102663983,I1NHV3
102663986,I1NJE7
102663988,K7N4I5
102664001,K7KNF6
102664004,A0A0R0K251
102664008,A0A0R0JRD7
102664012,I1J947
102664013,I1N4T6
102664018,I1N9G5
102664020,C6TD07
102664041,I1MYQ7
102664043,K7KX45
102664049,A0A0R0EHV9
102664054,K7MWW8
102664058,A0A0R0GSC0
102664062,K7LBN3
102664068,A0A0R0HY59
102664074,K7KSM9
102664092,K7L579
102664100,K7L9D9
102664101,I1KYJ7
102664115,I1JXH6
102664122,K7LKV5
102664125,K7KSU1
102664130,K7KXR8
102664148,K7M6B0
102664172,I1N4Y4
102664176,K7KZ61
102664177,K7KZD9
102664178,K7K320
102664184,I1LXZ4
102664186,K7M2C6
102664191,K7M831
102664202,A0A0R0I7K3
102664203,K7KIG4
102664211,I1LFL1
102664218,I1LU02
102664230,K7K5Q8
102664239,K7N240
102664248,I1MQJ8
102664257,I1KEK6
102664259,K7K2M2
102664262,K7MV68
102664273,I1KWR5
102664282,K7LD40
102664284,K7MBF6
102664293,K7KK96
102664309,K7MUG7
102664312,A0A0R0F1I4
102664314,K7L2E4
102664320,I1NB40
102664324,K7LXA2
102664376,K7KG70
102664386,I1MKS7
102664389,K7KS98
102664390,K7KTX2
102664409,I1M792
102664417,K7KI98
102664418,I1JUT4
102664421,A0A0R0HRP8
102664423,K7KNF8
102664428,K7KT07
102664432,K7LTV2
102664436,I1KI73
102664445,K7L5V3
102664449,I1JFQ9
102664451,A0A0R0GCU1
102664467,I1LI31
102664482,A0A0R0IHZ0
102664492,K7M4M3
102664497,K7M894
102664502,K7LDM1
102664509,K7LHG3
102664521,K7MLZ2
102664526,K7KW94
102664538,K7K734
102664546,K7KCB5
102664549,K7K0Y0
102664550,I1MEC8
102664553,I1L0U7
102664565,I1LIQ8
102664566,A0A0R0HFK2
102664581,K7L094
102664592,K7L9S8
102664598,K7LBC3
102664611,I1MXA9
102664619,I1JAR4
102664624,K7L668
102664645,K7MJX0
102664649,K7KVJ3
102664652,I1N4Y7
102664661,I1KNT9
102664664,A0A0R0GXD4
102664665,K7K737
102664668,K7M3U7
102664671,A0A0R0G923
102664672,A0A0R0EDG0
102664674,I1MAQ1
102664678,A0A0R0KFQ3
102664684,K7LI65
102664702,K7KX50
102664707,K7MZ31
102664710,I1KST2
102664721,K7ME16
102664722,K7MAS3
102664725,K7LKX1
102664729,K7MKY4
102664732,K7LQH7
102664743,I1KPZ2
102664744,I1NBL7
102664746,K7M126
102664747,K7K8L0
102664760,K7KKK7
102664769,K7MV87
102664780,K7L7K6
102664782,K7L890
102664783,A0A0R0E9I8
102664786,A0A0R0INU3
102664793,A0A0R0KP75
102664796,K7LGK2
102664801,A0A0R0IJB7
102664834,I1KWR9
102664835,K7L9T0
102664846,I1MQ07
102664858,I1MZU1
102664861,I1J6A2
102664863,I1LXA5
102664871,K7M133
102664895,I1MSW3
102664900,I1K8L0
102664910,I1N9P1
102664925,I1JM04
102664926,K7KI31
102664929,K7MGU6
102664931,A0A0R0HUJ1
102664938,I1LPH2
102664945,A0A0R0L9K1
102664950,K7L2L1
102664951,K7LXD8
102664956,K7KBI0
102664974,K7MD85
102664984,K7KQ04
102664990,I1LHQ4
102664993,I1LTI5
102664996,A0A0R0HBE7
102664997,I1KI78
102665007,I1NBN0
102665011,A0A0R0J328
102665037,K7KYE5
102665040,I1J505
102665048,I1M466
102665063,I1M870
102665065,I1JNQ8
102665086,K7ML15
102665092,A0A0R0EWG4
102665099,I1M6D3
102665105,A0A0R0IEC7
102665121,I1K6R0
102665140,K7MYC8
102665149,A0A0R0KYC7
102665151,K7KB07
102665158,A0A0R0IJ31
102665160,K7LJH2
102665166,K7MKF4
102665173,K7MUP0
102665184,K7L2N0
102665187,Q6X0N1
102665189,I1ND10
102665195,K7M8N6
102665201,K7KK71
102665209,K7KRP9
102665221,K7L7G7
102665223,K7LAC8
102665231,K7M8V3
102665232,K7LDM8
102665233,K7LDU9
102665243,I1MQC3
102665271,I1M649
102665280,I1ME35
102665293,A0A0R0HIG0
102665295,K7KUB3
102665297,I1N0S2
102665311,K7N076
102665312,K7L4R5
102665323,K7LA79
102665340,A0A0R0FKD0
102665346,K7MKZ0
102665348,K7LQA6
102665350,A0A0R0JFJ1
102665356,I1KHQ0
102665357,A0A0R0F0T7
102665361,A0A0R0J062
102665364,I1M3C5
102665371,K7L465
102665376,A0A0R0LGG1
102665377,I1JQN2
102665379,A0A0R0IE57
102665383,K7MDC7
102665387,K7LHM4
102665389,K7MJF3
102665409,K7L7K8
102665410,K7L818
102665425,K7LFC2
102665426,I1JP16
102665439,I1LGX3
102665456,K7LXE1
102665464,A0A0R0EB93
102665471,K7LD55
102665474,K7MC53
102665502,K7MXN9
102665505,I1M2A2
102665510,K7KB52
102665512,A0A0R0KYU0
102665522,A0A0R0G4X0
102665524,A0A0R0GA18
102665525,I1JW30
102665532,K7KRU8
102665533,K7MNA5
102665543,A0A0R0L6L7
102665548,K7K9P1
102665551,I1KVZ5
102665554,K7M7I8
102665558,I1NI61
102665561,K7KD95
102665563,K7KHY2
102665567,K7KNK5
102665569,K7KQC0
102665576,I1LJB3
102665577,K7LPK8
102665591,K7K9D9
102665617,I1LGE4
102665619,E9L566
102665635,A0A0R0J7I7
102665651,I1L1W5
102665658,K7LLZ5
102665661,K7KS13
102665665,I1MRN4
102665666,K7KUM8
102665676,I1LWS0
102665678,I1N7U3
102665703,K7LKF7
102665709,K7K328
102665710,I1N596
102665712,I1KN91
102665715,I1ND16
102665725,K7MCV4
102665734,K7LM40
102665741,A0A0R0FF24
102665747,K7MTB8
102665762,K7K9U2
102665763,K7KA78
102665767,K7L9F6
102665775,I1MEN1
102665782,I1JY18
102665791,K7MJP9
102665797,I1KME5
102665803,K7N102
102665805,K7L898
102665809,K7KDK4
102665811,K7M6U4
102665843,I1NFM8
102665845,K7N3N5
102665849,K7LDV3
102665855,K7KME0
102665856,K7LM43
102665858,A0A0R0G203
102665869,K7MS34
102665874,I1KG75
102665879,K7K7J0
102665888,C6SWL3
102665895,K7MDW4
102665898,K7KLN3
102665908,C6TM46
102665910,K7MJQ4
102665912,I1KA88
102665921,K7K5J1
102665927,I1KQL5
102665928,K7L5F5
102665934,A0A0R0GA88
102665936,I1KYD2
102665955,K7KSA7
102665956,K7LRF7
102665957,K7KU62
102665973,A0A0R0H2C9
102665974,K7L467
102665981,K7LA09
102665987,K7KFK3
102665988,A0A0R0IF20
102665993,I1L649
102665997,K7KJL7
102665999,K7LKR3
102666002,A0A0R0HSR7
102666016,K7L624
102666018,I1M7A1
102666034,K7MJ90
102666041,K7LSP8
102666050,I1J7W2
102666051,K7K3Z2
102666059,A0A0R0KYN2
102666073,I1JQE8
102666076,K7KFH1
102666080,K7LI04
102666082,K7LKY0
102666083,K7MEK8
102666097,I1N387
102666110,K7L4M2
102666115,I1NE88
102666130,K7MIV7
102666133,K7KSN4
102666145,A0A0R0GUB3
102666149,I1JCC6
102666151,I1KR56
102666152,K7LXE2
102666156,K7M6K7
102666184,A0A0R0HD42
102666185,K7KXJ4
102666199,K7L6J7
102666204,K7KB82
102666210,K7LDV5
102666224,I1KBK6
102666234,I1KMZ2
102666238,I1NA44
102666239,K7M179
102666240,K7L470
102666244,K7MYQ6
102666246,I1JEJ5
102666247,I1JH30
102666249,A0A0R0K6Z5
102666270,K7LJY0
102666271,K7MJ91
102666272,I1LLZ0
102666273,K7MPS5
102666283,K7M0K0
102666284,I1M2U6
102666289,I1M7A4
102666300,I1L5W7
102666302,K7LEQ0
102666313,I1K9Z2
102666317,I1K7Q4
102666352,A0A0R0HQP4
102666361,K7MM40
102666362,K7MNH7
102666370,A0A368UGN3
102666377,K7L1S1
102666378,I1JAI6
102666380,K7LZ49
102666388,I1KRL9
102666390,A0A0R0I2I8
102666395,K7LGF8
102666396,K7LBT4
102666403,K7LL41
102666416,K7MNE4
102666418,K7KW14
102666442,A0A0R0KW46
102666455,K7KSU2
102666461,A0A0R0FBQ3
102666482,A0A0R0I8B2
102666485,K7LG97
102666492,K7MFP9
102666493,A0A0R0I0X9
102666496,I1MTY3
102666497,K7KQZ0
102666498,I1LL97
102666499,I1MVP9
102666504,K7MUP7
102666512,K7K174
102666514,K7LZA7
102666517,K7M182
102666529,K7KED5
102666531,I1L021
102666538,K7KIB6
102666546,I1L830
102666559,C6TDY5
102666563,K7L1C6
102666575,A0A0R0KHC0
102666582,K7KJZ2
102666585,K7MFH8
102666594,A0A0R0EV02
102666599,K7LVC1
102666603,I1KKL0
102666606,K7LZM3
102666610,K7N104
102666618,K7LDV8
102666623,K7LCD4
102666627,K7LI10
102666637,I1N391
102666641,A0A0R0LCE1
102666644,K7MW53
102666654,K7LB85
102666656,A0A0R0I9X5
102666666,Q84ZU9
102666667,K7MJM6
102666668,K7MMB5
102666676,K7LVY8
102666678,K7L352
102666690,I1L0B5
102666705,A0A059T9X4
102666713,K7KSV2
102666723,K7LZM4
102666725,A0A0R0GSE8
102666737,K7LEU5
102666741,I1MJP3
102666746,I1K0Z4
102666753,I1K9F8
102666755,I1MWF4
102666756,K7K1X7
102666785,I1LCN9
102666790,K7KRQ3
102666794,K7LQY5
102666797,K7KUC5
102666801,I1LU92
102666803,I1J847
102666811,C6TDT8
102666817,K7KET2
102666833,K7LWP6
102666848,K7LAP4
102666850,K7KFD7
102666855,K7MBH8
102666856,A0A0R0IJL1
102666857,K7MCW2
102666869,K7MM45
102666875,K7MPY8
102666876,K7KWS6
102666879,K7MV31
102666883,I1J972
102666892,I1JJQ3
102666893,K7L805
102666896,K7N3I4
102666897,I1KRT1
102666898,K7KCS7
102666902,A0A0R0I6F2
102666911,K7KJG3
102666915,K7LIU3
102666917,I1LD80
102666919,I1K2D1
102666920,K7LN51
102666929,K7LUG1
102666933,K7MRB3
102666938,I1N3S9
102666943,K7L4B7
102666946,K7KA24
102666951,K7LA91
102666966,K7LJ59
102666984,K7K5S0
102666996,K7LE65
102667003,I1MML8
102667019,K7K594
102667033,K7L5R6
102667035,K7N3E7
102667040,I1MLP7
102667044,K7KTD8
102667045,I1LM76
102667060,I1NB82
102667071,I1L670
102667078,I1K1G7
102667104,I1KPF5
102667117,I1MDW9
102667121,A0A0R0G5Z0
102667123,I1L7N8
102667126,K7MF08
102667127,I1JW20
102667134,I1LSX8
102667137,I1J4U5
102667144,K7N219
102667147,K7L5R9
102667149,A0A0R0KN10
102667154,K7LCN6
102667165,K7LJC2
102667171,K7KRR1
102667172,I1LJY1
102667173,A0A0R0HVG8
102667174,I1LMH6
102667180,K7K340
102667186,K7K6Y8
102667193,I1KYE4
102667203,I1JRN6
102667218,I1K422
102667230,I1J9G7
102667237,K7N368
102667246,K7MDM5
102667261,I1MY40
102667279,A0A0R0EZD9
102667282,K7M0B0
102667317,K7K341
102667330,K7LAK2
102667331,I1KP56
102667341,I1JWD8
102667349,K7LPS6
102667353,I1LNV9
102667358,I1LR68
102667366,K7LXM9
102667373,A0A0R0L2J2
102667391,K7KU72
102667394,K7KUT3
102667399,K7KXG0
102667402,I1KHZ7
102667442,I1LRY8
102667445,K7K3U0
102667446,K7K3Z5
102667448,K7MVS3
102667457,K7M2P0
102667459,K7M585
102667474,K7LI48
102667475,A0A0R0FHS7
102667476,I1MTZ4
102667485,K7K4A3
102667487,A0A0R0GL37
102667489,K7K3F3
102667501,A0A0R0KW62
102667503,I1JRK0
102667509,K7KLZ9
102667517,I1LIJ1
102667519,K7KUT4
102667523,K7MPZ1
102667524,K7MQL1
102667525,I1LRJ7
102667529,I1N5A4
102667531,K7K445
102667538,I1KWU6
102667540,I1KYE6
102667548,A0A0R0IEA5
102667563,A0A0R0HTD8
102667566,K7KW24
102667569,K7MQ79
102667572,K7L2A2
102667575,I1M024
102667576,I1M0K8
102667580,K7N088
102667584,K7L680
102667589,A0A0R0G967
102667604,K7KMF1
102667608,I1LL19
102667610,K7LTJ5
102667616,I1KJE1
102667622,K7N1B7
102667625,K7L8R7
102667636,A0A0R0GCB3
102667640,A0A0R0KE61
102667643,K7KNG7
102667651,K7MM09
102667655,K7MUC3
102667674,I1MBG9
102667678,I1L3K5
102667695,A0A0R0HEJ3
102667698,I1KN11
102667702,K7K6Z2
102667703,I1KVQ6
102667709,A0A0R0GQV2
102667710,A0A0R0E9H9
102667717,I1L8H4
102667724,I1LHW6
102667736,K7MPE4
102667740,A0A0R0LCV6
102667755,K7L970
102667761,K7KG79
102667768,I1LE39
102667769,K7MI90
102667772,I1MNZ6
102667780,I1LRJ9
102667785,I1J8Z0
102667791,I1M0B6
102667802,K7LGG5
102667809,I1LDJ4
102667826,A0A368UHB8
102667828,K7M2Q3
102667848,K7LPF2
102667858,I1N5P3
102667865,A0A0R0HWF4
102667868,I1KZ72
102667880,K7MG78
102667885,K7MHL7
102667886,K7LL92
102667900,K7K2P6
102667903,K7MTB0
102667904,I1JAA2
102667916,K7KAF5
102667919,K7L8Z1
102667924,I1MIZ1
102667939,K7LPM0
102667950,I1KIA0
102667951,K7LW14
102667952,I1N409
102667953,I1KKW3
102667954,I1JAV4
102667957,I1N7F5
102667962,I1M167
102667966,I1LY34
102667967,I1M3V7
102667968,I1JIW2
102667972,K7KCE4
102667982,I1MEP5
102667983,I1JRR2
102667984,K7LEW0
102667991,I1MY46
102668006,I1M8V4
102668008,K7KF19
102668024,I1LLH5
102668045,K7L684
102668050,K7N146
102668051,A0A0R0J1G7
102668055,I1N2F6
102668067,K7LL46
102668068,K7MIT3
102668076,K7LRX7
102668078,I1MYV7
102668087,I1N422
102668090,A0A0R0J4Q0
102668093,K7M2R8
102668095,K7N5E4
102668097,I1NEU1
102668102,A0A0R0KD24
102668105,K7LGZ3
102668110,K7LT22
102668111,I1N2C2
102668112,A0A0R0F1T1
102668116,A0A0R0EGY5
102668122,I1JGD9
102668125,A0A0R0H162
102668134,I1JLY4
102668138,I1JQG5
102668152,K7MJN0
102668153,I1K4Z9
102668158,K7LV54
102668166,K7M1I5
102668167,I1M4H8
102668185,I1MQE1
102668194,K7MNP2
102668195,K7MLG3
102668196,I1KFL9
102668197,K7KV12
102668200,K7MTM9
102668205,K7K4Y0
102668208,K7M199
102668213,I1LY39
102668214,I1KV36
102668225,K7M841
102668228,K7KK10
102668229,K7KLI5
102668230,A0A0R0KGX5
102668249,I1LUN2
102668250,I1MYT0
102668257,K7MWZ2
102668262,K7M0T3
102668271,K7N277
102668279,I1MHB9
102668293,I1KCV2
102668295,A0A0R0LAR8
102668301,A0A0R0L980
102668305,K7MZJ5
102668312,A0A0R0J300
102668315,I1JQQ3
102668322,K7KKF9
102668323,K7LGZ5
102668329,K7MGZ3
102668337,I1KDG1
102668346,A0A0R0ENT6
102668349,K7L5L2
102668351,I1M3Y2
102668384,K7KZ32
102668397,I1KUB4
102668398,I1NGS5
102668408,I1JQ60
102668411,I1JPK0
102668422,I1MUI5
102668424,K7LS20
102668428,K7MP55
102668441,K7MZE1
102668456,K7LBE6
102668480,K7LS70
102668481,K7LSC4
102668485,I1J7D9
102668493,I1M1G2
102668494,K7L554
102668510,A0A0R0G477
102668514,I1MSC5
102668520,K7LW74
102668523,A0A0R0LGX4
102668526,I1JAA3
102668531,K7N0I3
102668537,A0A0R0EQE5
102668541,K7LD83
102668552,I1K4K0
102668558,I1KBC6
102668563,K7KZY7
102668565,A0A0R0J794
102668571,K7MZE2
102668572,K7M2L8
102668583,I1JLD7
102668594,K7KME7
102668608,I1N8L1
102668626,I1MI27
102668647,K7LUY2
102668656,I1LXI6
102668663,K7L7J3
102668671,I1ME69
102668673,K7MAY4
102668674,A0A0R0IMP6
102668677,K7LHH9
102668692,I1KFC3
102668707,K7MYT3
102668708,K7MZE3
102668711,K7M0F6
102668713,I1JHB9
102668721,I1L1Z7
102668724,K7KMT2
102668726,I1K697
102668727,K7MLJ2
102668733,K7KZ34
102668744,A0A0R0H4J2
102668745,K7K701
102668752,I1KXF4
102668761,K7LEQ7
102668780,K7LPF8
102668782,A0A0R0HS50
102668784,K7LRL9
102668786,K7LSW9
102668789,K7KT35
102668793,K7L2T3
102668800,I1KW22
102668803,K7L8Z7
102668807,I1MC22
102668811,K7KGH7
102668828,A0A0R0HAM2
102668855,K7KK13
102668882,I1N9E8
102668883,I1JCF0
102668884,I1M221
102668887,I1M5B9
102668888,I1M410
102668890,A0A0R0KTK5
102668893,K7KCU2
102668896,K7M4I7
102668917,K7MUR1
102668923,K7L2I3
102668924,K7L3W7
102668936,A0A0R0KXL7
102668949,K7KNL9
102668951,K7MHP5
102668967,I1LW38
102668969,A0A0R0LCI9
102668971,I1KMR7
102668990,I1JUM8
102668998,E9L567
102669001,I1K3T0
102669011,K7K4S5
102669038,K7LK48
102669045,I1LND7
102669046,I1LMK4
102669047,I1LPY6
102669054,K7LTR2
102669056,K7K3V9
102669062,A0A0R0KU56
102669075,K7KGH9
102669076,K7LCY2
102669086,A0A0R0FL29
102669107,C6SZA4
102669110,K7KBE5
102669113,A0A0R0GKS1
102669115,K7KC77
102669119,I1MDY3
102669125,I1MNB8
102669129,K7KPZ6
102669131,I1MXH0
102669135,K7MUR2
102669137,I1N013
102669138,I1N118
102669144,K7MYI9
102669160,K7LDH7
102669186,C6TJL0
102669188,K7K5Y0
102669194,K7KBM6
102669197,I1NDV7
102669199,K7KGN6
102669203,I1MJH8
102669208,I1LDK6
102669209,K7KNM0
102669210,K7LHW8
102669229,K7K5L0
102669230,I1N5Q0
102669231,K7K368
102669236,K7N2R1
102669253,I1K3A1
102669254,K7LMQ4
102669255,A0A0R0HMH0
102669261,A0A0R0EWB5
102669263,I1KFC1
102669266,A0A0R0F4T2
102669268,K7K2W5
102669285,A0A368UH32
102669289,K7N4T0
102669308,I1MV43
102669309,A0A0R0FFL2
102669326,K7M000
102669330,A0A0R0KRK6
102669331,A0A0R0E882
102669347,A0A0R0K1W3
102669359,K7KW06
102669360,A0A0R0F161
102669361,K7LW19
102669362,K7K3M2
102669364,K7K5K9
102669370,I1KTQ6
102669375,A0A0R0J4D7
102669378,I1JKD7
102669400,A0A0R0K3U5
102669408,K7LW78
102669415,I1NC89
102669418,K7K910
102669426,K7LDY1
102669436,K7LIM7
102669438,K7KW34
102669439,I1N0D4
102669451,I1NCI1
102669455,A0A0R0KYD7
102669459,K7N3E0
102669467,K7N557
102669473,K7ME38
102669481,I1MP45
102669490,K7KW07
102669499,I1KIS1
102669513,K7MBC0
102669517,K7KJH4
102669522,K7MFZ9
102669530,A0A0R0HRA6
102669532,I1N1V3
102669537,K7MQC1
102669541,K7L0I1
102669545,K7L1I2
102669547,A0A0R0ESN5
102669548,I1KR98
102669549,K7KBK8
102669551,I1NEN8
102669580,K7MK73
102669584,I1KD73
102669589,I1LUF3
102669590,K7K2X0
102669595,K7K7Z3
102669616,I1MQZ0
102669617,K7KRX6
102669622,K7MTP1
102669645,K7M9T2
102669654,A0A0R0FT42
102669667,I1MYK6
102669680,I1KSM6
102669682,K7N2V5
102669683,K7K9M0
102669690,A0A0R0IL50
102669706,K7LRG9
102669707,I1MSR0
102669720,K7L2B8
102669749,I1LGC2
102669753,I1KGB9
102669757,K7M1B4
102669772,I1MHV4
102669790,K7LSJ6
102669791,K7MRE7
102669806,K7MYJ6
102669811,K7L6L1
102669818,K7N3Q7
102669819,I1MB09
102669841,I1KH77
102669842,I1KHI7
102669848,I1KL59
102669851,K7K5F6
102669855,I1JDB1
102669860,K7N0P4
102669874,K7KJA9
102669877,K7LJJ8
102669881,K7MEY0
102669886,I1LG81
102669888,K7LMM3
102669894,I1J869
102669905,I1JM09
102669908,K7KGV5
102669916,I1JZK4
102669921,I1LC92
102669922,K7LN08
102669928,I1KFY6
102669934,K7MSY3
102669949,K7M662
102669951,I1MC29
102669955,I1JRC0
102669997,K7KHQ9
102670020,K7MUS1
102670035,K7LY71
102670057,K7KR55
102670060,K7KTA1
102670061,I1LMK6
102670075,K7K7Z6
102670080,I1JJH9
102670086,A0A2D1PXN3
102670094,K7MEH5
102670105,A0A0R0K5A1
102670106,A0A0R0FKQ2
102670107,K7MND4
102670154,K7MMV3
102670159,A0A0R0F9U2
102670164,K7K1F8
102670177,I1KX54
102670178,I1KXN4
102670183,I1JRM4
102670193,A0A0R0K228
102670203,K7LSX2
102670206,I1KG16
102670210,K7K4C3
102670217,K7MWN6
102670230,A0A0R0IHV0
102670234,K7KKQ3
102670244,A0A0R0I0I0
102670246,K7MKI8
102670256,K7L3R7
102670258,A0A0R0ES35
102670259,K7M2Z3
102670262,I1NCX5
102670271,I1L0X7
102670276,K7KM32
102670287,K7KWV3
102670301,K7K7Z7
102670317,I1JRM5
102670319,K7MBU5
102670321,K7MBY1
102670325,I1L9B7
102670326,A0A0R0FNS8
102670327,I1LDB4
102670334,K7MS71
102670341,K7K5A9
102670348,K7M250
102670362,I1MDG3
102670364,I1JSQ4
102670379,K7KY41
102670382,I1LRH6
102670392,K7L3L6
102670394,K7M1X7
102670397,I1NCP4
102670399,K7N0V6
102670414,K7LIW6
102670423,A0A0R0JSK5
102670430,K7LWX8
102670437,I1M4U4
102670442,K7L771
102670454,I1MGT9
102670465,I1JZT2
102670495,K7MJ24
102670503,I1KAD0
102670504,A0A0R0FQ01
102670513,I1JAX3
102670533,I1JKP4
102670536,K7LDE0
102670540,A0A0R0KGN3
102670552,I1KFC9
106794093,I1NE45
106794096,I1MSH1
106794104,A0A0R0IEJ6
106794105,I1KYH1
106794106,K7LAA6
106794108,A0A0R4J4Q8
106794109,A0A0R0HEV4
106794110,K7LY52
106794111,K7KDK8
106794112,I1N7N2
106794115,I1LSG0
106794116,I1KB01
106794117,I1JKB0
106794121,I1LBS3
106794123,K7K4I8
106794124,I1J939
106794125,I1L7W4
106794127,I1KPH7
106794129,K7KTE7
106794132,I1KG67
106794138,I1JEQ8
106794146,K7L1S6
106794149,A0A0R0FS98
106794155,K7MST6
106794168,I1M2E5
106794169,I1ME78
106794171,K7M1X1
106794180,K7MYE8
106794182,I1KEX4
106794183,K7MPH0
106794186,I1M5F0
106794208,K7KMV4
106794215,K7MFJ1
106794224,K7MB31
106794241,K7MIG6
106794245,K7MYA6
106794283,Q6X0M9
106794294,K7K6S4
106794329,A0A0R0IB03
106794334,K7K3S8
106794425,I1L3F5
106794477,I1L298
106794512,A0A0R4J450
106794528,I1L026
106794538,K7K1B3
106794558,K7LCW2
106794571,A0A0R0IDI2
106794699,K7K431
106794755,A0A0R0HYE9
106794875,I1L7X7
106794887,I1L879
106794901,A0A0R0HWV7
106794922,A0A0R4J481
106794948,I1L7X6
106794958,I1L923
106794959,I1L9C8
106795049,K7LQX8
106795158,K7LN20
106795184,A0A0R0HP74
106795211,I7B2Z4
106795222,I1LNT1
106795232,A0A0R0H9T5
106795237,A0A0R0H0X9
106795238,I1LPU7
106795243,I1LKD9
106795247,K7K657
106795371,K7LUF6
106795376,I1LT27
106795379,K7LU71
106795388,A0A0R0H739
106795392,K7LVZ8
106795394,I1LUC8
106795437,K7LW84
106795441,K7LWM1
106795447,I1LX01
106795448,A0A0R0E2Z1
106795462,A0A0R0GSW3
106795478,A0A0R0GGY3
106795493,A0A0R0GPT0
106795499,I1M0Q0
106795502,A0A0R0GR48
106795504,I1M149
106795509,I1M1Q8
106795554,K7M3Z1
106795661,K7LZ21
106795662,K7M2T4
106795667,K7LXI2
106795721,I1M6P7
106795723,I1M8H7
106795857,I1M9X2
106795957,I1M867
106795977,A0A0R0GJ65
106795994,A0A0R0GE27
106796002,A0A0R0GDU9
106796036,I1MEA1
106796038,A0A0R0G4U2
106796099,A0A0R0GDP4
106796134,K7K8T9
106796147,I1MI28
106796185,A0A0R0GDS7
106796220,K7MBH0
106796251,K7M8P8
106796302,K7M960
106796303,A0A0R0GB44
106796308,K7M8S6
106796311,A0A0R0FZH3
106796315,K7MCQ2
106796332,A0A0R4J5E9
106796362,A0A0R0FLW0
106796370,A0A0R0FQA0
106796386,A0A0R0FWD1
106796400,A0A0R0FZ28
106796482,A0A0R0FSF4
106796551,A0A0R0G172
106796564,K7MII3
106796566,A0A0R0FSX5
106796585,K7MH03
106796594,I1MSH2
106796595,I1MS20
106796616,I1MXH5
106796618,I1MW02
106796714,K7ML33
106796737,K7MLN5
106796748,I1MWR8
106796755,A0A0R0FEC1
106796777,K7KAW4
106796780,K7KAY8
106796781,K7KAZ6
106796786,I1MVZ6
106796792,K7MTQ0
106796800,I1MYT3
106796830,I1N2F6
106796890,A0A0R0EZ21
106796963,K7KBG8
106797025,A0A0R0F1U1
106797037,A0A0R0FC40
106797043,A0A0R0FFR3
106797050,A0A0R0F2A7
106797065,K7MQ35
106797124,I1N3M6
106797139,I1N4N4
106797150,K7MR51
106797152,Q2MJR5
106797170,K7MPT7
106797182,K7MVD8
106797183,A0A0R0F0E0
106797192,K7MU15
106797238,A0A0R0EH04
106797392,I1N8Y7
106797442,I1N7J2
106797445,I1N9E5
106797500,K7MYA5
106797519,A0A0R0ELP3
106797559,K7N4W5
106797573,A0A0R0E6M1
106797803,K7K612
106797809,I1JD07
106797816,K7K7E3
106797833,I1JFK1
106797924,A0A0R0EB51
106797935,A0A0R0KYH4
106798017,K7KAQ5
106798047,A0A0R0KFY0
106798051,A0A0R0KFH8
106798062,A0A0R0KH14
106798064,I1JMA2
106798139,A0A0R0KEJ6
106798271,K7KGD4
106798336,K7KFV7
106798339,A0A0R0KM60
106798342,K7KGM1
106798343,A0A0R0KPS1
106798359,K7KHG0
106798398,I1J7A6
106798410,I1JWI2
106798607,K7KHH6
106798608,A0A0R0K2R2
106798640,K7KKB9
106798674,I1JY68
106798699,A0A0R0JQK4
106798700,A0A0R0JQE5
106798747,A0A0R0JYR4
106798825,A0A0R0JST5
106798879,I1K0W5
106798904,I1K3E8
106798930,I1KBJ6
106798964,I1KEC5
106798970,I1KEP3
106798972,I1KEQ9
106798973,A0A0R0JMJ8
106798974,I1KER0
106798975,A0A0R0JSK5
106799001,A0A0R0JMJ9
106799002,A0A0R0JGJ1
106799024,K7K558
106799125,K7KSY7
106799139,I1KCP6
106799161,A0A368UI24
106799177,A0A0R0JMI9
106799178,I1KEQ0
106799180,A0A0R0JMU5
106799185,K7KY81
106799207,A0A0R0J4N4
106799223,I1JAR7
106799253,K7L1T9
106799316,K7L343
106799331,A0A0R0IZQ0
106799409,I1KGZ4
106799422,I1KHU0
106799423,A0A0R0J038
106799436,K7L0I4
106799477,K7L2N9
106799504,I1KNH8
106799526,K7L4X4
106799627,I1KQT7
106799643,K7L7Z6
106799700,K7L548
106799702,A0A368UHR2
106799718,P48406
106799740,I1KTY5
106799801,K7L9N6
106799805,A0A0R0J145
106799808,K7LA07
110566979,I1LUL0
110599573,E9L581
110631419,K7KCM7
110631420,A0A0R0JRJ8
111043201,C6T1L6
111064645,C6TJD7
111255648,I1KCB4
111605749,I1JU00
112935895,I1LN79
112997598,I1KKQ3
112997606,I1N4P4
112997608,I1MZK2
112997615,I1J8T7
112998579,E9L585
112999382,K7K8C3
113000145,A0A0R0L2Z5
113001008,A0A0R0E366
113001050,P33083
113001159,C6SVG2
113001224,K7KGZ6
113001246,K7KF99
113001439,I1JSH7
113001466,I1JZ04
113001670,K7K461
113001958,P33082
113001959,P33083
113001961,P33083
113002190,K7K210
114255746,I1K6Y3
114515510,Q9S7H2
114574126,C6T591
114818277,C6T9M8
115333220,I1JK42
115561816,I1JM37
116423798,I1N4N7
121172628,I1N167
121172629,I1LJV1
121172633,I1LKV3
121172639,I1MQA3
121172655,K7K663
121172791,C6TGQ3
121172803,I1J684
121173077,I1JF77
121173506,K7KBB2
121174137,C6T2T5
121174312,K7KAU0
121174482,A0A0R0E3E6
121174487,A0A0R0ES85
121174626,I1JLX2
121174758,K7KHH9
121174759,I1JSR6
121174779,K7KIX3
121174783,I1J7W5
121174806,A0A368ULK7
15308524,M1FN40
15308525,M1FP96
15308526,M1FQP7
15308527,M1FQJ9
15308528,H8Y6Q3
15308529,M1FQM6
15308530,M1FIQ5
15308531,M1FP70
15308532,M1FPG3
15308533,M1FIP8
15308534,P07506
15308535,M1FIR2
15308536,M1FN39
15308538,M1FQN4
15308539,M1FPG1
15308540,K7L9U2
15308541,K7L9U1
15308542,M1FIX7
15308543,Q01915
15308544,M1FN65
15308545,M1FIS9
15308546,M1FP86
15308547,M1FN65
15308548,M1FPK0
15308549,M1FIU0
15308550,M1FJ29
15308553,M1FN65
15308555,M1FPB9
15308556,M1FPA4
15308560,M1FIV7
15308561,A0A0R0H600
15308563,M1FN31
15308564,M1FQN0
15308565,M1FPA1
15308566,M1FQK6
15308567,M1FPI5
15308568,M1FQM2
15308570,M1FPJ2
15308571,M1FPA7
15308572,M1FQQ0
15308573,M1FJ17
15308575,M1FQL7
15308576,M1FPB7
15308577,M1FPI0
15308579,M1FPL0
15308582,K7M8M6
15308583,M1FPH7
15308584,M1FN41
15308585,M1FIW5
15308586,M1FP99
15308588,M1FPI0
15308589,M1FN42
15308590,M1FIX0
15308595,M1FP81
15308596,M1FPA3
15308597,M1FQK8
15308598,M1FPI9
15308599,M1FN46
15308600,M1FIY3
15308602,M1FQP2
15308603,M1FQM2
15308604,M1FN49
15308605,M1FJ40
15308606,M1FPA6
15308607,M1FN36
15308608,Q01915
15308609,M1FN52
15308610,M1FIZ9
15308613,I1LNM2
15308614,M1FN55
15308616,M1FPB2
15308617,M1FQR1
15308618,M1FPK5
15308619,M1FN61
15308620,M1FN38
15308621,P69421
15308622,M1FQR8
15308623,P05491
15308624,Q01915
15308625,M1FN39
15308626,M1FIU8
15308627,M1FQS1
15308628,M1FPL3
15308629,M1FPA6
15308630,M1FJ40
15308631,M1FP94
15308632,M1FN34
15308633,M1FPG4
3989252,A0A898CSK4
3989254,A0A898CWI6
3989255,Q2PMM3
3989256,A0A898CTU1
3989257,A0A898CTU1
3989259,A0A898CTN3
3989261,A0A898CW59
3989263,A0A898CUJ9
3989265,A0A898CT96
3989266,A0A898CUP4
3989267,A0A898CW46
3989268,A0A898CU91
3989271,A0A898CTM2
3989272,A0A898CT38
3989273,A0A898CT85
3989276,A0A0R0GJE3
3989277,A0A898CW80
3989278,A0A898CWR1
3989281,A0A898CX44
3989283,A0A898CTK1
3989284,A0A898CVS6
3989288,A0A0R0GDM2
3989289,A0A898CT98
3989291,A0A898CTD8
3989292,A0A898CTY7
3989293,Q8HVY3
3989294,A0A898CWG4
3989295,A0A898CVQ4
3989296,A0A898CTY6
3989297,A0A898CWF3
3989298,A0A898CTB8
3989302,A0A898CV19
3989303,A0A898CWJ6
3989305,C6SYJ2
3989306,A0A898CVP5
3989307,A0A898CWK6
3989308,A0A898CUR9
3989309,A0A0R0H975
3989310,A0A0R0H952
3989311,A0A898CW26
3989312,A0A898CTZ7
3989313,A0A898CUM2
3989314,A0A0R0HJF4
3989315,A0A0R0H9V9
3989318,A0A0R0G017
3989319,A0A0R0HIP8
3989320,A0A898CU94
3989321,A0A898CUF6
3989322,A0A898CV36
3989323,A0A898CWR3
3989324,A0A898CSB5
3989325,A0A0R0GE35
3989326,A0A898CTE9
3989327,A0A898CTT0
3989328,A0A898CTC6
3989329,A0A898CTU0
3989330,C6T395
3989331,A0A898CV93
3989332,C6SZ92
3989333,A0A898CSP9
3989334,A0A898CTE7
3989335,A0A898CTV2
3989336,A0A898CVF3
3989337,A0A898CWE1
3989338,A0A898CWI6
3989340,A0A898CSK4
3989342,P0CC63
3989343,A0A898CU17
3989353,Q2PMP0
3989354,C6TMJ3
3989355,A0A898CWS3
3989356,A0A898CT09
3989357,A0A898CVZ3
3989358,A0A898CTP0
3989359,A0A898CTI0
3989360,A0A898CW14
3989361,A0A898CTM3
3989362,A0A898CWA3
3989364,A0A898CSA5
3989365,A0A898CTT1
3989366,A0A898CUC4
3989376,A0A898CU17
3989377,P0CC63
547449,O48642
547450,A0A0R0FQD3
547451,O04133
547452,P04347
547453,A0A0R4J455
547454,Q9S7G9
547455,I1N4U1
547456,O22117
547458,C6TIA0
547459,K7N4B0
547461,Q9SLR8
547462,Q9SLR7
547463,P11828
547464,Q948X9
547465,Q93VL9
547466,Q9MAZ9
547467,Q9MAZ1
547468,Q9MAX8
547469,A0A0R0GC62
547470,Q9FXK9
547471,I1LC89
547473,I1MTP1
547474,Q9AV95
547475,Q8W3Y5
547476,A0A0R0HL31
547477,C6TNF0
547478,Q94IA2
547479,Q8S902
547480,Q8S901
547481,Q8S8Z9
547482,Q8S8Z8
547483,Q8S8Z7
547485,A0A0R0F1F3
547487,I1KC88
547489,A0A0R0LP27
547492,Q8S5C2
547493,I1JLC8
547494,Q9ZTZ3
547495,O23957
547496,O23958
547497,O23959
547498,O23960
547499,O23961
547500,Q9ZTY1
547501,O22378
547503,O22498
547504,A0A0R4J3J1
547505,I1K8U8
547507,O48939
547508,A0A0R0GW94
547509,O48548
547510,A0A0R0FSY1
547511,A0A0R0K8D9
547512,Q9ZTT3
547513,O64970
547514,A0A0R0KA84
547519,I1KJA0
547520,O49235
547521,Q9XE60
547522,Q9ZTB2
547523,O81413
547524,Q9XHP4
547525,I1K937
547526,O82554
547528,Q9S7Z9
547529,I1MQ16
547530,Q5K6Q4
547531,Q71UA1
547533,Q9XER5
547534,A0A0R0HZ36
547535,Q9SEK8
547536,Q9XES8
547537,Q9XET1
547538,Q9M7N4
547539,Q9XEY7
547540,Q9SEH8
547541,Q9SWS4
547542,Q9SWS3
547543,Q9SWS2
547544,Q9XF25
547545,I1K6J1
547546,Q9XHC5
547547,Q9XFB4
547548,Q9XFI6
547549,I1MDU1
547550,C6TAQ5
547551,Q9XGS2
547552,Q9LDM8
547553,Q9SPJ6
547554,Q9LLQ6
547555,I1K0K8
547556,Q9S7N8
547557,A0A0R0F7D3
547558,Q9SWB5
547559,K7LDT9
547560,Q9SWA8
547562,K7MH77
547563,K7MIY7
547564,A0A0K2CT98
547565,Q9SP47
547566,Q9SP01
547567,Q9FVE8
547568,I1MJZ9
547569,Q9SE03
547570,I1M0Z0
547571,Q9SDZ1
547572,Q9SDY6
547573,Q8H1P2
547574,E9KNA3
547575,Q9M508
547576,Q9FQF3
547577,Q9FQF2
547578,Q9FQF1
547579,I1KK66
547580,Q9FQE8
547581,Q9FQE6
547582,Q9FQE5
547583,A0A0B5E8V1
547584,I1LCH6
547585,Q9FQE1
547586,I1NF36
547587,Q9FQD9
547588,I1L7W8
547589,C6SVD7
547590,Q9FQD3
547591,Q9M4Z8
547592,Q9LKZ6
547593,Q9LKZ4
547594,Q9LKY8
547595,Q9LKY4
547596,Q9LKY3
547597,Q9FQ95
547598,I1L7R0
547599,C6THD9
547600,Q93XG4
547601,Q9FYX7
547602,A0A0R0EFP3
547603,Q9FQ21
547604,Q94KU3
547605,Q9FUJ5
547606,I1KTN8
547611,Q9FEC5
547612,K9K2Z7
547613,C6THA4
547614,K7MDD3
547615,C6TCJ0
547616,Q5K6N6
547617,Q9BBU5
547618,Q9AT39
547619,I1NAH6
547620,C6T8F0
547621,Q42802
547622,Q5K6K2
547624,K7K730
547625,Q945U4
547626,Q945U3
547627,Q8SAG8
547629,Q8S4Q4
547630,Q8W1A1
547631,Q8W1A0
547632,Q8W199
547633,Q8W198
547634,Q8SAG1
547635,Q8W0W5
547636,Q8W0V9
547637,Q8S3W1
547638,Q8H6S7
547640,Q84SM7
547641,Q7FQF1
547642,Q7Y0Y9
547643,Q71EW8
547644,Q8LK24
547645,Q8LJW0
547647,I1NE62
547648,Q8LJU2
547649,Q8LJS2
547650,Q8LJS1
547651,Q8LJS0
547652,Q8LJR9
547653,Q8LJR7
547654,Q8LJR6
547655,Q8LJR5
547656,Q8LJR4
547657,Q8LJR3
547658,I1MA91
547659,O48601
547660,O48602
547661,I1MX28
547664,Q9ZS22
547665,Q9ZPA0
547666,Q9XG10
547667,Q9ZS21
547668,I1MDJ7
547669,O49855
547670,O65810
547671,Q9XG11
547672,P08298
547673,C6TDU0
547675,I1MAV0
547676,Q93YH8
547677,Q9FEZ7
547679,I1LD90
547680,Q7XA51
547681,Q7XA49
547682,Q70MR5
547683,Q5F305
547684,Q5F304
547685,Q5JZR1
547686,Q5GMP6
547687,Q5F2M9
547688,Q5F2M8
547689,Q5F2M7
547690,I1K9L2
547691,Q8LGT6
547692,Q8LGT5
547693,I1LIJ6
547694,I1KUQ0
547695,Q941P4
547696,Q93WQ0
547698,Q941G7
547700,Q5QL07
547701,Q5JCL0
547702,Q8H2B0
547703,Q8H2A9
547704,Q8L4Y3
547705,A5Y5L4
547706,Q8H1P5
547707,Q8H1P3
547708,Q6YGT9
547709,Q8GV24
547710,Q8LKR3
547711,Q7X9B8
547712,Q8GUS1
547714,I1JBQ4
547715,Q84X84
547716,I1K3K3
547717,Q84P31
547718,E3NYP4
547719,I1LMC8
547720,Q5VKS3
547723,Q7XJB6
547724,A8C8H5
547725,I1JRF2
547729,A0A0B4PJM3
547731,Q6ULS3
547732,Q67BK3
547734,I1L1Q4
547735,Q6TXD0
547736,I1KBX6
547737,Q6T300
547738,Q6T2Z8
547739,Q6T2Z7
547740,I1NFV7
547741,I1LMF9
547742,Q6T2Z4
547743,C6T4B9
547744,I1K206
547745,B6CBQ9
547746,Q6SPR3
547747,Q6SPR2
547748,Q6S9W0
547749,Q6RUF9
547750,Q6RUF8
547751,Q6RUF6
547752,Q6RIB7
547753,Q6QDC2
547754,Q5GFS0
547755,Q6Q2Z9
547756,Q6Q2Z8
547758,I1LDM1
547759,Q6PV94
547761,Q6GW08
547762,Q6DW75
547764,K7M3V9
547765,Q5IR72
547766,Q5IR71
547769,A0A0R0HIN8
547770,Q02917
547771,A0A0R0LEN8
547773,Q54AI3
547774,Q39870
547775,Q39857
547776,Q39837
547777,O04720
547778,Q39891
547779,Q39877
547780,Q39878
547781,Q39879
547782,Q39880
547784,A0A0R0IQ29
547786,C6TDT8
547787,Q39890
547788,Q43449
547790,Q39868
547791,A0A0R0JW56
547792,Q42794
547793,P48640
547794,Q39883
547795,A0A0R0J9J2
547796,A0A0R0I1R8
547797,Q43465
547798,O82560
547799,Q39872
547802,A0A0R0IK22
547803,Q39861
547804,P49084
547805,A0A0R0FQI0
547806,Q39896
547807,I1JGN9
547808,B8XJY3
547809,A0A0R4J3Q0
547810,B5U9F5
547811,Q39893
547812,Q39892
547813,A0A0R0JTF7
547814,Q5FBA1
547815,P48631
547816,A0A0R0L140
547818,A0A0R0ID20
547819,A0A0R0FRF8
547820,A0A0R0IPP2
547821,C6TGX7
547822,A0A0R0KII9
547823,A0A0R0EQT1
547824,C6TCN5
547825,A0A0R0IEW5
547826,Q39886
547827,Q39871
547828,Q541U1
547829,Q42447
547830,C6T5D7
547831,Q39898
547833,P51820
547834,I1LGD0
547835,P24095
547836,Q43438
547837,C6T1L4
547838,I1KPN3
547839,Q39804
547840,Q39830
547842,Q39805
547843,Q39807
547844,Q2TFP1
547845,Q39811
547850,Q2HZ34
547851,A0A0R0JMW2
547852,A0A0R4J4G9
547853,Q39819
547854,V9H042
547855,I1K693
547856,Q43440
547857,Q39822
547858,K7K4Y9
547859,Q42779
547860,Q42780
547862,Q39831
547863,Q43442
547864,Q43443
547865,Q43444
547866,Q42810
547867,K7KJX2
547868,Q39836
547869,B3TDK6
547870,Q39839
547871,A0A0R4J4U7
547872,A0A0R0GXD9
547873,I1J8H7
547874,I1LI47
547875,C6SYG7
547877,Q42792
547878,C6T447
547879,Q39846
547880,I1JH15
547881,P93164
547882,Q06765
547884,I1LZ70
547885,O24422
547886,P93166
547887,Q84P28
547888,O24431
547889,E9KNA6
547890,A0A0R0K6A7
547891,E9KNA8
547892,Q9ZNZ4
547894,P93167
547895,P93168
547896,P93169
547897,Q41266
547898,O24482
547900,P04405
547901,P04776
547902,A0A0R0EGG0
547903,C6TH86
547904,I1KSI2
547905,I1N7C9
547907,A0A0R0ELE0
547911,C6TI38
547914,K7KAY9
547915,P26987
547916,Q43453
547917,I1MG61
547920,P25011
547921,Q01527
547923,B3TDK4
547924,Q07185
547925,A0A0B5EA80
547929,Q06764
547930,C0LUU7
547931,Q42795
547932,Q43468
547933,Q39869
547936,O04874
547937,A0A0R0GWL3
547939,K7LHJ5
547940,O22107
547941,Q9SLW5
547942,Q9AVK8
547943,I1KZU7
547944,Q8S5C1
547945,C6SWF5
547946,O64999
547947,Q9XES7
547948,Q8GZU8
547949,D2DGW4
547950,Q9FQE9
547951,Q9FQD4
547953,C6TJN5
547954,A0A0R0KZR2
547955,Q8GZD2
547956,Q8L5W2
547958,Q7XA50
547959,I1NCV5
547960,Q8H1P4
547962,I1MVY7
547963,Q6RIB6
547964,I1MUX2
547965,P13089
547966,Q6LEG8
547967,Q39882
547968,Q43466
547969,A0A0R0LGD4
547970,I1MYC3
547971,Q39820
547972,Q42809
547973,I1LIH1
547974,I1K2T1
547975,A0A0R0JGZ3
547976,A0A0R0K3Y9
547977,P93163
547978,Q43448
547979,Q9FQD5
547980,Q8W1S2
547981,Q8S3F8
547982,G3E7M8
547983,P42347
547984,C6SVJ4
547985,C6SWZ3
547987,C6T9Y3
547988,I1J7H3
547989,Q9M426
547990,A0A0R0H7R6
547992,C6TGT0
547993,I1NEU4
547994,O49046
547995,O81273
547996,Q9XET0
547997,Q9SWB2
547998,Q9FVE7
547999,A0A0R0FJK8
548000,Q70EW1
548001,Q93Z89
548002,Q84V19
548003,Q84P43
548004,Q39895
548005,Q5GKZ7
548006,O80412
548007,Q948Y0
548009,Q948P0
548010,Q8S900
548011,Q7X750
548013,Q9ZTZ2
548014,A0A0R0IZE4
548015,O48940
548016,A0A368UIE9
548017,O63067
548018,C6T790
548019,Q9SEL0
548020,Q8GZU9
548021,B1ACD5
548022,C6TDV4
548023,Q9XFG0
548024,A0A0R0H3L4
548025,Q9SPB9
548026,I1L2Y7
548027,Q9SDZ0
548028,Q9M507
548029,Q9FQE7
548030,Q9FQE2
548031,Q9FQD8
548032,Q9LKZ5
548033,Q9M4R7
548034,Q8S564
548035,Q8W2C0
548036,Q95AG1
548037,Q8LLR3
548038,C6T0D4
548039,Q8RUD9
548040,Q8GZD3
548041,Q7FPX7
548042,Q8LJR8
548043,O65808
548044,O82687
548045,Q7XA52
548046,I1MK83
548047,Q8LGT9
548049,Q8H2B1
548050,Q7XZ08
548052,Q7XJ86
548053,C6SW17
548054,A0A0R4J2H1
548055,Q5QJB6
548056,I1KIN9
548057,Q6T2Z2
548058,Q6RUF7
548059,I1NAU6
548062,O64458
548063,Q6LEG8
548064,Q43447
548065,I1JSI1
548066,Q39897
548067,C6TG34
548068,O22443
548070,A0A0R0I0L9
548071,I1K723
548072,Q549C8
548073,Q43445
548074,A0A0R0IRU3
548075,A0A0R0HYK0
548076,A0A0R0GVW3
548077,Q7XZQ1
548078,I1JYK1
548079,C6TGY7
548080,Q00423
548081,A0A0R0FZF4
548082,Q9FUK4
548083,Q53ZY0
548084,Q39856
548085,C6T035
548086,Q8S8Z6
548087,Q9SPJ5
548089,Q8GSL0
548090,Q39802
548092,K7KLF0
548093,C6TKU9
548095,A0A0R0KHB4
548096,Q9XES9
548099,Q84L66
548101,C6T3W4
553156,Q43758
606295,O82585
606296,Q8LKV1
606297,I1KS58
606502,Q75NI1
606503,O48918
606504,A0A0R4J4E0
606505,Q9LL80
606506,A0A0R0EUW6
606507,I1N0C4
606508,Q76LA6
606548,A0A0R0G679
606549,O48925
606704,A0A0R0FIL2
606705,K9LH71
732540,Q68Y59
732541,Q5EMP6
732542,Q56I14
732543,Q56GA2
732544,Q564C8
732545,C6TDI3
732546,C0LUV0
732547,Q53B72
732548,Q53B69
732549,Q535K6
732550,Q4VZ79
732551,Q4VPE6
732552,Q52QR5
732553,I1KAA6
732555,I1LPE9
732556,Q4R1J3
732557,Q4JR86
732558,Q4JR83
732559,Q4FH87
732562,Q45RR9
732563,Q49N12
732564,Q402G4
732565,Q3S4G9
732566,Q3S3F6
732567,I1JHS0
732569,Q3LFP8
732570,Q38RG6
732571,Q38IX0
732572,Q38IW9
732573,Q330L2
732574,Q308N9
732575,P24826
732576,Q2XV15
732577,Q2XPR6
732578,Q2VA65
732579,Q2VEU4
732580,Q2V732
732581,Q2TFP3
732582,Q2TFP2
732583,Q2PJS4
732584,Q2PJS3
732585,Q2PJS2
732586,Q2PJS1
732587,Q2PJS0
732588,Q2PJR9
732589,Q2PJR8
732590,Q2PJR7
732591,Q2PJR6
732592,Q2PMD5
732593,Q2PMD4
732594,Q2TUW1
732595,Q2TUV5
732596,Q2LAH5
732597,Q2KMJ4
732598,I1K6A1
732600,I1LXG5
732601,Q45EZ4
732602,I1KXE1
732603,I1MH66
732604,A0A0R0H6W8
732605,A0A0R0FD94
732606,I1MSF2
732607,Q1M2R7
732608,Q3I4X9
732610,I1N9L7
732611,I1M068
732612,C6TK44
732613,I1NCU2
732614,I1LTC9
732616,I1MIH4
732617,Q19AK7
732618,Q2VTE6
732619,Q1ACB2
732620,Q0ZFU8
732625,Q9M6A7
732626,A2IBG7
732627,Q45FF0
732628,I1MUM7
732631,I1JET9
732632,Q39889
732633,Q39801
732634,Q9SYR0
732635,Q39824
732637,Q39873
732638,Q1XBQ8
732639,I1KE01
732640,A0A0R4J3L5
732641,I1LH25
732642,Q39810
732643,I1N6F1
732644,Q2VA66
732645,Q1M320
732646,I1LLC2
732647,Q5EMP7
732648,I1MSP5
732649,Q53B73
732650,Q4ZJF7
732651,A0A0K2CTP6
732652,Q4JEZ6
732653,Q49N13
732654,I1N9P9
732655,Q38IX1
732656,Q2VEU3
732657,Q2KMJ6
732658,I1MZ56
732661,A0A0R0HPY5
732662,Q45FY8
778027,C6SV98
778029,Q0PKY2
778030,Q0PJM1
778031,Q0PJM0
778032,Q0PJL8
778033,Q0PJL6
778034,Q0PJL5
778036,Q0PJL3
778037,Q0PJL2
778038,Q0PJK9
778039,Q0PJK8
778040,Q0PJK7
778041,Q0PJK5
778042,Q0PJK4
778043,Q0PJK3
778044,Q0PJK2
778045,Q0PJK1
778046,Q0PJJ6
778047,Q0PJJ5
778048,Q0PJJ4
778049,I1MUF9
778050,Q0PJJ0
778051,Q0PJI9
778052,Q0PJI8
778053,Q0PJI7
778054,Q0PJI5
778055,Q0PJI3
778056,Q0PJI2
778057,Q0PJI1
778058,Q0PJI0
778059,Q0PJH8
778060,I1MBR6
778061,Q0PJH6
778063,Q0PJH3
778065,I1L7M3
778067,I1JHB2
778069,I1JIG1
778071,I1M2D6
778072,I1NET4
778073,A0A0R0IFW0
778077,C6T984
778078,A0A0R0ET30
778079,A0A0R4J3G3
778080,C6T8I3
778081,A0A368UGR2
778082,K7K1A1
778083,I1LVT6
778084,I1NAB3
778086,C0SNP2
778087,I1KF82
778089,I1MQL7
778090,I1MKS3
778091,Q0PJB3
778092,Q0PJB2
778093,I1K638
778094,Q0IJ86
778095,K7K6R9
778096,I1M5E0
778097,Q0GLE8
778098,I1M220
778099,I1MNL4
778100,I1J936
778101,K7L2R4
778102,Q0GLE3
778103,I1KUW8
778104,Q0GLE1
778105,I1M087
778107,I1JX78
778108,I1MW20
778109,Q0GLD6
778110,Q0GLD5
778111,Q0GLD4
778113,C6T8Z1
778114,Q0GLD1
778115,Q0GLD0
778116,Q0GLC9
778117,K7KLZ8
778119,Q0GLC5
778120,Q0GLC4
778121,Q0H950
778123,A0A0R0GWQ9
778124,C6T9L6
778126,Q0GPI4
778127,Q0GPI1
778128,I1KEU6
778129,Q0GPH8
778130,Q0GPH7
778131,Q0GPH5
778132,Q0GPH4
778134,K7LFU2
778135,Q0GPG9
778136,Q0GPG7
778137,Q0GPG5
778138,Q0GPG4
778139,Q0GPG3
778140,Q0GPG2
778142,Q0GPF5
778143,Q0GPF3
778144,Q0GPF1
778145,Q0GPE9
778147,I1K2U2
778149,Q0GPE4
778153,Q0GPD7
778156,A0A0R0GKJ5
778157,Q0EDG6
778158,Q09WE7
778159,Q09GS4
778160,Q09GS3
778162,Q08IT7
778163,Q0PJJ8
778164,Q0PJI6
778165,I1J9F3
778166,I1NGY2
778167,I1NGS7
778170,Q0GPG8
778171,Q0GPF7
778172,I1MBK7
778173,I1L0K3
778174,Q0PJL0
778175,Q0PJK6
778176,I1JRS3
778177,Q0PJJ3
778178,Q0PJI4
778179,Q0PJH5
778180,Q0PJF6
778181,A0A0R0HT22
778182,I1JR10
778183,K7MJT5
778184,I1LRW1
778188,Q0GPI2
778189,Q0GPH6
778190,Q0GPG6
778191,Q0GPG1
778192,Q0GPF4
778193,Q0GPE8
778194,I1M571
778195,K7LQ64
778196,I1JJV6
778197,Q0PJL9
780535,Q0PJJ7
780536,Q0PJH9
780537,I1KG92
780539,I1MZI3
780540,I1NCR9
780542,I1LWK2
780543,I1L5Y3
780547,K7K600
780548,Q0GPH3
780549,Q0GPG0
780550,C6THT3
780553,Q09GS5
780554,A0A0K2CTA2
780555,A0A0R0KB07
780556,Q0PJJ1
